fixed rate,success rate,failure rate,error rate,success std,failure std,error std
0.0,0.7405869003253788,2.0795902149125834e-06,0.25941102008440625,0.014589856785245365,4.6485259705759725e-05,0.014587220204059653
0.1875,0.6401057765886898,0.1720875343872133,0.18780668902409678,0.015813643260811944,0.012441409574221228,0.012665734800969462
0.375,0.5035690547270006,0.3594162797849939,0.1370146654880054,0.01623473972571528,0.015350631539017119,0.01116934888123447
0.5625,0.39291549034482176,0.5447758281135001,0.06230868154167815,0.015822338270549158,0.01662875698642153,0.0076018679163575124
0.75,0.2603777160955122,0.728550766095623,0.01107151780886476,0.014343662962122913,0.014443654709240838,0.0033771579043395594
0.0,0.7405044731855773,0.0,0.25949552681442273,0.013971757611800653,0.0,0.013971757611800653
0.1875,0.6404851552633063,0.17343889671904328,0.18607594801765043,0.016125669219571814,0.01215398454031403,0.012881762121576523
0.375,0.5287437343157741,0.3592027396472653,0.11205352603696055,0.015261864244677001,0.015077850739280176,0.010257900441245539
0.5625,0.38774830743383476,0.5470585651991201,0.06519312736704498,0.014856190323380977,0.015131521014434894,0.007867730816577993
0.75,0.2604344444806178,0.726837668512398,0.012727887006984287,0.013946949993986485,0.014058955096966266,0.0035190169765226087
0.0,0.7396974277876434,0.0,0.26030257221235664,0.013648464666883893,0.0,0.013648464666883891
0.1875,0.634210577002103,0.17204714683023875,0.19374227616765818,0.01579435590894995,0.011542347790094462,0.013027705665580688
0.375,0.5326539653922128,0.3589234139678479,0.10842262063993943,0.015579621002787921,0.014917359319042277,0.009765710559495138
0.5625,0.4078790015925716,0.5451534870414557,0.04696751136597269,0.015315270096777208,0.015982202386761582,0.006847350302523626
0.75,0.2614703194137894,0.7272790855439333,0.011250595042277252,0.014310401559691365,0.014538446891370379,0.0033559358721949708
0.0,0.7403445407647549,0.0,0.2596554592352451,0.014207968172128015,0.0,0.014207968172128013
0.1875,0.6355857480834103,0.17240221110485032,0.19201204081173945,0.01467335168187455,0.012135849955323724,0.012543961934228234
0.375,0.5286182847878704,0.35998019971736134,0.11140151549476822,0.015334525977203655,0.014916626784584821,0.009516433112253529
0.5625,0.41119897568054925,0.5447411620057125,0.04405986231373822,0.015714886712242318,0.015888966718073133,0.006559679887898206
0.75,0.2613303989474279,0.726762355430757,0.011907245621815133,0.013627730814227097,0.013882945018847064,0.003400032957122826
0.0,0.7404877491719788,0.0,0.25951225082802115,0.01398122222569931,0.0,0.01398122222569931
0.1875,0.6442999302221962,0.17228615182557291,0.18341391795223075,0.015233108051478003,0.011756885068395947,0.01235394610040803
0.375,0.5321130544025556,0.3601843066685621,0.1077026389288823,0.015913616158391375,0.015164348956983363,0.00976700630102719
0.5625,0.3868640544686044,0.5483788075507166,0.06475713798067903,0.015900723966791486,0.016178472165639037,0.007882682398095728
0.75,0.2608960359570622,0.7280316453708329,0.011072318672105005,0.013584005084260718,0.013742379048132506,0.003273812566144832
0.0,0.7401166658040103,0.0,0.2598833341959897,0.013745962076576959,0.0,0.013745962076576959
0.1875,0.6386135234043412,0.1728617134314474,0.18852476316421132,0.015264674590406752,0.011991779513421761,0.012622130785542989
0.375,0.5267087381421498,0.35885897670764483,0.11443228515020526,0.015371298612529009,0.01480462449916317,0.01015156325173323
0.5625,0.3862019428531604,0.548178306137608,0.06561975100923154,0.015137258489611151,0.015882091512266033,0.007791104234445875
0.75,0.2611196909012146,0.7276336196091702,0.011246689489615271,0.013580171211813513,0.013860675600163701,0.0033694146634183613
0.0,0.7400395990352728,0.0,0.25996040096472695,0.013319486321735343,0.0,0.013319486321735342
0.1875,0.6398303350074878,0.17367629359389958,0.1864933713986128,0.014773225355562898,0.011911478411556974,0.012262645717487171
0.375,0.5275693702110167,0.36072334639776665,0.11170728339121669,0.015913040357281475,0.015176146783994201,0.00968887132306451
0.5625,0.4127532687176814,0.5452178772863161,0.04202885399600241,0.015243487820635506,0.015502713886106866,0.006435641341440002
0.75,0.2695404117096643,0.7264111141773107,0.004048474113024975,0.01374290290767765,0.013841151211235098,0.002001152639396728
0.0,0.7402277545655529,0.0,0.2597722454344471,0.013663896152441665,0.0,0.013663896152441672
0.1875,0.6423808327650739,0.17389986660755025,0.18371930062737585,0.01514876223141057,0.011475596431560452,0.012188836687588326
0.375,0.502187138597411,0.3587527626970006,0.1390600987055884,0.0155182357655441,0.015162558750048866,0.010588265079634356
0.5625,0.3871696556853681,0.5478421413641815,0.0649882029504504,0.015565991214535266,0.016242166150127867,0.00773059086706086
0.75,0.27173332828794766,0.7263433087163518,0.0019233629957006167,0.01443871131797353,0.014471146424184877,0.0014066182953682207
0.0,0.7397971706223991,0.0,0.2602028293776009,0.013990266172229919,0.0,0.013990266172229919
0.1875,0.6427516329125208,0.17382510590785932,0.18342326117961982,0.01505154777459472,0.012060659282302977,0.012157938039254237
0.375,0.5304223547068444,0.3591967548835605,0.1103808904095951,0.015497402570405825,0.015048638935141178,0.010183548027853083
0.5625,0.4036061829020763,0.5452786871575906,0.051115129940333084,0.015602659095748709,0.015931653433264744,0.0066060792736515606
0.75,0.2603018403314974,0.7285143190608943,0.011183840607608228,0.014247332430721687,0.014256665889445495,0.0032197597512179546
0.0,0.7401644144588786,0.0,0.2598355855411213,0.013842942254189736,0.0,0.013842942254189736
0.1875,0.6388202350747199,0.17218079494282296,0.1889989699824572,0.015525756430057004,0.012143852415586713,0.012515823613025723
0.375,0.5285334046838728,0.35987204059201366,0.11159455472411373,0.01543256053379475,0.014898964657524128,0.010226486276259952
0.5625,0.38744781040031107,0.5476403487270056,0.0649118408726833,0.015239665979945537,0.01553397485392923,0.007964216404532577
0.75,0.26011093407452535,0.7290426910091214,0.010846374916353223,0.01367313383701019,0.013911562168047724,0.003210018535792375
0.0,0.740547141680228,0.0,0.259452858319772,0.014424413421807659,0.0,0.014424413421807659
0.1875,0.6412925320962664,0.1738478927209266,0.18485957518280702,0.015828418189291673,0.01222198651142915,0.012873326058210894
0.375,0.5266727693388654,0.360195457710572,0.11313177295056266,0.015673365398759378,0.015003111547815433,0.009681124043824908
0.5625,0.4037619679767256,0.545481467610436,0.050756564412838226,0.015439365162412608,0.015525664174370946,0.006927286862275046
0.75,0.2204201242819764,0.7315967641432635,0.04798311157475999,0.01320208771341452,0.013777490385682791,0.006694221842611175
0.0,0.740880705249646,0.0,0.25911929475035406,0.01383935749801074,0.0,0.013839357498010742
0.1875,0.6386905137715113,0.17242955336544688,0.18887993286304186,0.015271855170337441,0.012218682428312545,0.01230637221806324
0.375,0.529338716132035,0.35946756679142267,0.11119371707654249,0.01578615760007138,0.015038661965000321,0.010229898246909864
0.5625,0.4116806723052523,0.5452021947529049,0.04311713294184283,0.015807739905121968,0.01583010772403741,0.00633266395527688
0.75,0.26080234202837066,0.7283370037569957,0.010860654214633478,0.014111894328894198,0.01434787886759233,0.0033343376804754457
0.0,0.7403062830857067,0.0,0.25969371691429327,0.013313151068108991,0.0,0.013313151068108991
0.1875,0.6394073780016613,0.1725761631998752,0.1880164587984635,0.015233425538695508,0.0115763366803813,0.012413781613342001
0.375,0.5321075835451552,0.3603480464337589,0.10754437002108586,0.015883729394821435,0.01506011838714854,0.009629456395427899
0.5625,0.40635099325139407,0.5446205826483994,0.04902842410020649,0.015384785618575076,0.015885195394370742,0.006895013938589187
0.75,0.2606407988747928,0.7285049146662239,0.01085428645898321,0.013626530191047065,0.013692348360159366,0.003288445736494435
0.0,0.7407983260517165,0.0,0.25920167394828353,0.014420053368100616,0.0,0.014420053368100616
0.1875,0.6431299338538967,0.1732487241706804,0.18362134197542263,0.014643884360198934,0.012130640921392651,0.011755605250358677
0.375,0.503100772728632,0.35950237315052025,0.13739685412084773,0.016034130578871392,0.015154386390673444,0.010622085181703579
0.5625,0.38655604067664084,0.5470589558403068,0.06638500348305232,0.015608483420824708,0.015802553503148624,0.00779209511752375
0.75,0.26048943551672404,0.7285271079252303,0.010983456558045645,0.01415213068057135,0.014351470723946233,0.0032257107301074746
0.0,0.7404947186486117,0.0,0.25950528135138823,0.013704404799720255,0.0,0.013704404799720255
0.1875,0.6413521243861169,0.17266185842187975,0.18598601719200342,0.014973256211964558,0.012001106750842143,0.012472507601965712
0.375,0.5272285117370169,0.36000490359947784,0.11276658466350523,0.015467459820100503,0.014812730410667,0.010145128784888907
0.5625,0.3870347575851558,0.5471215352428188,0.06584370717202544,0.015490217327737173,0.01538349119423879,0.007656957509110746
0.75,0.2728909108221553,0.7256519956212703,0.0014570935565745829,0.014098220492988799,0.014106235502721965,0.0011632207788301269
0.0,0.7409335536120825,0.0,0.2590664463879174,0.014045809426524482,0.0,0.014045809426524482
0.1875,0.6213497480311699,0.17158220694143403,0.20706804502739598,0.015147586303793216,0.011783315949278042,0.012708648249768568
0.375,0.5313118953613355,0.3599844986373036,0.10870360600136088,0.015838257345694735,0.015486440127014037,0.009805995146992678
0.5625,0.38623321399885624,0.5485973983219471,0.06516938767919664,0.015176618939766635,0.015872694440977008,0.007647505018407182
0.75,0.26046518437000565,0.7281823580634919,0.01135245756650243,0.013901515616848907,0.01379740584099205,0.0032178245880341086
0.0,0.5537407039911412,0.00024007667784440163,0.44601921933101446,0.015700221484737514,0.00047292626192945597,0.015661074720188368
0.1875,0.6247946106228333,0.1721157777670108,0.20308961161015598,0.015086018488919535,0.011624113490851124,0.013064882307222674
0.375,0.5051499165648284,0.35906304836800973,0.13578703506716178,0.015698237284688332,0.014901629216959476,0.010529776493654927
0.5625,0.4101979545280059,0.5464992868139925,0.04330275865800149,0.015970719767108284,0.016089111914558415,0.006385869218839165
0.75,0.2613459786576901,0.7275507594255888,0.011103261916721016,0.014203334427006413,0.014463159410690773,0.003306152581367642
0.0,0.7402036823561221,0.0,0.25979631764387784,0.013997848309068252,0.0,0.01399784830906825
0.1875,0.6392082482389324,0.17316537496222753,0.18762637679884017,0.01625462210019338,0.012141710861282956,0.0127801682297831
0.375,0.5270492850391294,0.3590051454290835,0.1139455695317871,0.015857798751944943,0.01498580373429036,0.01019268162153138
0.5625,0.4059540950408407,0.5445687015805674,0.04947720337859205,0.0156994760636998,0.016000565154706256,0.006883408562695621
0.75,0.2606975077259035,0.7283862624893519,0.010916229784744512,0.01386259926719416,0.013992965868912091,0.0032781887993271084
0.0,0.7404137342832408,0.0,0.25958626571675925,0.014015739237406335,0.0,0.014015739237406333
0.1875,0.642856139532535,0.17277439387046822,0.18436946659699685,0.015399152951964493,0.012093812469355494,0.012353112311919694
0.375,0.5307016454946792,0.35848909621225805,0.11080925829306264,0.01519537896793168,0.014359774298611171,0.009862142678535114
0.5625,0.4098575273995287,0.5455673402770075,0.044575132323463815,0.015850316146794528,0.01604124827119461,0.00652086943826767
0.75,0.2719026431417991,0.7266134938868243,0.00148386297137665,0.013652746745103195,0.013634994458605635,0.0012038228227956595
0.0,0.7399561154739149,0.0,0.26004388452608507,0.013891302479827065,0.0,0.013891302479827065
0.1875,0.6410856937199116,0.17308230285466072,0.18583200342542766,0.014992387505318457,0.012186404772192572,0.012031926833845897
0.375,0.49949032758973444,0.35887874534328423,0.14163092706698133,0.015558871717359883,0.01499142335645585,0.010820937777521425
0.5625,0.386735582123889,0.5480339264683526,0.06523049140775845,0.015188357447286494,0.015590911366278324,0.0076838136827845046
0.75,0.2721835891225295,0.7262157863490596,0.0016006245284109206,0.013809352349562579,0.013869352255870483,0.0012452581803805238
0.0,0.7399279480356267,0.0,0.2600720519643734,0.013896119968055533,0.0,0.013896119968055532
0.1875,0.6423104686154166,0.1731782229664683,0.18451130841811506,0.014870833443105365,0.011806541044496782,0.012096894715949706
0.375,0.5265257460112582,0.3593831807452965,0.11409107324344532,0.015940908354959187,0.015048299593014331,0.010121043600198124
0.5625,0.3872889349060374,0.5478643418392999,0.06484672325466267,0.015408192298819574,0.015551804789645343,0.007637112551325836
0.75,0.2691664116864274,0.727607986530669,0.0032256017829035304,0.014211516561895362,0.014234104290349004,0.0018110847042052437
0.0,0.7412921505096531,0.0,0.2587078494903468,0.013988701028105158,0.0,0.013988701028105156
0.1875,0.6407382725983171,0.17170025855141835,0.18756146885026465,0.014754898485940625,0.011848822181386729,0.011872357369092628
0.375,0.5271763466501177,0.3600510048229061,0.11277264852697619,0.015049115733114519,0.014917893860580388,0.009653860190246126
0.5625,0.4052174933015746,0.5449417458456819,0.049840760852743575,0.015505983563569472,0.015600851950205002,0.006988786516472722
0.75,0.2704357457830832,0.7276709960780409,0.0018932581388759271,0.013902144795842602,0.013931920825566628,0.0013829694950974177
0.0,0.7397036831876067,0.0,0.26029631681239324,0.013363851351280135,0.0,0.013363851351280135
0.1875,0.6389215416782515,0.1727999984852658,0.1882784598364826,0.015388649380895496,0.011728497407504096,0.01225735196931468
0.375,0.5269265265867148,0.36042455389346945,0.11264891951981579,0.016204299768573672,0.015546795440757962,0.009832690522758479
0.5625,0.40527226378514014,0.5442601862084833,0.05046755000637663,0.01587987939184439,0.016066275115986264,0.007202943674812009
0.75,0.2624548108125678,0.7258552353325709,0.011689953854861284,0.014044399695709293,0.014342842201432143,0.003403681340630065
0.0,0.7402438702646091,0.0,0.259756129735391,0.013897312105247209,0.0,0.013897312105247207
0.1875,0.6384931675547137,0.17344775327161183,0.18805907917367448,0.014784572401235617,0.011725026782660058,0.012486862419681492
0.375,0.5300983776210776,0.3583513847235775,0.11155023765534475,0.016356138369717384,0.015202425769570356,0.00972457884208876
0.5625,0.3918362645738187,0.5458075153483292,0.06235622007785211,0.015405610747608722,0.015436113736398175,0.007807034687031765
0.75,0.2596450508872814,0.7293090945426629,0.0110458545700556,0.013803551951046156,0.013992111937192629,0.0033035606305673896
0.0,0.7405458627441562,0.0,0.2594541372558439,0.014173496566247388,0.0,0.01417349656624739
0.1875,0.6392129079507612,0.1719959493512614,0.18879114269797725,0.015186122773902707,0.012158212452143073,0.01228168460652987
0.375,0.5284964620932439,0.36016567011932676,0.11133786778742945,0.016133939838702382,0.015814161676953837,0.01008469337802568
0.5625,0.3875509907722179,0.5470308978787383,0.06541811134904384,0.014797912085363836,0.014934988272390365,0.007684041774937404
0.75,0.26060857989668035,0.7273243980363874,0.012067022066932257,0.014083395480042041,0.014237765780102501,0.003359420278868439
0.0,0.5536034405906044,0.0,0.44639655940939565,0.015263834255049194,0.0,0.01526383425504919
0.1875,0.6423621123969538,0.173816181729856,0.18382170587319016,0.014865538057304045,0.012280392744653462,0.012126384642674808
0.375,0.5064542166149762,0.3596884094704517,0.13385737391457198,0.016221092023919956,0.015525804130254204,0.011039571389870459
0.5625,0.4000096920232806,0.5446996995974888,0.05529060837923058,0.015372284980661538,0.015772581562727872,0.007123720357173698
0.75,0.2610867969870552,0.728054237124742,0.010858965888202758,0.013722359606758239,0.014050333624482464,0.0032976489590464198
0.0,0.7397425453315493,0.0,0.26025745466845074,0.014032484042379468,0.0,0.014032484042379468
0.1875,0.6383708037801139,0.17293416021920643,0.1886950360006798,0.01492634265782604,0.011923165928142819,0.01263382834900533
0.375,0.5018340359218723,0.35871388713679675,0.13945207694133097,0.015524982399919129,0.014962520402944242,0.01081965850519589
0.5625,0.3870735677796555,0.5472228536583001,0.06570357856204438,0.015800690538339716,0.01638838299553602,0.007774265242569624
0.75,0.2608526112435486,0.7278849149930688,0.011262473763382554,0.014149276365853626,0.014313640051316155,0.003276989494326981
0.0,0.7406214835856516,0.0,0.25937851641434845,0.013748586827959377,0.0,0.013748586827959377
0.1875,0.6404675437127265,0.17194282377026188,0.18758963251701152,0.014777414790489949,0.01171117030906067,0.012159599058794456
0.375,0.5310700872390889,0.3603359950690022,0.10859391769190885,0.014933941856737902,0.015077712305101161,0.009515693350665141
0.5625,0.4056003853184615,0.5452217932134169,0.04917782146812151,0.015101276301259334,0.015346076115502344,0.006772353322215227
0.75,0.2704530195525626,0.727317284930246,0.0022296955171912953,0.01401376462376726,0.014061708168487187,0.00150829599541205
0.0,0.740558725313246,0.0,0.25944127468675415,0.01374468269595107,0.0,0.01374468269595107
0.1875,0.6375943407683887,0.17220902239524413,0.1901966368363672,0.015390712963690446,0.012190472567841688,0.012444933404377858
0.375,0.5266174956838181,0.3598122162015443,0.11357028811463762,0.015286641332097313,0.014795661747122161,0.010272785592023489
0.5625,0.3866156042826907,0.5478802279750552,0.06550416774225408,0.014756180572387279,0.015736997612691338,0.007954846402109668
0.75,0.2716703027469488,0.7266782377282025,0.001651459524848616,0.01357769767861677,0.013556715381942924,0.0013244869763450742
0.0,0.7401444016772305,0.0,0.2598555983227695,0.014104940073432545,0.0,0.014104940073432545
0.1875,0.6396195132694253,0.17301877002946353,0.187361716701111,0.015003169942467188,0.012294373884245115,0.01248440320610787
0.375,0.5279163016579252,0.3585197084336528,0.11356398990842184,0.015394834317205914,0.015440532437052392,0.010395826455451005
0.5625,0.3865427371658842,0.5477822448653679,0.06567501796874788,0.015205736676886688,0.015645743565498846,0.008060593828870512
0.75,0.260889213658435,0.7281388690282529,0.01097191731331208,0.013777721737325957,0.013814497504058214,0.0033210737426895504
0.0,0.7400094723294174,0.0,0.25999052767058256,0.013932459557622413,0.0,0.013932459557622408
0.1875,0.6407923299566674,0.1732753126184032,0.18593235742492953,0.01548649356240833,0.012141678074505221,0.012237624480578541
0.375,0.5275115426450387,0.36041929192579725,0.11206916542916398,0.015618615189220227,0.01427627070553575,0.010179828302795759
0.5625,0.407112187102587,0.5457430420394183,0.047144770857994685,0.01582800682958839,0.01582534439848732,0.006800230293683369
0.75,0.26172468873426963,0.7272728686739351,0.011002442591795263,0.014076757286951048,0.014167001123491457,0.0035233376740976016
0.0,0.7409810041790588,0.0,0.2590189958209412,0.013313961196194412,0.0,0.013313961196194412
0.1875,0.6400787778933693,0.17184480586939307,0.18807641623723753,0.015453513240735555,0.012210378304302313,0.011963417970870376
0.375,0.5280655431328332,0.3596716000289934,0.1122628568381735,0.015919270451593484,0.015376446517887502,0.009844767910850628
0.5625,0.4035197238140357,0.5446043533603914,0.05187592282557297,0.01531522201727881,0.01566850908413721,0.007046509093082534
0.75,0.2607088658018271,0.7284102277025324,0.010880906495640424,0.01387355768050786,0.014016658854914267,0.003289294816631737
0.0,0.7404354420016057,0.0,0.25956455799839434,0.013794304902813562,0.0,0.01379430490281356
0.1875,0.6220083619049358,0.17107171130259693,0.2069199267924672,0.015236806059342226,0.011762782692178484,0.013047688160009544
0.375,0.5316459601917825,0.3585931262893746,0.10976091351884293,0.015459779127546508,0.015241664200843216,0.009692914520514807
0.5625,0.38554689673691356,0.5487646075580116,0.06568849570507493,0.015139455745080634,0.01584424708444375,0.0077192186601764915
0.75,0.26129538945271075,0.727805236159956,0.0108993743873332,0.013523529121694858,0.013598795947005813,0.0032723540100517263
0.0,0.7393597496847748,1.0162601626016261e-06,0.2606392340550626,0.013512759472064664,3.2120895587965676e-05,0.0135100818144367
0.1875,0.6280916732344977,0.17062416684254686,0.20128415992295545,0.015190773545863191,0.011585500531413826,0.012340963674095073
0.375,0.5280873951485586,0.3596505519276366,0.11226205292380473,0.015214985748287327,0.015256552451825577,0.009466090197581508
0.5625,0.41063879967509503,0.5454728387036888,0.043888361621216135,0.015475258300304787,0.015624858992444883,0.006421673816495484
0.75,0.2598155685915875,0.7286647077522695,0.011519723656142853,0.013627653851723927,0.01388460781430926,0.00343295011385518
0.0,0.7404470374152897,0.0,0.2595529625847104,0.013977003612777868,0.0,0.013977003612777865
0.1875,0.635854639359105,0.17340579915652812,0.1907395614843668,0.01478577957920076,0.012111851979616683,0.012393555100988567
0.375,0.5231215577996972,0.35956519822748206,0.11731324397282082,0.01619010145009606,0.015150543463253632,0.010384081728548855
0.5625,0.4061347539572386,0.5436762525329412,0.050188993509820194,0.015188312697177665,0.015751472232537506,0.007156859684264843
0.75,0.2606999161243209,0.7284915047342847,0.01080857914139442,0.014138168846963796,0.014375859567103659,0.003199557776799638
0.0,0.740542263344816,0.0,0.259457736655184,0.013464206387309515,0.0,0.013464206387309517
0.1875,0.6419012464723315,0.17370937180520746,0.18438938172246103,0.015303278552795388,0.012184161714693572,0.012110391304243857
0.375,0.5044718282921574,0.35879869981902845,0.13672947188881404,0.015563253403084978,0.015410437995383794,0.01082788741362651
0.5625,0.38687635829685324,0.5484573585288076,0.06466628317433906,0.015860942349851675,0.015680336371436867,0.007927171486275076
0.75,0.2603140364844044,0.7288291597395478,0.010856803776047912,0.014053097356528559,0.014323514790171948,0.003325907047039934
0.0,0.7400871291720164,0.0,0.25991287082798364,0.013906532474734794,0.0,0.013906532474734796
0.1875,0.6385095883450677,0.1734460222124699,0.18804438944246246,0.015760703247309802,0.012097652555293291,0.012469422566973129
0.375,0.5253325037401632,0.35947633250157535,0.11519116375826143,0.015847655810798514,0.015517575416622664,0.01052957381736149
0.5625,0.3873267850740208,0.5477720460668664,0.06490116885911297,0.01571110306792345,0.016056082203698217,0.007661195929619161
0.75,0.27182356535415225,0.7269871786463382,0.001189255999509592,0.014002995952821277,0.014013969291054137,0.0010700423784512734
0.0,0.7402933284718032,0.0,0.2597066715281968,0.013923796819984466,0.0,0.013923796819984468
0.1875,0.643732286086059,0.1722643715044103,0.1840033424095306,0.015169437683853542,0.011709337787426652,0.012312391460499351
0.375,0.525327408915448,0.35921822957964944,0.11545436150490257,0.016013895491960656,0.015628539213598896,0.009884380111152618
0.5625,0.38933849939326765,0.5455379138340657,0.06512358677266661,0.015352377725629229,0.01578472460435874,0.007576428729897384
0.75,0.2611783858356275,0.72785369554216,0.010967918622212504,0.013842810281855814,0.01393448032315946,0.0032819954717842616
0.0,0.7407440176601432,0.0,0.2592559823398568,0.014109128671008844,0.0,0.014109128671008844
0.1875,0.6399310724537437,0.1736480314621695,0.18642089608408685,0.01534793148512141,0.011700417626833623,0.01274701972172165
0.375,0.532517180926076,0.35955835311689,0.10792446595703399,0.015713440805386714,0.01566066735974059,0.010157487162008932
0.5625,0.40622739090751747,0.5457401905164032,0.048032418576079296,0.016283522570599788,0.016431510637612924,0.00687363062747317
0.75,0.26110084453799326,0.7276333416109155,0.01126581385109119,0.013914818239481208,0.01427286329913774,0.0033093769848298042
0.0,0.7405450652555399,0.0,0.2594549347444602,0.013893602918781837,0.0,0.01389360291878184
0.1875,0.6420561374846662,0.1733370532881874,0.18460680922714653,0.014861318688233512,0.012191036004809834,0.011922752235847357
0.375,0.5074040928340551,0.35933740089779664,0.13325850626814828,0.01616762800187258,0.015277606352241294,0.010885354698973485
0.5625,0.38892454191956466,0.546373389482527,0.06470206859790817,0.015257782743970149,0.01586127780128067,0.007821396995953528
0.75,0.2711210761507135,0.727360606388578,0.0015183174607084282,0.014075110007924945,0.01411537361835644,0.0012564262566566572
0.0,0.7404966460323308,0.0,0.2595033539676691,0.014452559300378937,0.0,0.014452559300378936
0.1875,0.6430156143336064,0.1731736862543995,0.183810699411994,0.01531074907842721,0.012286548420797318,0.012393632614872044
0.375,0.527004619582852,0.36034270663233836,0.11265267378480957,0.016287019517265845,0.015264462698905242,0.00988106897551624
0.5625,0.4132766172377084,0.5439901552688519,0.04273322749343972,0.014996853729995407,0.015390385718728855,0.006380425616312018
0.75,0.27039980824157794,0.7266606557690759,0.0029395359893461853,0.014033120464011709,0.013967010438127711,0.0017056289449561297
0.0,0.7398435190801521,0.0,0.260156480919848,0.013452652304874978,0.0,0.013452652304874978
0.1875,0.6400477041249862,0.17301378128307185,0.18693851459194183,0.01535166114362704,0.0121442746898914,0.01208861789664167
0.375,0.5319673214932291,0.3594789802810599,0.10855369822571109,0.015783895891574456,0.015495716818264053,0.009979423217813763
0.5625,0.40494752008066165,0.5453904657804403,0.04966201413889818,0.015602548664944439,0.016029594672010566,0.00698096742930461
0.75,0.2678007731251955,0.7272638372725795,0.004935389602224892,0.014000842988170607,0.0141210543494416,0.0021631255650380525
0.0,0.7408742094423112,0.0,0.2591257905576888,0.014165965019163845,0.0,0.014165965019163845
0.1875,0.6402106380143187,0.1730181880435774,0.186771173942104,0.015284804802540472,0.012252416559202436,0.011919143353891087
0.375,0.5316739491461637,0.36021782761165405,0.10810822324218217,0.015766353026037336,0.015021678960879754,0.010160232020989734
0.5625,0.3869948998462534,0.5473326601731322,0.06567243998061424,0.015463606111326965,0.01602421476159125,0.008024997838580556
0.75,0.26077056089862743,0.7281757947990221,0.011053644302350465,0.013850678467820728,0.01398099012820617,0.0033436562894256032
0.0,0.553934783093271,0.0,0.446065216906729,0.015787988663818968,0.0,0.01578798866381897
0.1875,0.6361204595856774,0.17195549836625856,0.19192404204806401,0.015412678954470606,0.011974336944428073,0.012852172636286465
0.375,0.5280467611931522,0.3596618728049984,0.11229136600184947,0.01543780080926116,0.014665134530053607,0.010058356541871562
0.5625,0.3866053116001504,0.5470714688370512,0.06632321956279838,0.014796908919625222,0.01522757336091661,0.007698203082989136
0.75,0.2725194575172599,0.7264046435823925,0.0010758989003474952,0.014443510286026164,0.014450919430685322,0.0010392670536092292
0.0,0.7395590348755273,0.0,0.2604409651244727,0.013274966090463813,0.0,0.013274966090463813
0.1875,0.6405261989411059,0.17284995616290205,0.18662384489599218,0.014867421809277491,0.011664823239391532,0.012384135954022948
0.375,0.5326798831714795,0.35896588115485495,0.10835423567366541,0.01651838644778548,0.015458492511405016,0.010302347369812536
0.5625,0.38663766854829573,0.5475296566039791,0.06583267484772516,0.01520685394622974,0.015709146100260547,0.0076263243602965256
0.75,0.2604022471744053,0.728792141699496,0.010805611126098593,0.013586017619585321,0.013723372442609304,0.003212132517112682
0.0,0.7401368180388003,0.0,0.25986318196119973,0.013385797755402567,0.0,0.013385797755402567
0.1875,0.6388758181965687,0.17221492448885917,0.188909257314572,0.014959746097015274,0.011888973081295324,0.011826250824399484
0.375,0.5140753967155431,0.35758417278949756,0.12834043049495933,0.015154294370396656,0.014521426397173352,0.0104661752893104
0.5625,0.3870606599379739,0.547882078111505,0.0650572619505211,0.015602835675671296,0.016202790324672298,0.007925705376159236
0.75,0.2609034344408316,0.7279924499112085,0.011104115647959887,0.014360064056997022,0.014588162365101673,0.003394704665045368
0.0,0.5543885144960689,9.68054211035818e-07,0.44561051744972013,0.016551094269170317,3.059725194439324e-05,0.01655091399827022
0.1875,0.6359537848438342,0.17222984391777257,0.19181637123839318,0.01459415711985318,0.011973222746275651,0.012704838283693053
0.375,0.5330272740946311,0.3601125111528524,0.10686021475251646,0.015394334082508768,0.014690345360708004,0.01005438283052505
0.5625,0.38588263045104954,0.548919853454774,0.06519751609417641,0.015445897875875012,0.015847661187646925,0.007774261923899232
0.75,0.2724516896779186,0.7263146023258239,0.0012337079962575035,0.013529385944168032,0.013515229713170417,0.0011278980887562083
0.0,0.7399124249035447,0.0,0.26008757509645525,0.014127150676200744,0.0,0.014127150676200746
0.1875,0.6439754884582537,0.1721506815536322,0.18387382998811416,0.015889617785256736,0.011964157747507075,0.012380214455644164
0.375,0.5286366650498499,0.3601384299755238,0.11122490497462632,0.015810478767573886,0.015586620417440992,0.009961777840621104
0.5625,0.4102427145550527,0.5447918191054327,0.0449654663395146,0.015226942854611222,0.015485083565251528,0.00632213988836348
0.75,0.26115533691640264,0.7277351656766805,0.011109497406916883,0.0138940018151045,0.014147374977581475,0.0032683937675239464
0.0,0.7400932648246464,0.0,0.25990673517535356,0.013788855018504092,0.0,0.013788855018504088
0.1875,0.6418099283317871,0.17459457275310514,0.1835954989151078,0.015534282389297034,0.011703947625926383,0.012301136783450118
0.375,0.5319918782934059,0.36010329225280113,0.10790482945379302,0.01632404996495086,0.015836751820623992,0.009910534222442396
0.5625,0.3874999154059394,0.547704466886487,0.06479561770757362,0.015506253455985719,0.016110003441655214,0.007919346490859019
0.75,0.27182803867640515,0.7267876037840816,0.0013843575395131376,0.013887536592552019,0.013893574816554732,0.0011967324516663303
0.0,0.7401623651972195,0.0,0.25983763480278055,0.013630096649670834,0.0,0.013630096649670836
0.1875,0.6420846804179382,0.17291022049737692,0.18500509908468485,0.015944524473997773,0.01228525975672636,0.012533706536427899
0.375,0.528081372698342,0.35931860665813553,0.11260002064352247,0.016508689795447926,0.015868583165468287,0.009725493919655263
0.5625,0.39163334884197754,0.5453306907384806,0.06303596041954192,0.015143528196703105,0.015897031288310184,0.00783466645385487
0.75,0.26086240519673265,0.7278754577793409,0.011262137023926417,0.014173018181789976,0.014222831424015708,0.003238178515327153
0.0,0.7399985936850964,0.0,0.26000140631490354,0.014100495514987934,0.0,0.014100495514987935
0.1875,0.6407373543997261,0.1722451685357166,0.18701747706455737,0.015360951539372307,0.012011519375172364,0.012888574867990398
0.375,0.5020929259604442,0.3604020460845799,0.13750502795497588,0.015685147855487587,0.015204224314523998,0.010794175964421369
0.5625,0.40928799260048676,0.5463790499674379,0.04433295743207522,0.01579374517007375,0.015578245536417805,0.006692211560333071
0.75,0.25991125344972804,0.7290612913593708,0.011027455190901043,0.013895345179310594,0.014183800510657185,0.0031844304528871855
0.0,0.7404815998137513,0.0,0.25951840018624867,0.013385969647373108,0.0,0.013385969647373108
0.1875,0.6201234129247708,0.17055904423129747,0.20931754284393173,0.015859454655597648,0.011841151222561715,0.012502928498697708
0.375,0.5320947900481373,0.3588044559180325,0.1091007540338303,0.016401555587359826,0.01585502197011699,0.009641761712464596
0.5625,0.3879933673946819,0.5457203292413196,0.06628630336399843,0.015950948728632796,0.01620726831137628,0.00788441068616755
0.75,0.2611094385400608,0.7280831655284807,0.010807395931458304,0.013761934845805264,0.013954751791636896,0.0032139489383590635
0.0,0.740182360001437,0.0,0.259817639998563,0.013350659833026229,0.0,0.013350659833026227
0.1875,0.4414056609374245,0.17176738125259206,0.3868269578099834,0.016319457586101052,0.012093347562501904,0.015454344388014402
0.375,0.5291906821734594,0.3605301092147762,0.11027920861176432,0.015654900598537285,0.015115795121390807,0.010167246790266303
0.5625,0.41009743110894165,0.5452523729640081,0.04465019592705031,0.015918111112323673,0.015841805687622147,0.006432237309842085
0.75,0.26075157265029,0.7283035570987474,0.010944870250962524,0.013771329523826458,0.01387339917787478,0.003359125802400334
0.0,0.7402033833981475,0.0,0.2597966166018524,0.013424481444879177,0.0,0.013424481444879179
0.1875,0.6425100020729658,0.1725772070673574,0.18491279085967682,0.015759629769010373,0.012008927160040516,0.012179841429473181
0.375,0.49859492116516774,0.3594781694750112,0.1419269093598209,0.01584760642363396,0.015211648943893007,0.010891598263281569
0.5625,0.3875195574900877,0.5466489409572374,0.0658315015526749,0.015785016133892646,0.016747188191077365,0.007634213485719154
0.75,0.26044377342103564,0.7287070874860153,0.010849139092948932,0.013673065593762483,0.013948376616377078,0.003310370388857933
0.0,0.7412977166389553,0.0,0.2587022833610448,0.013721825541625909,0.0,0.013721825541625913
0.1875,0.6417716324468781,0.1723960130259512,0.1858323545271708,0.01468518196647206,0.011657476531044524,0.012163572558120438
0.375,0.5302586016304822,0.36029608181171713,0.10944531655780074,0.015240535611966397,0.015035310575587938,0.010139479756812095
0.5625,0.4052707095612102,0.542985002228116,0.051744288210673846,0.016026217300800984,0.01593450203350491,0.006986796620884624
0.75,0.26136108894305254,0.7269427274503677,0.011696183606579737,0.013915936554702746,0.01413338615376446,0.0033215671409428816
0.0,0.7396952458783443,0.0,0.2603047541216556,0.013705660500175408,0.0,0.01370566050017541
0.1875,0.6401677611830203,0.1727908280101369,0.18704141080684278,0.015231184579035044,0.01193508225724348,0.012733028838739242
0.375,0.5248752659055248,0.35972424010451504,0.11540049398996015,0.01608388107833324,0.01585891795049053,0.01039266224101484
0.5625,0.38392245194072494,0.5486974012422509,0.06738014681702413,0.01520425835344361,0.01585298065120547,0.007814515326955606
0.75,0.25836025876161345,0.7288382267437266,0.012801514494659978,0.013870498856191725,0.014065538470368368,0.003517259772793587
0.0,0.7413697398946395,9.66183574879227e-07,0.2586292939217857,0.014131372850575169,3.053812681986301e-05,0.014131781212243974
0.1875,0.6422317085772611,0.1739005964666528,0.18386769495608618,0.014821840782969989,0.01200987496958355,0.012084088742211006
0.375,0.528741956827766,0.35961132412733765,0.11164671904489633,0.016601046466822294,0.01620233765297966,0.010244326921420004
0.5625,0.4102395515847557,0.5442122550357054,0.04554819337953892,0.015448592323484832,0.015596440436676408,0.006648650198822465
0.75,0.2609079772464279,0.7260897104747707,0.013002312278801454,0.013999887481833735,0.014154025306090575,0.0035336559395452985
0.0,0.7408515166587997,0.0,0.25914848334120016,0.013363644881018528,0.0,0.01336364488101853
0.1875,0.6419342896213277,0.17308606989114525,0.1849796404875271,0.01506572267939779,0.012079680044069228,0.012254876603331013
0.375,0.5270277346264534,0.35811261288538665,0.11485965248815991,0.01566584436798685,0.014715406975900876,0.010441598864002893
0.5625,0.41087219979295775,0.5442189347988179,0.04490886540822423,0.015591435971002855,0.015707907792573004,0.006832515444241652
0.75,0.2699965023997143,0.7277568948499068,0.0022466027503790266,0.014062981651666341,0.014114806621985335,0.001467420207136756
0.0,0.7395395982529428,0.0,0.26046040174705726,0.013356266747014896,0.0,0.013356266747014898
0.1875,0.6419314712651424,0.17339979850689471,0.18466873022796296,0.015116034610328254,0.011929984993343927,0.011758509115183537
0.375,0.5263353474265666,0.3591715767081087,0.11449307586532474,0.01542219182955705,0.014683816650953252,0.009892934231216009
0.5625,0.41182970931766033,0.5456306227457137,0.04253966793662598,0.016451989776776765,0.0166815071628257,0.006517001740945576
0.75,0.26119205187135,0.7275751856226568,0.011232762505993128,0.013325400334535666,0.013740403831234545,0.0033246606175930376
0.0,0.7403799417254422,2.095642074433167e-06,0.25961796263248327,0.013948703299689003,4.681650226983221e-05,0.013949216331136691
0.1875,0.6403031516862995,0.17295864826104615,0.18673820005265437,0.014627212334540283,0.01173956421174615,0.01225774523542643
0.375,0.5271499532274381,0.35980132400361436,0.11304872276894744,0.015858605875290716,0.01507127608537729,0.009956915963876984
0.5625,0.4104623833595985,0.5454742362775634,0.04406338036283815,0.01587148158724567,0.016299602074042335,0.006222002048213775
0.75,0.2721930819666852,0.7263228993148462,0.0014840187184686226,0.014165313735099473,0.01419455476757762,0.00118044810044314
0.0,0.7406244839142987,0.0,0.2593755160857013,0.013969038251435585,0.0,0.013969038251435582
0.1875,0.6394451024296077,0.1724479899850082,0.188106907585384,0.014213928783441066,0.011520584211925165,0.012793433562663912
0.375,0.5299268067736551,0.35880602239833004,0.11126717082801488,0.01599549171037954,0.015399381122500375,0.009997190258637451
0.5625,0.40194709690532243,0.5451697560983703,0.052883146996307334,0.014827675853374302,0.015491353258842535,0.007253661152347078
0.75,0.2718100608370683,0.7260520632294851,0.0021378759334464955,0.01374823287231902,0.013870228115329243,0.0014349016941959704
0.0,0.7402460709429024,9.900990099009902e-07,0.2597529389580877,0.014445046195337471,3.129402104807744e-05,0.014445578982233425
0.1875,0.64307263637827,0.1733041716093627,0.18362319201236732,0.015485995510902439,0.012539705519286315,0.012107712014468917
0.375,0.498899075223934,0.3603928804385584,0.14070804433750772,0.01578505640075051,0.01533239664088901,0.010870120094579622
0.5625,0.40495161265228036,0.5454578187713305,0.04959056857638924,0.014835512871174879,0.015321947136030113,0.006772333145070292
0.75,0.27102060192489663,0.7275210133652383,0.0014583847098650837,0.014175360041126288,0.014228072338916204,0.0011923750108616034
0.0,0.5531502267957988,0.0,0.4468497732042011,0.015499635057003974,0.0,0.015499635057003974
0.1875,0.6413120104652091,0.17420752647532778,0.18448046305946306,0.015574781765367461,0.012035784477697188,0.01232744163423373
0.375,0.5276623641307181,0.36021442424724515,0.11212321162203696,0.015061926208351758,0.015205358604053943,0.009919602549491719
0.5625,0.384035683782001,0.5471266140133303,0.06883770220466859,0.015072727394840663,0.015160603736178748,0.008185495960596926
0.75,0.26083502614621856,0.7280508598629454,0.01111411399083603,0.014106931817073311,0.014398617860971519,0.0033804978058933396
0.0,0.7408981771748758,0.0,0.2591018228251242,0.013524074241644687,0.0,0.013524074241644684
0.1875,0.6390068653583407,0.17281450878837487,0.18817862585328435,0.01530731811638425,0.011906589922301482,0.012490332973303443
0.375,0.5322230398621763,0.3593736624790262,0.10840329765879739,0.01625816254697421,0.015550978806653348,0.009970460177930955
0.5625,0.3874241198391131,0.5470402218724423,0.06553565828844449,0.015431448641205247,0.01563698809164792,0.007894812770348173
0.75,0.2595631374113451,0.7289960661166774,0.011440796471977393,0.013975985880115734,0.014234197108306252,0.003361189845678408
0.0,0.7407802657980175,0.0,0.2592197342019825,0.013874538607455874,0.0,0.013874538607455878
0.1875,0.6403226678042401,0.1732400664763405,0.1864372657194195,0.01480746939969279,0.012349180459664173,0.0113193464026442
0.375,0.5321148303616342,0.3591389791022149,0.108746190536151,0.015409786839381111,0.015483863659663349,0.009292625370890456
0.5625,0.38706339991843924,0.5469989091792313,0.06593769090232947,0.015552176978455875,0.015608720816155322,0.007802731004488291
0.75,0.26032441534073403,0.7288259296915905,0.010849654967675294,0.014509061911072183,0.014826353465510804,0.003394990675607544
0.0,0.7397604251280252,0.0,0.2602395748719747,0.014092814471316727,0.0,0.014092814471316727
0.1875,0.643100089093197,0.17307017410113257,0.18382973680567039,0.01439306006562683,0.011689949741235951,0.012231368382900346
0.375,0.31592658653167166,0.36011620861541016,0.3239572048529181,0.014629247628341297,0.015131378629092227,0.014450940171682523
0.5625,0.38651962016458774,0.5478251115753655,0.06565526826004663,0.01546485239470296,0.016072630803142852,0.007964518461688842
0.75,0.2589852955955324,0.7295326627684008,0.011482041636066835,0.014505304054262164,0.014450027923503198,0.003267893891773651
0.0,0.7399367383346637,0.0,0.26006326166533633,0.01372970296185341,0.0,0.013729702961853415
0.1875,0.6411223236205503,0.17356685266068478,0.18531082371876487,0.014934872966163582,0.01175807839878529,0.012308195969609392
0.375,0.4960455004153449,0.359811245861531,0.14414325372312412,0.015526865182803542,0.014513202098193264,0.010759513159855719
0.5625,0.4138397833603377,0.5439513929952191,0.042208823644443116,0.016353290482118962,0.01637382490971115,0.0061775780399558
0.75,0.271359800381833,0.7261335064198338,0.0025066931983331385,0.014023026067920915,0.014037369612546492,0.0016056441502220202
0.0,0.7392870550713723,0.0,0.2607129449286276,0.013713289515200068,0.0,0.01371328951520007
0.1875,0.6422011884781509,0.1734429847121648,0.18435582680968424,0.01498271314945765,0.012166306130586323,0.012249107447289999
0.375,0.5177384702048724,0.36025196887518984,0.12200956091993771,0.016009077191237932,0.01580534445452291,0.010428245055785977
0.5625,0.4115337010445289,0.545402060194296,0.043064238761175,0.014918500375296885,0.015028869824673627,0.006586080198195044
0.75,0.2601325103685727,0.7276503542017851,0.012217135429642095,0.01333020228277802,0.013382109651521612,0.003508844482730258
0.0,0.7402715505787745,0.0,0.25972844942122547,0.013583938875794847,0.0,0.013583938875794848
0.1875,0.6428192413329994,0.17261835912418344,0.18456239954281722,0.015399961261257648,0.011922042926512251,0.012250599964654071
0.375,0.5287988814225216,0.35870171087758174,0.11249940769989666,0.01623658838461079,0.01569063275335168,0.009886052742099891
0.5625,0.3876903882087305,0.5466211837768824,0.06568842801438708,0.015831600239647393,0.016124893619061987,0.007778281390056458
0.75,0.2696395637959644,0.7271251097043175,0.003235326499718094,0.013851059401420965,0.013882413350346621,0.001841382599999154
0.0,0.553819591335792,9.372071227741331e-07,0.4461794714570852,0.015991307471242236,2.9622269220766837e-05,0.0159918333350605
0.1875,0.6383174351485169,0.17285563489158434,0.1888269299598988,0.015260563069557908,0.011760773061496041,0.01250957497328832
0.375,0.5331283021119686,0.35846022731752475,0.10841147057050668,0.01622477264239175,0.015660217899539104,0.009740746815324539
0.5625,0.3858190872936665,0.5478918487983505,0.06628906390798303,0.015609216423416823,0.016113477992357843,0.007977635900644365
0.75,0.25942693300228153,0.7276629750582276,0.012910091939490833,0.013795990705063871,0.014020085794084843,0.003702420790088894
0.0,0.7402252322151139,1.066098081023454e-06,0.259773701686805,0.01356567767352671,3.3696120744731586e-05,0.013564434975410159
0.1875,0.6387043122919807,0.17337412627792065,0.18792156143009883,0.015589119500888805,0.01183549125618404,0.012445578743618416
0.375,0.5266049049822341,0.3595035627958291,0.11389153222193685,0.01575388902722707,0.015165311988170964,0.00998834069099095
0.5625,0.38697306473838805,0.5479218370655949,0.06510509819601688,0.015644258005012707,0.016148040523711226,0.008025408142263258
0.75,0.2611086036076522,0.7268631733541027,0.01202822303824516,0.013938923253475653,0.01407001191381559,0.00339366966359051
0.0,0.7398673032951782,0.0,0.2601326967048218,0.01363953291289812,0.0,0.013639532912898121
0.1875,0.6390730389358119,0.17290217426570623,0.18802478679848178,0.01545983251067491,0.012095709521141007,0.012149474751382785
0.375,0.4992664717352783,0.3598456788341552,0.14088784943056645,0.016197676034791136,0.01548670064446541,0.011374972195060732
0.5625,0.40971706860768076,0.5468532604909238,0.043429670901395524,0.015580154137299145,0.015842610379524714,0.006545282846539513
0.75,0.2723034497509141,0.7262561440770392,0.0014404061720467698,0.013763196101523621,0.01382958770330257,0.001197079901446206
0.0,0.7403862652302798,0.0,0.25961373476972005,0.01385517956942403,0.0,0.01385517956942403
0.1875,0.6381911688892362,0.171662288528953,0.19014654258181085,0.015001767946994534,0.01186273157122347,0.012204756792435672
0.375,0.5257894153971652,0.35856497827860484,0.11564560632422992,0.01600463274226278,0.015329062983587946,0.010266945411921448
0.5625,0.4125440086264086,0.5445330095649065,0.04292298180868493,0.015688604016389017,0.015907246750875167,0.006306294205292888
0.75,0.2615964246548823,0.7261293303010923,0.012274245044025339,0.013513044001631641,0.013556772467652242,0.003468377828949759
0.0,0.7399901464038215,0.0,0.2600098535961785,0.013877368000203451,0.0,0.013877368000203453
0.1875,0.6411727252620422,0.17225160507884463,0.1865756696591132,0.01572704025196405,0.0121910618008629,0.012717453764571991
0.375,0.527027711764728,0.35998635620317787,0.11298593203209412,0.01500708349465131,0.014548688714665926,0.010045818393629622
0.5625,0.39669373178480316,0.5447929695966789,0.05851329861851802,0.015424568612849377,0.01536582795915832,0.0073657881709765375
0.75,0.26016574582856594,0.7287677300431508,0.011066524128283252,0.014707078745393672,0.014925924330699194,0.0032680382966078906
0.0,0.7396574463302792,0.0,0.2603425536697208,0.014119020881871707,0.0,0.014119020881871709
0.1875,0.6391135851178874,0.17285345355610396,0.1880329613260085,0.015352904130856798,0.0120205100846032,0.012239554252228025
0.375,0.529516974540173,0.3604617192365109,0.11002130622331611,0.016408321436695746,0.015606625796054626,0.00999046797479947
0.5625,0.38905199852927036,0.5447855331901447,0.06616246828058497,0.015814371352513793,0.015878083877989314,0.007989745078067892
0.75,0.2605694628434655,0.7285141188727104,0.010916418283824088,0.013747090256067388,0.013965820267699994,0.003320262227819931
0.0,0.5540367954443318,0.0,0.44596320455566807,0.015580385537101749,0.0,0.015580385537101749
0.1875,0.6195609698543649,0.17087432597965244,0.20956470416598275,0.015109692928844174,0.01195754198899908,0.01278662145592362
0.375,0.5325420031925399,0.35902672557736753,0.10843127123009276,0.015846946032179964,0.015109077236164037,0.009649855918153106
0.5625,0.4076060323877247,0.545191273372709,0.047202694239566224,0.015408910953279712,0.015774868171551534,0.006656057619944751
0.75,0.26145306140993385,0.7275040669791565,0.011042871610909534,0.014126302735199955,0.014229054369619206,0.003262618706673552
0.0,0.7401077962714528,0.0,0.25989220372854716,0.01403092327649945,0.0,0.014030923276499453
0.1875,0.6387132175654535,0.17311506679262914,0.18817171564191734,0.015849792792166906,0.012332727353340145,0.012584101159528377
0.375,0.5315588149238597,0.3596984234336368,0.10874276164250363,0.015954116024557013,0.015439477873513855,0.009826266084219536
0.5625,0.40637924694818606,0.5448655078022095,0.048755245249604326,0.015529456356411283,0.015195774293611502,0.007148888231599227
0.75,0.27194765802407467,0.7270274278555416,0.001024914120383722,0.01404220023226625,0.014066335081887947,0.0010266889850375207
0.0,0.5540496463459557,0.0,0.4459503536540444,0.015720483755258922,0.0,0.015720483755258922
0.1875,0.6398822086168334,0.17282486186306922,0.18729292952009732,0.015426710865882891,0.01224387455171085,0.012756403547025931
0.375,0.526467364586588,0.35916501316086547,0.11436762225254644,0.01568830899686066,0.015138879992677804,0.010238658351748524
0.5625,0.3864082023394635,0.5477287866663157,0.06586301099422077,0.015384202318278766,0.015317566942763544,0.007702238678978988
0.75,0.26090336883989934,0.7281469677608435,0.010949663399257176,0.013724470964933762,0.013976471908276073,0.003316517061203577
0.0,0.5532746098542946,0.0,0.4467253901457054,0.015229777122587622,0.0,0.01522977712258762
0.1875,0.6410727943140323,0.17313755940327466,0.18578964628269312,0.015315259196566918,0.011818574593579361,0.01228500087486378
0.375,0.530233782817503,0.35963007893037746,0.1101361382521196,0.01602514451838828,0.015612265623240673,0.00975348197713638
0.5625,0.4101663835904671,0.5461183593655238,0.04371525704400907,0.01601028301817175,0.01617032944322907,0.006302437807881365
0.75,0.26004586924502304,0.7290739331506236,0.010880197604353336,0.01469895420396009,0.014895195363098312,0.003301430803188799
0.0,0.7407044782823653,0.0,0.25929552171763476,0.013883155200830118,0.0,0.013883155200830116
0.1875,0.6421007126487532,0.17229241115401744,0.1856068761972294,0.015308983347508201,0.012080115670182015,0.012371861313295481
0.375,0.5258418096504552,0.3590931428891555,0.11506504746038913,0.015295338728398018,0.014814065724626527,0.0101900216717291
0.5625,0.38750290858292485,0.5476429300484629,0.06485416136861226,0.015556514399582944,0.015699713392379355,0.00786808589603237
0.75,0.2598165833096241,0.7291595202443694,0.011023896446006447,0.014047771543156099,0.014103656696221692,0.0033760865418048123
0.0,0.7401007297333767,0.0,0.2598992702666233,0.014234234213858029,0.0,0.014234234213858027
0.1875,0.6397334681544035,0.17276254703641467,0.18750398480918185,0.01499990807941507,0.011588350154591686,0.012583692059765925
0.375,0.5284474205647698,0.3596829969471259,0.11186958248810419,0.016168087177872808,0.01557098112012151,0.009781535368204124
0.5625,0.3882974162785036,0.5469815144181741,0.06472106930332222,0.014882528604596986,0.015371408718908167,0.007831663544635062
0.75,0.2600477998282013,0.7290139629241026,0.010938237247696115,0.01379279077183968,0.014089500105751242,0.00327318312000865
0.0,0.739685152557862,0.0,0.2603148474421379,0.013329283382708269,0.0,0.013329283382708272
0.1875,0.6410515381756109,0.1736049593617623,0.18534350246262682,0.014765675629515999,0.011608874904682326,0.012399746028521005
0.375,0.5333026372828855,0.3586212808922163,0.1080760818248983,0.01627879475177233,0.0156648334904616,0.010055422137795225
0.5625,0.4046836827317723,0.544647363058063,0.05066895421016461,0.015427435093495557,0.015879898196198745,0.006951886253643576
0.75,0.26104904621161074,0.7277820238671118,0.011168929921277548,0.013877586702749347,0.014058351741237976,0.003290421653553802
0.0,0.7404769866536028,0.0,0.2595230133463972,0.014250669909278698,0.0,0.014250669909278701
0.1875,0.6408906624948749,0.17321629045196882,0.1858930470531562,0.015045366028795693,0.011618470279575048,0.012248417342793347
0.375,0.5268898009926921,0.3586593470978819,0.11445085190942592,0.015753730373489823,0.015074557161709969,0.010391125947554545
0.5625,0.41090025621622767,0.5452051477827565,0.04389459600101575,0.01599297893718144,0.01621739176289213,0.006470954095367553
0.75,0.26090235213342167,0.7281894550842749,0.010908192782303313,0.013514943949408675,0.01383731425982575,0.003095374590290409
0.0,0.7406447987003957,0.0,0.2593552012996043,0.013947414301145891,0.0,0.013947414301145893
0.1875,0.6424841153975769,0.17334336108445236,0.18417252351797078,0.01526579261080397,0.011565680126876445,0.012454243615954243
0.375,0.5259284461253069,0.3603405342042287,0.11373101967046448,0.01611912374472112,0.015619524895570376,0.010234203043733634
0.5625,0.40288038269056836,0.5448855345994382,0.05223408270999332,0.015184188120522754,0.015197958505157698,0.0071052465339700565
0.75,0.26110045148376226,0.7278142747533025,0.011085273762935242,0.014447062695633155,0.014631138620076296,0.0033691962316816136
0.0,0.7408718460873828,0.0,0.25912815391261734,0.014446426368126028,0.0,0.014446426368126028
0.1875,0.6430465957212715,0.1722896149827817,0.18466378929594676,0.014865276034982574,0.012076088204473772,0.012077127151286438
0.375,0.5309906983549226,0.3594969532996994,0.10951234834537805,0.015375483363022528,0.015331216853474572,0.009789898937058818
0.5625,0.4098076738339713,0.5462333287240351,0.04395899744199352,0.016146728151468323,0.015973864153610556,0.006373725905313347
0.75,0.2613436969108144,0.7275592504924605,0.011097052596725072,0.01418711642098115,0.014170935370583039,0.003343064545958066
0.0,0.7404457346207096,0.0,0.2595542653792904,0.01319440136759374,0.0,0.01319440136759374
0.1875,0.6380051166012035,0.17243406811830947,0.1895608152804869,0.01575067739997395,0.012274973660927568,0.012604773839394581
0.375,0.5271972407286887,0.3595943435855747,0.11320841568573659,0.016431445739298934,0.015502162676054951,0.010282022776446385
0.5625,0.41423373543692305,0.5443365926063763,0.04142967195670059,0.015558609524935351,0.0159825132001065,0.006266423410005057
0.75,0.26145817510861663,0.7272964433791331,0.011245381512250265,0.01371652536073582,0.013937636523104141,0.003212705905857351
0.0,0.7402111985396014,0.0,0.2597888014603986,0.013604350832450015,0.0,0.013604350832450015
0.1875,0.6348200167129759,0.17178464504333416,0.19339533824368982,0.015434815098540383,0.012473466786318894,0.012302203361521246
0.375,0.5285510630962383,0.3603623959782798,0.11108654092548184,0.015664883591638007,0.015274225055113546,0.010032280100597769
0.5625,0.3889123487853007,0.5453943380047478,0.06569331320995153,0.014990833039739297,0.01541343561579221,0.007624245886754361
0.75,0.26015632863328586,0.7288296205634349,0.011014050803279187,0.01374065349510262,0.014010531215942678,0.0033550258381889247
0.0,0.7390527721787307,0.0,0.26094722782126917,0.014227465398882125,0.0,0.014227465398882123
0.1875,0.640934533732674,0.1733677633392487,0.18569770292807738,0.015260988189791649,0.012393985625161025,0.01232124237122109
0.375,0.5316699757892597,0.3600363405040538,0.10829368370668652,0.01579771110122151,0.014915883252826945,0.009761958407189361
0.5625,0.385942406533941,0.5477263682059669,0.06633122526009214,0.015257820146183036,0.015611449999205253,0.007819085593513226
0.75,0.26079982132749785,0.7281604688886598,0.011039709783842316,0.013940746387023126,0.014172713660947947,0.0031596052069256565
0.0,0.7396817365769155,0.0,0.26031826342308456,0.01450737746838299,0.0,0.014507377468382987
0.1875,0.6385694496416893,0.17330458740085145,0.18812596295745931,0.015275616558669398,0.012037216691378886,0.012103378303441653
0.375,0.5300644954750813,0.3588993163761261,0.11103618814879267,0.015481111666169774,0.014588377219995926,0.009856193651956082
0.5625,0.3872059201911709,0.5476827651194074,0.06511131468942173,0.01479284905894339,0.01545031738984176,0.007820043690619689
0.75,0.2719177598963163,0.726797337226491,0.0012849028771928098,0.014296551871642001,0.014296880760188332,0.0011289691784493756
0.0,0.7410473753187113,0.0,0.2589526246812886,0.013666693978435835,0.0,0.013666693978435835
0.1875,0.6435247512820352,0.17287245775960403,0.1836027909583607,0.014675660404899173,0.01144951982287558,0.012071905582333778
0.375,0.5289039980469443,0.359869738280997,0.1112262636720587,0.015513501198132168,0.015371891111264295,0.010015290967748423
0.5625,0.39237404178041946,0.5459287819119608,0.0616971763076196,0.015450024527732826,0.015558866894261388,0.007505897349562986
0.75,0.2613172824069199,0.7277690103688944,0.010913707224185639,0.013651679115540893,0.013714933434967146,0.003277133623425564
0.0,0.7396828216136727,0.0,0.2603171783863273,0.013477702247733491,0.0,0.013477702247733496
0.1875,0.6417102777283987,0.17268924695729754,0.18560047531430365,0.015184066981993179,0.01182685101747543,0.012086614303207106
0.375,0.5294166492976344,0.35925545914800816,0.1113278915543574,0.01605508073552142,0.015350285962421302,0.009716202156958426
0.5625,0.3854167201735863,0.548340955762232,0.06624232406418175,0.015127339371467974,0.015473800500876682,0.007699781076999356
0.75,0.2602071860210903,0.7282920766642172,0.011500737314692472,0.013723187051203628,0.013859110439893428,0.003411064485605078
0.0,0.7399067209115088,0.0,0.2600932790884913,0.013626245337760346,0.0,0.013626245337760348
0.1875,0.6400371400921018,0.17228214410562834,0.1876807158022698,0.015663958556390405,0.01220990839410222,0.012875944985204946
0.375,0.5299422715068667,0.35811206967476894,0.11194565881836448,0.015542194589599155,0.015062840418865239,0.009728352148244565
0.5625,0.41080499451203595,0.5452337756142857,0.04396122987367846,0.015162674554688598,0.015373037283193646,0.006634683117602095
0.75,0.26228353090759976,0.7259528249339896,0.011763644158410493,0.014293109404709991,0.014380938418155166,0.003352469081314251
0.0,0.7406780722057505,0.0,0.25932192779424934,0.013979641400576785,0.0,0.013979641400576786
0.1875,0.6409691199659476,0.17270962580319832,0.18632125423085416,0.015375792288852767,0.011948232659836485,0.01251134246358099
0.375,0.5281113484231935,0.3602291205539732,0.11165953102283328,0.01634215983332808,0.015574971327977707,0.010233756084994425
0.5625,0.4089340459809674,0.5463596554617949,0.044706298557237685,0.015631137868723822,0.015952808301974226,0.006408008429212729
0.75,0.26035993972359345,0.7287179707234871,0.01092208955291943,0.014206764416915537,0.01448198409054662,0.003365706973161236
0.0,0.7397667170866095,0.0,0.26023328291339054,0.01347012383246023,0.0,0.01347012383246023
0.1875,0.6231441185393568,0.1702177716600909,0.20663810980055225,0.014875680768751861,0.01217770438406172,0.012763115625530744
0.375,0.5013809995765894,0.36006534734256024,0.13855365308085021,0.015979372299662037,0.01533182347609072,0.01112321589310113
0.5625,0.38214659876863766,0.5482650651129384,0.069588336118424,0.015191133444108256,0.015445630683568747,0.00795346417648193
0.75,0.2714977582970113,0.7268174510062695,0.001684790696719176,0.013881666106493079,0.013915205044906688,0.0012949686494986826
0.0,0.7414078477333981,0.0,0.2585921522666019,0.013519453493731862,0.0,0.01351945349373186
0.1875,0.6341856494883613,0.17108533891293465,0.19472901159870412,0.01541478295772503,0.0120058370119585,0.012661051995668684
0.375,0.5275252426797232,0.3594356093363532,0.11303914798392356,0.015542370289537047,0.01477012213811193,0.009838207367640215
0.5625,0.38562632855517626,0.5481193766510328,0.06625429479379098,0.01513001619989448,0.015551996760975736,0.007549989960333548
0.75,0.26037112579045807,0.7285663457679001,0.011062528441641828,0.013952383456881353,0.014155601084527583,0.0032428455391590705
0.0,0.7399403213728225,0.0,0.2600596786271775,0.01386273894559512,0.0,0.013862738945595124
0.1875,0.6358793641250554,0.17282274432539146,0.19129789154955312,0.015540803179183268,0.01237855139497605,0.01279626309680563
0.375,0.514269558002294,0.35852331976846336,0.12720712222924258,0.015096159036344588,0.01449691949984163,0.010342456840330796
0.5625,0.3867103258116317,0.5477403928006749,0.06554928138769346,0.015414661060766176,0.0157050143493862,0.007881558441389101
0.75,0.2609900444221594,0.7278371822623052,0.011172773315535421,0.014289446709632893,0.014366834745769509,0.0031268187708163447
0.0,0.7402584988031116,0.0,0.2597415011968884,0.013815657221436706,0.0,0.013815657221436708
0.1875,0.6412066418429192,0.1726759632455612,0.18611739491151952,0.014964895924477882,0.01172913995914012,0.012046884236748929
0.375,0.5315668265474485,0.3585090522305151,0.10992412122203632,0.016056249129535044,0.014886360600434594,0.010049730761479442
0.5625,0.4072432480982537,0.5436983912889398,0.049058360612806544,0.015526883648186322,0.015509457531499815,0.0068876997338871565
0.75,0.2720034730674414,0.7268135332831345,0.0011829936494240493,0.01383818568816924,0.013883842738729914,0.0010928722356391839
0.0,0.7395529918030987,0.0,0.26044700819690125,0.013932584288043367,0.0,0.013932584288043363
0.1875,0.6385158826625289,0.17300544519132818,0.18847867214614286,0.014973934841043635,0.012302416437275405,0.012112128882159194
0.375,0.5257875827067775,0.35950280781089383,0.11470960948232868,0.015652477672649837,0.014832271886310412,0.01043958490018769
0.5625,0.40991608563992893,0.5456200432114067,0.04446387114866429,0.015493146608985165,0.015300401151051893,0.006696923632908685
0.75,0.26626208393632317,0.7274323605775518,0.006305555486125081,0.014176461405171462,0.01416904990328616,0.0023794640267030638
0.0,0.7408387677541496,0.0,0.2591612322458506,0.013450125083763306,0.0,0.013450125083763307
0.1875,0.6274904784952248,0.17035045216333808,0.20215906934143718,0.015128227242146792,0.012012513229484547,0.012663792191324056
0.375,0.5183161074449001,0.359366063467004,0.12231782908809592,0.015470455150688853,0.015076700644072702,0.010746295924402198
0.5625,0.3867509194348796,0.5476250775976248,0.06562400296749564,0.015856239512510972,0.015962251869183618,0.007788349183334013
0.75,0.2707651405400777,0.7276482446580709,0.001586614801851447,0.01376771395057333,0.013777943277049011,0.0012859754573602573
0.0,0.7402670163053697,0.0,0.2597329836946302,0.014178285336968412,0.0,0.014178285336968412
0.1875,0.640428629176847,0.1721421085846571,0.18742926223849593,0.014406454567631528,0.011417238986989028,0.012005696870242454
0.375,0.5052618039569278,0.35867003712014767,0.13606815892292456,0.01549054545116237,0.014562409575892464,0.011195232525337415
0.5625,0.3855697237504871,0.5462192463011822,0.0682110299483306,0.015510928864584194,0.01598454329453344,0.008014952785610303
0.75,0.2598729189626629,0.728313982548776,0.011813098488561095,0.01428504114370642,0.014313301562607525,0.003271847894980189
fixed rate,success rate,failure rate,error rate,success std,failure std,error std
0.0,0.7402392091674532,0.0,0.2597607908325467,0.01366772315829799,0.0,0.01366772315829799
0.1875,0.6401068987216167,0.17204208126146847,0.1878510200169148,0.015561134487555537,0.011954316231001379,0.01272500257766146
0.375,0.5033607767960601,0.3594608268499746,0.13717839635396537,0.015529312640267271,0.015146862104830482,0.010648497806099595
0.5625,0.3927018082943009,0.5450005072266231,0.062297684479076,0.015835742137526296,0.01613053871125463,0.007601366173539661
0.75,0.26084415056839705,0.7280370730198646,0.011118776411738321,0.013827209181690418,0.013848792778046987,0.0034798921449101343
0.0,0.7395380520320712,0.0,0.2604619479679287,0.013730994016136882,0.0,0.013730994016136882
0.1875,0.6402438262935696,0.17344837866062382,0.18630779504580663,0.015281840709886581,0.012456487222941461,0.011846848155567797
0.375,0.528611812525238,0.3595457706187506,0.11184241685601132,0.015382454032305875,0.015536207320943175,0.009825516364609134
0.5625,0.38721161771804097,0.5472374573966919,0.06555092488526702,0.015123100574495748,0.015394052233798382,0.00780392621036118
0.75,0.2611816464812435,0.7261649145609429,0.012653438957813557,0.014575954622363737,0.014951012805572634,0.003453694268422718
0.0,0.7405235206762599,1.0752688172043011e-06,0.25947540405492275,0.013737454539558217,3.398597984791207e-05,0.01373600790033742
0.1875,0.6334154260970493,0.17284588452522326,0.19373868937772754,0.015372096541176867,0.012112160192694389,0.01253074950777032
0.375,0.5328538871502897,0.3583434167750877,0.10880269607462256,0.015789322331573704,0.014636517585033289,0.00992764790253472
0.5625,0.40659488418565,0.5460979848466145,0.04730713096773549,0.015321863006377069,0.015442668108621814,0.00678829025230992
0.75,0.2599599778480441,0.7289650048116258,0.011075017340330024,0.014358458941521601,0.014565500380464228,0.003429143659246138
0.0,0.740228835112096,0.0,0.25977116488790397,0.013743026664997186,0.0,0.013743026664997188
0.1875,0.6360566234010823,0.1720440788684537,0.19189929773046407,0.01485202377076726,0.01149848090727069,0.012570485486560956
0.375,0.5285804269388397,0.3599364684147816,0.11148310464637876,0.015278502482710834,0.014681609656602883,0.009677950214075836
0.5625,0.4107359919045319,0.5455018105710362,0.043762197524431785,0.015873128563986767,0.016147609833401265,0.006368906400280468
0.75,0.2613215123519076,0.7267839071079281,0.011894580540164403,0.01403346769657035,0.014185365331586732,0.003380541565310843
0.0,0.7396936304383849,0.0,0.2603063695616152,0.014309864434089615,0.0,0.014309864434089615
0.1875,0.6427478664895245,0.17323941483031272,0.18401271868016283,0.014832994387704771,0.012005356557551628,0.011865348465466951
0.375,0.5328283643350538,0.35975115447788575,0.10742048118706046,0.015765987477729684,0.014737246915681505,0.009896711329093475
0.5625,0.3857503580164935,0.5485908450086557,0.06565879697485082,0.015190663019422028,0.015461449489708333,0.007565573412496975
0.75,0.2611585218819598,0.7275552763123331,0.011286201805707207,0.013706251049534665,0.013817698292023778,0.003334410960096403
0.0,0.7400830389094721,0.0,0.2599169610905278,0.013544923486645575,0.0,0.013544923486645575
0.1875,0.6388750138613112,0.17252009289321907,0.18860489324546967,0.015253883892992003,0.012097431314605151,0.012602251661384041
0.375,0.5251776012762864,0.36008585636893076,0.1147365423547829,0.01599796140825355,0.015320408486618427,0.010124471081860457
0.5625,0.3860694444027642,0.5488869471450284,0.06504360845220729,0.015433553371669583,0.015686078846321123,0.007631400564957299
0.75,0.2611927642253886,0.7276326973286834,0.011174538445927919,0.013649434534795392,0.01381843281044142,0.003323487226044759
0.0,0.7407526028048691,0.0,0.2592473971951308,0.013989908281423257,0.0,0.013989908281423259
0.1875,0.6395946682206028,0.17367298095324882,0.18673235082614822,0.014535692650907832,0.011775512638579549,0.01222815244840212
0.375,0.5286058068015379,0.3599054930587919,0.11148870013967022,0.016137336383175525,0.01526987373348662,0.009901405887762985
0.5625,0.4125724801853062,0.5457212609561763,0.041706258858517586,0.015448744915698958,0.015562602055418531,0.006568776716349661
0.75,0.2693136802665668,0.7268047094434955,0.0038816102899375876,0.014287258444775217,0.01436059169746488,0.0020353467645789144
0.0,0.7401929540945119,0.0,0.25980704590548803,0.013317475162912991,0.0,0.013317475162912993
0.1875,0.6432103433373081,0.17355587383548776,0.18323378282720407,0.01501051715094865,0.011780062877231948,0.012398674357297084
0.375,0.5024870368140423,0.3580579981414314,0.1394549650445263,0.015681612521325904,0.014708463791108226,0.010905940027292267
0.5625,0.3868789990238307,0.547604659812336,0.06551634116383334,0.016478997146215323,0.016931514211578003,0.0076903647285276105
0.75,0.2715879163336393,0.7265070510016712,0.0019050326646894958,0.013699521269039902,0.013749103008563145,0.0013659006282826704
0.0,0.7398348918390725,0.0,0.26016510816092747,0.013771339099213641,0.0,0.013771339099213643
0.1875,0.6426965121176249,0.1736123479463132,0.18369113993606173,0.01445181971119175,0.011753881179805342,0.011774613084097066
0.375,0.5312298040104478,0.3581168784152441,0.11065331757430814,0.01604693934851773,0.014826600284958304,0.009921434836033033
0.5625,0.4046070236496569,0.5441460040305577,0.051246972319785346,0.01530687245065762,0.015896033016323783,0.007112916371931018
0.75,0.26014162590673845,0.7289200865888908,0.010938287504370677,0.013894553627703357,0.014262556921095463,0.0033320289615765236
0.0,0.7401183490542,0.0,0.25988165094579996,0.014363911085318896,0.0,0.0143639110853189
0.1875,0.6390959027158253,0.1717397018333893,0.18916439545078542,0.015496837984314232,0.012007626697567744,0.012736880943746079
0.375,0.5284170797632862,0.3597535768841349,0.11182934335257895,0.01574006861560428,0.015350884454509595,0.010338657321072668
0.5625,0.3867343457966656,0.5476058932646469,0.0656597609386875,0.015659669882969317,0.016132205066317476,0.007953284520897677
0.75,0.26083138297629554,0.7282100270784722,0.010958589945232277,0.013639337986745789,0.013690067170115507,0.0032678665667671396
0.0,0.7399915283869692,0.0,0.2600084716130308,0.013865605334011823,0.0,0.013865605334011825
0.1875,0.6401783433319668,0.17350410171012512,0.18631755495790822,0.014825750331109104,0.01194295323665596,0.012264379447517564
0.375,0.5273848757710943,0.3606046024546117,0.11201052177429412,0.016239921498009895,0.01510532516154296,0.010020019162412672
0.5625,0.4036497943523273,0.5459639931255472,0.05038621252212559,0.015079725485315833,0.015384415807683325,0.006742363089880129
0.75,0.22083850235528535,0.7310476440029329,0.04811385364178176,0.013330923792165494,0.014551308006228258,0.006740205066942984
0.0,0.7397902932136837,0.0,0.26020970678631633,0.014294709802293673,0.0,0.014294709802293672
0.1875,0.6396793999874094,0.17211295666950835,0.1882076433430822,0.015561264295496438,0.01183777056914979,0.0121878462680145
0.375,0.5291004714457981,0.35966014965230125,0.1112393789019006,0.015963462306972327,0.015550719352889018,0.009982961545082542
0.5625,0.4124127208239922,0.5449232713179379,0.04266400785806985,0.014766261634735975,0.015037073367497985,0.006478304848100529
0.75,0.26038506640354037,0.7283769495567525,0.011237984039707116,0.014040540241741048,0.014328748495128716,0.003386113177767597
0.0,0.7397713863815629,0.0,0.2602286136184371,0.013698978425570281,0.0,0.013698978425570281
0.1875,0.6391484256853205,0.17263119438994484,0.18822037992473467,0.015557702040636416,0.011955333126569236,0.012412796029218302
0.375,0.5313225772921978,0.3607031692009037,0.10797425350689839,0.015815711557204078,0.015086868495921488,0.009700052909703176
0.5625,0.4054116423884967,0.5461900859871578,0.04839827162434551,0.016064584456997093,0.016160056538008737,0.006827197563621247
0.75,0.2616609463323979,0.7276749238607655,0.010664129806836595,0.013971726494614915,0.014107102288035937,0.003199414853634646
0.0,0.7393605626728504,0.0,0.2606394373271496,0.0137805712018088,0.0,0.013780571201808799
0.1875,0.6430933502943897,0.1727005710869791,0.184206078618631,0.014779097272648303,0.01181242540085657,0.01212547159322422
0.375,0.5036169581350503,0.3588914558048646,0.13749158606008524,0.015795885757797966,0.014917823263097593,0.010780835956911575
0.5625,0.38744776527617775,0.5459744412909984,0.06657779343282395,0.015728045644620995,0.016070395070311074,0.008024247782832006
0.75,0.259931776373879,0.7291311250608394,0.010937098565281606,0.014079194838348939,0.014205282964474784,0.003168524118079611
0.0,0.7401694919323604,0.0,0.25983050806763947,0.014237130489263675,0.0,0.014237130489263677
0.1875,0.6414833980564528,0.17311106705334556,0.18540553489020156,0.01573541867294492,0.011935951142154368,0.01242331309165787
0.375,0.5271654683763757,0.35972736409357187,0.11310716753005241,0.016691641490037896,0.015708025084039883,0.009870911967797895
0.5625,0.38630428629705554,0.547010817378057,0.06668489632488744,0.015722995033357196,0.01568712253711545,0.007763403548898279
0.75,0.27233487733628636,0.7262166639938035,0.0014484586699102275,0.014075905659165017,0.01409767822555701,0.0012587337651733168
0.0,0.7403435528550721,0.0,0.2596564471449278,0.013864369194949587,0.0,0.013864369194949587
0.1875,0.6214801097088728,0.17079692952433861,0.20772296076678867,0.015069758799414973,0.011939363998761466,0.0122307471922667
0.375,0.531078456657916,0.3601883668473904,0.10873317649469359,0.015790727229707927,0.015567187709275598,0.009891662082480122
0.5625,0.38666144668931385,0.5478715671764574,0.06546698613422881,0.01613906467089477,0.015984357045988613,0.007781128569690351
0.75,0.25962513875351173,0.7289708686880461,0.011403992558442237,0.014135161947579175,0.014440582707022628,0.003358914539530094
0.0,0.5537427847422759,0.0002337575216068044,0.44602345773611735,0.015375612722887394,0.0004909779326209566,0.015382111184184047
0.1875,0.6253959539727753,0.17190912343111853,0.2026949225961062,0.01591310946716133,0.012270285683645963,0.012725524976724877
0.375,0.505531112581586,0.35866478765933957,0.13580409975907431,0.01572566429254966,0.01454191422839774,0.011121104557590574
0.5625,0.41101103912862197,0.5454052408455023,0.04358372002587558,0.01597914389512277,0.016047513494974474,0.006431379842788835
0.75,0.260356074128309,0.7286230898107385,0.011020836060952386,0.013633655529224782,0.013922583051306026,0.0032750327777730354
0.0,0.7402218053452412,0.0,0.2597781946547589,0.014187750956435017,0.0,0.014187750956435013
0.1875,0.6392741923811093,0.17331541411257548,0.18741039350631528,0.015234792898367265,0.012094520860351324,0.012743042748965816
0.375,0.5277517670196312,0.3589951709679378,0.11325306201243097,0.015366695517437873,0.014148418688274541,0.010053840236200045
0.5625,0.40517727184386526,0.5452000377204022,0.04962269043573258,0.015959548780660165,0.01598107375549209,0.006996796718323924
0.75,0.2609115087257517,0.7279161892236791,0.011172302050569174,0.013796211143816135,0.014117635549718337,0.0034600127201624828
0.0,0.7399589254810526,1.0330578512396695e-06,0.2600400414610961,0.013387519903811845,3.2651819481981625e-05,0.013387935959391467
0.1875,0.6423367392070989,0.1736546068660864,0.18400865392681487,0.015291396169024635,0.012559869775912018,0.012034419589307154
0.375,0.5300932665070607,0.3593258778232729,0.11058085566966629,0.01570410406190992,0.01479134316157648,0.010328208436916557
0.5625,0.41022283189264686,0.5454484487063023,0.044328719401050765,0.01595236482095488,0.015944710674065988,0.006440267621536367
0.75,0.27119956328340517,0.7272500519228449,0.0015503847937499888,0.013716575016801097,0.013806292022519031,0.001242384169075189
0.0,0.7402277165027217,0.0,0.2597722834972782,0.01368488247805038,0.0,0.01368488247805038
0.1875,0.640879156111295,0.17264890158432727,0.18647194230437775,0.015316650096999517,0.011956033972007805,0.012415033400329983
0.375,0.4983805656071843,0.36035687557761104,0.14126255881520466,0.01599815996577727,0.014947463619879116,0.011133979667773833
0.5625,0.38748874926219445,0.5472197547463831,0.06529149599142255,0.015427733734387562,0.015781383445849687,0.007929353717542007
0.75,0.27217382720817607,0.7263729614123158,0.0014532113795081133,0.014680236638489974,0.014711334827123779,0.001248912659700074
0.0,0.7400824038025284,0.0,0.2599175961974715,0.014018296791910035,0.0,0.014018296791910037
0.1875,0.6432722486135181,0.17296149765219496,0.18376625373428704,0.015142376698620041,0.011989110680577852,0.011840105247535582
0.375,0.5254819096053596,0.36019856413060497,0.11431952626403552,0.01610324739937551,0.015354377211856687,0.010054562627801023
0.5625,0.3862485723547897,0.5485862854825311,0.06516514216267927,0.015165220865244924,0.01546405094692479,0.007641992685484949
0.75,0.2702362370029871,0.7264905388954116,0.003273224101601255,0.013894034392279863,0.01394566397007838,0.001784375066720795
0.0,0.7403004781006655,0.0,0.25969952189933465,0.014073580420355692,0.0,0.01407358042035569
0.1875,0.6402996150944903,0.1714602032342977,0.1882401816712121,0.015271350418801634,0.011988592013251306,0.012120534326424497
0.375,0.5275032752065463,0.3596451768593483,0.11285154793410544,0.015267853569089836,0.014688356058737959,0.010101057354534803
0.5625,0.40495731436787785,0.544850508993285,0.05019217663883713,0.01608463608174383,0.015883289046531253,0.006778802634253666
0.75,0.2708733659877615,0.72718184728601,0.0019447867262284593,0.013885430497405845,0.013900443365332605,0.0013688374496160108
0.0,0.7403244039681689,0.0,0.2596755960318311,0.01407636753666188,0.0,0.014076367536661883
0.1875,0.6397091472235207,0.17171145430920506,0.18857939846727423,0.01511557629329883,0.012140318989284596,0.012473697451653784
0.375,0.5272004051190046,0.36024031032394765,0.11255928455704779,0.016419495002961727,0.015719001938448034,0.010057970765636637
0.5625,0.40467850883148504,0.5451918351246211,0.050129656043893876,0.015412828575850034,0.0155874376278837,0.006754395663444105
0.75,0.26189438129843773,0.7265209484222096,0.011584670279352617,0.013674743228009016,0.014012427521602408,0.0033242160286110507
0.0,0.7403789785365787,0.0,0.25962102146342125,0.013544791770419305,0.0,0.013544791770419305
0.1875,0.6386118470825768,0.1733621685807477,0.18802598433667556,0.015211608517907826,0.011974491312188147,0.012425848258536838
0.375,0.5307903039244984,0.35815524167610535,0.11105445439939632,0.015588210052791509,0.015295545120976245,0.010091908446281233
0.5625,0.39196141911568577,0.5456325866348779,0.06240599424943629,0.015570887123057476,0.016016907614510724,0.007701452500847781
0.75,0.25988453082538776,0.7288852117094144,0.011230257465197915,0.013875203898247444,0.014224584165509622,0.0032981557114102893
0.0,0.7401017253874327,0.0,0.2598982746125673,0.013923260039914889,0.0,0.013923260039914896
0.1875,0.6388569945876645,0.17173995495525937,0.189403050457076,0.015140376028932805,0.01221583241923001,0.012486687938003675
0.375,0.5285471088582885,0.3598217697394411,0.11163112140227031,0.015568316931139423,0.014960593475960243,0.01051769412496595
0.5625,0.3889693793769843,0.5457073787206246,0.06532324190239115,0.015301776118708636,0.015841042529039624,0.007934663489967225
0.75,0.2602223419480503,0.727914401370688,0.011863256681261852,0.014035570907063517,0.01424165804268746,0.003455737763135889
0.0,0.5551408171044906,0.0,0.44485918289550946,0.015641166738500085,0.0,0.015641166738500085
0.1875,0.6427529729503021,0.17328964525667853,0.18395738179301935,0.014771907752898099,0.011706155668975529,0.01193763146555782
0.375,0.5058658698024779,0.3601794700767137,0.13395466012080823,0.01578796848520998,0.014889274566187364,0.01097208286402186
0.5625,0.3999776905627078,0.5443928647963954,0.05562944464089683,0.01572286767055892,0.01570325909565353,0.007423993072914092
0.75,0.26082701996156665,0.7281365252953548,0.011036454743078575,0.013692836506799842,0.014048471622678834,0.0033571326383615694
0.0,0.7405371141383476,0.0,0.2594628858616524,0.01365410691777909,0.0,0.013654106917779095
0.1875,0.6383553905794028,0.17303881383477523,0.18860579558582194,0.015519723264690108,0.012510774745691448,0.012217099226686493
0.375,0.502529547211988,0.3585664918425406,0.1389039609454715,0.016368721842082386,0.015162236471495097,0.01070510783826426
0.5625,0.3867802808963571,0.5477737829309398,0.06544593617270315,0.01497478001240666,0.015517027464602902,0.00820520903216078
0.75,0.25950002746845807,0.7290907147439288,0.011409257787612991,0.013385512966238782,0.013438752093000881,0.003259639859371514
0.0,0.7399472968232783,0.0,0.26005270317672174,0.013664299129892614,0.0,0.013664299129892617
0.1875,0.6387531380885936,0.1724708617693335,0.18877600014207294,0.015808737389328885,0.012235898951201899,0.012445187230466247
0.375,0.5307323895778927,0.3606879275854067,0.10857968283670064,0.01646229223499973,0.01534646324338422,0.010062809017738305
0.5625,0.4067947468668841,0.5442878624939109,0.04891739063920501,0.015677736849933316,0.01589236039207494,0.007116234705301918
0.75,0.2704195137917535,0.7272884982001359,0.0022919880081105535,0.013828976557720347,0.013903929128739797,0.0015090570436016061
0.0,0.7409785422889004,0.0,0.25902145771109963,0.013945638314367627,0.0,0.013945638314367629
0.1875,0.6375740733102273,0.17170171179324428,0.19072421489652827,0.015425295349887898,0.011667547688955546,0.012763967513538565
0.375,0.5266787839409802,0.3596974264441158,0.11362378961490398,0.015638177933513114,0.015055484094274943,0.010080329854535369
0.5625,0.3870827939084791,0.5473737436717159,0.06554346241980497,0.016175045093817664,0.016414623457429695,0.00776439102297348
0.75,0.2718371818418843,0.7265457941337647,0.0016170240243508643,0.013790400464838945,0.013754661087507766,0.001280812405952288
0.0,0.7397607296932608,0.0,0.26023927030673916,0.013712539963957895,0.0,0.013712539963957894
0.1875,0.6392621611448636,0.17341436264213678,0.18732347621299963,0.01496148364404279,0.011852808757164152,0.012347910271725016
0.375,0.5269660538275398,0.35895913054075135,0.11407481563170879,0.015622101445514893,0.014465538625914943,0.009833722903984782
0.5625,0.3857742208499921,0.5484948898101247,0.06573088933988311,0.015612042525968428,0.016119585682921492,0.00797100086270911
0.75,0.26121731376043933,0.7277857211849363,0.01099696505462422,0.013918875800985239,0.014152210841515564,0.003194372197728289
0.0,0.7399548801303256,0.0,0.26004511986967443,0.014275078851015111,0.0,0.01427507885101511
0.1875,0.6411062244885679,0.1723294304598757,0.18656434505155636,0.015345627941662516,0.012042423575353622,0.012725311533087248
0.375,0.5284411801962201,0.35960887187205504,0.11194994793172493,0.01584929254050656,0.015241440183680377,0.009696996373876736
0.5625,0.40695459639271975,0.5460134172566172,0.047031986350663045,0.015933852393406604,0.015745078172080512,0.007103022509503585
0.75,0.26109552229900307,0.7277031046742714,0.011201373026725534,0.013947192773710206,0.0140177354147257,0.0033352675476091705
0.0,0.741191001134406,0.0,0.25880899886559405,0.013877664359238207,0.0,0.013877664359238205
0.1875,0.640010589576993,0.17229034723468936,0.1876990631883176,0.01510919749170949,0.011558303552059465,0.01225598742402936
0.375,0.5274067536475245,0.36037205633825997,0.11222119001421545,0.015771825769146645,0.015749560315161705,0.009605284751867815
0.5625,0.4046639527026871,0.5442787558872504,0.05105729141006242,0.014480881443512611,0.014591158726012604,0.007041731922143414
0.75,0.2612057091975806,0.7277074845536682,0.011086806248751123,0.013837933320678814,0.014015587868377982,0.003311857431013486
0.0,0.740477917069686,0.0,0.25952208293031404,0.013577900002445206,0.0,0.013577900002445208
0.1875,0.621728826397745,0.17057895514086283,0.20769221846139224,0.015671187243786397,0.011828179415927864,0.012878128795535248
0.375,0.5317121070288656,0.35872945253864674,0.10955844043248766,0.016252987068273553,0.015590936055896253,0.009491039110454132
0.5625,0.38577690615501475,0.5483012014371025,0.0659218924078828,0.015393603643907053,0.0158481368719356,0.008409930113797958
0.75,0.26063405897508485,0.7282821762740105,0.01108376475090466,0.013533684702874828,0.01374243939608037,0.0032440671682455176
0.0,0.7396272256410932,0.0,0.26037277435890677,0.013719402076110119,0.0,0.013719402076110119
0.1875,0.6292824237396537,0.17048895812677933,0.20022861813356696,0.014989238335879767,0.011630956611802721,0.012524510780713238
0.375,0.5280901977809795,0.3589074769345274,0.113002325284493,0.016135743587914815,0.015536024846965263,0.010264073159754684
0.5625,0.4093499968758124,0.5469180716033992,0.043731931520788386,0.016008640659031615,0.016053995422150226,0.0066509196297791645
0.75,0.26000416653718667,0.7284002269339586,0.011595606528854724,0.013287605379450701,0.013463072535288109,0.003279439004363762
0.0,0.7395438310331953,0.0,0.2604561689668045,0.013173118303060642,0.0,0.013173118303060638
0.1875,0.6364794692404956,0.1725316039057134,0.19098892685379093,0.015193390536438691,0.012166622866369898,0.012061168336582679
0.375,0.5233744437931821,0.3587182096526477,0.1179073465541701,0.01578897963212864,0.015355258932453158,0.009933160465337567
0.5625,0.40637212145030516,0.5438486679410299,0.04977921060866488,0.015754120995693358,0.015659527673481954,0.006753463361560566
0.75,0.2608606870517764,0.7280939820123644,0.011045330935859205,0.013419954540704162,0.013641488389138407,0.003199929325330397
0.0,0.7402135523307822,0.0,0.25978644766921777,0.013372060685784453,0.0,0.013372060685784455
0.1875,0.6425325744467041,0.1732514844287082,0.1842159411245877,0.015194310375678354,0.011931976575460999,0.011979257162421807
0.375,0.5046287408410791,0.3586450155810929,0.13672624357782787,0.016411903465077718,0.015332538875833095,0.010818418655911936
0.5625,0.38727157814159885,0.5475065035458739,0.06522191831252727,0.015178204235928023,0.015879544927057454,0.007783818952061997
0.75,0.2610381436481754,0.7280581943508523,0.010903662000972337,0.013498606189645778,0.013625586947520123,0.003221397423410165
0.0,0.7400516795684471,0.0,0.2599483204315529,0.013951628996925052,0.0,0.013951628996925054
0.1875,0.6389592970882199,0.1731773961667946,0.18786330674498555,0.015270824755011781,0.011539958769612332,0.012326737782125613
0.375,0.5264282040684395,0.358201035206736,0.1153707607248244,0.015951704015897746,0.015061884797869051,0.010387292253003083
0.5625,0.38782581044434644,0.5471396636526765,0.06503452590297705,0.01484711873526921,0.01541997911081805,0.00757160144816638
0.75,0.27248390750090645,0.726310596413238,0.0012054960858554843,0.014326395357308386,0.014341215732368833,0.0011146077994198384
0.0,0.7402875478605658,0.0,0.25971245213943417,0.01381058508163696,0.0,0.013810585081636963
0.1875,0.6423970407907201,0.17285007417296908,0.1847528850363108,0.015339554144121916,0.011936319206053859,0.012452073498829614
0.375,0.5249545785130555,0.35921834275687925,0.11582707873006533,0.01573608831679659,0.015292188151778121,0.010589497307505727
0.5625,0.38877450707484856,0.5462401470458655,0.06498534587928578,0.015936500603386486,0.01629328510966075,0.007711681408046071
0.75,0.26075167038042707,0.72839330148986,0.010855028129712879,0.01395357310139044,0.014015124424879368,0.003253995358610212
0.0,0.7406659890184908,0.0,0.2593340109815092,0.01413253636098562,0.0,0.01413253636098562
0.1875,0.640660698986713,0.17282674754592056,0.18651255346736653,0.015920348203722515,0.012513848228998101,0.012471266601597092
0.375,0.5326650556388778,0.35961165860160305,0.10772328575951923,0.015383864732015412,0.014907382040229665,0.010166762703296963
0.5625,0.40651362653999534,0.5455887145187497,0.04789765894125496,0.015624148861284519,0.016046217827061757,0.006616224389865694
0.75,0.26136970522840836,0.7273092484461292,0.011321046325462429,0.01372872414861566,0.014084435987531355,0.003430752625550855
0.0,0.7402418119668328,9.9601593625498e-07,0.2597571920172309,0.0137104166573518,3.1481037110117766e-05,0.013712753359419082
0.1875,0.6430494205997184,0.1735044436559598,0.18344613574432195,0.015187015826423761,0.01192148872084813,0.012095497737285518
0.375,0.5076202050882381,0.3592295764491131,0.13315021846264874,0.015963077531891315,0.01455536085319705,0.010678310794593025
0.5625,0.3892251251905966,0.546330604793872,0.0644442700155315,0.015189989532887749,0.015709526083540832,0.007313314800119091
0.75,0.2706802196352179,0.7277860215301546,0.0015337588346274837,0.01403991744294163,0.014083742228361175,0.0012713118123293765
0.0,0.7405947351797406,0.0,0.2594052648202594,0.014052754161287583,0.0,0.014052754161287583
0.1875,0.6433623018008392,0.1732976457526301,0.18334005244653065,0.014454966398683563,0.011629004719718736,0.01177330327693168
0.375,0.5262034434433371,0.36053673242826195,0.11325982412840085,0.01580488364728313,0.014774927253414378,0.010035383437714315
0.5625,0.4119473715015669,0.5449481942868674,0.04310443421156572,0.015186357303931718,0.015254589442720085,0.0065503241981250925
0.75,0.2702171798241782,0.726724262269868,0.003058557905953844,0.01412330583244677,0.014219263828850989,0.0017265381716718025
0.0,0.7402098292922162,0.0,0.25979017070778376,0.01349531579141008,0.0,0.013495315791410084
0.1875,0.6394518113853684,0.1735766939815303,0.18697149463310125,0.014649303435168971,0.011735150171664384,0.012296547152297254
0.375,0.53202285052401,0.35892224158510827,0.10905490789088178,0.01638816561110518,0.015496731782255198,0.009517346929363521
0.5625,0.4046204158078476,0.5458346804709606,0.049544903721191746,0.015589028563370248,0.015752826729683717,0.0068807159329706295
0.75,0.2673301222112534,0.7276141956818376,0.005055682106909032,0.014020489486692258,0.014070712876863102,0.0022462787710181556
0.0,0.7398697222692382,0.0,0.2601302777307618,0.01393450087517972,0.0,0.01393450087517972
0.1875,0.6396561011988537,0.17238275101140563,0.1879611477897406,0.014831694408791653,0.01185682817003838,0.012275018960140506
0.375,0.5317900754650497,0.36000959808075683,0.1082003264541934,0.01564485834991527,0.015226750702130695,0.009588075657011808
0.5625,0.38716718738772576,0.5473793801699536,0.06545343244232053,0.015805069296482975,0.015904910520531532,0.008021514356830427
0.75,0.2617471220196019,0.7271337984430657,0.011119079537332589,0.014255150642352481,0.014467452521912814,0.0033954994149859737
0.0,0.5549352446682585,1.0471204188481676e-06,0.44506370821132263,0.01633028540893504,3.309629451157928e-05,0.01633112711236754
0.1875,0.6342544529353137,0.17300893217645208,0.19273661488823424,0.01508680158663946,0.012020447218939656,0.012343805449249179
0.375,0.5279540802439321,0.35985760430905034,0.1121883154470176,0.015384820528214571,0.01449232537863112,0.009791040162736528
0.5625,0.38800635815816686,0.545999696988298,0.06599394485353528,0.01624884520183155,0.016409947594653588,0.007704695626832256
0.75,0.27142878378941393,0.7275280395247598,0.0010431766858263285,0.014203367411419653,0.014231761878374877,0.0009813032318403358
0.0,0.7402586182594462,0.0,0.25974138174055383,0.01429493103563773,0.0,0.01429493103563773
0.1875,0.6399526877321275,0.17386470158991021,0.1861826106779622,0.014817015061293336,0.011741113552570775,0.012051482517367196
0.375,0.5317687478575185,0.3591068352977919,0.10912441684468956,0.01594082389049282,0.014988106720008268,0.010252700938304885
0.5625,0.3878790204694654,0.5468731339961637,0.06524784553437084,0.015825738018205474,0.0159292511717931,0.007447853745789192
0.75,0.2616784003945826,0.72728191805974,0.011039681545677396,0.013643234569671623,0.01396707133542102,0.0032709119825925373
0.0,0.7403132357104799,0.0,0.25968676428952014,0.013691694745171866,0.0,0.013691694745171864
0.1875,0.6376290528654533,0.1726941395550723,0.1896768075794743,0.015433948230287063,0.01227899550746255,0.012774745904417706
0.375,0.5129085984490841,0.35904463801407827,0.12804676353683764,0.01581370275036942,0.015202921776975898,0.010520238456904259
0.5625,0.3865599694401358,0.548327272487596,0.06511275807226803,0.015079990818886788,0.015551627726240485,0.007779106463879287
0.75,0.26072074910400805,0.7282981910565356,0.010981059839456185,0.013846909420160553,0.013854643036925922,0.003365026221429953
0.0,0.5535344323932597,0.0,0.44646556760674005,0.015917411115145892,0.0,0.015917411115145892
0.1875,0.6348652717286605,0.1730414949899558,0.1920932332813838,0.015465363182516718,0.011849439978144333,0.012436152782090858
0.375,0.5321003212111468,0.3604894443360539,0.10741023445279926,0.015205918454854998,0.01544908619908519,0.009903973064841604
0.5625,0.386794103640421,0.5474928853239655,0.06571301103561357,0.015143028479301306,0.016343160034040485,0.008069399407067414
0.75,0.27242476799132703,0.7264084987357738,0.0011667332728989965,0.014421383051594221,0.014374901621300347,0.0010645943930474703
0.0,0.7398591914456886,0.0,0.2601408085543115,0.013391853050931997,0.0,0.013391853050931995
0.1875,0.6439936098595483,0.17254625662444514,0.18346013351600646,0.015386550619815706,0.012331462078718968,0.012682209443056635
0.375,0.5283949854285784,0.36023253003971484,0.11137248453170664,0.01542012710486356,0.014907602390965067,0.009970304376001866
0.5625,0.4112351915534292,0.5439842554701215,0.04478055297644925,0.015808482663205756,0.01591510368499431,0.00642553632491345
0.75,0.26065798223588527,0.7281960306332345,0.011145987130880318,0.014125595431161521,0.014379730906731076,0.0033096260634439736
0.0,0.740383561430706,0.0,0.2596164385692939,0.01432468372663618,0.0,0.014324683726636178
0.1875,0.6420641055445351,0.17368829383660886,0.18424760061885603,0.015019524576077367,0.012188438740837268,0.012106183027473747
0.375,0.5323684595005884,0.359183181328764,0.10844835917064756,0.01567264141893167,0.015023265581767023,0.009756984335021441
0.5625,0.3883279288013645,0.5467683202755093,0.06490375092312613,0.015008987262160604,0.015609902841710929,0.0076265798031697
0.75,0.27203089180405876,0.7266051567908864,0.0013639514050547647,0.014307968711308223,0.01433874534574921,0.0011506027667743952
0.0,0.7406462816855699,0.0,0.2593537183144301,0.013832336931453209,0.0,0.01383233693145321
0.1875,0.642163698766885,0.17333893718345597,0.18449736404965905,0.015286171815092781,0.011782713316078715,0.012673029412893565
0.375,0.5275051043817118,0.3602398635276593,0.11225503209062884,0.015228998071836156,0.014162398822709922,0.00974003240002965
0.5625,0.3904914385283786,0.546293951904477,0.06321460956714434,0.015648994041725057,0.015695393138376403,0.007525299902059756
0.75,0.2606605144222305,0.7279494866833509,0.011389998894418602,0.014463971623757416,0.014718382652725435,0.0034027786140852236
0.0,0.7405378871011917,0.0,0.2594621128988083,0.013989058729417709,0.0,0.01398905872941771
0.1875,0.6393597745725004,0.17330525673386898,0.18733496869363078,0.015098940566252054,0.011877184926294712,0.012293919672308333
0.375,0.5035544643202525,0.358755020732095,0.13769051494765255,0.0159553849954937,0.01516579438102569,0.010907195079246174
0.5625,0.4100138631103369,0.5452288822391145,0.04475725465054856,0.016625354565525472,0.016869375438296818,0.006642290061403379
0.75,0.26058726050983294,0.7285109196552478,0.010901819834919202,0.013948251051727513,0.014285317823409676,0.003319781779154607
0.0,0.7403707572935222,0.0,0.2596292427064779,0.013864649606180536,0.0,0.013864649606180536
0.1875,0.6194727708586454,0.17143234400939558,0.2090948851319589,0.015417491605867702,0.01162645815949524,0.012789878834055224
0.375,0.530399698202822,0.3602940221842092,0.10930627961296886,0.016025955554620205,0.015013966927437294,0.010211041435720556
0.5625,0.3879421086359789,0.5460512158625559,0.06600667550146516,0.015466304928425639,0.01596158755970176,0.007491472618126419
0.75,0.2612980398370824,0.727777785916923,0.010924174245994631,0.013966194126769558,0.014150144778109877,0.0033099147864708457
0.0,0.7402545386123431,0.0,0.2597454613876569,0.01416177280071933,0.0,0.014161772800719332
0.1875,0.4416024688421642,0.1712686113374947,0.38712891982034114,0.01571476580538434,0.011978870272436277,0.015011916780321566
0.375,0.5284721265804515,0.3606766319976801,0.11085124142186831,0.015740498613849963,0.015226172835421032,0.01017135827920422
0.5625,0.41095634494756395,0.544643896151252,0.044399758901184014,0.016027534971620745,0.015947258117995463,0.006533432574734467
0.75,0.26068568088540234,0.7283768923172667,0.010937426797330986,0.013790124335294815,0.014082283994543993,0.003389004483257136
0.0,0.7402422961966116,0.0,0.2597577038033883,0.013939632445599957,0.0,0.013939632445599955
0.1875,0.6423783055933147,0.17248566788872666,0.1851360265179587,0.01544112491236074,0.01154464345647203,0.012599888626167162
0.375,0.4986879636022442,0.36032538157403193,0.14098665482372386,0.015899883010441505,0.015496358410767923,0.010975444834876115
0.5625,0.3864653341982333,0.5477406177934147,0.06579404800835192,0.01508399048523292,0.014964984935804953,0.007979092461263831
0.75,0.2609058636469689,0.728262284894693,0.0108318514583381,0.01376749794095468,0.013942682837631804,0.00327821222709583
0.0,0.7399814272999863,0.0,0.2600185727000137,0.014374802294960165,0.0,0.014374802294960165
0.1875,0.6420866129888454,0.17329595943689868,0.184617427574256,0.015593381147288999,0.012173451876943405,0.012150873662323581
0.375,0.5301571725039129,0.3596073464526256,0.11023548104346145,0.01652711889735621,0.015796942908751478,0.010042520892573018
0.5625,0.40390753044214217,0.5443025248975064,0.051789944660351424,0.01586615260666446,0.015802752593870067,0.006938411660778167
0.75,0.2606518855245789,0.727703992629524,0.011644121845897073,0.014015018333777435,0.014173181901326026,0.003299479154405706
0.0,0.7399762567901175,0.0,0.26002374320988253,0.014081355162510427,0.0,0.014081355162510429
0.1875,0.6404134898138605,0.17331434601053083,0.18627216417560874,0.014673477682415295,0.011529953606821332,0.012244146861154449
0.375,0.5257407315033281,0.35904275846003936,0.11521651003663258,0.016214963374733153,0.01560934905289465,0.009975719208625373
0.5625,0.38441055522607553,0.5486671159468095,0.06692232882711498,0.015540241348193576,0.016199069205782596,0.00761098760656824
0.75,0.25935825717261785,0.7279977066645672,0.01264403616281488,0.013581106955460625,0.013917324140987595,0.003488622737477584
0.0,0.7398407529293264,0.0,0.26015924707067356,0.013887149823399818,0.0,0.01388714982339982
0.1875,0.6430456042600511,0.1734963765299275,0.18345801921002142,0.014375883969680703,0.011794064012257932,0.01179776670491607
0.375,0.5287934482769592,0.36010323323317445,0.11110331848986629,0.015385946911931497,0.015010928158608097,0.009742019563908268
0.5625,0.4098786641171241,0.5450036078990772,0.04511772798379866,0.015158411555679588,0.015705347164564464,0.0067298054913444245
0.75,0.2599438233756857,0.7269643818356214,0.013091794788692742,0.013981084646348136,0.014193616472729025,0.0035101412132014
0.0,0.7404006357679741,9.940357852882703e-07,0.2595983701962406,0.01424636151428031,3.141845055522686e-05,0.014249181108871349
0.1875,0.6412294111323638,0.17311273541402386,0.18565785345361238,0.0143014467268529,0.0116004029787777,0.012281676312311801
0.375,0.5267568260073249,0.3584542141394948,0.11478895985318016,0.015642183477707454,0.01480102713355234,0.010419413370215071
0.5625,0.41088432581205975,0.5447913250362932,0.04432434915164703,0.01558624510571817,0.01562525288950053,0.006515539969224186
0.75,0.2701330660235415,0.727561897711515,0.002305036264943434,0.014097904909346183,0.014133236721825742,0.0015187330826649094
0.0,0.7405352448360295,0.0,0.2594647551639705,0.013626315999506044,0.0,0.013626315999506044
0.1875,0.6426749678615872,0.17340013085763217,0.1839249012807805,0.015008651548097532,0.012079384727958414,0.011964888926836087
0.375,0.5262778134235497,0.359669420948243,0.11405276562820714,0.01567422537900093,0.015166401820635939,0.009789399273332638
0.5625,0.41137505074177033,0.5458329750994146,0.04279197415881514,0.015798227690365672,0.016250670618443114,0.00645757858120674
0.75,0.2616626542951499,0.7273266109208375,0.011010734784012464,0.014056880280628488,0.01421026289232211,0.003284348901591981
0.0,0.740218062138119,0.0,0.2597819378618809,0.013740552750742593,0.0,0.013740552750742594
0.1875,0.6408249964591138,0.1732182490994849,0.18595675444140114,0.01484940647674541,0.011930608533076831,0.012106680764921024
0.375,0.5268515846738254,0.3606673742484257,0.11248104107774887,0.01597899664183765,0.015762746775200148,0.010237049535476914
0.5625,0.4114901938281206,0.5447985430254668,0.04371126314641249,0.015485356802570004,0.015745078521177572,0.006286004923493239
0.75,0.271201253029268,0.7272605530373126,0.0015381939334193596,0.014120240308387834,0.014137526905388895,0.001264293556355875
0.0,0.7396559843976795,0.0,0.2603440156023205,0.014038817689370006,0.0,0.014038817689370006
0.1875,0.6392030728448255,0.17330242282003888,0.18749450433513568,0.014890963235906234,0.011635766151843719,0.012321097796213666
0.375,0.5297933807010528,0.35786517255530326,0.11234144674364387,0.015827683483153603,0.01522188163447853,0.009584584009440043
0.5625,0.40143719393804844,0.5458107128302702,0.0527520932316814,0.015748663523783013,0.01629716486233351,0.006717369247044276
0.75,0.2716375900782875,0.7262334489618609,0.0021289609598515095,0.014119348944530914,0.014136912073591383,0.0014836675765928287
0.0,0.739824485779114,0.0,0.260175514220886,0.013821911804400311,0.0,0.013821911804400311
0.1875,0.6432763144178425,0.17328373643502748,0.18343994914713002,0.01523035011279672,0.011278323532979228,0.012136323866270074
0.375,0.49898869805545054,0.36058379025732235,0.1404275116872271,0.015434745321979786,0.01468003337831715,0.01047952784645174
0.5625,0.40511099924417815,0.545276913898948,0.049612086856873884,0.014795200756334297,0.01519610856544426,0.006964149813614221
0.75,0.27099925873375846,0.7275809933618709,0.0014197479043706798,0.014193395498387988,0.01425088062388872,0.0012034180565036441
0.0,0.5551828857032429,0.0,0.44481711429675697,0.015285240347627524,0.0,0.015285240347627523
0.1875,0.6404870503338288,0.17346365093228144,0.18604929873388967,0.014930376234257362,0.011867775362018603,0.012220964096226103
0.375,0.5276824977239828,0.36029719725967085,0.11202030501634641,0.015718371738996217,0.015071919362906083,0.009669571777169686
0.5625,0.38426264015765405,0.5467483129934096,0.06898904684893623,0.01521180253113731,0.015334195887457507,0.007820156486770282
0.75,0.2606505188736366,0.7283346707901159,0.011014810336247328,0.01394020822307015,0.014119830947547589,0.0032308556784332097
0.0,0.7405330541292622,0.0,0.2594669458707377,0.013834218467385407,0.0,0.013834218467385404
0.1875,0.638698086779915,0.17297005262474074,0.18833186059534426,0.014843039873766619,0.012180604678522765,0.012027657693587124
0.375,0.5325494337325698,0.35927263540964827,0.10817793085778195,0.015771557455456983,0.015070769495297912,0.009640417622116445
0.5625,0.38692850058778644,0.5475648794814121,0.06550661993080144,0.015542682318024621,0.01581885828950574,0.00774562759401801
0.75,0.25946427791054555,0.7291679488606678,0.011367773228786699,0.013680060677422619,0.013903949960889252,0.003478662375133739
0.0,0.7404009235146602,0.0,0.25959907648533975,0.014170549229453117,0.0,0.014170549229453122
0.1875,0.6398470849546594,0.1735370864967188,0.18661582854862174,0.014767699643389578,0.011600689306399974,0.011859574311919216
0.375,0.5325791655976428,0.35851615805310305,0.10890467634925415,0.015323265923859151,0.015043536628170154,0.009709809216943633
0.5625,0.38726106888585715,0.5470802319127533,0.06565869920138948,0.014964270626250104,0.015457419641858877,0.00804961063185979
0.75,0.26096598103754864,0.7279976461144497,0.011036372848001541,0.013485819643571734,0.01362600869144724,0.0032078222440608877
0.0,0.7402798801001056,0.0,0.25972011989989435,0.01438440949648106,0.0,0.014384409496481057
0.1875,0.6426567336739197,0.1734764221648813,0.18386684416119906,0.015695916426866557,0.011732079065598044,0.012612635934407805
0.375,0.3166967950463061,0.35919394208821376,0.32410926286548014,0.015253576556814013,0.015655197658955868,0.014980364638234258
0.5625,0.3876149821849335,0.5474332751465604,0.06495174266850612,0.015572192801689035,0.016183920883232405,0.007679803594725151
0.75,0.2603502562538348,0.72799842409287,0.011651319653295125,0.01358910613986239,0.013731730640074756,0.0032980503497683582
0.0,0.7401159884982601,0.0,0.25988401150173995,0.014008612846553579,0.0,0.014008612846553577
0.1875,0.6431038337056186,0.17305939175601662,0.18383677453836467,0.014898622652071905,0.011732382677569236,0.01212692960683619
0.375,0.496925683491857,0.3588842393178414,0.14419007719030152,0.015570678775736388,0.015027677445189475,0.010421457514174153
0.5625,0.4131905249364556,0.544996332012526,0.04181314305101843,0.015585604840320177,0.015772703282933648,0.0062782510750616725
0.75,0.27047069358522835,0.7268301840997012,0.002699122315070308,0.013276168866800487,0.013398889215631097,0.0016531866224811299
0.0,0.7409700128248009,0.0,0.25902998717519893,0.013760433558470763,0.0,0.013760433558470765
0.1875,0.6424035054600652,0.1723616637990509,0.18523483074088398,0.014883069613404453,0.011511352748970858,0.012088346411782983
0.375,0.5172462830863853,0.36015859953029233,0.12259511738332231,0.015872813778454176,0.015304418975375026,0.010494916464747319
0.5625,0.41062730794162805,0.5465554150330474,0.04281727702532446,0.01562588860338755,0.01574938332739417,0.006535354209695754
0.75,0.26061606792012826,0.727200239114552,0.012183692965319785,0.013991982814220738,0.014346294810421876,0.003456364893704928
0.0,0.7412551298456593,0.0,0.2587448701543406,0.0141688566893984,0.0,0.0141688566893984
0.1875,0.6423986823807039,0.17317353558852935,0.18442778203076687,0.015281147061727455,0.011462851100544834,0.012219020769537771
0.375,0.5287016879102889,0.3588689345277345,0.11242937756197655,0.015955335737518735,0.015041823061281195,0.009827215376957231
0.5625,0.3865781733446743,0.5481658248343929,0.06525600182093273,0.014920620791851025,0.015813471227580284,0.00790090245342749
0.75,0.2705946206601532,0.7261306241765564,0.003274755163290421,0.014149049023282253,0.014337303222045168,0.0018124532998558874
0.0,0.5537711462610154,0.0,0.44622885373898447,0.015896149980605026,0.0,0.015896149980605026
0.1875,0.6391762785297591,0.17292836334239461,0.18789535812784622,0.015270271178525835,0.011710747797131639,0.012201181690766292
0.375,0.532925573187835,0.358732905449963,0.10834152136220195,0.015433068439317086,0.015594000283296343,0.009943362784710204
0.5625,0.3864214518393985,0.5471830969832588,0.06639545117734275,0.01480237758846022,0.015430240688893586,0.007808660196163724
0.75,0.2597669731710005,0.7273325521882967,0.01290047464070271,0.013837298486554118,0.014036902634648586,0.003623404506322359
0.0,0.7397710247493888,1.026694045174538e-06,0.26022794855656606,0.013936708346131213,3.245067891022405e-05,0.01393685678036409
0.1875,0.6390528497503493,0.173009209471791,0.1879379407778597,0.01574135493107319,0.012150708745442669,0.01243362805347205
0.375,0.5254240152367168,0.3597242801392973,0.1148517046239859,0.014816242842270115,0.014660109110023661,0.010217339913715415
0.5625,0.3883383585830535,0.5465481153984276,0.06511352601851877,0.015824590672161697,0.016203901006286037,0.0076994801097739155
0.75,0.2602889316332984,0.7272896007509965,0.01242146761570519,0.01385946239172627,0.014112477917144055,0.0034373416334222634
0.0,0.7398188075886601,0.0,0.2601811924113398,0.01358680938631391,0.0,0.01358680938631391
0.1875,0.6390906211764343,0.1729583798821389,0.1879509989414267,0.015463069253783136,0.011852159716910992,0.012364409402582979
0.375,0.4982557921240776,0.360103931216655,0.1416402766592673,0.015555282792845002,0.014800035006390622,0.01118254805760446
0.5625,0.4104029405049858,0.5463899206630882,0.04320713883192589,0.0155266577641346,0.01594000031368065,0.0065235217929632125
0.75,0.2716508153387847,0.7269667856414913,0.0013823990197239222,0.013592547237162703,0.013622566781702114,0.001133624342776483
0.0,0.7401222110927601,0.0,0.25987778890723984,0.013918382168133445,0.0,0.013918382168133445
0.1875,0.6382792109955644,0.17200046703905947,0.18972032196537608,0.015258049948046208,0.01196793657826535,0.012240539366368182
0.375,0.5275771375289909,0.35777657490662446,0.11464628756438465,0.015291881836829474,0.014478587722976572,0.010056790552829344
0.5625,0.41208748479441726,0.545417859535034,0.042494655670548796,0.0158603195947484,0.016018456315603315,0.0066044587220554915
0.75,0.2613440126682988,0.7264454228843679,0.01221056444733321,0.014185796907894111,0.014520411898242873,0.003499394256714635
0.0,0.7404652953898856,0.0,0.2595347046101143,0.013885329567480226,0.0,0.013885329567480231
0.1875,0.6402027873606394,0.17331152288890547,0.18648568975045512,0.015484719418482305,0.012078352456467744,0.012223169765645322
0.375,0.5278823664311396,0.3587431933528394,0.1133744402160209,0.015810383790843447,0.015203989560072491,0.010200736434506754
0.5625,0.39659947795978695,0.5457082336502439,0.057692288389969114,0.015121088208752928,0.015401273719007432,0.007500084179594516
0.75,0.261738601653744,0.7273608992611069,0.010900499085148946,0.013574349458227808,0.014021602281746115,0.0033905775681072102
0.0,0.7398015268512624,0.0,0.26019847314873756,0.01383409101861992,0.0,0.013834091018619921
0.1875,0.639788604242916,0.17251872650357591,0.1876926692535081,0.015503431156919451,0.01274471656945131,0.01242901959333448
0.375,0.5293925415984011,0.3605671388960643,0.11004031950553465,0.015589136035157289,0.014639499468213838,0.009691523278616661
0.5625,0.38776885671733136,0.546541541026525,0.0656896022561436,0.015239135054216299,0.016035507616912293,0.007841638548087471
0.75,0.2609391709688399,0.7280343811301039,0.01102644790105625,0.013778773605498451,0.014317922710331643,0.003357329407606543
0.0,0.5534257735240081,0.0,0.4465742264759919,0.015341547177852513,0.0,0.01534154717785251
0.1875,0.6202277486420592,0.1709678228864803,0.20880442847146055,0.015762696409919924,0.01188961963733321,0.013512783423282401
0.375,0.5332711203001715,0.3592635818178335,0.10746529788199485,0.0157206942293397,0.015065571527081574,0.00986564752801776
0.5625,0.40693877655560756,0.5457352349657685,0.04732598847862399,0.016074470334558,0.016130915713721126,0.006506052083163733
0.75,0.2602883033335271,0.7287276374931081,0.01098405917336486,0.01363612312716145,0.013863496460611772,0.003325058535506351
0.0,0.7402372711955345,0.0,0.2597627288044655,0.01425689055687604,0.0,0.014256890556876041
0.1875,0.6396932167674175,0.17253506283843179,0.1877717203941507,0.015227368808795695,0.012096893809103776,0.012226359627398806
0.375,0.5312294746299406,0.3597789121742813,0.10899161319577796,0.01623872722726454,0.015517877064979566,0.010178852020451115
0.5625,0.40595726535124643,0.5456927680868581,0.048349966561895455,0.015726069438170818,0.015520681542790463,0.006792494442999465
0.75,0.27213871652831584,0.7267936716558818,0.0010676118158023979,0.013261664502240422,0.013260951268564873,0.0010608693512774037
0.0,0.554015379260869,0.0,0.44598462073913103,0.015595314258163353,0.0,0.015595314258163349
0.1875,0.6401197626331525,0.17308193371927427,0.18679830364757313,0.015212715455190451,0.01166719846078672,0.012305190990989229
0.375,0.5254702376622604,0.3599162402006985,0.11461352213704105,0.016060452865012318,0.015798140001299026,0.009350912393162273
0.5625,0.38747238483832486,0.5476188777544785,0.06490873740719669,0.015480499475928439,0.015883500914039037,0.007684208415057196
0.75,0.2606849244956214,0.728261263776792,0.011053811727586474,0.013447820476501164,0.013653895398180724,0.003291609380901205
0.0,0.5535430579508906,0.0,0.44645694204910935,0.015329153313030135,0.0,0.015329153313030133
0.1875,0.6423967296072058,0.1720339025349005,0.18556936785789366,0.014575430565611171,0.011958325597713572,0.011979085525216716
0.375,0.5293660736813044,0.3599223008511248,0.11071162546757068,0.01617724632905874,0.015767465106790227,0.009781651908677512
0.5625,0.4096329158033004,0.5468151634142023,0.043551920782497346,0.015356318236092502,0.015455260894281453,0.00659493662619402
0.75,0.26084318669753853,0.7280744606873595,0.01108235261510191,0.014151972929181276,0.014356305162432073,0.0033277541351303306
0.0,0.7400941578139859,0.0,0.2599058421860141,0.013486986706898109,0.0,0.013486986706898109
0.1875,0.6414321780299492,0.17301906138539988,0.18554876058465078,0.015114417523221743,0.0117959991853754,0.012536790373198072
0.375,0.5256909386515096,0.358980780091621,0.11532828125686932,0.01566350255600975,0.014925204919505091,0.009670071309357299
0.5625,0.38709128102190826,0.5478100150416274,0.06509870393646434,0.0158807731233242,0.01601028955113889,0.007835198646690782
0.75,0.2609496835445726,0.728231541667131,0.010818774788296385,0.013684743037687122,0.013678141498448893,0.003240980231684992
0.0,0.7404762947926542,0.0,0.25952370520734563,0.013890727808214648,0.0,0.01389072780821465
0.1875,0.6394556071348921,0.1721068055413769,0.18843758732373095,0.015302378603158343,0.012098529764752564,0.012358229733258418
0.375,0.5276477708490417,0.36046642491985126,0.1118858042311071,0.01563164503562867,0.015633215536689896,0.01004530411990017
0.5625,0.3873352395634911,0.5472430320977926,0.06542172833871625,0.015097076188841619,0.015573380489035317,0.008101313472092687
0.75,0.2606573541662914,0.728467751569356,0.010874894264352558,0.01320891428175919,0.013351119397700605,0.003334149703766777
0.0,0.7400617642058328,0.0,0.2599382357941672,0.014090077524632934,0.0,0.014090077524632937
0.1875,0.6411995645718,0.1734543832438299,0.18534605218437017,0.015356913432796066,0.012355964784414645,0.01221502371041524
0.375,0.5322165688444547,0.35911089222805953,0.10867253892748589,0.015463047614689867,0.015041296290630167,0.009705314294638645
0.5625,0.4041368047680823,0.545370586248319,0.05049260898359869,0.014956867879521189,0.015697262989261582,0.006884646407947205
0.75,0.2608966000529531,0.7278396688325186,0.011263731114528228,0.013800240926967989,0.014026355383763647,0.003333853215574657
0.0,0.740105468861982,0.0,0.25989453113801797,0.013675227625122703,0.0,0.013675227625122707
0.1875,0.6400141114053708,0.17358434278326695,0.18640154581136223,0.015430725512737893,0.012151757834761662,0.012510173585560303
0.375,0.5270219109679665,0.3590395559365571,0.1139385330954764,0.01585213166484581,0.015283772464630859,0.01015718435792863
0.5625,0.4101803217727761,0.546004348792468,0.04381532943475604,0.015762704057952614,0.01577291422945099,0.006431443374094952
0.75,0.26039952965212015,0.7285241508808635,0.01107631946701619,0.01432274207717031,0.01444362513646982,0.003341120467174056
0.0,0.7405611139077378,0.0,0.2594388860922621,0.01379484283834337,0.0,0.013794842838343372
0.1875,0.6427838760662575,0.1731735813208047,0.18404254261293762,0.014838230185988645,0.011989905830763977,0.011701291009014635
0.375,0.5267714645461644,0.3599784285522575,0.11325010690157797,0.015933334237374523,0.015027058668380288,0.0099034693445291
0.5625,0.40261995609182877,0.545429133911527,0.051950909996644076,0.015264121378603753,0.015652821591073486,0.00711241203099284
0.75,0.26150484122611545,0.7275196696364141,0.010975489137470333,0.014139042912248916,0.014282624217743066,0.003348310430525075
0.0,0.7399804204861495,0.0,0.26001957951385035,0.014235832697484609,0.0,0.014235832697484614
0.1875,0.6433395583658061,0.17249861761077095,0.18416182402342293,0.01535130353215874,0.01203963619718898,0.012739162076499319
0.375,0.5308382239955683,0.3597416677548838,0.10942010824954787,0.01586312586017861,0.015167479478510645,0.009742734716085066
0.5625,0.4104578229705952,0.5456471278968168,0.043895049132587974,0.015210918968577172,0.015754778400151048,0.006541335898834258
0.75,0.26034457266967764,0.728585317149449,0.011070110180873326,0.013910935581085936,0.014058739896940455,0.0034159624800225033
0.0,0.740294361754527,0.0,0.2597056382454731,0.013866000524512024,0.0,0.013866000524512024
0.1875,0.6380739793282839,0.17223432423053506,0.18969169644118103,0.015469788731970763,0.012008709425148922,0.01219833026540331
0.375,0.5273937753060274,0.35973909594635245,0.11286712874762016,0.015628465033501553,0.01534909176018127,0.010050861313481806
0.5625,0.4138311969729657,0.5447561482604735,0.041412654766560905,0.01586830099896417,0.015997188346888097,0.006389455603371514
0.75,0.2611255783657854,0.7273020137027135,0.011572407931500944,0.014132187799546607,0.014277760705686435,0.0034243016343544395
0.0,0.7405862066523342,0.0,0.25941379334766573,0.013599846785626124,0.0,0.013599846785626125
0.1875,0.6356194586097559,0.17125155793237826,0.19312898345786583,0.015721455000528774,0.011677172931451908,0.012683715546452255
0.375,0.5281240980297246,0.3604378749805646,0.11143802698971078,0.016319158626149563,0.015124127661862753,0.010187471450768995
0.5625,0.38799982436694946,0.5459759454967343,0.06602423013631625,0.015056911762344562,0.015016896223635029,0.007956399296564406
0.75,0.26018795122057886,0.7288909436167814,0.010921105162639723,0.013760725834276682,0.0137269864537372,0.0032874881733087145
0.0,0.7405158757926702,0.0,0.2594841242073298,0.014217735536898915,0.0,0.014217735536898915
0.1875,0.6420543891019902,0.17328111937831467,0.18466449151969508,0.014896510733729128,0.011744899422917031,0.012532730930385979
0.375,0.5330335955485628,0.35935981855362875,0.10760658589780851,0.015930447639199916,0.015284389276404407,0.009876827922518497
0.5625,0.38583374405437554,0.5474068749456937,0.06675938099993077,0.015105941168054977,0.01580574767772449,0.007611786353413839
0.75,0.2613000303919299,0.7275765937778742,0.011123375830195861,0.013957594352431232,0.014195796393321646,0.00331673107919999
0.0,0.7400836022018112,0.0,0.25991639779818876,0.013876430230978157,0.0,0.013876430230978155
0.1875,0.637770580253997,0.1724766334050668,0.18975278634093626,0.015001757875087927,0.011844469088971977,0.012723531021941466
0.375,0.5295156963786029,0.3591716251508724,0.11131267847052476,0.01563996677656852,0.014899634309523518,0.0101634205347011
0.5625,0.38722844891022007,0.5473626010992252,0.06540894999055465,0.014882300632447953,0.01535694051864063,0.007748807825412243
0.75,0.2715947172065798,0.7270913172243862,0.0013139655690339537,0.014142806583280423,0.014145906702456468,0.0011412122087964788
0.0,0.7401231756206418,0.0,0.2598768243793583,0.014132032294914512,0.0,0.014132032294914516
0.1875,0.6434973598443107,0.1725824462729098,0.18392019388277947,0.01547486234211901,0.011786125687813214,0.013024451320732709
0.375,0.5283850497652854,0.36057635485897266,0.11103859537574184,0.01555413090939492,0.015019004994085091,0.009958979250228692
0.5625,0.39310433473080175,0.5453103189249615,0.06158534634423672,0.014919528258045356,0.01521077366385346,0.0073987324521754775
0.75,0.2609744906770148,0.7281864748229799,0.010839034500005259,0.014005650771357079,0.014239236783672301,0.0033345405847930183
0.0,0.7404281938411293,0.0,0.2595718061588706,0.013837058696028137,0.0,0.013837058696028139
0.1875,0.6425385618031904,0.17283731640166922,0.18462412179514043,0.014777457442505899,0.01163087815196789,0.012112870040306109
0.375,0.5298037099538417,0.35905448106357596,0.1111418089825824,0.015711647233411674,0.014930004090304207,0.009848741267854658
0.5625,0.3858044059594006,0.5483015718898414,0.06589402215075811,0.016130617818286126,0.016848163519967783,0.007640963064164585
0.75,0.2595620417953607,0.7288578354465574,0.011580122758081946,0.014639680068150345,0.014833647542325848,0.003375133015065801
0.0,0.7400627777478708,0.0,0.2599372222521293,0.013312404368578274,0.0,0.013312404368578274
0.1875,0.64005148234736,0.17219659338289153,0.18775192426974857,0.015089725113862869,0.012244851766979299,0.012506161050907866
0.375,0.5304838600353963,0.3585020788893732,0.11101406107523064,0.01575850360752655,0.015502099658282616,0.009683563273372487
0.5625,0.4096740339235122,0.5461729603673613,0.04415300570912652,0.016061499671067746,0.01595282084835491,0.00678430482495663
0.75,0.2629813482290585,0.7254839317754641,0.0115347199954774,0.013761148335934927,0.013811682816831037,0.0033496936809598097
0.0,0.7405138986231807,0.0,0.2594861013768192,0.013615754008239295,0.0,0.013615754008239297
0.1875,0.6417178018842853,0.17235760839256484,0.18592458972314982,0.015131159330393468,0.01238451274336355,0.01203551011931027
0.375,0.5280391737543054,0.3603241256730932,0.11163670057260135,0.016230917143174418,0.016046713718527658,0.009978416182874301
0.5625,0.4086736345046934,0.5459093877031157,0.04541697779219088,0.015854527330498285,0.015831134371892173,0.006567492300850747
0.75,0.25940716466606706,0.729471020643894,0.011121814690039018,0.013302352793198165,0.013515995894295306,0.003291427239695664
0.0,0.7403801287121007,0.0,0.25961987128789926,0.013863755639961775,0.0,0.013863755639961775
0.1875,0.6224142501781427,0.170317028593317,0.20726872122854023,0.015371101894196472,0.012008908865854439,0.01264597500755361
0.375,0.5019225894824376,0.3593268540091775,0.13875055650838491,0.016189634326754195,0.015863547772838067,0.010827615526392036
0.5625,0.3830394117409706,0.5472552466837073,0.06970534157532214,0.01494705798762241,0.015382086334702116,0.008075847699443275
0.75,0.2711239614357341,0.7271633832408456,0.0017126553234202801,0.013802375276441356,0.01377535525799465,0.0012793094858827118
0.0,0.7406519856779958,0.0,0.2593480143220041,0.014132172302685736,0.0,0.014132172302685738
0.1875,0.6336894543155811,0.1712143983680787,0.1950961473163402,0.015195445140540956,0.012120301303568257,0.012228916653594926
0.375,0.5271321838381532,0.3595636429639803,0.11330417319786647,0.016551316500888917,0.015843411874619504,0.009913078348037488
0.5625,0.3852296080419924,0.5487076670100236,0.066062724947984,0.0153049540005849,0.016091635033205067,0.008065978829951952
0.75,0.26092579533945687,0.7281137054794459,0.010960499181097223,0.014361515667892908,0.014663353032793052,0.003312857964541556
0.0,0.7401790872322631,0.0,0.25982091276773694,0.013354301720677173,0.0,0.013354301720677171
0.1875,0.6349118145936375,0.17333384902767818,0.19175433637868416,0.015357845666135952,0.011980037786179738,0.01282649500409096
0.375,0.5134951014602275,0.35867196159012543,0.12783293694964717,0.015145368104103695,0.014746990656729382,0.010268926329987401
0.5625,0.38663746517445224,0.547720198347446,0.06564233647810164,0.015259661220799154,0.015882321288097388,0.007827537821437223
0.75,0.26047724210387535,0.7282669016267811,0.011255856269343566,0.013803033909315306,0.014002291039774566,0.003378588678424113
0.0,0.7406423341822735,0.0,0.25935766581772646,0.01338692863014889,0.0,0.013386928630148892
0.1875,0.6407979896690917,0.17279131889565622,0.18641069143525207,0.015060935360002898,0.011874024659611534,0.012034690369025795
0.375,0.5314755195926455,0.35870816202397693,0.10981631838337766,0.015485886154204275,0.014265005214510748,0.009576473251297566
0.5625,0.4048550402980131,0.5458321224436343,0.049312837258352525,0.01573274063275131,0.016100043450476217,0.006764282163669358
0.75,0.27220415463169834,0.7265872132188237,0.0012086321494779544,0.014608199154170711,0.014626309826006647,0.001102839349705701
0.0,0.7398812257033265,0.0,0.26011877429667357,0.013523056196628101,0.0,0.013523056196628098
0.1875,0.6390009509190401,0.17265734050497708,0.18834170857598287,0.014705236308331548,0.011958725860310626,0.01215968819289969
0.375,0.5256318253770658,0.35992136691510995,0.11444680770782431,0.015932286440521914,0.014793335599773971,0.010007864984330091
0.5625,0.4094762519941677,0.5462920922935902,0.04423165571224201,0.015212171784887655,0.015547876905092987,0.0063950375364165
0.75,0.26543774794474284,0.7281885356528517,0.006373716402405388,0.014663335282282417,0.014656963505500295,0.002556611814962743
0.0,0.7404813264111837,0.0,0.25951867358881636,0.01382975291465815,0.0,0.013829752914658149
0.1875,0.6279067451633634,0.1708037460816742,0.20128950875496235,0.01549110336717012,0.011905310826172948,0.013104885440476772
0.375,0.5176258935621884,0.3598437667722495,0.12253033966556208,0.015884949259058014,0.014973966067032836,0.010261764446711704
0.5625,0.38653838113706446,0.5477235012579345,0.06573811760500109,0.015368638215003727,0.015570649455760165,0.007909770675871796
0.75,0.270617786305713,0.7278028832743282,0.001579330419958811,0.014335987412161988,0.014396755685953345,0.001244481173012543
0.0,0.7407746496265369,0.0,0.25922535037346295,0.01333573300575357,0.0,0.01333573300575357
0.1875,0.6405791776977999,0.17219339364088074,0.1872274286613193,0.015313835861668807,0.011783107613254047,0.012727049139757005
0.375,0.5062552440862579,0.35887965576008424,0.13486510015365785,0.016029325537939756,0.01526009886137753,0.01079858831643557
0.5625,0.38530028945641615,0.5466057845611174,0.06809392598246664,0.015396223792382948,0.015839877946782707,0.007984541694683354
0.75,0.2605879095573961,0.7277275438643919,0.011684546578212067,0.013616955538966151,0.013806739022155637,0.0033723675791440867
fixed rate,success rate,failure rate,error rate,success std,failure std,error std
0.0,0.7400978714262474,0.0,0.25990212857375267,0.014027462743419613,0.0,0.014027462743419613
0.1875,0.6394698008947212,0.17253919606853724,0.1879910030367416,0.0148085069387175,0.011794519132782393,0.012247645016706676
0.375,0.5037043384421017,0.3589949751047974,0.13730068645310092,0.015769004956531087,0.014839324192932435,0.011031842069664866
0.5625,0.3928352359167371,0.5450543590740954,0.06211040500916754,0.015514313335644795,0.01591687910888415,0.007630479843678219
0.75,0.2605361965392993,0.7285310980790628,0.010932705381637934,0.013821418767007097,0.014126861826325146,0.003357226019846242
0.0,0.7403704544430457,0.0,0.25962954555695433,0.013759323475245082,0.0,0.013759323475245082
0.1875,0.6398460159872494,0.1741017394035726,0.186052244609178,0.015333097643573197,0.011732724993449474,0.012290394759382992
0.375,0.5290123136740309,0.35952651376139455,0.11146117256457448,0.015428074008244818,0.014885365843915968,0.009931397128041091
0.5625,0.3868668421640056,0.547724662965518,0.06540849487047637,0.014878850524289947,0.015269010514960973,0.007821778653437732
0.75,0.2610248162828048,0.7264872897001504,0.012487894017044796,0.013847922217645933,0.014055014197541495,0.003508509223808652
0.0,0.7402106871174577,0.0,0.2597893128825422,0.01408346019688226,0.0,0.014083460196882254
0.1875,0.6342908397769766,0.1718061901455726,0.19390297007745064,0.015192463640100656,0.012071901867077137,0.012450930754370463
0.375,0.5332115755770978,0.35818864432733016,0.1085997800955721,0.01613876134599465,0.015406037232206182,0.01020442708936104
0.5625,0.40732242405839886,0.5451717558769535,0.04750582006464774,0.015321443322307173,0.015747244451171562,0.006655843845030129
0.75,0.25995893612743554,0.7290635813190759,0.010977482553488698,0.014052479602495734,0.014279932425507121,0.0033156280118845495
0.0,0.7397483277878447,0.0,0.2602516722121553,0.014029100454045465,0.0,0.014029100454045467
0.1875,0.6355398458288201,0.17261090054529632,0.1918492536258836,0.015312601605845235,0.012068006806350591,0.012639609680436164
0.375,0.5282496976408861,0.35956260186847416,0.11218770049063967,0.01598998792652918,0.015312830962963021,0.009824800502433888
0.5625,0.41093668618079937,0.5451862197433038,0.04387709407589675,0.014955884658925998,0.015632261347290136,0.006582785041472331
0.75,0.2599751569094217,0.7278820333281003,0.012142809762477957,0.013695349286288508,0.013993834287996132,0.0034873862317268086
0.0,0.7403798620954085,0.0,0.2596201379045914,0.013643687144590123,0.0,0.013643687144590124
0.1875,0.6423001282476366,0.17330151076705153,0.1843983609853118,0.01498212852380387,0.01219834394481253,0.012160857562163042
0.375,0.5328424513615402,0.35987840228339746,0.10727914635506232,0.016005190374233324,0.015102493362263813,0.009440903004658996
0.5625,0.3866298276944759,0.548161409922179,0.06520876238334507,0.015416030684437022,0.015522170433167413,0.0077653939473161255
0.75,0.25994584054659103,0.728941572996288,0.011112586457120849,0.01410629130796587,0.014206290701965295,0.003355347653872147
0.0,0.7403681509307999,1.01010101010101e-06,0.2596308389681901,0.013409622367890402,3.1926223493493154e-05,0.013409815250530555
0.1875,0.6394716666484858,0.1721696150120664,0.18835871833944778,0.014851815972364084,0.011966645922638415,0.012079154281546987
0.375,0.5249788847264459,0.36024362356928336,0.11477749170427078,0.015788064229181508,0.014956192486235425,0.010035341772867648
0.5625,0.3859109471148232,0.5483727654200927,0.06571628746508407,0.014453754228530966,0.015004372539677437,0.008029131834815528
0.75,0.2607530533867806,0.7278894010441445,0.011357545569074798,0.013392007063810609,0.013522883421373288,0.0033985794143606644
0.0,0.7401974740421303,0.0,0.2598025259578697,0.01388806405461594,0.0,0.013888064054615942
0.1875,0.6406049348883719,0.17323392532981063,0.18616113978181745,0.015094599194970163,0.012247881596569319,0.012869475537443567
0.375,0.5286890820899227,0.3598841382758854,0.11142677963419184,0.015797049731469958,0.014759719147544955,0.009755575590386317
0.5625,0.41355995650154365,0.5446879417681835,0.04175210173027283,0.015683079494390843,0.01581318933183915,0.006340334608297519
0.75,0.26835152736943885,0.7278340898936183,0.0038143827369428287,0.0140806495174148,0.014136024609972144,0.0019454090430686072
0.0,0.7404182578116427,0.0,0.2595817421883572,0.013583466786812161,0.0,0.013583466786812161
0.1875,0.6428115872377798,0.17344025152845635,0.18374816123376372,0.015362053641673395,0.011686878185920272,0.012282008831178198
0.375,0.5028502449465543,0.3583758068332865,0.13877394822015912,0.015932433214841227,0.015010796416004642,0.01063083919562322
0.5625,0.38714483037572955,0.5472783265412036,0.06557684308306679,0.015622978562420571,0.015610316097044101,0.007820273944267877
0.75,0.27156291158212287,0.7264636110170586,0.0019734774008184678,0.013921833013765199,0.01393236775563299,0.00139605025114005
0.0,0.7400127356269071,9.99000999000999e-07,0.25998626537209385,0.014229540174438799,3.1575385872685525e-05,0.01423099519417215
0.1875,0.6414707980060257,0.1747961046118657,0.1837330973821087,0.0159193725842175,0.012622537668502538,0.012663954297348836
0.375,0.5301849923457118,0.3594645629941489,0.11035044466013917,0.016034372081787773,0.015781359638212773,0.009789915822935218
0.5625,0.4031979905106907,0.5458515199677046,0.05095048952160455,0.016208324758565724,0.01652286586615297,0.007053819910186174
0.75,0.25998490427249726,0.7289013053217402,0.011113790405762575,0.013980872683671043,0.014212230552950773,0.003155905121041809
0.0,0.7401147620469294,0.0,0.2598852379530706,0.014169359532183984,0.0,0.014169359532183982
0.1875,0.6386802486552692,0.17186069517376337,0.18945905617096737,0.015456351128184928,0.012680684554644226,0.012544431422210647
0.375,0.5273426885822539,0.3605838707028014,0.11207344071494466,0.01591861637537098,0.015499111529459519,0.00964870904621114
0.5625,0.3864229804073746,0.5482473951985357,0.0653296243940896,0.01490727152843972,0.015373045182459926,0.00774603912969649
0.75,0.26017104140006336,0.7289436685613947,0.010885290038541866,0.013776310543010494,0.013939868011718894,0.00326070883664237
0.0,0.7404027137292524,0.0,0.25959728627074774,0.013982411565471264,0.0,0.013982411565471262
0.1875,0.6411082580982355,0.17345512794587703,0.1854366139558876,0.014781835948014159,0.011614348779615414,0.011983655839156834
0.375,0.527705340564869,0.3598483948006893,0.11244626463444175,0.015441354982621044,0.014906062706846312,0.009737631266942777
0.5625,0.4043077667318878,0.5449488938097443,0.050743339458367856,0.016322121105883384,0.016232228022979696,0.006933609772737204
0.75,0.22073599081440148,0.7314145090898871,0.04784950009571139,0.013178638972987359,0.014004515414248091,0.006769989528269642
0.0,0.7403515038136531,0.0,0.2596484961863469,0.014067094993310091,0.0,0.014067094993310093
0.1875,0.6397129369499194,0.1723975704512523,0.1878894925988282,0.01487331600758151,0.011949772585051302,0.012215345215199035
0.375,0.5297445501889018,0.3594199132811891,0.11083553652990924,0.015081041672397141,0.014831837689423921,0.010218540890387528
0.5625,0.41210176494237283,0.5448266845369747,0.043071550520652445,0.015862336312366304,0.015870704798310188,0.006187548476728131
0.75,0.2600751106182873,0.7291561802086589,0.010768709173053682,0.013687562254041807,0.013826153563747695,0.0032894295966740122
0.0,0.7406750919763334,0.0,0.2593249080236666,0.013638387149145675,0.0,0.013638387149145679
0.1875,0.6395255790783834,0.1725471477406487,0.18792727318096802,0.01511198595261117,0.011982161004417936,0.012253836056243434
0.375,0.5313070767425199,0.36082210136324805,0.1078708218942322,0.016016345358941086,0.0158843707776078,0.009477874259414053
0.5625,0.4058593157868482,0.5451815927106339,0.048959091502517864,0.01570105169106264,0.015778608339537623,0.0066886288441978725
0.75,0.2605943091384727,0.7283648143704519,0.011040876491075411,0.0135835401072934,0.013601355527478322,0.003346443019055011
0.0,0.7404311644449508,0.0,0.2595688355550492,0.013989666499245506,0.0,0.013989666499245509
0.1875,0.64332624810643,0.17289775705825064,0.18377599483531923,0.015189476487521126,0.012257691841503451,0.01268846149689625
0.375,0.5030680319753431,0.3591596947625476,0.13777227326210925,0.015581583376449363,0.015023304747905862,0.01110004881040809
0.5625,0.3871785886373976,0.5464451850316875,0.06637622633091474,0.016376625705737793,0.0166881610988773,0.007926877585734087
0.75,0.26018613052398903,0.7287535742382701,0.011060295237740833,0.0137045472413544,0.01400574357974811,0.003297333341275096
0.0,0.740325570501164,0.0,0.25967442949883607,0.01465008995098212,0.0,0.01465008995098212
0.1875,0.6413477158166584,0.17243197983237274,0.18622030435096898,0.014925666870144329,0.012454975868841292,0.012661349741505623
0.375,0.5277424837467775,0.3599288624920894,0.11232865376113313,0.01592766710127903,0.01518470348678214,0.010538501695152313
0.5625,0.385607973108215,0.5485263343624637,0.06586569252932137,0.01539053177957025,0.01601040636595859,0.007657837713723773
0.75,0.27159231069920914,0.7270521208074336,0.0013555684933572133,0.014162661546296432,0.014256682083655742,0.0011514553204459007
0.0,0.7399609620857652,9.930486593843097e-07,0.26003804486557536,0.014054177549794586,3.1387250505023046e-05,0.01405525519691863
0.1875,0.6213060308098846,0.17055572028388424,0.2081382489062313,0.015192778777802566,0.012152148108474417,0.0128124071730845
0.375,0.5317541888337225,0.3595748141583411,0.10867099700793642,0.015189866094795878,0.015043389778015523,0.009650474503782347
0.5625,0.3862044253742009,0.548608830355247,0.06518674427055214,0.014893372021208084,0.015278619290632503,0.008016168570076768
0.75,0.2594804721040698,0.7288974417917512,0.011622086104178959,0.01390502226912551,0.014086863696865867,0.0035459551506429733
0.0,0.5545414386776436,0.00022066070939923886,0.4452379006129572,0.016340404462218006,0.0004870646578204487,0.01637741302682664
0.1875,0.6258323318630871,0.17105382157602156,0.2031138465608914,0.015385744466107873,0.012012975123504653,0.01234544546274876
0.375,0.503980645788537,0.3597695433651779,0.1362498108462851,0.01571634512543357,0.014808494850228882,0.010428781830832625
0.5625,0.41091680880089554,0.5455091992967361,0.043573991902368436,0.01556301835447331,0.015609679960822529,0.006444026369100463
0.75,0.2607330445213728,0.7283988638207394,0.010868091657887888,0.014157957188080475,0.014423170330587076,0.003248912886267704
0.0,0.7396485200778411,0.0,0.26035147992215885,0.014341911857556972,0.0,0.014341911857556972
0.1875,0.6396581819919659,0.17269596647074728,0.18764585153728677,0.014979482257349422,0.012399474438191957,0.012766466877785414
0.375,0.5269399818036447,0.35922960177769564,0.11383041641865972,0.015939930581122804,0.01569723560051822,0.009859324410079199
0.5625,0.40468584683684816,0.5451378891688536,0.05017626399429821,0.015156472888177596,0.015277573295239202,0.007113344585260773
0.75,0.26122373369084584,0.7276359774848206,0.011140288824333528,0.013876133166774322,0.014121985214412464,0.003218722677074563
0.0,0.7403725765424762,1.0204081632653063e-06,0.2596264030493604,0.013952762615477508,3.225200128424308e-05,0.013953354710145853
0.1875,0.6421834908738266,0.1737383473083532,0.18407816181782022,0.015442227564107432,0.012343232099623465,0.012237142924532138
0.375,0.5304918378393272,0.3597029490467154,0.10980521311395731,0.01606104636344198,0.0150638807771288,0.009929038670670713
0.5625,0.4090596117438315,0.5461991022776582,0.0447412859785103,0.016018418661168696,0.01597537070422044,0.006272252785003832
0.75,0.2725204871483778,0.7258651597599992,0.0016143530916230473,0.014052426464875131,0.01409061310579989,0.0012770528708729895
0.0,0.7402082243336324,0.0,0.25979177566636763,0.013815216996211193,0.0,0.013815216996211195
0.1875,0.6407954505767365,0.17245775293314158,0.18674679649012194,0.014986957467832837,0.01212711763794358,0.012442389112608067
0.375,0.4985952712605494,0.3593896469279588,0.14201508181149172,0.01635207864028815,0.01529338337204772,0.011586397051355817
0.5625,0.3868924445352186,0.5479322737198384,0.06517528174494287,0.01597407546607278,0.016035737570992165,0.0076039797104546355
0.75,0.2712081317592203,0.7272935095784914,0.001498358662288333,0.014094012412814641,0.01410049102584135,0.0012051034643427777
0.0,0.7402523167213908,0.0,0.2597476832786092,0.013748686119927935,0.0,0.013748686119927935
0.1875,0.6427988566361255,0.17325012682156798,0.1839510165423064,0.014970814628840264,0.011541224228340224,0.01202098058554419
0.375,0.526491956898023,0.3592005774632664,0.11430746563871068,0.0162149015847075,0.015268249059022217,0.010311254021262758
0.5625,0.38683224715191794,0.5477330018046889,0.06543475104339322,0.015809401751719947,0.016262432451146544,0.007694919073426418
0.75,0.27014147481631606,0.7266291698965004,0.003229355287183542,0.013920840082368612,0.014027229908966153,0.00176992826115705
0.0,0.7400849089390494,0.0,0.25991509106095056,0.013828402141078246,0.0,0.013828402141078252
0.1875,0.6402260502745014,0.17235925257749293,0.18741469714800574,0.014986613122582362,0.012040919520529398,0.012161979897036629
0.375,0.5284701754374195,0.35869288580582903,0.11283693875675158,0.015512215451923184,0.015341478340657456,0.00974301739045026
0.5625,0.4050203340692926,0.5449660546152517,0.050013611315455744,0.015175669028680538,0.015433469376278933,0.006820654862992395
0.75,0.2710432533841564,0.7269199538406486,0.0020367927751950327,0.013919297623582582,0.013874092513396547,0.0014594488382734545
0.0,0.7399510026325596,0.0,0.2600489973674403,0.013935243871242224,0.0,0.013935243871242224
0.1875,0.6393913069152302,0.17210505076589375,0.18850364231887595,0.015270501525343452,0.011709335495695092,0.012211970270414681
0.375,0.527922934875528,0.36001366095594367,0.1120634041685284,0.015869913843710608,0.014825191540652125,0.010244377838822705
0.5625,0.4056203144072948,0.5438528776272988,0.050526807965406303,0.01595441051213529,0.0160980552161724,0.0068839445464520385
0.75,0.2614532505338499,0.7269131038360099,0.011633645630140226,0.013540709478511537,0.013820724609775134,0.0033514599681677337
0.0,0.7403809681755186,0.0,0.2596190318244814,0.01419637007567851,0.0,0.014196370075678514
0.1875,0.6380737412925217,0.17351309769807152,0.18841316100940675,0.015332133768154977,0.011988936223307425,0.012674498218928503
0.375,0.5302854103293854,0.35937013864244466,0.11034445102816988,0.015881979051231166,0.015281528689228259,0.010203581495203833
0.5625,0.39261857620550844,0.5456256949527797,0.061755728841711814,0.015631691637508712,0.015624680616401715,0.007567632292595566
0.75,0.26113247333341416,0.7278800778888685,0.010987448777717354,0.013868164969760562,0.014005438958122868,0.00332341335870121
0.0,0.740218424296324,0.0,0.25978157570367605,0.013808858762260633,0.0,0.01380885876226063
0.1875,0.63992813617557,0.17175196477378543,0.18831989905064456,0.015024376424634386,0.011730389309349665,0.01236851736234452
0.375,0.528089123016254,0.3609310611754458,0.11097981580830003,0.015789487604561864,0.015488817870477666,0.009793413096319155
0.5625,0.38743465388823384,0.5471030325759934,0.06546231353577281,0.015188757828169227,0.015482236217904915,0.007868459851864868
0.75,0.26047864872982496,0.727587800466524,0.011933550803650928,0.014851481303895353,0.014931507999708866,0.003461947081249934
0.0,0.5551358071717395,0.0,0.4448641928282605,0.015303278913741619,0.0,0.01530327891374162
0.1875,0.6429379613827966,0.17319712963966957,0.1838649089775338,0.01489798374233017,0.011304713172017485,0.012373630943055556
0.375,0.5054470193602129,0.3605049392800746,0.13404804135971243,0.015892636962401417,0.015112920513434354,0.010751584791971325
0.5625,0.39969142579039557,0.5444627048446173,0.055845869364987075,0.015217769876718076,0.015164767691132017,0.007435374483288927
0.75,0.26076115586668347,0.7281784316269566,0.011060412506359968,0.014299497052021689,0.014531074097438812,0.0033294048139917605
0.0,0.739832922106458,9.737098344693282e-07,0.2601661041837075,0.013987397704640907,3.077600901514919e-05,0.013987580114126295
0.1875,0.6393249463845798,0.1727704055461975,0.18790464806922266,0.015337751299011987,0.011961909710934774,0.012431258484482538
0.375,0.5020379597936815,0.35864484233335203,0.1393171978729665,0.016521065829030686,0.01599212026550491,0.010897298549374696
0.5625,0.386712404410285,0.5472708187169396,0.06601677687277546,0.015176226580124524,0.015731866132089423,0.007734125493821798
0.75,0.25921783888670846,0.7295171201339483,0.011265040979343223,0.01316611319392957,0.013491485223777949,0.003438668673291097
0.0,0.7405817186764636,0.0,0.2594182813235362,0.013985327740785704,0.0,0.013985327740785702
0.1875,0.6394293650680181,0.17223740287736908,0.1883332320546128,0.014939751391099342,0.01201086807785213,0.011879369984025941
0.375,0.5309797378667667,0.36021975991142496,0.10880050222180838,0.01568619688491827,0.014764193900495088,0.00991405972978641
0.5625,0.40522904459445835,0.5449537134296439,0.049817241975897715,0.015208536561558454,0.01519833919721961,0.006676318372246331
0.75,0.270485306613037,0.727129222132961,0.002385471254001958,0.013995093064973912,0.014023582340155485,0.0015651690129437265
0.0,0.7411403892914549,0.0,0.25885961070854513,0.014304994834113184,0.0,0.014304994834113184
0.1875,0.6374839065271504,0.17209041978471282,0.19042567368813695,0.01490808452509956,0.012093833144847606,0.011939070719215874
0.375,0.5265281624622724,0.36013506949995905,0.11333676803776847,0.015250257396908896,0.014817937141377694,0.009884913033138815
0.5625,0.3869672181345962,0.5475394240414447,0.06549335782395903,0.014555941587448258,0.015214990788739925,0.008049905493701149
0.75,0.2714053697194822,0.7270493549492565,0.0015452753312613738,0.013909618784856463,0.013857925126012853,0.0012075191652911811
0.0,0.7404046860141953,0.0,0.2595953139858047,0.013820507112649694,0.0,0.013820507112649694
0.1875,0.6386626692154466,0.173439496563734,0.18789783422081935,0.015867678962488654,0.012352717753205789,0.012825709375787225
0.375,0.5278599344672079,0.35856667250993335,0.11357339302285871,0.015860641830245954,0.015121690898971854,0.009726110611283872
0.5625,0.3869113662416954,0.5474418614287205,0.06564677232958394,0.015089690779926555,0.015604118729990594,0.00792204395348679
0.75,0.26081410530147836,0.728345703008072,0.010840191690449587,0.013799231187475565,0.013761712796770579,0.0032379247865935608
0.0,0.7404334281870124,0.0,0.25956657181298765,0.013685849493000201,0.0,0.013685849493000205
0.1875,0.6399973757714722,0.17358993686804008,0.18641268736048766,0.014676644907438093,0.012298316578047022,0.012135679472834934
0.375,0.5279382669307062,0.36017564732319873,0.11188608574609493,0.015532288660162112,0.015196293649122864,0.009985260971672313
0.5625,0.4069264039348634,0.5460161799558184,0.04705741610931825,0.01552940587010703,0.015608848328386228,0.006765368670408764
0.75,0.26084571715019456,0.728075127965627,0.011079154884178552,0.013822564856920893,0.014081947309351263,0.003324523521168595
0.0,0.7397359568490742,0.0,0.26026404315092583,0.013741493751794093,0.0,0.013741493751794091
0.1875,0.6394377615986011,0.17207097318642744,0.18849126521497153,0.015194182467605753,0.011816490585952641,0.012119104684725093
0.375,0.5275564043978068,0.3598959082393192,0.11254768736287411,0.01571105004297642,0.015102088026167701,0.009650836383630668
0.5625,0.40364613367061614,0.5445165945661035,0.051837271763280436,0.015644705516314052,0.01606555595075179,0.0071466555331408076
0.75,0.2609123929848173,0.728169871839769,0.010917735175413699,0.014149283931401184,0.014205105923008304,0.00317178330064377
0.0,0.7405149842895157,0.0,0.2594850157104843,0.013795128267675722,0.0,0.01379512826767572
0.1875,0.6211333491519309,0.1711443781444182,0.207722272703651,0.015264656063540494,0.011946851526500664,0.012849878952166894
0.375,0.5302315960378394,0.3593610013445608,0.11040740261759982,0.016967021796544652,0.016028447036730478,0.010467625186118499
0.5625,0.385748625802242,0.5485104211019127,0.06574095309584527,0.01595545405905079,0.016327157390557675,0.007693783134212707
0.75,0.26067813134640716,0.7283446960228444,0.01097717263074851,0.014165575644738913,0.014410219171439718,0.003274623018365279
0.0,0.7401376045150496,0.0,0.2598623954849505,0.01369256592355268,0.0,0.013692565923552677
0.1875,0.6289888225934107,0.17021934691714738,0.2007918304894419,0.015554425772659444,0.011767901924774388,0.012996094436531169
0.375,0.5282369467599856,0.35939110147207637,0.11237195176793816,0.016000265266137324,0.014921762877873447,0.010218983003730394
0.5625,0.4103120530296705,0.5458001969381029,0.04388775003222658,0.015571554877523324,0.015661420919106096,0.006595490195908706
0.75,0.2595723531176937,0.728736956330961,0.011690690551345395,0.014289527164424089,0.014361707546638274,0.003293580718327941
0.0,0.7404905171277991,0.0,0.25950948287220094,0.013956119764443064,0.0,0.013956119764443066
0.1875,0.6361919831627685,0.1728049482852838,0.19100306855194782,0.015875065937972218,0.012230638596420764,0.012676721103089587
0.375,0.5230190227972502,0.3594609547079375,0.11752002249481236,0.01607898031661822,0.014995937306242829,0.009885760206792734
0.5625,0.405943370795112,0.5438654280769488,0.05019120112793919,0.01562860799777542,0.01563312687505262,0.007023836318903603
0.75,0.2598283212860483,0.7291801892872354,0.01099148942671634,0.013584969290199537,0.01385258106977061,0.0033504833787168786
0.0,0.7400650858207469,0.0,0.2599349141792531,0.014251328927473127,0.0,0.014251328927473128
0.1875,0.6430947551237993,0.17272811051049364,0.18417713436570698,0.015393215674271193,0.011840394674052965,0.01270380076933726
0.375,0.5040503096902046,0.35907386017812065,0.13687583013167465,0.015907455648534446,0.014992984455528912,0.011080443054440493
0.5625,0.3873376073800297,0.5473444357471802,0.06531795687279027,0.015530776588257193,0.015595764265122044,0.007854031207958984
0.75,0.2613012012679907,0.7277303813621117,0.010968417369897647,0.014257476776483086,0.014518643717043365,0.003295758249434208
0.0,0.7398890093658408,0.0,0.26011099063415927,0.01361931173559519,0.0,0.013619311735595193
0.1875,0.6372325993150089,0.17392969603005876,0.18883770465493238,0.015040757367242164,0.011990744279152478,0.01217032951829866
0.375,0.5254097211109914,0.35858978732411595,0.11600049156489255,0.015932539085574533,0.01493422799681893,0.010471691686920425
0.5625,0.38652443471394426,0.5482067698958717,0.06526879539018399,0.014939518456374382,0.015307654342963264,0.007593403068303609
0.75,0.2723026840950062,0.7264954509904231,0.001201864914570617,0.013464265969015623,0.013491744494392074,0.0011037374397549888
0.0,0.7400704178080152,0.0,0.25992958219198475,0.013565975603804655,0.0,0.013565975603804657
0.1875,0.6425407940882435,0.17329699051286682,0.18416221539888977,0.0149880601447029,0.011806962735255134,0.012131329778184685
0.375,0.5252911914247741,0.3594059884074343,0.11530282016779157,0.015519623117320842,0.015062173358314019,0.01018255252973921
0.5625,0.3900651341389764,0.5446471385443504,0.06528772731667308,0.015476473945105764,0.015456692408535078,0.0076340659520932
0.75,0.2607484285688079,0.7282825424993498,0.010969028931842179,0.01363199065226671,0.013768747016571515,0.003348219090011746
0.0,0.7404189107881353,0.0,0.2595810892118648,0.013633853701808002,0.0,0.013633853701808002
0.1875,0.6413135391720164,0.17314255351954508,0.18554390730843853,0.01496144102711305,0.012371988699843014,0.012198967069038013
0.375,0.5323038400483185,0.3601008918974445,0.10759526805423698,0.015920802322288794,0.015549883930537158,0.009615723506501537
0.5625,0.40618303759186336,0.5455009282713483,0.0483160341367883,0.015215294364526927,0.015344521652167493,0.006542925960324557
0.75,0.26040692143147726,0.7284037292354745,0.011189349333048328,0.01406699476035366,0.014314327886637524,0.003493570891140964
0.0,0.7410701576152039,0.0,0.25892984238479594,0.013837222607950509,0.0,0.01383722260795051
0.1875,0.6420422948500291,0.17371825870731394,0.18423944644265702,0.014804231972947892,0.011615907755036932,0.012293614684482706
0.375,0.507834318053859,0.3587100740242052,0.13345560792193567,0.015863757026694198,0.0153197207032953,0.010924085346832322
0.5625,0.3883979830276891,0.5475388766930346,0.06406314027927627,0.015078752310615316,0.0156401049310784,0.007580814505549486
0.75,0.27056255260900264,0.7279955702446821,0.0014418771463152462,0.014243739430253713,0.014304010447071254,0.0012311972975183416
0.0,0.7402465796282418,0.0,0.25975342037175836,0.013676208201583457,0.0,0.013676208201583454
0.1875,0.6435413213253027,0.17265667506218108,0.18380200361251617,0.01428995430813985,0.011603270418969561,0.012126193040753935
0.375,0.5266860399904818,0.35994820615295203,0.11336575385656619,0.015479081384853877,0.015151289305315938,0.010100021366506057
0.5625,0.4128062448624982,0.5439391449807246,0.043254610156777264,0.015472641585912368,0.01540530915604206,0.006339356326642575
0.75,0.26945275047777206,0.7275729227468506,0.002974326775377288,0.014334728227689284,0.014443993873483657,0.0017106675083934815
0.0,0.74014476106471,2.051359735911104e-06,0.25985318757555387,0.013658533801428393,4.582477480416667e-05,0.013658225488972003
0.1875,0.6401346579875415,0.17337090073507772,0.18649444127738066,0.015164386814484352,0.012192568131077141,0.01219210563271024
0.375,0.5328813549053221,0.3583171269480333,0.1088015181466447,0.015568723293569101,0.015254858499898181,0.010100486999508409
0.5625,0.40573774889492015,0.5447027587998484,0.049559492305231524,0.01595547235029183,0.016481350594717264,0.0070504562632185686
0.75,0.266798745178997,0.7280147013760443,0.005186553444958675,0.013745404507907887,0.013801400631585664,0.0023049941939378782
0.0,0.7399958741849187,0.0,0.26000412581508126,0.013973643943906886,0.0,0.01397364394390689
0.1875,0.639395077605476,0.17274755198292288,0.18785737041160114,0.0152067974379339,0.012443139634235318,0.012134990853645165
0.375,0.5327646190867374,0.35917279039724653,0.10806259051601609,0.01595659955225046,0.01515702636768479,0.009479869424006042
0.5625,0.38571079794422203,0.5483769299018343,0.06591227215394369,0.015149960223075548,0.015464099872708054,0.007690778253497122
0.75,0.26088055008123695,0.7280650701761895,0.011054379742573709,0.013664408218590485,0.013898754060340674,0.0032714508144553365
0.0,0.5541027445451141,9.718172983479105e-07,0.44589628363758765,0.01594471696004994,3.0716191699279127e-05,0.01594444021499221
0.1875,0.6355491134916768,0.1723926422833472,0.19205824422497605,0.015116919406125407,0.011161214242508466,0.012480899071522533
0.375,0.528283785196445,0.35922284977853597,0.11249336502501904,0.015362650823782496,0.015021340548262454,0.01012789769520065
0.5625,0.38747528449074137,0.5468051387058658,0.06571957680339273,0.014857062150644666,0.015428515041615614,0.007933107369805936
0.75,0.27242979850985766,0.726509596801182,0.0010606046889602564,0.01385380982104797,0.01388593843333738,0.001024314849893954
0.0,0.7409004343897991,0.0,0.2590995656102009,0.013944726875634755,0.0,0.013944726875634757
0.1875,0.6396260204378649,0.17286640455031183,0.1875075750118233,0.01524952009758078,0.011665695920086337,0.012810556188675172
0.375,0.5317087609577604,0.3593748211485147,0.10891641789372492,0.015915381145621695,0.01510801851572151,0.01019625237290897
0.5625,0.38650135546044284,0.5481822250674415,0.06531641947211558,0.01496213172234922,0.015628088076957588,0.007685739056127501
0.75,0.2610839828502249,0.7279160011658985,0.011000015983876621,0.013834733678219942,0.013942014209207544,0.0033326499068686488
0.0,0.7406193695023167,0.0,0.25938063049768334,0.013754105231133932,0.0,0.013754105231133929
0.1875,0.6385837348929092,0.17218014304525617,0.18923612206183474,0.014937828060555833,0.01216228233219253,0.01199251452247392
0.375,0.5133924264712405,0.35885677863928217,0.12775079488947733,0.016088909972629635,0.015102743043976113,0.01076742746574265
0.5625,0.3864893168139772,0.5483528112467729,0.0651578719392499,0.01469833540438319,0.014616945854137954,0.007654715271224308
0.75,0.26090278019784324,0.7281485470381533,0.010948672764003462,0.01391522192904366,0.014163409882395126,0.0033728855287101273
0.0,0.5540980657801142,0.0,0.4459019342198858,0.016501306740322488,0.0,0.016501306740322484
0.1875,0.6355536069606069,0.17222687603186573,0.19221951700752732,0.015230561773605314,0.011481116839147565,0.012453226977945873
0.375,0.5321501322488315,0.35989605638532146,0.107953811365847,0.015254108359802815,0.014849731022764946,0.009721880499096325
0.5625,0.38629884838464057,0.5484409356121446,0.06526021600321487,0.015164234085170925,0.015277044441075497,0.007898576953932715
0.75,0.2716640966304384,0.7271852404386547,0.0011506629309069075,0.013965671403638755,0.013976895157371902,0.001079593904452653
0.0,0.7406359771669844,0.0,0.2593640228330155,0.013910146322026926,0.0,0.013910146322026926
0.1875,0.6429992949623415,0.17312774170834025,0.1838729633293181,0.015507379759213904,0.012209976590609713,0.012030230059524348
0.375,0.5292971059026361,0.3590770350855319,0.11162585901183203,0.01568949929115047,0.014854540689080018,0.010077333909113041
0.5625,0.4105168697694544,0.544401191991465,0.045081938239080584,0.01613047941798259,0.01590003124996601,0.006592035344800691
0.75,0.2611481620240732,0.7273791486598437,0.011472689316083097,0.013706366435791317,0.013975631932673429,0.003407935789876745
0.0,0.7400816450930402,0.0,0.2599183549069599,0.013424001173129647,0.0,0.013424001173129647
0.1875,0.6428516243516262,0.17360438886622076,0.18354398678215303,0.01540501132930339,0.01222887967404935,0.01220630972740839
0.375,0.5320645425171334,0.35985311029807987,0.1080823471847867,0.01520631206026175,0.014624999023794799,0.009951374096401285
0.5625,0.38837986131305346,0.5470017916162235,0.06461834707072305,0.015069719111298535,0.01519554704454027,0.00795919101935564
0.75,0.272010880783254,0.7266125161646437,0.0013766030521023644,0.013627130974339964,0.013655718669802587,0.001193223181408833
0.0,0.7399501426596453,0.0,0.26004985734035474,0.01388664083519942,0.0,0.013886640835199426
0.1875,0.6422663963710372,0.17373271674649537,0.1840008868824675,0.015465298647137063,0.012232811945282002,0.012473379509006729
0.375,0.5277190097482579,0.35977241270425886,0.11250857754748318,0.01597186157744243,0.0149842225946185,0.009959269086678877
0.5625,0.3910265696409334,0.5453595219246069,0.06361390843445955,0.015525056982694766,0.015811394181176417,0.007659647257737167
0.75,0.26098013463204883,0.727946449188213,0.011073416179738197,0.013687669757519718,0.01393292355113819,0.003175083438268017
0.0,0.740308423124513,0.0,0.2596915768754871,0.013527647564068893,0.0,0.013527647564068894
0.1875,0.6399135993800514,0.17318960520647325,0.18689679541347534,0.014529090768034578,0.012181453364492046,0.012176078488775189
0.375,0.5036653512895362,0.3588333757998939,0.13750127291057002,0.015621568516117451,0.01483545969428215,0.010839370309889207
0.5625,0.40951902963841263,0.5453515643578567,0.04512940600373065,0.015475233127499806,0.015749348696123513,0.006555569703861473
0.75,0.26063582428843757,0.7282886220723221,0.011075553639240291,0.01430821512052366,0.014289774805967286,0.0032168067696580712
0.0,0.7401550344285188,0.0,0.2598449655714811,0.014139427409175252,0.0,0.014139427409175257
0.1875,0.6202599320185561,0.17090444691690676,0.20883562106453707,0.015458531113130268,0.011972314898723963,0.012937867365287655
0.375,0.530950380169352,0.3589060198742886,0.11014359995635933,0.015262543208864415,0.014590484738962888,0.009747527948867483
0.5625,0.3878376281365276,0.545982759306051,0.06617961255742143,0.015037545462657112,0.015406317310822107,0.007800497526280476
0.75,0.26042992451787145,0.7286815359156833,0.010888539566445208,0.01399076763408515,0.014199140121827113,0.003277103138352986
0.0,0.7404396042735029,0.0,0.2595603957264972,0.013829078989476043,0.0,0.013829078989476044
0.1875,0.44193239791429506,0.17137492464745535,0.3866926774382496,0.015508383605065623,0.011802255286431095,0.015025080816596106
0.375,0.5296462581896832,0.36019985487694606,0.11015388693337058,0.015861889927299314,0.01564686821433334,0.009674067478485622
0.5625,0.4106908721784579,0.5448460801458762,0.044463047675665925,0.014771927088711735,0.015112735797196767,0.0064581447955327905
0.75,0.2608664664192239,0.7283199664006281,0.010813567180148025,0.013898739362596103,0.013980799812995407,0.003266530601305804
0.0,0.7403073223739255,0.0,0.25969267762607456,0.014046877081806674,0.0,0.014046877081806674
0.1875,0.6432042653543842,0.17185902934049163,0.18493670530512418,0.015307762428558046,0.011681231247094364,0.012479251527459875
0.375,0.49882117148168603,0.36000616880218356,0.1411726597161304,0.016162760660313816,0.01581226004000174,0.01119288640719088
0.5625,0.38691935476610934,0.5472523320942373,0.06582831313965327,0.015655028605370838,0.015638089204347033,0.007885048020398607
0.75,0.26096318097375,0.7279234007354596,0.011113418290790402,0.014009757758738414,0.01409609501484626,0.003241226248134935
0.0,0.7408234212306614,0.0,0.2591765787693387,0.014064271973577654,0.0,0.01406427197357766
0.1875,0.6427368900545548,0.17231899508611412,0.1849441148593311,0.015205764494421917,0.011856305925971714,0.012426074383736696
0.375,0.5310426904415861,0.35954252064752884,0.10941478891088503,0.01593404591789037,0.015104169896779481,0.009720830539536452
0.5625,0.4039342737852561,0.5441614767400214,0.05190424947472259,0.015652907221755125,0.015754637207698863,0.007074612628407767
0.75,0.26050005438009644,0.7278752789957291,0.011624666624174383,0.013639676372414354,0.01394099986947428,0.0034778886126110176
0.0,0.7396461399592258,0.0,0.26035386004077415,0.013423106707902357,0.0,0.013423106707902359
0.1875,0.6400834034650686,0.17269369586518007,0.18722290066975125,0.014806765436798036,0.011591634825162303,0.012466068845835187
0.375,0.5251108612763874,0.35968980452333144,0.11519933420028133,0.016472096727636328,0.015258963817115443,0.010160643298586352
0.5625,0.3846916926799142,0.5480340977802578,0.067274209539828,0.015221834824791213,0.016040025282135186,0.007808973284379777
0.75,0.25960841426698533,0.7276737052840185,0.012717880448996034,0.013732493642815978,0.014015503856221936,0.003461679707329152
0.0,0.7415022694129201,0.0,0.2584977305870799,0.013523243288109839,0.0,0.013523243288109834
0.1875,0.6425298079160692,0.17313994582183875,0.18433024626209193,0.014822984671239558,0.012026387605643844,0.012200023351578899
0.375,0.528613191535331,0.3601571127494701,0.11122969571519886,0.015896937948115388,0.015223890432839662,0.010110914683048033
0.5625,0.41023496971007806,0.544405857746279,0.04535917254364285,0.01596654130795138,0.015993495349400665,0.006858905476820111
0.75,0.26045776120377256,0.7265420321454708,0.013000206650756683,0.013607350134660062,0.013859661309367964,0.003568598427764204
0.0,0.7396572983167311,0.0,0.26034270168326884,0.013253668378419193,0.0,0.013253668378419192
0.1875,0.6416092312172736,0.17324698957050477,0.18514377921222164,0.015139364775130233,0.011825152424751415,0.012734471338398518
0.375,0.5269939956911976,0.3580999404897684,0.11490606381903393,0.015362557099830025,0.015367020254902877,0.009856122544330477
0.5625,0.4100595612307627,0.544804127221968,0.04513631154726932,0.015222000590398625,0.015343019911250888,0.006577620336352936
0.75,0.27048794264316517,0.727187274369707,0.002324782987127865,0.01395790773422492,0.013955333016928417,0.0015256171139897744
0.0,0.7405629197619398,0.0,0.2594370802380604,0.013596788647036258,0.0,0.013596788647036258
0.1875,0.6427979818783803,0.172600427560654,0.1846015905609657,0.014956467419659414,0.011416580252697194,0.012347936146599832
0.375,0.5263054364680441,0.3597284605381242,0.11396610299383175,0.015226681841727405,0.01471854683993591,0.010118626080856346
0.5625,0.4124915553226699,0.5450761370801765,0.04243230759715353,0.01587461930448153,0.016033613357219225,0.006498858588052807
0.75,0.261612088793901,0.7274724981749879,0.010915413031111095,0.014647425963583394,0.014817696537458916,0.003345395265080946
0.0,0.7401936654795163,0.0,0.2598063345204837,0.013458088444836343,0.0,0.013458088444836341
0.1875,0.6406371585334494,0.17276234812677796,0.1866004933397726,0.014955219169794382,0.011619624530364718,0.012156455741540645
0.375,0.5268061811241568,0.35998344793772535,0.11321037093811791,0.015592206384650687,0.015213355952052088,0.00986430803149156
0.5625,0.41056506479391647,0.5459169682626444,0.04351796694343914,0.015193782143655637,0.015413341705056972,0.006493674780540344
0.75,0.27229544733420263,0.7262391334561143,0.0014654192096830707,0.013681028016253483,0.01375489759309313,0.0011509935139103486
0.0,0.7397350183678325,0.0,0.2602649816321675,0.013738355480470716,0.0,0.013738355480470714
0.1875,0.6391556545369824,0.17318405649332583,0.1876602889696918,0.014993085678123325,0.011694979734346609,0.012601094114055184
0.375,0.5294594611492273,0.35876203316274846,0.11177850568802425,0.015305235164238172,0.014459695078489904,0.009589100962509312
0.5625,0.4013222657748513,0.5458076739306845,0.052870060294464255,0.015440558140059504,0.015941233128135727,0.0070433223768240965
0.75,0.2719982068191681,0.7258255151003358,0.0021762780804960857,0.014131379189861263,0.014174032648555409,0.0015182570822116718
0.0,0.7410459973437354,0.0,0.2589540026562646,0.013210802648882492,0.0,0.013210802648882495
0.1875,0.6429191443491429,0.1729781288057383,0.18410272684511886,0.01497911784237736,0.011845027341700237,0.012229435078207335
0.375,0.4989358071043596,0.3602566292694592,0.14080756362618121,0.015336877509077203,0.014842675053334338,0.010714967070458829
0.5625,0.40563160678752996,0.5446289760734269,0.04973941713904322,0.01546432476253045,0.016115730618763334,0.0070084172386934256
0.75,0.2710023274716045,0.7275116309159576,0.0014860416124378455,0.014007574423825983,0.014030304214552536,0.0012113771383881386
0.0,0.5535701529597125,0.0,0.4464298470402876,0.01563620240840924,0.0,0.015636202408409242
0.1875,0.64201345443532,0.1736057053761628,0.1843808401885172,0.015490344129652354,0.012058483860356524,0.01225526890431051
0.375,0.528016024118421,0.35970907494769133,0.11227490093388773,0.01563010630165926,0.015330816178450325,0.010067459484693038
0.5625,0.3842555243027,0.5474928802244831,0.068251595472817,0.015501892119199568,0.015760141454744234,0.0077976125471344235
0.75,0.260958366273051,0.7279477316082641,0.011093902118684856,0.013837231467102229,0.0140870508319768,0.0033512534129556573
0.0,0.7403201254062491,0.0,0.2596798745937507,0.014014847026610613,0.0,0.014014847026610617
0.1875,0.6393614541206813,0.17258555572527962,0.18805299015403903,0.015275418724421277,0.012074451358233118,0.012331328568641567
0.375,0.5322159335863909,0.35889855202016485,0.1088855143934443,0.015646955642161085,0.015043274959670712,0.010042561566201097
0.5625,0.38798665915839037,0.5466483175961298,0.06536502324547991,0.014903022307348359,0.015195146598932856,0.007491250057917294
0.75,0.26056198681159487,0.7282513788282913,0.01118663436011385,0.014025153988001764,0.014098969800984263,0.0032655960791536094
0.0,0.7396239763187354,0.0,0.26037602368126445,0.013932110688211615,0.0,0.013932110688211615
0.1875,0.6401978667820803,0.17325655404629345,0.18654557917162615,0.01563383222800254,0.012131160059222003,0.012295223686645844
0.375,0.5327306259109962,0.3583811499691675,0.10888822411983631,0.014901850113818687,0.014878910581344077,0.009520672416924144
0.5625,0.38708929694200606,0.5468194733607709,0.06609122969722293,0.015472602285340658,0.01591429297847816,0.0077696676861691
0.75,0.26089054914158966,0.7280741322533255,0.011035318605084905,0.0136069270776867,0.01379726861346358,0.0032911260149745608
0.0,0.7402716484338236,0.0,0.25972835156617624,0.013776950873560031,0.0,0.013776950873560033
0.1875,0.6432722090574602,0.1728755224462544,0.1838522684962854,0.014950956523521275,0.01189919052170013,0.012161030800900623
0.375,0.31710689320160995,0.35963229737803076,0.32326080942035923,0.014927331370646155,0.015452212814261948,0.014748096945543106
0.5625,0.38683201850254345,0.5474325423285497,0.06573543916890691,0.015534724798610506,0.015786446601420923,0.00794800056155089
0.75,0.2598006368634325,0.7284735060662438,0.011725857070323456,0.013856098172425469,0.013945401996763009,0.003574533526840595
0.0,0.7405620454555417,0.0,0.2594379545444583,0.013729842007523127,0.0,0.01372984200752313
0.1875,0.6424827448778191,0.17325857619238702,0.18425867892979392,0.014364840481478123,0.011703567110420003,0.01164785487853273
0.375,0.4956212159223824,0.36058210809176594,0.14379667598585166,0.0163301376733948,0.01528554078606564,0.011169622543503751
0.5625,0.4125002527867003,0.5456236759660932,0.04187607124720636,0.015141805709203178,0.015517592929135527,0.00619362213398345
0.75,0.2699664457934802,0.7273956616432551,0.002637892563264717,0.014127451014883679,0.014209125951051808,0.001659685113338623
0.0,0.7402268472006608,0.0,0.2597731527993392,0.013920281252354864,0.0,0.01392028125235487
0.1875,0.6422142627470131,0.17247697624945488,0.1853087610035321,0.015762283192061778,0.012298179274636003,0.012433959268425165
0.375,0.5189130300381477,0.3590390731757906,0.12204789678606172,0.01570836726584539,0.01467913977239925,0.010615682334785633
0.5625,0.41014164756017363,0.5469442663177927,0.04291408612203362,0.01556361386288203,0.015776254685458554,0.006423286649398677
0.75,0.2602278288642226,0.7274778107449136,0.012294360390863705,0.01435603056092319,0.014603640496922572,0.0034621076842553814
0.0,0.7398514243271856,0.0,0.26014857567281424,0.013655712860891806,0.0,0.013655712860891808
0.1875,0.6418421401239376,0.17304196418657924,0.18511589568948325,0.015195370208687255,0.012263911315516853,0.012288472355503724
0.375,0.5282707073763369,0.35898592927201806,0.11274336335164512,0.015541904807532732,0.015136333075172802,0.009718283135951421
0.5625,0.38726752338722226,0.5472480647943891,0.06548441181838859,0.014419125363537944,0.015403637607263663,0.0076102448348831465
0.75,0.2702688051131226,0.7264294487666846,0.003301746120192832,0.014080687817763898,0.01405365545955715,0.0017549223680681358
0.0,0.5539745491913889,0.0,0.4460254508086111,0.016232409111218704,0.0,0.016232409111218704
0.1875,0.6389767920560264,0.1725234595054774,0.18849974843849615,0.01483055578737001,0.012356264564528263,0.012581230590129978
0.375,0.5322085874979989,0.35924529739166167,0.10854611511033935,0.015635158355530768,0.015387276631288858,0.010087515258567924
0.5625,0.38576492903522175,0.5482444703918861,0.0659906005728922,0.01518941359409713,0.015422822512457243,0.007574020905730458
0.75,0.2603171600835263,0.7267176631824898,0.012965176733983893,0.013390349322193398,0.013700067598663204,0.0036042525191231447
0.0,0.7401925510850411,1.0193679918450562e-06,0.25980642954696703,0.014194751794892442,3.2219124626460984e-05,0.014194559311809705
0.1875,0.6384697583813645,0.17379068904224973,0.1877395525763858,0.01491839403600338,0.012345215024459873,0.012401069155763769
0.375,0.5266409106302796,0.3587983486085334,0.11456074076118682,0.015802196879752078,0.014703764238811345,0.0103568838583322
0.5625,0.38784392001012263,0.5466819792056908,0.06547410078418649,0.015020997770542532,0.01574754497448776,0.008105647634209288
0.75,0.26052662778579155,0.7272717497684728,0.012201622445735649,0.013880131951388581,0.013927794417093128,0.0034994591841223488
0.0,0.7401409896095897,0.0,0.25985901039041015,0.01452388440268252,0.0,0.014523884402682522
0.1875,0.639458639695393,0.17249984341577443,0.18804151688883253,0.015509317105215458,0.012053692594640592,0.013275829290506242
0.375,0.49853078617096147,0.3599833780538952,0.1414858357751433,0.015978372607247306,0.015609134614869442,0.010904779473378296
0.5625,0.4098373309692329,0.5466288152800339,0.04353385375073317,0.015565995472728519,0.015906756697487732,0.006376995981761285
0.75,0.2715668071137403,0.727011834260645,0.0014213586256146677,0.014091217641865696,0.014078827894730448,0.0011775631206069088
0.0,0.7398475187249551,0.0,0.2601524812750449,0.01389814733594786,0.0,0.013898147335947858
0.1875,0.6372937742782533,0.1728545326270079,0.18985169309473873,0.014892011530853677,0.012275850921877822,0.012360656405980445
0.375,0.5270066099339832,0.3578060540538801,0.11518733601213671,0.015421252828113692,0.015211788164070143,0.010148925381956967
0.5625,0.41105443928024044,0.546072873256615,0.04287268746314446,0.015759001000658707,0.016025894732448285,0.006438099554380254
0.75,0.26100480362928885,0.7267401450333709,0.012255051337340237,0.013442085919340896,0.013876786064274891,0.003529418132932987
0.0,0.7406582623355766,0.0,0.25934173766442337,0.013739632518948601,0.0,0.0137396325189486
0.1875,0.6407613912111507,0.17270550176849672,0.18653310702035256,0.015660091615801015,0.012244854899218812,0.01222074513982964
0.375,0.5277971719635207,0.35990291049599393,0.11229991754048546,0.015934776957661524,0.015375893366356022,0.01026613360477233
0.5625,0.395852208582589,0.5457450564738743,0.058402734943536816,0.014780896949436401,0.015424690538687336,0.0074012183498631074
0.75,0.2604227584592584,0.7286420991493723,0.0109351423913694,0.013408796570351097,0.013640051316800298,0.003317046154743122
0.0,0.7402007743111333,0.0,0.2597992256888667,0.014599548903162035,0.0,0.014599548903162033
0.1875,0.6389093688029486,0.17285421651528707,0.1882364146817643,0.015526790493123145,0.011690353715257026,0.012961188509284249
0.375,0.5297028110983619,0.3597482536398483,0.11054893526178966,0.016299890726489654,0.015244932171838138,0.009806980559789015
0.5625,0.3889551028080499,0.5452500919864683,0.06579480520548171,0.01545061168247914,0.015780134218012092,0.008120883838207398
0.75,0.2620242284902807,0.7268260386496492,0.011149732860070063,0.014016375221349317,0.014005489691453335,0.0032106421291739308
0.0,0.5542134654284016,0.0,0.4457865345715985,0.01599414178793567,0.0,0.01599414178793567
0.1875,0.6198110693564238,0.17120261326084374,0.20898631738273235,0.01566205580720659,0.01203608824884895,0.013327228842245353
0.375,0.531490768901066,0.3603864258660544,0.10812280523287958,0.01554096234954836,0.01514719273887332,0.009562118425688854
0.5625,0.4067569532492688,0.5462283733803089,0.04701467337042217,0.015743046049784066,0.01616989618869613,0.006610390645360531
0.75,0.26083906390190315,0.7281103623071117,0.011050573790985186,0.014120179532052564,0.014383111986236949,0.0034456251627900595
0.0,0.7392643489195954,0.0,0.2607356510804046,0.013578199135401486,0.0,0.013578199135401486
0.1875,0.6402548932243413,0.1720836881717409,0.1876614186039178,0.014832599336031005,0.011550014499930135,0.012314603979861201
0.375,0.5301087967219736,0.3610166443533867,0.10887455892463972,0.01623306026088794,0.01511150460185206,0.009515027931834003
0.5625,0.4063360164651181,0.5449349050095337,0.048729078525348274,0.01580514765700895,0.01603229230100696,0.006981294756136092
0.75,0.2714771823940774,0.7274674852667438,0.0010553323391786847,0.013839602034768332,0.01384444684760084,0.001034373782281207
0.0,0.5541551700199712,0.0,0.4458448299800289,0.015355501320210936,0.0,0.015355501320210936
0.1875,0.640215497607642,0.17293937366458892,0.18684512872776907,0.015414251882517565,0.011910519366738625,0.012514018238675451
0.375,0.5266428080095766,0.3588549293670835,0.11450226262333991,0.015867969455596865,0.015230016129289835,0.010431042631719338
0.5625,0.3868803802511329,0.5480756980726064,0.06504392167626072,0.01541833285062078,0.015485815974864052,0.0075064703401430035
0.75,0.2606317403428018,0.7284157643977859,0.010952495259412366,0.013725229010569743,0.013882833528693262,0.003249998970162878
0.0,0.5544729310757291,0.0,0.4455270689242709,0.015102938241763526,0.0,0.01510293824176353
0.1875,0.642035745670686,0.17262348981998563,0.18534076450932838,0.015946149534615227,0.011717216132462849,0.012391747643416015
0.375,0.5295145719881619,0.36028488824856014,0.11020053976327787,0.01560603102531773,0.01562645873739591,0.009833277604950275
0.5625,0.41060368821049753,0.5454264682616535,0.04396984352784886,0.015388396412260317,0.0158174703856144,0.006737020027269418
0.75,0.26138471997782997,0.7274863582494847,0.011128921772685246,0.013524818166663637,0.013930700795572359,0.0034250471270221112
0.0,0.739728118052268,0.0,0.26027188194773215,0.013342560644928857,0.0,0.013342560644928857
0.1875,0.6420283691437638,0.1729986865316183,0.18497294432461786,0.015271861936706477,0.011812804326816482,0.01244413613509954
0.375,0.5257956690228295,0.3596292539622746,0.11457507701489604,0.01596723201626053,0.014994761879598643,0.010226954317085077
0.5625,0.38701583274490053,0.5475394321154173,0.06544473513968213,0.015463051350194561,0.015757542761383695,0.007845114922862405
0.75,0.26021554747469244,0.728987838454824,0.010796614070483566,0.013589867042723214,0.013746048113474645,0.0033396792892585077
0.0,0.740080433095757,0.0,0.2599195669042429,0.013991349505559343,0.0,0.013991349505559343
0.1875,0.6396195617111873,0.1722680501836003,0.1881123881052124,0.015672241418750656,0.012421771106896488,0.012474381123714415
0.375,0.5289017918579947,0.3593506788998268,0.11174752924217847,0.015299545083333638,0.01502336468244441,0.009889270601528027
0.5625,0.38798236288685706,0.5472547230419791,0.06476291407116386,0.015422890879689576,0.015430199525883849,0.007647394823997624
0.75,0.26017520766795826,0.7290165974534063,0.010808194878635425,0.014298337029898621,0.01438269986726379,0.003098861772087007
0.0,0.741149726786066,0.0,0.2588502732139339,0.01372706315734291,0.0,0.01372706315734291
0.1875,0.6403273071789504,0.17377822087413036,0.18589447194691922,0.015353630056787287,0.011930846748199584,0.012252730486789154
0.375,0.5319129030828075,0.35934365862153067,0.10874343829566185,0.015524126788132976,0.015383220868283167,0.009658901853932696
0.5625,0.4042736777096334,0.5452521062264499,0.05047421606391664,0.015389379519065306,0.015912602208170406,0.006981603887534331
0.75,0.26033388703136756,0.7284828602323404,0.011183252736291983,0.013627690626796692,0.013885713324727886,0.0033796811803378764
0.0,0.7401354412706522,0.0,0.25986455872934777,0.013783202316495465,0.0,0.013783202316495465
0.1875,0.6409993734119298,0.1727761901482132,0.186224436439857,0.01504664728312551,0.0118699226038856,0.012378347900924605
0.375,0.5276015627487907,0.35840441444224586,0.11399402280896345,0.01612276260064733,0.015382110785255225,0.009929283737052506
0.5625,0.40987633593555584,0.5460478136110329,0.044075850453411246,0.015869466100594632,0.01605399685571598,0.006468116413460593
0.75,0.26033291696960553,0.7284896432210353,0.01117743980935916,0.01345989701042085,0.013706988034541677,0.0032460594741571284
0.0,0.7404761152005116,0.0,0.2595238847994884,0.01366897250444006,0.0,0.013668972504440062
0.1875,0.643013339627644,0.1734373208452651,0.1835493395270909,0.014759919202232135,0.011710905929546706,0.01189463680358672
0.375,0.5267622083890156,0.3603790030949419,0.11285878851604259,0.015691944627944383,0.015146869453785475,0.00998761874085161
0.5625,0.4031742100527538,0.5442642306465345,0.05256155930071176,0.015970445565824384,0.015937466364198877,0.006866970346924756
0.75,0.26101318361736314,0.7278631598260099,0.011123656556626952,0.01409780274972932,0.014346503481437671,0.003401919739542742
0.0,0.7398586619951059,0.0,0.26014133800489414,0.014273488654657765,0.0,0.014273488654657763
0.1875,0.6428710350885196,0.173245489945486,0.18388347496599436,0.015189000655082384,0.012004689927702653,0.011935956624042716
0.375,0.5314221265324525,0.3588947771374255,0.10968309633012199,0.015928407359111066,0.01521004208698214,0.010043267253909733
0.5625,0.41086131141764304,0.5456906204510451,0.04344806813131184,0.01568632433730156,0.01607656531691842,0.006466797240432686
0.75,0.2604347406479061,0.7284299491490507,0.011135310203043203,0.014006376405153847,0.01427386477452591,0.00317895851163273
0.0,0.7398987165885164,0.0,0.2601012834114836,0.014353362232310485,0.0,0.014353362232310488
0.1875,0.6390239384613451,0.1717124097216889,0.18926365181696606,0.015028832112549231,0.011813682940054006,0.01223490839562636
0.375,0.5274540605098282,0.35924311627958877,0.11330282321058305,0.0159614176425217,0.015426082710911178,0.009940331609814827
0.5625,0.413762428618919,0.5445243393061908,0.041713232074890194,0.01569918833245628,0.015693408383288514,0.006430665652039851
0.75,0.26069232663379355,0.7280515120070504,0.011256161359156133,0.013650513466542632,0.013777665844029861,0.0032716688894540006
0.0,0.7404060860652796,0.0,0.25959391393472026,0.013714902029605064,0.0,0.013714902029605066
0.1875,0.6349669902706483,0.17157944263173144,0.19345356709762032,0.015046774687536292,0.012082025345830454,0.012070003149689154
0.375,0.5291043981619982,0.3602825783937127,0.11061302344428918,0.015315103751087675,0.014696770624929252,0.009856341203467409
0.5625,0.38806200982689004,0.5460804462127253,0.0658575439603846,0.016082186309554658,0.016600940506462696,0.007718677173067267
0.75,0.25964453077825567,0.7294518125867309,0.010903656635013515,0.01389368100461246,0.014078952109521,0.003359375666374424
0.0,0.7401973731382999,1.0080645161290323e-06,0.2598016187971839,0.013418726830786033,3.1861856107417554e-05,0.013420031110794836
0.1875,0.6418981324471045,0.1729915420426766,0.18511032551021891,0.014786889856126249,0.012098142804689335,0.012174629981633201
0.375,0.5312133363772136,0.3608649590798873,0.10792170454289925,0.01539694808642628,0.015245719310232239,0.009471585027263578
0.5625,0.3856921166987752,0.5483785683431804,0.06592931495804442,0.015244084251871601,0.015442325172777901,0.007674450498542871
0.75,0.26084360044076155,0.7280214561694106,0.011134943389827894,0.014133431321043895,0.014257818113298319,0.003111829886578072
0.0,0.740552402567976,0.0,0.2594475974320239,0.014232100645952936,0.0,0.014232100645952938
0.1875,0.6388153222225325,0.17198061631467068,0.18920406146279686,0.015441587796788394,0.012041290208938777,0.012636667445693448
0.375,0.5292520744498943,0.35969363034987667,0.111054295200229,0.015123143608892086,0.014662830290979454,0.010006660617201017
0.5625,0.3866003593332174,0.5478809423244886,0.06551869834229399,0.014867630321010157,0.015515625095138862,0.007758668002793038
0.75,0.27184043553161596,0.726829074923779,0.0013304895446049703,0.013841810302769557,0.013860875858027649,0.001113411986026882
0.0,0.7400474916023175,0.0,0.2599525083976824,0.013608765941274149,0.0,0.013608765941274152
0.1875,0.6437616252583179,0.17286079091363005,0.18337758382805194,0.014302532860116386,0.011455815849097254,0.012335607988092178
0.375,0.5283955827039,0.36043705969397866,0.1111673576021213,0.015994030092733695,0.015398526881558926,0.010111327239127962
0.5625,0.39151534007916644,0.5468789355270958,0.061605724393737786,0.015088639872820457,0.015552650286739028,0.007768552869667464
0.75,0.2612244804182939,0.7277284975379819,0.011047022043724248,0.014009372008499416,0.014058595520128442,0.003157242337569355
0.0,0.7402746963483887,0.0,0.25972530365161123,0.014784159359649864,0.0,0.014784159359649864
0.1875,0.6424095035242114,0.1726158524269634,0.1849746440488251,0.01530851788031444,0.012220791155305274,0.012146338087970025
0.375,0.5294607770538076,0.35929986600703395,0.11123935693915848,0.015739477605038132,0.015009713926242382,0.009767326751059825
0.5625,0.3848883263525097,0.5490414537453191,0.06607021990217112,0.015214402812841242,0.015667538810405453,0.007874988181396845
0.75,0.25905401668549405,0.7292776177102801,0.011668365604225964,0.0132598815584579,0.013339346999033797,0.0033226812055134375
0.0,0.7400336476195023,0.0,0.2599663523804977,0.014097727592950028,0.0,0.014097727592950025
0.1875,0.640483740729753,0.1724278681324739,0.18708839113777304,0.015325735217842654,0.011813197519761643,0.01221984512741502
0.375,0.5309491027800949,0.3576698325448519,0.11138106467505321,0.015409478268641818,0.014885424899164943,0.010248761459115246
0.5625,0.4110079267780843,0.545022227005902,0.043969846216013665,0.016368163076856648,0.0160098902404735,0.0067051105659475104
0.75,0.26219513767109476,0.7262362155722917,0.011568646756613447,0.0141627684384157,0.014410136991776717,0.003370029912780235
0.0,0.7403432532421459,0.0,0.2596567467578541,0.014395248911830711,0.0,0.014395248911830713
0.1875,0.6412311068954755,0.1725496724661251,0.18621922063839946,0.015152828293978054,0.01238477721853355,0.012115802336008417
0.375,0.5286417945020762,0.3594223902969765,0.11193581520094728,0.01499029946445589,0.014884731410532917,0.009635780016281096
0.5625,0.40930908812054073,0.5458001105088152,0.04489080137064413,0.015631236162923973,0.01608751230149407,0.0064462973312790954
0.75,0.2601937003943426,0.728844648956578,0.010961650649079413,0.014102325839591015,0.014095468606263211,0.003169886399945918
0.0,0.73979609038374,0.0,0.26020390961626005,0.01374313505604842,0.0,0.013743135056048421
0.1875,0.6217278271374249,0.17081196421152028,0.2074602086510548,0.015325398679750994,0.012233960741188874,0.012849035749670171
0.375,0.5012375232488951,0.36040230179005606,0.13836017496104883,0.01572282515667289,0.0152551347549666,0.01116623798634696
0.5625,0.3832669378072249,0.5474676032362006,0.06926545895657449,0.015200182332739499,0.015872339726264575,0.00793427284082958
0.75,0.27221155721133683,0.7259767632626556,0.0018116795260075531,0.013887315081597774,0.013950203408526542,0.001341020644806104
0.0,0.7406587743287665,0.0,0.25934122567123347,0.013750867551824569,0.0,0.01375086755182457
0.1875,0.6331555037302434,0.1711590525953215,0.19568544367443494,0.015534052364848894,0.012494997295491474,0.012625612995230094
0.375,0.5267025426731764,0.35967664077512024,0.11362081655170322,0.015517177933227357,0.0150486709699392,0.010256593005585596
0.5625,0.3861514321091163,0.5480536989785794,0.06579486891230424,0.01552867017392993,0.015486960595173346,0.0076791355974076365
0.75,0.2612083072690178,0.7274616196040081,0.011330073126974002,0.013924975665870105,0.014092325441545872,0.0035018298761666047
0.0,0.7400975218438186,0.0,0.25990247815618134,0.014277878633724468,0.0,0.014277878633724468
0.1875,0.6366722568680009,0.17192739330379575,0.19140034982820334,0.015327127281952735,0.011905290504534365,0.012316185500266696
0.375,0.5134682398479179,0.35851897470408667,0.1280127854479955,0.015770217333948355,0.01456871861242014,0.01069063772491073
0.5625,0.38667268627401413,0.5477425120156278,0.06558480171035788,0.015486576484548731,0.015927630372349007,0.007656161796203196
0.75,0.26131320565613314,0.727379398831143,0.011307395512723807,0.013968448106473748,0.013967193055496272,0.0032204597744313374
0.0,0.7403473184995155,0.0,0.2596526815004845,0.01359332344942572,0.0,0.013593323449425722
0.1875,0.6406706447596443,0.17347631244217473,0.18585304279818096,0.015227554184511372,0.012071144788723927,0.012335277272715679
0.375,0.5310357286705255,0.3588866339409068,0.11007763738856778,0.015760912070203397,0.01550088385190749,0.0093973033216339
0.5625,0.4053531498644091,0.5452127806153348,0.049434069520256044,0.015203702236830161,0.015352719691469107,0.006843735205766708
0.75,0.2719627116923352,0.726878394560139,0.001158893747525686,0.014248091441374339,0.014210668187500945,0.0010413446964556005
0.0,0.7402836439861816,0.0,0.25971635601381843,0.013860684842009814,0.0,0.013860684842009816
0.1875,0.6374702543447288,0.17375110455692208,0.188778641098349,0.015367314181475201,0.011655429402106305,0.012006977474188043
0.375,0.5255586429013517,0.36026443023979166,0.11417692685885666,0.01560107833938561,0.01500296628876242,0.01015192625147436
0.5625,0.40955332264348604,0.5461991460123881,0.044247531344125964,0.01619841184649436,0.016255886025641195,0.0065118591391190115
0.75,0.2661449830401078,0.727654536587251,0.006200480372641284,0.013787685173447447,0.013839082220431889,0.002534085928114603
0.0,0.7405544215657132,0.0,0.25944557843428684,0.014248113440180218,0.0,0.014248113440180218
0.1875,0.6266776289569153,0.17109019386998506,0.20223217717309955,0.014631291442920146,0.012143274419651143,0.011891781848870233
0.375,0.5178488903963088,0.3593377704277178,0.12281333917597329,0.015919500129723683,0.015400353526281921,0.010128828142234246
0.5625,0.38541941579593303,0.5490263461391708,0.06555423806489623,0.015099157470621682,0.015764747493043844,0.007910091841361867
0.75,0.2710487429006939,0.7273002458237118,0.00165101127559422,0.013759705076312289,0.013867232297484221,0.001291238504753699
0.0,0.7404160265159918,0.0,0.2595839734840082,0.013829870816401753,0.0,0.013829870816401753
0.1875,0.6402419610195862,0.17260172000442214,0.18715631897599178,0.015438442555873517,0.012237822924324987,0.012559696088577488
0.375,0.5056542915026383,0.3587627360776677,0.13558297241969397,0.015808946327437356,0.015217385367702816,0.010936528243599773
0.5625,0.38462293722453567,0.5472111541236042,0.06816590865186017,0.015442219654278897,0.0158495743372208,0.007886960330499725
0.75,0.2597339995761781,0.7284861932409431,0.01177980718287872,0.013703267289502141,0.01386406182491155,0.0033879532794482306
