fixed rate,success rate,failure rate,error rate,success std,failure std,error std
0.0,0.4426044235905047,0.001033632292543386,0.556361944116952,0.01566167751302268,0.0010154199985734223,0.015620001484508405
0.1875,0.5436110282344585,0.17713102025106406,0.2792579515144774,0.016117466956187224,0.012149617012937894,0.014523063144348926
0.375,0.43671538874862936,0.36205823572147594,0.20122637552989459,0.015563494852383928,0.014961228871828871,0.012667841649944486
0.5625,0.26587639264204144,0.5554152030744447,0.17870840428351392,0.013883691535875202,0.015695072185606663,0.012549326626731352
0.75,0.25753066972749905,0.7332156255410485,0.009253704731452473,0.013576126276879838,0.013845511253670168,0.0031254584491508474
0.0,0.6393162235752401,1.0152284263959392e-06,0.36068276119633347,0.015101090512789845,3.208828554168348e-05,0.015099982938510156
0.1875,0.5140644011198906,0.17866425665311814,0.30727134222699126,0.01617835604861403,0.011942706818912798,0.014893866852113462
0.375,0.3262165072546387,0.36768383731124926,0.30609965543411205,0.014974165668024933,0.015660568249444534,0.014859478315255154
0.5625,0.24183096143306854,0.550353192463167,0.20781584610376433,0.013270185950509175,0.015690488810586413,0.013115914791268469
0.75,0.25584900135933003,0.73534259127256,0.008808407368109956,0.013732882586694542,0.013945164866741052,0.0029712145393623185
0.0,0.6394749645792961,9.72762645914397e-07,0.36052406265805803,0.015148496280839273,3.0746071263188926e-05,0.015146629631693257
0.1875,0.4100499270813554,0.18109217328265653,0.408857899635988,0.015047639254355262,0.01180828320940816,0.015056564439573164
0.375,0.4433058536146516,0.3654713208486476,0.19122282553670084,0.015980937445910597,0.015224963921248913,0.012965462614866821
0.5625,0.36234295054357185,0.5539105048862487,0.0837465445701793,0.014571973057155106,0.015430564010711663,0.008525604971643641
0.75,0.2478739322475748,0.7358336943392462,0.01629237341317907,0.01415850324993313,0.014261046026040072,0.003910829082358812
0.0,0.43478352110061647,0.0008010477266240203,0.5644154311727594,0.015995832816679774,0.000881482855396231,0.016005822170602906
0.1875,0.5386294844256083,0.17644538320737818,0.28492513236701356,0.015764520590815335,0.012123216733639612,0.01425805913196091
0.375,0.454411862460775,0.3669753767646589,0.17861276077456611,0.016021567479515542,0.015162830162401806,0.012490738248913877
0.5625,0.36387516170380296,0.550109896458635,0.08601494183756209,0.015547548077964574,0.01602458621757368,0.008883592944415888
0.75,0.17206425493610414,0.7354982181793243,0.09243752688457167,0.012445781028474179,0.014441485296025491,0.009198705323912093
0.0,0.6403590505812649,9.652509652509653e-07,0.3596399841677699,0.01548953423740233,3.0508649863473178e-05,0.01549044173894207
0.1875,0.41881654219527026,0.18374565894562755,0.39743779885910213,0.015551339581472404,0.01231950849206901,0.015207824330813583
0.375,0.43670062174160523,0.36384326759550273,0.19945611066289207,0.015469126122725583,0.014927452702251274,0.012674803370355734
0.5625,0.3425109692492253,0.5502902843612394,0.10719874638953517,0.014912079345737312,0.0155122066153044,0.009708996124545738
0.75,0.24674212512392252,0.7328244778821856,0.020433396993891854,0.013663864468178898,0.014004812829279342,0.00442134679864035
0.0,0.6393833097126478,1.004016064257028e-06,0.360615686271288,0.014956786882239144,3.1733896845941976e-05,0.014957708426997212
0.1875,0.5356283330436065,0.17761918576108304,0.2867524811953104,0.016215610157065997,0.011788116005454324,0.01424033737997222
0.375,0.44666828024606015,0.3647189552674733,0.18861276448646652,0.015252163686020706,0.015550858046741266,0.012359263083536142
0.5625,0.3551203259324423,0.5552683748678116,0.0896112991997462,0.015161454454465428,0.01564643294010852,0.009034044418033018
0.75,0.2510392411607979,0.7323374414445926,0.016623317394609607,0.013962640769468068,0.014238553679484563,0.003926693371039458
0.0,0.6381729796130636,7.89936511383187e-06,0.3618191210218225,0.015264800166891352,8.800910954161886e-05,0.015262344877999753
0.1875,0.5539180279489968,0.17680211488399533,0.2692798571670078,0.015614906544386725,0.01175498752091176,0.014170454079634985
0.375,0.3508172774725585,0.3721745106530244,0.2770082118744171,0.014817088130732285,0.015148498570146213,0.014296891084081909
0.5625,0.239564028977384,0.554428461596438,0.20600750942617804,0.013300261240303183,0.01503133244790925,0.012108500167877564
0.75,0.2483136467601237,0.7319221395276436,0.019764213712232716,0.014426464099276668,0.014571176329603057,0.004259312374169443
0.0,0.6400434299824319,2.9633494143761927e-06,0.35995360666815357,0.015147701032037946,5.405748352215655e-05,0.015146845650355742
0.1875,0.551593567109585,0.17527267113220485,0.2731337617582102,0.015192224494184614,0.011490746058089718,0.013278201150423047
0.375,0.43793058507260935,0.36473301294047383,0.19733640198691682,0.015354083855758682,0.0147494187121135,0.01217689788646129
0.5625,0.3553087841226949,0.5548571062230883,0.08983410965421677,0.015256874044818293,0.015619653232035534,0.009187634856493548
0.75,0.2519006373446734,0.7305130525690092,0.01758631008631729,0.01378744817996244,0.014087264498682422,0.004029109374251688
0.0,0.6396690992470007,2.0195463600347545e-06,0.36032888120663925,0.014894510265467375,4.516283336081952e-05,0.014893248483093584
0.1875,0.381723237513678,0.17985873518684764,0.43841802729947427,0.015893927709863462,0.012613125599240915,0.016267757905282232
0.375,0.3014018390268067,0.3645409559365055,0.33405720503668784,0.014383126372850752,0.015187770611287331,0.014882602119703808
0.5625,0.27487315917356775,0.554727901639013,0.17039893918741922,0.014275092877337156,0.015698922304939012,0.011964660938103108
0.75,0.1917192326336816,0.7346138284568942,0.07366693890942423,0.01270096045778127,0.014339155518644675,0.008239068067299186
0.0,0.45086436664449236,0.0015875594323722267,0.5475480739231354,0.015954200437199535,0.0012282722389802825,0.015955837290495756
0.1875,0.4126852079219624,0.18240500556499076,0.4049097865130468,0.015381823146812062,0.012067003515022389,0.015490678135259789
0.375,0.4627978159047025,0.3639115541052108,0.1732906299900867,0.015543765212175657,0.01524455703311465,0.012044125318829967
0.5625,0.3613439783145827,0.5495826452828947,0.08907337640252254,0.01579762412033341,0.01597765200392181,0.009034818357599315
0.75,0.15841102900863557,0.7368057704593977,0.10478320053196674,0.011356631574290118,0.014040255276569871,0.010061876124713279
0.0,0.6391227268343058,0.0,0.3608772731656942,0.015369846433630843,0.0,0.01536984643363085
0.1875,0.5416547666515575,0.17941725344447695,0.2789279799039655,0.01539977027161841,0.012279777938145952,0.013954317376288607
0.375,0.4277646254043844,0.37079545801786035,0.2014399165777551,0.01616805451879556,0.015521424566887739,0.012500876159552999
0.5625,0.3634451723536904,0.5530663939141455,0.08348843373216419,0.014983709575789162,0.015586841221142799,0.008525655728359583
0.75,0.249341144758932,0.7345094247130523,0.016149430528015735,0.013988390133508992,0.01408191090350546,0.00394617059575183
0.0,0.45029727992675567,0.0017418123093603025,0.5479609077638841,0.015784144503684257,0.0012789941197810903,0.0157883132736207
0.1875,0.405470543574912,0.17941538540409677,0.41511407102099124,0.015554237329574656,0.01194470844515319,0.015716397873536264
0.375,0.3452491151318479,0.3700989584408892,0.2846519264272629,0.016220816926235813,0.016110170733739857,0.014791199659811882
0.5625,0.353623957845863,0.5548813412950852,0.09149470085905173,0.01488875367483174,0.015520405272842281,0.008932876320086476
0.75,0.2471352001541259,0.7325550948213845,0.020309705024489623,0.013617673858103115,0.013796031213953602,0.004492349024821091
0.0,0.44277056719103763,0.0006430013562933729,0.556586431452669,0.016147337408023633,0.0007812610814882913,0.016160971409621017
0.1875,0.5491517235025849,0.1786678536816167,0.2721804228157984,0.015702853458041358,0.011607266770762407,0.01398655330709853
0.375,0.2988079424750105,0.3729775009228467,0.3282145566021428,0.0147589135046747,0.014956391993054178,0.014596009967772303
0.5625,0.28379329521050006,0.554611250556036,0.16159545423346394,0.013972031426484295,0.01530626113401226,0.011399613115586084
0.75,0.2472622218723979,0.733472059317164,0.019265718810438082,0.013723467689089558,0.014075740519715465,0.004418595338271946
0.0,0.45021089717390644,0.0006543518914694042,0.5491347509346239,0.01582892466114659,0.0007715176940059839,0.015802316452879016
0.1875,0.4224143770465365,0.1800109652244004,0.39757465772906314,0.01567714353197344,0.012413216083512374,0.01579535534578239
0.375,0.44296686977515265,0.3692684802014968,0.18776465002335058,0.015384852941746388,0.015161491439229638,0.012133381884044041
0.5625,0.23571598777645283,0.5529795862680935,0.21130442595545362,0.013853205385239762,0.016362315795990318,0.013529488848832769
0.75,0.2511052591155363,0.7329974832187447,0.015897257665718863,0.013766101296199531,0.014196452341472276,0.004006086810844053
0.0,0.6407558852055115,0.0,0.3592441147944885,0.014745227269220153,0.0,0.014745227269220153
0.1875,0.53579671174902,0.17854196288276042,0.2856613253682195,0.01602430239710514,0.012676225386066048,0.014419610714820346
0.375,0.45581716550269186,0.36290104691718694,0.18128178758012123,0.015848702055158193,0.015767753545835914,0.012264935287921119
0.5625,0.2587716087810884,0.5539992754964692,0.18722911572244239,0.014125207615777608,0.015885731980837068,0.011669825272403981
0.75,0.17843619005442288,0.7358673885515974,0.08569642139397968,0.011964741656409619,0.013370456579013161,0.008732283482458657
0.0,0.4935962634126463,5.812501950894681e-06,0.5063979240854027,0.01602473687142109,7.483455843219196e-05,0.016021968971906046
0.1875,0.4190135706178977,0.1802877340208621,0.4006986953612402,0.015318431803667341,0.012027413883034105,0.015629514981803826
0.375,0.47061632070487047,0.36360200670023496,0.16578167259489462,0.015418626868793169,0.015194639484103592,0.012015814939497502
0.5625,0.259994949470627,0.5563925933912015,0.18361245713817143,0.013830429584899996,0.015741701945470747,0.012059008054649486
0.75,0.17548409890528205,0.7371898309373502,0.0873260701573677,0.012336257076049743,0.01449754721463246,0.009053996208171058
0.0,0.6396727405837324,9.42507068803016e-07,0.36032631690919886,0.01501214488970918,2.9789784409574193e-05,0.015011837582689203
0.1875,0.40397354966961313,0.18121977599053973,0.41480667433984714,0.015939146879026263,0.012436846916241596,0.015688293358429205
0.375,0.4590477198370511,0.36893387927476773,0.17201840088818107,0.016458961532985372,0.01546775084494031,0.012078225760462254
0.5625,0.2327676769873754,0.5530433256045104,0.21418899740811412,0.013469421096762446,0.016042676643615004,0.01263974008887716
0.75,0.25469541149569713,0.73409004869662,0.011214539807682802,0.013914799442757834,0.014054878521934091,0.0033529661212437886
0.0,0.6403119456470852,1.0014173051231967e-05,0.3596780401798636,0.01490945087855969,9.965563334896665e-05,0.014907805460269246
0.1875,0.5362996778384368,0.1768487576050028,0.28685156455656047,0.015403694058416326,0.011958767753022315,0.014533185323516365
0.375,0.34322373273212897,0.3693808910211867,0.2873953762466843,0.015567794425202381,0.015437929918523665,0.014372718163237487
0.5625,0.3547781339005757,0.5542060034757382,0.09101586262368608,0.015481956709796024,0.015397935209397518,0.009046049963431856
0.75,0.24815368775078508,0.7347839665145813,0.017062345734633538,0.014099283089387694,0.014465935883568797,0.004055916857556432
0.0,0.638664111808403,1.7019479571288345e-05,0.3613188687120258,0.015973354321719316,0.0001294624965508806,0.015970214016074732
0.1875,0.416008862744814,0.17976875847845786,0.4042223787767282,0.01661953819706657,0.011936369206801857,0.01612601266351111
0.375,0.3302465844840492,0.366224123109973,0.30352929240597787,0.015060420061653038,0.015296853765639312,0.01432225496150503
0.5625,0.3540765001386628,0.5553754261973582,0.09054807366397892,0.015057629193808628,0.015411348526000056,0.009610083969755009
0.75,0.17935970763693393,0.7337690399363882,0.08687125242667768,0.012258812148006344,0.01396216832775335,0.009287875878620237
0.0,0.49328288724939023,2.9883983640907612e-05,0.5066872287669689,0.01588100219502188,0.00017574306112013672,0.015882125960131662
0.1875,0.5363274477370586,0.17748260373827882,0.28618994852466256,0.01584451002229515,0.011863110607552851,0.013809747349201405
0.375,0.44781132444690575,0.3625506655628498,0.18963800999024444,0.015939886602020982,0.015110333737758937,0.012640322466501102
0.5625,0.34770823976798315,0.5531385051910839,0.09915325504093297,0.014839534703684517,0.015718525752118975,0.009560306154779702
0.75,0.1521245457104991,0.7380097501658504,0.10986570412365038,0.011697312681355692,0.013523816474744202,0.009370499424392133
0.0,0.443018600395959,0.0005031656607935421,0.5564782339432475,0.015640030079543853,0.0007070417643915433,0.01565168989833861
0.1875,0.41822664863352055,0.1779754118537274,0.403797939512752,0.015251015091262957,0.011904959513818874,0.015461834315398153
0.375,0.28308447913188783,0.36626430756045747,0.35065121330765464,0.014194021390219731,0.015296793770282228,0.015601465578792184
0.5625,0.36045692294805454,0.550347143214457,0.0891959338374885,0.014829426060338118,0.01550105022714323,0.008812719805395663
0.75,0.24200380457965992,0.7315290525985262,0.026467142821813908,0.013545115532243681,0.01393657257665726,0.005178967047306494
0.0,0.45055193265157095,0.0008174153392086703,0.5486306520092202,0.015587243127944747,0.000908422811319719,0.015563606202457747
0.1875,0.5344322273217579,0.17574576260117675,0.2898220100770653,0.01520301466775054,0.012155762615583121,0.01365523403232618
0.375,0.45066278246320346,0.36594402810737053,0.1833931894294259,0.015537729942409411,0.015048468231178183,0.012294776239477476
0.5625,0.3611259862722532,0.5507781198179525,0.0880958939097944,0.01530536163709653,0.016036694786483664,0.00876045753812831
0.75,0.24275569479750125,0.7349270454160167,0.02231725978648194,0.013139367272110916,0.013362025698883286,0.004586948711380099
0.0,0.4504753563194645,0.00044210113152716603,0.5490825425490083,0.015738182746044375,0.0006610955979605947,0.015722628256665015
0.1875,0.5556209742742918,0.1812177783703938,0.2631612473553142,0.01591862110850033,0.01254824428422195,0.0136655933754521
0.375,0.4495428731443756,0.3622428159794389,0.1882143108761855,0.015557413009905895,0.01436052754673084,0.012153015168520487
0.5625,0.2592461540276752,0.5559696555567231,0.18478419041560176,0.014063972219810247,0.015771175816158816,0.012304226818155746
0.75,0.2433072100804673,0.7349887570027795,0.021704032916753106,0.013054420956646337,0.013304950549923474,0.004521583529007958
0.0,0.6397438471168996,8.594475655723779e-05,0.36017020812654316,0.01511677060669866,0.0002940315141215084,0.015114784948979627
0.1875,0.5385543923022087,0.17648218622671294,0.2849634214710783,0.015895476099541297,0.011641466088560733,0.01423289988476525
0.375,0.3374773764485087,0.3668425342836603,0.2956800892678309,0.015426941138447597,0.015735253891746924,0.01455445010749502
0.5625,0.33956277489067704,0.5535776671972397,0.1068595579120834,0.01510948398735396,0.015711530833205273,0.009564774774828094
0.75,0.17832110135527887,0.734133103306648,0.08754579533807293,0.011970380298756961,0.014342278682327524,0.008974119539594917
0.0,0.6113914978771502,5.9868821388158e-05,0.38854863330146155,0.015578614978275717,0.00024117443468036907,0.015573595594436294
0.1875,0.551790094177223,0.18029601792819275,0.26791388789458415,0.01599347717034733,0.012094904953729751,0.014217656801362083
0.375,0.4393264897033205,0.36834908904061286,0.19232442125606672,0.015153884561590818,0.01560621620129607,0.01262108525488455
0.5625,0.25535932785620385,0.554679650252942,0.18996102189085418,0.014207578498910807,0.01621935397623547,0.01290995148256852
0.75,0.2425002507600438,0.7348130897626671,0.02268665947728909,0.013681405639485751,0.014112263401635666,0.004701161058470522
0.0,0.4495661751155326,0.0004881261277230773,0.5499456987567443,0.015317406484719806,0.0006838853834847139,0.015303334779834761
0.1875,0.41741398767080146,0.17899051012132897,0.4035955022078696,0.015288661680796855,0.012147226224013397,0.015333249127428015
0.375,0.4317010444596252,0.3670062742681398,0.2012926812722349,0.015551789701673268,0.015254862520394982,0.012794325605747333
0.5625,0.2764060035624399,0.5543639029370859,0.1692300935004741,0.014065084822290921,0.014886515666577775,0.0114739812057886
0.75,0.18847173343359597,0.7355958373921085,0.07593242917429549,0.012573619497250057,0.014419205091098744,0.008268861547746423
0.0,0.6380330334728885,0.0,0.3619669665271115,0.015375267342291981,0.0,0.015375267342291983
0.1875,0.5514449285005237,0.18122343913998123,0.2673316323594951,0.015629706676454254,0.012391586560175315,0.013643300483097238
0.375,0.4441101088846149,0.3668403873527568,0.18904950376262833,0.015887739998226492,0.014924735202313771,0.012611997850136957
0.5625,0.2714938199177318,0.5567846287540431,0.1717215513282251,0.014673072525187503,0.015618967557416494,0.012106150464917654
0.75,0.24480519015071905,0.7328286276933121,0.022366182155968837,0.013175118035202774,0.013644596208261445,0.004794516614264428
0.0,0.636230036274709,2.949253219844779e-06,0.3637670144720713,0.015576591314651151,5.3768295857130865e-05,0.015575420157758443
0.1875,0.41427283780308005,0.18126071732319024,0.4044664448737297,0.01507029172554827,0.011981060893051211,0.015013220445182976
0.375,0.3015181832984686,0.36611642723854904,0.33236538946298244,0.014413631786689942,0.014715078448900744,0.015145387915543462
0.5625,0.24513535074810971,0.5534867130810929,0.20137793617079752,0.013922461663890098,0.015854065175364408,0.013156124210723054
0.75,0.25985419672743776,0.7343349726447317,0.005810830627830546,0.014227937700889367,0.014368264420407437,0.0022763606543170518
0.0,0.45856019352662325,0.0001231534915307625,0.5413166529818461,0.01524289307823304,0.0003411757843534771,0.015244157332893561
0.1875,0.5512484096441614,0.17889824233078527,0.26985334802505323,0.015424406791673192,0.011775183272292178,0.014025873495968743
0.375,0.448057402550452,0.3634437344427791,0.18849886300676885,0.016015721103477727,0.015282464242970662,0.012484988055174851
0.5625,0.2266077336498409,0.5532078432274641,0.22018442312269507,0.013356595769744812,0.01665309689094031,0.013484316516333864
0.75,0.24087957582296637,0.7342304507276217,0.02488997344941189,0.01352313874501217,0.01418839186874564,0.004861157309566488
0.0,0.6117986608803412,0.0002344889443599391,0.38796685017529875,0.015499999143489726,0.0004780479313814733,0.01549210369504909
0.1875,0.5350935349115007,0.1783297446281391,0.2865767204603602,0.015539896553665349,0.01215689474535125,0.013980612678804339
0.375,0.4321007703525489,0.3655628381284475,0.20233639151900354,0.01595206735225645,0.0154083183936597,0.012588525124238867
0.5625,0.35623284226074314,0.5528124173675667,0.09095474037169003,0.015387613361768386,0.01599293044870503,0.009151109844672349
0.75,0.24994936883615235,0.7333188290063041,0.016731802157543555,0.013342668659738205,0.013623955861942202,0.003992483807446684
0.0,0.6395249519211212,0.0,0.3604750480788787,0.01512025903158081,0.0,0.015120259031580811
0.1875,0.5147605943735934,0.17658437143826336,0.3086550341881432,0.016123060536191856,0.012414942813038487,0.014941756368380011
0.375,0.4381722687847439,0.3662313117708518,0.19559641944440426,0.015789013042836617,0.015416035082651266,0.012563836776989936
0.5625,0.36439856223319295,0.5475050120896765,0.08809642567713065,0.015634416880510493,0.015765417762011055,0.008637887561497028
0.75,0.2535569319807703,0.7328434790825739,0.013599588936655757,0.012978981526869743,0.013266483113337365,0.0036633178274877052
0.0,0.6393071408420314,1.9439786700504546e-06,0.3606909151792984,0.014931293490522874,4.343960688487887e-05,0.014932338028763122
0.1875,0.42902658784270536,0.18142761338258026,0.38954579877471435,0.015287310775331962,0.011670604150434532,0.015291334837415328
0.375,0.43921061773553743,0.36386635400587736,0.1969230282585852,0.015466305347204138,0.015236693353627402,0.012324997052288846
0.5625,0.2834201731297387,0.5514827610009521,0.16509706586930908,0.013970765207894741,0.015824973135185667,0.011735929233577342
0.75,0.24613605547169481,0.7325189933623799,0.021344951165925316,0.013386735062414142,0.01401810919040787,0.00457875230317403
0.0,0.6398701798392165,0.0,0.3601298201607835,0.015055039005819858,0.0,0.015055039005819858
0.1875,0.5400581644046631,0.1759482197179546,0.28399361587738225,0.015282644566869289,0.012368634379830297,0.014347230686584214
0.375,0.44017308833863783,0.36380442320887774,0.19602248845248438,0.015871261120147032,0.01481984804052898,0.012982443610232014
0.5625,0.29930933133479354,0.5553773447431897,0.1453133239220168,0.013775413646146102,0.01575255475168336,0.011064312402131795
0.75,0.17070021036827365,0.7337164068703388,0.09558338276138753,0.011611803540828506,0.013902720919028666,0.0092968152979599
0.0,0.6391105737274706,1.01010101010101e-06,0.3608884161715193,0.014431559281401891,3.192622349349315e-05,0.014431614429170962
0.1875,0.4161972668495213,0.18051910667874504,0.40328362647173366,0.015571066430870702,0.01185849373815088,0.015605726733916438
0.375,0.3607914666330478,0.3692543814985224,0.2699541518684297,0.015473412782897348,0.015768267116243354,0.013557472415666249
0.5625,0.28488796611440587,0.5547851775283005,0.16032685635729366,0.014515955159204633,0.016291911119264774,0.011027116422826983
0.75,0.23817096685509617,0.7374123595261836,0.024416673618720224,0.013316256079567282,0.013537235781628298,0.004855115066601935
0.0,0.45068546281331856,0.0013804554290721915,0.5479340817576092,0.01627781613914473,0.0011920716354815264,0.016328309159892408
0.1875,0.41627966052511944,0.17934945151253517,0.4043708879623455,0.015471642848426117,0.012066392837601404,0.015551652758514728
0.375,0.43880007120790243,0.3677221299734734,0.1934777988186241,0.01621775404117363,0.015169231279797265,0.012846644268125968
0.5625,0.3370265294623773,0.5559414976149866,0.10703197292263608,0.014528368942261038,0.015362876272620002,0.009956249011058646
0.75,0.15753652963908413,0.7387352100384019,0.10372826032251391,0.011532962927742692,0.014120502494385812,0.0098964782013068
0.0,0.6125207041784461,5.0632999708833545e-06,0.3874742325215831,0.015393001465210686,7.14303409892195e-05,0.015396724856618341
0.1875,0.5390119476679219,0.1774848211971041,0.283503231134974,0.01594538566806033,0.01217773272914815,0.014427663024405053
0.375,0.4412312669356937,0.3647468295374908,0.1940219035268155,0.016274465328396732,0.015527931908981794,0.012818135848043281
0.5625,0.27510882326528724,0.5556673410870737,0.16922383564763901,0.013573692654535549,0.01551873261328456,0.011653781125388028
0.75,0.24315212151036203,0.7319578054358397,0.02489007305379819,0.013884192625878923,0.014096170476383936,0.004845707086433333
0.0,0.6393137559422479,0.0,0.3606862440577522,0.014710167124747632,0.0,0.014710167124747636
0.1875,0.5399828750518881,0.17894365249398814,0.2810734724541236,0.01566700762813146,0.011783673580382356,0.013873450112096437
0.375,0.4369186950647842,0.36752381269197193,0.19555749224324387,0.015439721647107973,0.014785109037999082,0.012665587710402585
0.5625,0.36635771569251724,0.5530372555723586,0.08060502873512411,0.015389381601278493,0.015534191872250013,0.008689237434312831
0.75,0.17851272410796593,0.7348383038062468,0.08664897208578724,0.01200672766073388,0.013784382622079113,0.009035642277285585
0.0,0.6130847047574127,0.00045828997902201376,0.38645700526356536,0.015135219936633476,0.0006676281782528526,0.015103322440946386
0.1875,0.5365913382323574,0.1773054212732016,0.286103240494441,0.015393336504348456,0.011813954196288966,0.013442717954047433
0.375,0.3517975231644449,0.3642641007030779,0.2839383761324772,0.014855919411545569,0.015872576707186746,0.014730327255305733
0.5625,0.2602581501984391,0.5501695483996275,0.18957230140193343,0.014147068233101601,0.015565813105241338,0.012376941267405944
0.75,0.1747477421441573,0.7356897886815866,0.08956246917425599,0.011681269226004671,0.013497364389438972,0.009099278813821603
0.0,0.49380296922949324,2.9998990555146218e-05,0.5061670317799516,0.015848736874966143,0.0001706522964519197,0.01584810058769745
0.1875,0.5539539905103772,0.17625551774767645,0.26979049174194647,0.015830885152980603,0.011647355918528392,0.014037848846833558
0.375,0.44359386458833194,0.3688372372059572,0.18756889820571088,0.01649037705287605,0.01531375019617451,0.0124708180962507
0.5625,0.3428050835481287,0.554729507051454,0.10246540940041732,0.01490932591271808,0.01574135581011533,0.009892212927859287
0.75,0.1849718324101838,0.7318699560077365,0.08315821158207966,0.01267397008531394,0.014379134424670894,0.0092125774092317
0.0,0.4432452778771243,0.0011871244020192774,0.5555675977208565,0.01542231550138019,0.0010383062342634933,0.015442195806527045
0.1875,0.5402944447946285,0.1750297871807386,0.28467576802463285,0.01597127807360893,0.012065213337478356,0.01443428450415848
0.375,0.4425530096134186,0.3702528385568973,0.18719415182968416,0.01657611699705957,0.015418294076956019,0.012691526948984233
0.5625,0.2705056026425633,0.5542029861277941,0.17529141122964267,0.01380168215951245,0.015967693803705277,0.011918842314075173
0.75,0.2571234582598324,0.7336413829252324,0.009235158814935149,0.014047108354058868,0.014232816500108051,0.0030253416056762934
0.0,0.640064163982503,5.93197314513648e-06,0.3599299040443518,0.0150614672275167,7.637182484232316e-05,0.015062275507440243
0.1875,0.424268416505557,0.1797479780147484,0.3959836054796946,0.01651729046072398,0.012154192678267551,0.01593500199119501
0.375,0.4235885627002776,0.36738116906713725,0.20903026823258505,0.016154616334341117,0.015594553220493981,0.012736613842658602
0.5625,0.3254787143403576,0.5547713330313584,0.11974995262828403,0.014567610227715392,0.015370368503565112,0.010381888736245907
0.75,0.1911906810450318,0.7358869625461323,0.07292235640883578,0.012512691094361088,0.01411401033251581,0.007900445937936477
0.0,0.6123120823707718,0.00039035923150574785,0.38729755839772256,0.014899966017126252,0.0006199920951281776,0.014864286968637223
0.1875,0.546024646050583,0.1777493813671927,0.2762259725822242,0.016127182770571683,0.01187665030676674,0.013998074559717496
0.375,0.4312823969864957,0.36701747744956476,0.2017001255639396,0.0158861753214016,0.01581120270921686,0.012519413131631917
0.5625,0.2598138729461775,0.5523510455515381,0.1878350815022843,0.013435314346373373,0.015392407119127795,0.012502402795474361
0.75,0.17767139250008918,0.7345659865745,0.08776262092541075,0.01193073887216429,0.014024664680397552,0.009329323057568298
0.0,0.6390816210522167,3.037715496687092e-06,0.3609153412322867,0.014721328078313693,5.537992131891933e-05,0.014720869586144256
0.1875,0.4253513118448747,0.1770841109197599,0.39756457723536537,0.015636485319587386,0.012227256021725447,0.015234498312838662
0.375,0.4711112414685771,0.36347088864073734,0.16541786989068555,0.016142312341780766,0.015091616515093258,0.011706562404020945
0.5625,0.35100784317249445,0.5526008556544111,0.09639130117309445,0.015024818937383574,0.01564008175107105,0.009503172724211919
0.75,0.17749851898052954,0.7368881164968054,0.08561336452266498,0.01243535342862824,0.014200105224149969,0.008898159444388347
0.0,0.45029723723297094,3.381390719512529e-05,0.5496689488598339,0.015389154213090657,0.00018029683790612614,0.01539318819035906
0.1875,0.5295080870636453,0.17552144307974166,0.294970469856613,0.01547456732917446,0.012131419295980252,0.014327313855383692
0.375,0.42679576845807676,0.3671621076930993,0.20604212384882395,0.01582877603192749,0.015047035852736946,0.013449812438908743
0.5625,0.37532766917008664,0.5545567295865758,0.07011560124333759,0.015510024539187546,0.01582130738133959,0.008033553464539121
0.75,0.2518976663240514,0.7321383908121213,0.015963942863827265,0.014112805005460432,0.014372838833728488,0.004057895719705857
0.0,0.6392112036295775,3.993820806393817e-06,0.3607848025496161,0.015069872877407858,6.302784962162417e-05,0.01507133578788691
0.1875,0.38715229681241065,0.18157916779139135,0.43126853539619797,0.014718732650015604,0.011773642974524939,0.01527833455506962
0.375,0.44617240283654946,0.36831878948085817,0.1855088076825924,0.015304711999202542,0.01523791620675898,0.01187914350167512
0.5625,0.2722938289455202,0.5541895811901407,0.17351658986433907,0.013944788422720757,0.015538427354925388,0.011714553194494699
0.75,0.2422339805723842,0.7326774158631886,0.025088603564427138,0.013767914356769963,0.014108465546215834,0.0047939524128986066
0.0,0.6393413588549033,0.0,0.3606586411450966,0.015132976968586936,0.0,0.01513297696858694
0.1875,0.5398864472626572,0.1764733424915161,0.28364021024582653,0.015171738509941574,0.012146468211239358,0.014514211652246945
0.375,0.4308704428564199,0.3702300420438172,0.1988995150997629,0.015116050772460825,0.014318616336168963,0.012283248656320895
0.5625,0.25814629743236445,0.5525441807442101,0.18930952182342548,0.01390016721392195,0.015719866420390423,0.012437986054525658
0.75,0.25035759353731496,0.7335114693815461,0.016130937081138896,0.013384708437649398,0.013512204893045375,0.003834665833682342
0.0,0.6403320096600091,3.970332810042704e-06,0.3596640200071808,0.015305151250727629,6.265948746963201e-05,0.01530416035191192
0.1875,0.5424063422834774,0.17826037664618088,0.2793332810703417,0.015954702263951497,0.011884923087276286,0.014954004931314486
0.375,0.43898484239709595,0.36168718984716,0.199327967755744,0.01596748730914932,0.014914663865890833,0.013061345138840164
0.5625,0.3534848219723211,0.5505213645853401,0.09599381344233873,0.015166773194462642,0.015714178877241705,0.009301522733570686
0.75,0.25639682257466184,0.7343799371111355,0.009223240314202635,0.014007934998734444,0.0141180974018525,0.003090311128050012
0.0,0.6391297573046095,3.0731457553493277e-06,0.36086716954963516,0.015282674834539826,5.617032786203915e-05,0.015281097682816722
0.1875,0.4021277842171043,0.1813387334342787,0.416533482348617,0.01584772089537461,0.01203516822584712,0.015563563244521648
0.375,0.4386055630187798,0.36598456468289925,0.1954098722983209,0.015641864970867825,0.015317090683381466,0.012617077366093415
0.5625,0.3576621218199964,0.5518119913329133,0.09052588684709025,0.014795735300626433,0.01572722124643556,0.008874037775917266
0.75,0.25220827335690105,0.7316307141813846,0.0161610124617143,0.013862538610942776,0.013946080129856268,0.0039925903668233545
0.0,0.4943801506829857,1.0037934072935878e-05,0.5056098113829414,0.015693814823130554,9.996420897733328e-05,0.015693933419069897
0.1875,0.5426830127575591,0.1805805163286217,0.2767364709138192,0.01586501585186472,0.012504971814063064,0.014561492257821475
0.375,0.43655510520506224,0.36424593833271557,0.1991989564622221,0.015885864592106044,0.015310173652130723,0.012350472708956336
0.5625,0.36229600766328063,0.551801426353305,0.08590256598341438,0.016116981944908796,0.016210332849555656,0.008971949968476008
0.75,0.17400238112087368,0.7379148040349105,0.08808281484421573,0.012548279896117488,0.014569240996220348,0.008892507390382108
0.0,0.45022928512850974,0.00074189472600583,0.5490288201454845,0.01579563307960585,0.0008227441693975311,0.0157722967516032
0.1875,0.5532159404471888,0.17879647711320684,0.2679875824396044,0.01600998018763674,0.012080097466719456,0.013972343247225797
0.375,0.34698322670347254,0.36884748676634643,0.2841692865301809,0.014626451037248587,0.01477383180416152,0.014385909693453035
0.5625,0.35277506692675953,0.5535869313933371,0.09363800167990319,0.015159246736538727,0.015723989000513628,0.009079904882617602
0.75,0.2507796637507226,0.7313295051386032,0.01789083111067422,0.013806326023827514,0.014063455203950796,0.0041192964787148375
0.0,0.6396954169657841,2.889754282150497e-06,0.3603016932799337,0.014692939590681325,5.268487888667046e-05,0.014695101286729831
0.1875,0.5318163623732508,0.18006862293726061,0.2881150146894885,0.015665682519941625,0.012364720049406596,0.01460842735079915
0.375,0.4587066778953753,0.3626241740854779,0.17866914801914677,0.015533646616408622,0.014834948356599396,0.012368435070736422
0.5625,0.3573476644751768,0.5525253882667652,0.09012694725805795,0.015220794705209532,0.016406589089454585,0.009094458662344887
0.75,0.1761712986111933,0.7343684584134369,0.08946024297536982,0.011988105269739941,0.01403774457550147,0.009297190132578053
0.0,0.442893247474335,0.0008346097213282935,0.5562721428043367,0.015504484183586598,0.0009126259685876705,0.015472276952163364
0.1875,0.5331226395760743,0.1792574963520787,0.2876198640718469,0.015587396842051631,0.011885578451116662,0.014715396301210529
0.375,0.42240772571038326,0.3645411180104132,0.2130511562792035,0.015188195964553071,0.015421436478113188,0.012483134012708598
0.5625,0.22397099114798327,0.5592475894362853,0.21678141941573148,0.013260309623823449,0.01617304397484145,0.013005769980022676
0.75,0.2488858637049015,0.7313639878940287,0.019750148401069704,0.01385870403965807,0.01410168514516101,0.004449555025593441
0.0,0.44970308300753836,0.0001741711131807395,0.550122745879281,0.01575534955483542,0.000416818155228934,0.01577365914001581
0.1875,0.5248613164524009,0.18036161502928513,0.2947770685183141,0.01578862767733587,0.012269834181710846,0.014531074689076894
0.375,0.3629583705149074,0.368093389269246,0.26894824021584646,0.01569818731910863,0.015219802108909454,0.013959204501890697
0.5625,0.22669588119929682,0.5489325314922229,0.22437158730848022,0.013478892944807249,0.016142394277728744,0.013799028133983987
0.75,0.2512808503510069,0.7317549493576351,0.016964200291358034,0.0129844692821764,0.013086933655307796,0.003954922333712504
0.0,0.6389964054289229,0.0,0.36100359457107695,0.015097350577810788,0.0,0.01509735057781079
0.1875,0.5382324280313783,0.1761418959711321,0.28562567599748956,0.016044995717779873,0.011914449095682789,0.014448499318996394
0.375,0.32564815736413505,0.3630524213861534,0.3112994212497115,0.01453164182362729,0.01559004935779872,0.014605189000655246
0.5625,0.23080927337156562,0.5566953787319503,0.21249534789648414,0.01347876430691823,0.015870324609791552,0.012868969208095486
0.75,0.24826680755227762,0.7346318404406276,0.01710135200709473,0.013729351759664641,0.01391446116618944,0.004142389558560764
0.0,0.45020060250822624,0.0003044286806640884,0.5494949688111096,0.01622882008507914,0.000539475483789183,0.016213403365159158
0.1875,0.5368745740931474,0.17688895978752459,0.2862364661193279,0.015351326975574883,0.011671715499153638,0.01361053249137749
0.375,0.4439377279811877,0.3650591047203238,0.19100316729848857,0.015588292994910337,0.014895925079486137,0.012825998659045457
0.5625,0.25091047397420074,0.5536586990193265,0.1954308270064727,0.013699507827479538,0.016020314541035655,0.012723351962555841
0.75,0.1884732878726449,0.735246546457057,0.07628016567029808,0.012653347875874006,0.014186580589854314,0.008496839005161275
0.0,0.6400390601093663,1.1353325993302254e-05,0.35994958656464043,0.014669256883045677,0.00010773098224417727,0.014661889939087729
0.1875,0.41038258571707137,0.17879958209251934,0.41081783219040924,0.0152912956118504,0.0124663263305455,0.01522845892513321
0.375,0.31243906908987823,0.3639928488013546,0.3235680821087672,0.01425830667555943,0.015299497115312368,0.015208290548552718
0.5625,0.35535528010253936,0.5564691010389525,0.08817561885850812,0.015252010528859246,0.015842615311157382,0.009166707875857303
0.75,0.2569279944667149,0.7325701009582792,0.010501904575005947,0.014091460987272727,0.014183208671150114,0.0032130003685531755
0.0,0.6393492048322923,2.0355169757560198e-06,0.36064875965073184,0.015648228581303106,4.548040047140123e-05,0.015648866254044762
0.1875,0.5299896663612274,0.17708728768205423,0.2929230459567184,0.015913396816227818,0.01257886840817332,0.014515606328798211
0.375,0.28687113239528067,0.3644398589458443,0.34868900865887503,0.014624142930281317,0.015156361621534054,0.015102243065189527
0.5625,0.3471032438723375,0.5550260220700473,0.09787073405761529,0.015363717309986903,0.016031984208650808,0.009338538274880388
0.75,0.24408191695508377,0.734159071729441,0.021759011315475217,0.01335169367491235,0.013716628335349961,0.004601099871177229
0.0,0.6117741758365727,5.9709282123671525e-06,0.38821985323521496,0.015385856556283663,7.685775996726376e-05,0.015384020694176234
0.1875,0.5330061769767725,0.174558795859293,0.2924350271639345,0.015895191959708222,0.011703381218616025,0.014327536365411262
0.375,0.4424819859494971,0.3658691152532832,0.19164889879721966,0.015172642882771772,0.014944081855724992,0.011739647339637532
0.5625,0.27836688636571477,0.550098070325257,0.1715350433090282,0.014167885354611984,0.015088635359286335,0.012017195334819765
0.75,0.24918945547558338,0.7338012667825579,0.017009277741858776,0.01380957611885625,0.014150680898263965,0.004101422499575809
0.0,0.6396507346461952,1.9951559007855245e-06,0.3603472701979041,0.015314467397899687,4.457001202276578e-05,0.015317776127567939
0.1875,0.549150686575787,0.1750814208240333,0.27576789260017953,0.015788572779403754,0.01204463190494986,0.01393020512669738
0.375,0.4408879210128307,0.3658333761875995,0.19327870279956982,0.015337314249394765,0.014721212235492553,0.011928525480351232
0.5625,0.3640040820793452,0.5525030971649773,0.08349282075567754,0.015272923121797214,0.01545643003100005,0.008973625380604148
0.75,0.2479888010642926,0.7325245179968926,0.019486680938814817,0.014008323078719217,0.014217919194650699,0.004262668741544609
0.0,0.45082398492795756,0.0018402645163608726,0.5473357505556815,0.01568181585873662,0.0013687036385152751,0.015658490211964336
0.1875,0.4038873266697038,0.18232307411298193,0.4137895992173143,0.0159026736268509,0.012194432729716707,0.015618426257166194
0.375,0.3527941116103429,0.3704213441370061,0.2767845442526511,0.01572949494321447,0.014644323446090589,0.013876241394941233
0.5625,0.228315239254505,0.552708020134294,0.21897674061120087,0.013586071258109308,0.016123269918223458,0.012151517502942301
0.75,0.17463743321185785,0.735774330275272,0.08958823651287016,0.012077584419410158,0.013897232601676654,0.009258893070535675
0.0,0.6393799217908822,5.032492478517192e-06,0.3606150457166393,0.01486630682084166,7.102849561661966e-05,0.014865337178090464
0.1875,0.5456168192644955,0.17950478147657511,0.2748783992589293,0.015671551181561647,0.01184506800975909,0.014427310837167714
0.375,0.43547042280171044,0.3669756663948629,0.19755391080342666,0.015368026228325032,0.014942344689680875,0.012594413307191552
0.5625,0.34077643971299915,0.5496114112547953,0.10961214903220556,0.015084784568195116,0.015853846798914516,0.009634894683924424
0.75,0.1785217226428191,0.7343522317789755,0.0871260455782055,0.01167866052253716,0.01341471377349022,0.008852229465494606
0.0,0.6393141091005496,1.98483218027317e-06,0.3606839060672701,0.014737042352872213,4.434568390657993e-05,0.01473915372943618
0.1875,0.4244482727794893,0.18082006678874837,0.3947316604317623,0.016302158778611436,0.011575120742238494,0.015598693428620676
0.375,0.32699354354738125,0.3673980000655536,0.3056084563870652,0.014536774295055184,0.015284274094738098,0.014408480953438276
0.5625,0.3577600457609953,0.5537262887792987,0.08851366545970592,0.01529013561326159,0.015671758901901714,0.008943539110545587
0.75,0.25078719140769334,0.7338257650098635,0.01538704358244322,0.013697693910117116,0.013862444552564317,0.003797015140700223
0.0,0.4493855262153165,0.0005219829270521985,0.5500924908576312,0.015959295740087455,0.0007142623390024963,0.015958901042853923
0.1875,0.4182042325784309,0.1789358165358001,0.402859950885769,0.01576447616269684,0.012290084296260285,0.015229865501419679
0.375,0.340128430769537,0.3689252333573017,0.2909463358731612,0.014411212078355107,0.015165979075914385,0.014263733869677877
0.5625,0.35105677762228055,0.5515689921350728,0.09737423024264663,0.015571154287942186,0.016147962637246334,0.009448502266059451
0.75,0.16203892414389354,0.7369044486442903,0.10105662721181627,0.011899333859447163,0.014074887725712307,0.009487951116149609
0.0,0.6116189229916809,2.00487514958758e-06,0.3883790721331695,0.0157280796691846,4.480644887748549e-05,0.015729202141067017
0.1875,0.4090441773142622,0.1800578368970646,0.41089798578867326,0.015497497748429671,0.011567805256273867,0.015787163120365506
0.375,0.4310440009785489,0.3697992213552609,0.19915677766619025,0.01565032529616709,0.015265748979649472,0.012894681840262344
0.5625,0.2801972712921654,0.550994667834535,0.1688080608732996,0.01379139357433753,0.015595912998054762,0.011532450173608051
0.75,0.24489450863244247,0.7341759922956762,0.020929499071881356,0.013557100171955069,0.014124881272635675,0.004390456599898479
0.0,0.6396071645917625,7.0104039766436195e-06,0.3603858250042608,0.014983315514570262,8.351698110846031e-05,0.014980436518423066
0.1875,0.5560026088489103,0.17602796032971715,0.2679694308213726,0.01597339582274321,0.0121477120494374,0.013742506292580631
0.375,0.3478750779804127,0.37088028865881106,0.2812446333607762,0.015417185151123088,0.01500427551444937,0.013758357295347202
0.5625,0.35931094095690613,0.5486954049645578,0.09199365407853609,0.014854552236304615,0.015717905094006723,0.00926091815882549
0.75,0.2507840465896033,0.7327278551340001,0.016488098276396735,0.013198767712848126,0.013624452747695245,0.003871841648824972
0.0,0.6123778372512129,8.411886310526723e-05,0.3875380438856819,0.01588533002078007,0.0002952046571006288,0.015881616939770866
0.1875,0.5406378169419015,0.18002682632679337,0.27933535673130505,0.01656643966418722,0.011948836615524502,0.014342943689824611
0.375,0.32013085779236994,0.36310056638729454,0.3167685758203354,0.01449333049094809,0.014687740192164515,0.014564313240491112
0.5625,0.26788441268807217,0.5562726840828186,0.1758429032291092,0.013934369567686365,0.015443597661181236,0.011935530834319873
0.75,0.25051075472855794,0.7317747492498808,0.017714496021561225,0.013616171236390133,0.013828327334162938,0.004270238224266092
0.0,0.49319615644080106,1.017293997965412e-06,0.5068028262652009,0.01593491279250119,3.215357198225658e-05,0.015936580982040597
0.1875,0.5362214377177372,0.17803182793066852,0.2857467343515942,0.015796591246864805,0.012170846291761604,0.013821349497152325
0.375,0.2913232158869597,0.3654980606116025,0.34317872350143774,0.01462816833828528,0.015336124600923632,0.0150919194645482
0.5625,0.36332927996212544,0.5498288660943211,0.08684185394355336,0.01543559789004057,0.016309165243972412,0.008860426922482038
0.75,0.2518472786030254,0.7322754379464349,0.015877283450539736,0.014270098012711946,0.01450651495774568,0.0040411845370054225
0.0,0.6400549431311415,9.910802775024776e-07,0.35994406578858107,0.014995696930497177,3.132503593514193e-05,0.014995086710520156
0.1875,0.5415131574880068,0.1766364535180005,0.2818503889939928,0.016119373713482744,0.012277412715524993,0.014106730892365475
0.375,0.31075105017519966,0.3668048786781518,0.32244407114664847,0.014692431640388531,0.015465398832633991,0.014544989012617549
0.5625,0.26774073325114806,0.5537985601325035,0.1784607066163482,0.013869808827022656,0.015389583341077087,0.011770572643733705
0.75,0.18966420982993937,0.7349703764329168,0.07536541373714371,0.012273666436225298,0.013813097790279628,0.008207570566173444
0.0,0.6393525308879239,9.076787331124851e-06,0.360638392324745,0.015698049272764393,9.527899768602718e-05,0.015698017676627627
0.1875,0.5523047690603157,0.17877693273558,0.26891829820410434,0.015201260982077103,0.011502647782253643,0.01340325565973694
0.375,0.4501555318258469,0.36579494680595315,0.18404952136819988,0.015564791316879498,0.015807966977845943,0.011862872890705693
0.5625,0.260605049215142,0.5527070465470809,0.18668790423777704,0.013694115386622225,0.015924334991418206,0.01203555296664703
0.75,0.18742031163226838,0.7367597550042668,0.07581993336346476,0.012277031379699726,0.014341067971362875,0.00842240335400047
0.0,0.6120545477025341,0.0,0.38794545229746585,0.015173137900044953,0.0,0.015173137900044951
0.1875,0.5411570850728127,0.17747789292954969,0.2813650219976375,0.015399097479766309,0.011843586765178642,0.014003325529620955
0.375,0.4490642121775296,0.3678637932282189,0.1830719945942515,0.01530256498058716,0.015025654335387132,0.01215782321322869
0.5625,0.36384125203410733,0.5497922102333198,0.08636653773257276,0.015374343559285502,0.015757127580172697,0.008819703102978877
0.75,0.2514374729963967,0.732155437277712,0.016407089725891312,0.013352421212035668,0.013522180816295437,0.004008989410024723
0.0,0.6395657567506202,2.298674277120423e-05,0.36041125650660866,0.015623486953534625,0.00014989622895103123,0.015618163033013213
0.1875,0.5318082760578606,0.17708876822138706,0.29110295572075234,0.015305323269720117,0.011968393254418624,0.013969728890762841
0.375,0.34601460149978325,0.3714936515189182,0.28249174698129853,0.014885650322773376,0.01567105766504731,0.013965059926482953
0.5625,0.34506488978516675,0.5481985835958428,0.10673652661899025,0.014662103482000591,0.01612084109878887,0.010036933351275621
0.75,0.2486823785964051,0.7326895217344893,0.01862809966910556,0.013635316001140848,0.013870502389811613,0.004058059279211531
0.0,0.4434425049998857,0.0002030893359027048,0.5563544056642117,0.015858184551052694,0.00044805931513594235,0.015834664182731835
0.1875,0.5521710018088197,0.17698967986281314,0.2708393183283672,0.015275515670273769,0.012637193250983381,0.013809846451671711
0.375,0.44964945592719996,0.3695140156552418,0.18083652841755826,0.015356229073836053,0.015134451706734327,0.012091332462275589
0.5625,0.23087614918171864,0.5557002114783971,0.2134236393398842,0.01293197926179061,0.015504277657016943,0.013118880562302652
0.75,0.25098597328331473,0.7362090667795003,0.012804959937184937,0.01338365947212254,0.013715291023345764,0.003612294738598417
0.0,0.4497185554130245,0.0017875440005582185,0.5484939005864171,0.015228952609553141,0.0013381251597926005,0.015245837647726641
0.1875,0.5545590047442601,0.17607998196795502,0.2693610132877849,0.015763135111839154,0.011714545233900408,0.01432895793416038
0.375,0.41119014393128006,0.36725591781862965,0.2215539382500903,0.015301863762777047,0.015351953440136484,0.012863136281778582
0.5625,0.2781176501200764,0.5505357997712104,0.17134655010871325,0.0140999230382348,0.015715631208867143,0.012195089408083167
0.75,0.2507781668296999,0.733010872568488,0.01621096060181228,0.013676239755452695,0.013970456278227019,0.0039022335476043826
0.0,0.6385785470382545,0.0,0.36142145296174555,0.015192150396340117,0.0,0.015192150396340117
0.1875,0.5151047443590226,0.17990343412338466,0.3049918215175927,0.01563455420568001,0.011959419498325059,0.014310226423563745
0.375,0.47069161225414285,0.36562755958227716,0.16368082816358004,0.01613522593782881,0.01536341115336929,0.011857751131293285
0.5625,0.2786072869415671,0.5554445784784703,0.16594813457996274,0.014185307613971744,0.01582592847584749,0.01187121026760246
0.75,0.2533107710850688,0.7296802812989238,0.017008947616007405,0.013855301147878652,0.014161061723621316,0.0039010636725250055
0.0,0.6399499578532363,5.026265263470337e-06,0.3600450158815003,0.014862427875173998,7.091943349030751e-05,0.014866561443053051
0.1875,0.4303460454218053,0.1776555208481992,0.39199843372999543,0.015668362412594863,0.012178270747403961,0.015087177478908476
0.375,0.4156725216350662,0.3703480967380507,0.21397938162688315,0.015085824915871309,0.014847750025796747,0.012677617546519913
0.5625,0.36071787756454726,0.5521836062946306,0.08709851614082204,0.015025315823209637,0.015503175074824651,0.00909424578072005
0.75,0.24530103853916158,0.7348007194897586,0.019898241971079932,0.013081905842696072,0.013467996246676961,0.004398688158677282
0.0,0.45662661108604913,0.0004184356718911571,0.5429549532420597,0.015276044888873944,0.0006498328611709516,0.015277942610183838
0.1875,0.517094156966821,0.17922215827594862,0.30368368475723023,0.015975805138289664,0.012253268220288771,0.014550225297944813
0.375,0.4496177938775181,0.366283409278746,0.18409879684373587,0.015755642485374984,0.015458624715850728,0.011986415129896259
0.5625,0.35604535367891593,0.5500731903547871,0.09388145596629688,0.015039163465566273,0.015412022515747845,0.008955413582594924
0.75,0.2520209853526722,0.7298581677422282,0.018120846905099533,0.013818328589319511,0.014004356043057614,0.004213826537143873
0.0,0.6388304089888757,1.0449320794148381e-06,0.36116854607904497,0.015568634324344703,3.302712775188946e-05,0.015570467422253813
0.1875,0.536978135373877,0.18215098252650147,0.28087088209962147,0.01566764147995467,0.011776847979894577,0.014043432545902687
0.375,0.34322106944393854,0.36686217593365905,0.2899167546224024,0.014702367699360615,0.015181373197216085,0.014583560252705425
0.5625,0.3732130779738832,0.5484325843119182,0.07835433771419861,0.015075819007702416,0.015532705552360266,0.008890446064675454
0.75,0.2560969841740434,0.7313965239541742,0.012506491871782374,0.013860078444245489,0.014114093126039447,0.0034697753504223314
0.0,0.6390077157972855,1.9365428540912863e-06,0.3609903476598604,0.015191624941098228,4.327443262425966e-05,0.015190137158656533
0.1875,0.533662514854014,0.17605182775174977,0.2902856573942363,0.015662173669859735,0.011924633864487864,0.014046132550612359
0.375,0.44886828176501387,0.36479940958362456,0.18633230865136158,0.015626183685105852,0.015206776505041725,0.012329512370172584
0.5625,0.2504926190533645,0.5506922843272255,0.19881509661940994,0.01385402738297598,0.016149479423380214,0.012742642913001766
0.75,0.17932396925908217,0.732256468931367,0.08841956180955088,0.011787866566315442,0.013631493827096252,0.009117932903348985
0.0,0.6394301670820903,1.0102187746428348e-05,0.36055973073016334,0.014989829334608932,0.00010053673304247854,0.014986362020087995
0.1875,0.538739673510119,0.17689352025880783,0.28436680623107313,0.015372856729568988,0.011840475556289773,0.014251844526307513
0.375,0.446862177799905,0.36874438854447267,0.18439343365562236,0.015436271100020287,0.01486829774615471,0.011833556602947194
0.5625,0.3519063946046298,0.5497111132138145,0.0983824921815557,0.014548420922698835,0.015532107616091384,0.009499848792415016
0.75,0.2489210267778937,0.7323638436261942,0.018715129595912126,0.014298975813168708,0.014575999466135504,0.004285025443053197
0.0,0.4496536555691786,0.00029055964998882353,0.5500557847808327,0.015698317145379972,0.0005459703705627029,0.01572531396163895
0.1875,0.4133950848413021,0.18089561552448194,0.405709299634216,0.015654553207556772,0.011952267199761538,0.015513455070112692
0.375,0.4540775132932099,0.3648227857436981,0.181099700963092,0.01617664172692554,0.015383736416432509,0.012389198128325183
0.5625,0.36821158394972214,0.5540829656312751,0.07770545041900286,0.0152158230074708,0.015406774837986121,0.008137886953545281
0.75,0.1461446374849154,0.7386266484923257,0.11522871402275878,0.011457533371384242,0.014119054711077267,0.010275815014066051
0.0,0.6401974147207375,2.959734522798002e-06,0.35979962554473954,0.015258428230496694,5.395766257534118e-05,0.015259758357439292
0.1875,0.5547413382730055,0.18150113018565403,0.2637575315413403,0.015611009888063954,0.012531753375434043,0.014034499688416692
0.375,0.4223458984094129,0.37133386838229454,0.20632023320829257,0.015208548134751861,0.015262914487531087,0.01266543501674789
0.5625,0.3607394052423585,0.5501534480381792,0.08910714671946221,0.014706816587609814,0.015431150271372669,0.008906232409722964
0.75,0.2440637361597823,0.7346898721743862,0.0212463916658314,0.013603100684905379,0.014262083293896275,0.004669748036791022
0.0,0.4935213153092937,7.001953712007903e-06,0.5064716827369943,0.016321723335436574,8.34073134366588e-05,0.016319284945419496
0.1875,0.5399968672698534,0.18114833785284895,0.27885479487729764,0.015327459916491938,0.012198355392960604,0.01436693042436731
0.375,0.46277824855675215,0.3683431675894135,0.16887858385383434,0.01611707151871441,0.015240397106223571,0.011937591278510485
0.5625,0.3594908008127925,0.5517904765893802,0.08871872259782726,0.015326813877326104,0.015652947696082966,0.00848926150471726
0.75,0.243916119881403,0.7342730253820994,0.021810854736497628,0.013687880024556188,0.01382984285387963,0.004694126761702994
0.0,0.6401352130089936,3.898344937485497e-06,0.3598608886460689,0.015101471605057743,6.15499274241662e-05,0.015101009056612458
0.1875,0.5181746768001348,0.1757565037900489,0.30606881940981623,0.015981060269435493,0.011644819889520302,0.014680602453480105
0.375,0.34321391985452027,0.36566249764026315,0.29112358250521664,0.015375153834152954,0.015566532116468355,0.01449201662012685
0.5625,0.356881193118908,0.5549346000222597,0.08818420685883234,0.0154234170869769,0.016101548502203494,0.009045942196706028
0.75,0.1746669137832393,0.7354931286954184,0.08983995752134223,0.011811843895882152,0.013927362202097008,0.009142265779660376
0.0,0.6388780693758563,1.2062059127541646e-05,0.36110986856501615,0.01565932293310491,0.00010949843755500369,0.015662343628949405
0.1875,0.5369986396080783,0.1791560265542168,0.283845333837705,0.01567512997003192,0.012110134458269453,0.014074462469986672
0.375,0.4582323129463613,0.36621298030381627,0.1755547067498225,0.01602370761194592,0.015132091395508415,0.01207192022807467
0.5625,0.3507204500070551,0.5546645885060811,0.09461496148686384,0.014931933512913087,0.015171194344819627,0.008650109604762597
0.75,0.24337763930984674,0.7334440927500147,0.0231782679401386,0.013224137041621668,0.013534393893635092,0.004783455983461287
0.0,0.6393421051553879,9.096490446111722e-06,0.360648798354166,0.01524841830702993,9.550392091698164e-05,0.01524769319313757
0.1875,0.5420189381592411,0.17582184971965387,0.28215921212110506,0.01551665531324321,0.012203704677435468,0.013748761835606069
0.375,0.44369688924556533,0.36751735810153036,0.18878575265290432,0.015418882439380846,0.014977845033934097,0.012587740848048262
0.5625,0.38325257736941987,0.5456749804470007,0.07107244218357948,0.01502969662938197,0.015454654244282285,0.008208211879177401
0.75,0.24378112571622365,0.7335028337094995,0.022716040574276813,0.013329832943779792,0.013632890571528897,0.004692182611217107
0.0,0.6400364438961463,3.029667428084303e-06,0.3599605264364255,0.015416528235715448,5.5243513547257406e-05,0.015418718673908254
0.1875,0.5575237286151716,0.17813131043943078,0.26434496094539756,0.015200867928811573,0.011356755516280901,0.01374354603535445
0.375,0.45342396183052014,0.36719139906532394,0.17938463910415592,0.01564769752060807,0.014987719046287575,0.01233532145973573
0.5625,0.2569055473247188,0.5571916436288495,0.18590280904643158,0.013640113009696338,0.015799630146087325,0.01233024780964098
0.75,0.17213380379725174,0.7339505219921587,0.0939156742105895,0.011767696771584457,0.01427570022665337,0.009414265024279724
0.0,0.6100183253740532,0.0,0.38998167462594674,0.015054630925424355,0.0,0.015054630925424351
0.1875,0.5372824116774694,0.17859073506607676,0.284126853256454,0.015556843201036528,0.01231185042213381,0.014176208836599612
0.375,0.4475681245042956,0.36599868595116186,0.18643318954454255,0.015723203049910026,0.015188796745655925,0.012109782889262712
0.5625,0.3633255324436825,0.5505341931311347,0.08614027442518275,0.015407541671444449,0.015599771366695603,0.009304488978029954
0.75,0.24100193235843057,0.7358378604064847,0.023160207235084815,0.013269325036511103,0.01377485134699936,0.0046759980952092595
0.0,0.4493069518398039,0.00046012261258405253,0.550232925547612,0.01570830078961189,0.0006782187962568489,0.015725342728778572
0.1875,0.3909230947780593,0.1834946387330916,0.42558226648884917,0.015731870376856673,0.012524199409188766,0.015603366482123284
0.375,0.4472216450883917,0.3668869949455715,0.18589135996603676,0.016199556836557084,0.015274899475123666,0.012502425371820895
0.5625,0.35347059877307596,0.5540458611921005,0.09248354003482341,0.015059396455541904,0.015483519258616713,0.008767209874311207
0.75,0.189890191409207,0.7335372665081578,0.07657254208263516,0.012489074439466554,0.01394833880557397,0.008324767982204058
0.0,0.49304084771730705,8.469754634716509e-05,0.5068744547363457,0.015360261870434667,0.0002920598317105186,0.015366023025573342
0.1875,0.5418742627089678,0.17942627436493608,0.27869946292609604,0.015597768330983947,0.012220228144621348,0.014423578201059672
0.375,0.43798366933300964,0.3657630853071272,0.1962532453598631,0.015518628645351569,0.015411590202412293,0.012786389013313434
0.5625,0.318467286793891,0.5554803191941319,0.12605239401197696,0.014910408890741113,0.015521480246058268,0.01061378083726362
0.75,0.1904981557980931,0.7355904777797072,0.07391136642219971,0.012343478199198132,0.01376259445722734,0.008422617901293256
0.0,0.6123442925178263,1.0080645161290323e-06,0.38765469941765773,0.01552501722565297,3.1861856107417554e-05,0.015525478937705934
0.1875,0.3947807508297684,0.18255374320378195,0.42266550596644964,0.014656166749479494,0.012367841249165722,0.015131929482183193
0.375,0.34089287359195025,0.3704358364517088,0.28867128995634095,0.014876108554685581,0.01538364596369772,0.015124758228222231
0.5625,0.34912046393311497,0.5525441758065415,0.09833536026034347,0.01538489437885822,0.016003609436540844,0.00938652695679409
0.75,0.23808902435823745,0.7372045978244262,0.024706377817336266,0.013394548992207243,0.013951980449067055,0.0049650106615300605
0.0,0.6395938611944089,9.775171065493646e-07,0.3604051612884846,0.01572849443089152,3.089634531628369e-05,0.015727412700627892
0.1875,0.5390821819558322,0.1770925713566145,0.2838252466875532,0.015889119339001393,0.012574002670046781,0.01442912736248992
0.375,0.35054125456720236,0.3674609152003984,0.2819978302323992,0.015066064750775598,0.015255502970852056,0.014000542033493046
0.5625,0.2649306064307594,0.5544871825243436,0.18058221104489713,0.013897233607033226,0.015328105736040735,0.012106996024162592
0.75,0.24483404874448825,0.7322830573142256,0.022882893941286057,0.013443696937167576,0.013577560188043156,0.004773459645177889
0.0,0.6389625409001649,0.0,0.3610374590998351,0.014927092155473668,0.0,0.014927092155473672
0.1875,0.537815577260423,0.1778740141756347,0.28431040856394224,0.01600955215439685,0.012284057894738071,0.013994594392596304
0.375,0.331269242218439,0.3688377622637759,0.2998929955177851,0.014707650053435174,0.01476118618533413,0.014517906637545394
0.5625,0.3067692680918493,0.5502115445880525,0.14301918732009813,0.014500428537388888,0.015440976980465492,0.011353054516419235
0.75,0.2508541985956771,0.7325801435940453,0.016565657810277537,0.013548727983116775,0.014064806839431994,0.00400627910751563
0.0,0.4261236859802912,0.0007576965063990282,0.5731186175133098,0.014998538706030682,0.0008895673258393087,0.015036432021961508
0.1875,0.5462682236408481,0.17606473996416577,0.27766703639498597,0.016055749048810526,0.011792229849830351,0.014360404256067869
0.375,0.3605023291824012,0.37390963519548437,0.26558803562211436,0.014293846228185794,0.01562216351033311,0.013744279208304492
0.5625,0.23554921845450905,0.5484792899104908,0.21597149163500018,0.013564495156055885,0.015914014970392736,0.013032409330639455
0.75,0.1906130379014151,0.7343088743324269,0.07507808776615804,0.011815158315360912,0.013668523700213521,0.008416045146840493
0.0,0.6119975095702878,8.47674307343203e-05,0.387917722998978,0.015371176839669506,0.00028884810333018997,0.015367702077242695
0.1875,0.5185511611394045,0.18095620383636327,0.3004926350242323,0.015624085171763313,0.012681808360813139,0.014545043900487232
0.375,0.35583346067977223,0.36725546041358287,0.2769110789066449,0.01522029479203932,0.015633199505898646,0.014060230213190231
0.5625,0.36474658756225337,0.551761751892201,0.08349166054554556,0.015394831790962309,0.015468308747988019,0.008631692872341291
0.75,0.24958796429185134,0.7341293020573915,0.01628273365075713,0.013939173373501187,0.014193152389925183,0.004030148143967454
0.0,0.6390179673682858,1.0298661174047374e-06,0.36098100276559675,0.014728974285779206,3.255093847431329e-05,0.014729263260428643
0.1875,0.5396435711018774,0.17725505912647083,0.2831013697716517,0.015508152666807313,0.01202696035728936,0.01438198847684933
0.375,0.4342166475493918,0.36480551096986563,0.20097784148074252,0.015909509854955373,0.01532133002668966,0.012533153848444929
0.5625,0.25374873292208505,0.5544710519274749,0.19178021515044003,0.014238622185498083,0.016331080986281752,0.012693194686758473
0.75,0.25341095723490725,0.7335260144414228,0.013063028323669835,0.013858252871201807,0.013903375933436877,0.003516436362126595
0.0,0.6400331197985287,6.053068174558095e-06,0.3599608271332968,0.01473341318815937,7.793386785648394e-05,0.0147318399052086
0.1875,0.41664026243156194,0.17928584090152186,0.4040738966669162,0.015121112012979311,0.011285991661923773,0.014974664248306322
0.375,0.39984412360772253,0.36652032922961986,0.2336355471626577,0.015764010654995924,0.01575588622029128,0.013621789254179357
0.5625,0.24519802030193,0.5508974292122558,0.20390455048581413,0.013590592326521699,0.015613260100792486,0.01250449178850644
0.75,0.19061115787026842,0.7340545966207321,0.07533424550899938,0.012672098457938303,0.014022020150251637,0.008234033760259945
0.0,0.612249321873414,1.0395010395010395e-06,0.3877496386255465,0.015114106867529254,3.2855469083740346e-05,0.015113571774852794
0.1875,0.5430001639345103,0.18027971067440968,0.2767201253910801,0.01583107433230218,0.012246239929494349,0.014302895447833757
0.375,0.4418869566531431,0.3653037279061052,0.1928093154407517,0.01570631847889673,0.014909340617494648,0.012209923087425517
0.5625,0.3453801556791409,0.5484469484082396,0.10617289591261946,0.015088650517727203,0.01578722815277709,0.00974606266962597
0.75,0.24423011027167849,0.7344173635249066,0.021352526203414938,0.013321493242464004,0.013663955653315565,0.004694766171490085
0.0,0.6402503708086923,6.071645163593205e-06,0.3597435575461441,0.015571595058070993,7.818845379857727e-05,0.015570885444241673
0.1875,0.5310118708080496,0.17963727696009885,0.2893508522318515,0.016190857473778287,0.012049595296152921,0.014710601572166925
0.375,0.33462627065674067,0.3666738548681151,0.2986998744751443,0.014790641464229112,0.015141116717002868,0.014197814580434173
0.5625,0.34202256712259604,0.5495593133224574,0.10841811955494639,0.0149477031732673,0.015251121922472192,0.009847842615174499
0.75,0.24648951879484707,0.7334669333456909,0.020043547859462045,0.013680158502097582,0.014136760103570773,0.004476327478979072
0.0,0.611480001694262,1.0131712259371835e-06,0.38851898513451205,0.015599645719639616,3.2023263686482495e-05,0.015600367487581462
0.1875,0.5435784166731755,0.17953197013406516,0.2768896131927593,0.015401897088550606,0.011900254151471038,0.013873476198149727
0.375,0.42786668486512347,0.3676336065974455,0.20449970853743107,0.014926837776814642,0.015165223012842885,0.0122918553659478
0.5625,0.21889200656263103,0.5478133064744015,0.23329468696296743,0.012888177540706076,0.01570550654503888,0.01366270941720191
0.75,0.16871601868387173,0.7334506330569013,0.09783334825922699,0.01149967179678473,0.013501420840415362,0.009268011266661975
0.0,0.6110338490423539,5.722953592316304e-05,0.3889089214217229,0.015563485320706548,0.0002329056196310238,0.015574200889035897
0.1875,0.5449174022392961,0.1794771002550826,0.2756054975056213,0.01558611189787182,0.012231758344238534,0.014399029073890478
0.375,0.2962008697003161,0.36778102928125395,0.3360181010184299,0.014673934144016515,0.014678348453926009,0.014731683953234664
0.5625,0.249181624083276,0.5525652534813728,0.19825312243535126,0.013785989243725016,0.015161949894803657,0.011865027223123353
0.75,0.2520640110180502,0.7312868344443674,0.016649154537582377,0.013483585769510179,0.013806114141448625,0.003917444136279905
0.0,0.6401683761778076,2.0189783969311528e-07,0.3598314219243526,0.006785777738346431,6.381377197366892e-06,0.006786244746231514
0.1875,0.5621400188935477,0.17896878038102032,0.25889120072543204,0.0069673731143556385,0.005439095624359962,0.006122961669956124
0.375,0.44479344358110046,0.3664544328304179,0.1887521235884817,0.007137604077231558,0.00700275506557722,0.0053900279646303
0.5625,0.36579373962279554,0.5520656008985714,0.08214065947863312,0.006881388170984405,0.007024670919123219,0.0038720877904709298
0.75,0.252673365685473,0.7324393846058928,0.014887249708634254,0.006178432351644575,0.006164449170941113,0.001752970140968193
0.0,0.6183100186368476,0.0,0.38168998136315235,0.0067471593010623,0.0,0.006747159301062306
0.1875,0.5338827346970372,0.17811193495077554,0.2880053303521872,0.00708927139259252,0.005221275645045974,0.006313374416381031
0.375,0.4675525387254139,0.3659181979162936,0.16652926335829246,0.0070231455915742095,0.006895919011840516,0.005309638903029317
0.5625,0.36102798709693873,0.5522588071412229,0.08671320576183841,0.0071205382962021835,0.007205530203293539,0.003986566431037775
0.75,0.25246327630095294,0.7329004949136284,0.01463622878541861,0.00572726775813341,0.005886114553242934,0.0017179813944257682
0.0,0.6145785374348757,0.0,0.3854214625651244,0.006684608088571559,0.0,0.006684608088571556
0.1875,0.5494571883646757,0.17835256379602396,0.27219024783930024,0.006977855770125442,0.005644986406393796,0.0064927658671128695
0.375,0.46579672156622864,0.36596883246257517,0.1682344459711962,0.007234815941092916,0.006894362739767168,0.005357640923214432
0.5625,0.3745418735757318,0.5519956113580216,0.07346251506624665,0.006806516887529023,0.007084156732629535,0.003877428030428897
0.75,0.2517423389125268,0.7328136214636304,0.015444039623842856,0.005909298218572419,0.0061272806856082175,0.001801906871345372
0.0,0.614742178907531,2.8352257121216126e-05,0.3852294688353477,0.006675166526048469,7.621424448353972e-05,0.006680651681383836
0.1875,0.5569289426309649,0.17845850149519532,0.2646125558738397,0.007179850993364847,0.005563335368279069,0.00629116196281011
0.375,0.44693838770097283,0.36570339079473624,0.18735822150429093,0.007027653872153345,0.006936219545874454,0.005333276676400918
0.5625,0.3752255147352345,0.5514600907729973,0.0733143944917681,0.0068476241695349565,0.0070937884285537265,0.0036219252763270023
0.75,0.21480620670963146,0.7345525095209255,0.050641283769442935,0.006001868986764322,0.006339120736559311,0.003062181768545639
0.0,0.6149801131109079,1.0193373428671766e-05,0.3850096935156634,0.0068461748781155326,4.488942749649133e-05,0.006845004922725924
0.1875,0.5633566412907178,0.17870335415629704,0.2579400045529851,0.007121500109325263,0.005436826395882775,0.006357575851074943
0.375,0.46362396377259246,0.36613205318045094,0.17024398304695665,0.006947569012265268,0.006508879303207149,0.005415738497898863
0.5625,0.35508993428553115,0.5529249065979134,0.09198515911655536,0.0067398453579073725,0.007048399489956423,0.0040896654498025955
0.75,0.24308872945606116,0.7332651307977717,0.023646139746167093,0.005929010248161851,0.00614632240873904,0.0021438772386948796
0.0,0.6398481545202332,0.0,0.36015184547976664,0.006669265267950307,0.0,0.006669265267950305
0.1875,0.5412243536182902,0.17826607591992116,0.2805095704617886,0.006866814403564925,0.005224531156661,0.006234025652465271
0.375,0.47158635038469127,0.36550106228583884,0.16291258732946992,0.007343685830815766,0.007059346729905376,0.0054202626930840705
0.5625,0.36087640456983944,0.5510267204225197,0.0880968750076408,0.006740480233472574,0.007307066732534039,0.004061675195546848
0.75,0.25114675287165233,0.7336767628197285,0.01517648430861912,0.006071591504694339,0.006274272248491573,0.001673887085635931
0.0,0.6253351016706915,4.0173968575620785e-07,0.3746644965896227,0.006753275609803044,8.974321980307141e-06,0.006753840058542204
0.1875,0.5444377935534201,0.17843749226743685,0.2771247141791429,0.006994839463085483,0.005211663521756293,0.006271267043559729
0.375,0.456605245223841,0.36589036445671275,0.1775043903194463,0.007034877657982409,0.006783881917223734,0.005449761060873873
0.5625,0.3465137703083931,0.5521318483578754,0.10135438133373141,0.006575984289039465,0.007040397017779573,0.0044091800238785835
0.75,0.25641827755128394,0.7318896721459912,0.011692050302724813,0.0062035309192389615,0.006268006906617833,0.0014730105333240514
0.0,0.6255076741082208,0.0,0.37449232589177905,0.006797269278812443,0.0,0.006797269278812441
0.1875,0.5590975462749435,0.17892555713269176,0.2619768965923648,0.00695940966011645,0.005458883040504744,0.00617776118544355
0.375,0.44610068052639623,0.36589059112399,0.18800872834961377,0.00683503455972278,0.006790990626706103,0.005314408784553973
0.5625,0.36813259151103467,0.5521182737303382,0.07974913475862715,0.006911757618024198,0.007018889823951304,0.0038043715059934546
0.75,0.24045527006771886,0.7332944418125049,0.0262502881197762,0.005842975427017368,0.006001812920402056,0.0023263923341624465
0.0,0.6399139447415596,0.0,0.3600860552584405,0.006595904740743591,0.0,0.0065959047407435885
0.1875,0.5440782526402997,0.17812405656046154,0.27779769079923883,0.00711473124661094,0.005291055062747364,0.0062791806635773845
0.375,0.46267017144756056,0.36592464802185726,0.17140518053058218,0.006755688502576114,0.006549743246910718,0.005202553655847887
0.5625,0.383348651696979,0.5512984864227699,0.06535286188025105,0.006941587090761527,0.007120269247056894,0.0035028388372684897
0.75,0.24052910641711667,0.7340834134161467,0.02538748016673677,0.0060528854029993345,0.006154839176330392,0.0021749616247171287
0.0,0.6145893640793618,2.0096463022508038e-07,0.3854104349560079,0.0067506771040733654,6.351881281864593e-06,0.006750822497238901
0.1875,0.5428121325490631,0.17735040241344044,0.2798374650374964,0.007030541720376835,0.0052494264563776,0.00629851142787591
0.375,0.4344882011185869,0.36550974695472643,0.20000205192668669,0.007229820169128787,0.007195747042961379,0.005717355031056253
0.5625,0.38163093495586,0.5512025207132857,0.06716654433085435,0.006801476043586785,0.006860069609962944,0.0034227227308765177
0.75,0.24755976690781203,0.7323914336949456,0.020048799397242315,0.0061130544710450065,0.006259451814557585,0.002000663526710952
0.0,0.6403075922427052,0.0,0.3596924077572947,0.006903892897683553,0.0,0.006903892897683553
0.1875,0.5633502711305358,0.17890837480908425,0.2577413540603799,0.006939829271410693,0.005462183804035567,0.0060594296954106135
0.375,0.44680867635108684,0.36537837108000787,0.18781295256890523,0.006759553273779414,0.006742000273957811,0.005563352379493789
0.5625,0.3769363505252399,0.5503669338562963,0.07269671561846365,0.006865083778041491,0.006990741936312357,0.003618678141345244
0.75,0.24677888025564043,0.7339976491746932,0.019223470569666317,0.006119941397446094,0.006186266118923832,0.002023134419940559
0.0,0.6253754913150926,0.0,0.3746245086849074,0.006977010133335148,0.0,0.006977010133335148
0.1875,0.5536999097444664,0.17817889094232447,0.2681211993132091,0.006926295745402071,0.005291066198409472,0.006109751595438615
0.375,0.45434584495778224,0.3656054687480764,0.18004868629414145,0.0068693290970133596,0.006590185946322936,0.0053241519065232445
0.5625,0.3688706647903021,0.5515277171616532,0.0796016180480448,0.0068449021446067345,0.007132423181133955,0.0038336489608176445
0.75,0.25043667314687695,0.7331331640045599,0.016430162848563155,0.00606286729758902,0.006151775299862798,0.001790346521117897
0.0,0.6400084579014508,0.0,0.359991542098549,0.006569627120711435,0.0,0.006569627120711436
0.1875,0.5380178470465826,0.17860690435044801,0.2833752486029695,0.0068756440369773355,0.005438973620848372,0.006410924860437148
0.375,0.45255852288651954,0.36564118072531493,0.18180029638816558,0.007172730937848655,0.006561333521980412,0.00531433593932786
0.5625,0.35597100126557085,0.5519605643376515,0.09206843439677757,0.006743633616110876,0.006972448025908913,0.003986997108483001
0.75,0.24032096272510553,0.7329473737568145,0.02673166351807995,0.006119586813821375,0.006355642215005375,0.0022205179927752053
0.0,0.6174095239151544,0.0017721482967770275,0.3808183277880685,0.006817173632259382,0.0005668135810304103,0.006839367558956138
0.1875,0.5510290170844654,0.17847644091493797,0.2704945420005966,0.007139185515500185,0.005432297527862903,0.006142476183900703
0.375,0.46211519645126864,0.36511301241810307,0.17277179113062835,0.007009632542288597,0.006755436705844401,0.005510051494039288
0.5625,0.36839303673806495,0.5516372130532582,0.07996975020867694,0.007025222460660882,0.007078293529881957,0.0038724451671149343
0.75,0.24240157322510184,0.7322474476841999,0.025350979090698285,0.005807566283201522,0.0061079858311251095,0.0022289637523659677
0.0,0.6398838448550802,0.0,0.36011615514491985,0.006593723922106811,0.0,0.006593723922106812
0.1875,0.5625135638741362,0.17878314617802493,0.2587032899478388,0.0070779387170223735,0.005527013260049428,0.006208472240961068
0.375,0.4597209600844012,0.36537220042866864,0.17490683948693014,0.007116449933497135,0.006853859512317462,0.005389650602926521
0.5625,0.35444414436568095,0.5523895626937274,0.09316629294059159,0.006525956772697543,0.0068232035665263795,0.004055839696007411
0.75,0.25214671242635583,0.7327521484427005,0.015101139130943592,0.006247250339173723,0.006281608852986128,0.0017193492500892779
0.0,0.6148837619024758,4.18322103346205e-06,0.3851120548764907,0.00663169291991919,2.985839894795636e-05,0.006631383169821301
0.1875,0.5447095168080732,0.17784716662979821,0.2774433165621286,0.006917149114007354,0.005436793099004902,0.00618879098783645
0.375,0.4705960321731579,0.3667815576850158,0.16262241014182627,0.00696171089615649,0.006774461992122363,0.005155349692298038
0.5625,0.3672060709518816,0.5517600241696378,0.0810339048784806,0.007042174666326133,0.0072716828338268095,0.00398421271664873
0.75,0.25053342599885625,0.7329336768364573,0.01653289716468651,0.006202221835057472,0.006355063668210623,0.0017595286590007498
0.0,0.640250313756635,0.0,0.35974968624336495,0.006862811347884988,0.0,0.006862811347884988
0.1875,0.5361733016471613,0.17804110582626895,0.28578559252656976,0.0070858499000636165,0.005337229887858812,0.006456587218608601
0.375,0.4403899117478454,0.3662972299715284,0.1933128582806262,0.0068826352393790485,0.0069977277476058,0.005634385368545513
0.5625,0.28924251821457536,0.5552136478542973,0.15554383393112733,0.006317036911701795,0.006911791332044851,0.004900548952650026
0.75,0.24378064632683868,0.732739754760771,0.023479598912390324,0.005978314478786128,0.006151139662917122,0.002080539679189686
0.0,0.6251963685537053,1.7612714707570538e-05,0.374786018731587,0.007090845134194035,5.806952413876591e-05,0.007089762956056044
0.1875,0.5548792511460687,0.177484294300036,0.2676364545538952,0.007216444834008696,0.0055790325561644255,0.0063173263367922155
0.375,0.4721672184320961,0.3653041469768135,0.16252863459109046,0.007037954315264002,0.006712702116137871,0.005156001632391512
0.5625,0.36873903658252755,0.5513275668726747,0.0799333965447979,0.006710629549097194,0.006933230155082391,0.003723707414474043
0.75,0.2647535613682877,0.7318616390306735,0.0033847996010387626,0.00629190382423656,0.0063399796474509365,0.0008194852248774361
0.0,0.6145092610777282,1.8068026669765887e-06,0.38548893211960483,0.006731867385649499,1.895956547326949e-05,0.006732513351003466
0.1875,0.532941826021368,0.17816754351294709,0.28889063046568497,0.007068784378685673,0.005436738485756285,0.006338073767412123
0.375,0.44516461002575075,0.36572386647477484,0.1891115234994744,0.0071283392420580525,0.006891144421353437,0.005529474248251155
0.5625,0.3549097422268599,0.5522314946151264,0.09285876315801368,0.006963324280501647,0.0071844189048606635,0.004098093116813318
0.75,0.2505752022423973,0.7331319579258254,0.01629283983177727,0.006185374180834417,0.006230914797244427,0.0017744383513255619
0.0,0.6400966882911618,1.9876764062810573e-07,0.3599031129411976,0.006743445821569604,6.282441116787562e-06,0.006743798354951247
0.1875,0.5531937525811804,0.17858693494163,0.26821931247718955,0.006954872638465729,0.0053462708263563325,0.006377526108769473
0.375,0.4667774120084308,0.3651761107368865,0.16804647725468266,0.0068071700638996846,0.006653662163782261,0.005198549352909681
0.5625,0.3746219037661071,0.551796294764986,0.07358180146890692,0.00674430029220102,0.006929970525384228,0.0036989959867814283
0.75,0.2533101735282143,0.7323362808529605,0.014353545618825216,0.006107745200531165,0.0062092120079020215,0.001734861676463066
0.0,0.6398330769075445,0.0,0.36016692309245546,0.006712786916233542,0.0,0.006712786916233545
0.1875,0.5635312695073074,0.17853169531632315,0.25793703517636946,0.0066959801486397305,0.005315683983964244,0.006188501432507928
0.375,0.4588646932670518,0.3656842254471123,0.17545108128583586,0.006822804946630701,0.006796374044833345,0.005365489242448995
0.5625,0.35871081889399564,0.5516038292271626,0.08968535187884182,0.006570557566678328,0.006863122200087514,0.0040621050703199876
0.75,0.21527342697331645,0.7343660043427321,0.05036056868395131,0.005635832978927538,0.006185346266354852,0.003105950631586237
0.0,0.6403473720402224,0.0,0.3596526279597777,0.006966403672481042,0.0,0.006966403672481046
0.1875,0.5554421132071409,0.17769850466785878,0.26685938212500027,0.007124879437495885,0.00535662090785647,0.006336487061513243
0.375,0.4433926075643411,0.36557975347508403,0.19102763896057479,0.006721588430459517,0.006793387106236405,0.005498896471169776
0.5625,0.36991764191115684,0.5512135412546265,0.07886881683421654,0.006842281883561706,0.0070557848729130125,0.0037845205887280485
0.75,0.2482464470573277,0.7323025874455695,0.019450965497102773,0.0060622258399291,0.006359981636111426,0.0020532431116396205
0.0,0.6398380988678181,0.0,0.36016190113218194,0.006596185459942692,0.0,0.006596185459942693
0.1875,0.538772821137988,0.1794604643464197,0.2817667145155923,0.007135424383098803,0.005447282569626492,0.0062175921608029995
0.375,0.46206014235396986,0.3652861612698447,0.1726536963761854,0.00691137879687641,0.006815682815531681,0.005371070744586058
0.5625,0.3535672398902306,0.5519174662101318,0.09451529389963756,0.006773529345732663,0.007009239465887186,0.004098824736418432
0.75,0.2517692744527826,0.7320460937370833,0.016184631810134086,0.006323862429307287,0.00638330534305492,0.0017550115882132126
0.0,0.6400403218303515,0.0,0.3599596781696484,0.006864662780194146,0.0,0.0068646627801941485
0.1875,0.5601673704490132,0.17773283546565397,0.2620997940853328,0.0071034054057051155,0.005239795475142718,0.006256135094849322
0.375,0.45886336087811086,0.36532302841052866,0.17581361071136048,0.007180626076340506,0.006734918976699704,0.0055407554507433295
0.5625,0.36379356564157966,0.5524521488296673,0.083754285528753,0.006843391726507513,0.007179481394104791,0.003923248861582459
0.75,0.24589476596513224,0.7335711581805477,0.02053407585432005,0.006007209259322862,0.006113101223269583,0.0019965676619751517
0.0,0.6395430015417851,0.0,0.36045699845821483,0.006609892638551995,0.0,0.006609892638551993
0.1875,0.5390867918698407,0.17916748140228694,0.28174572672787246,0.00684159590512886,0.005379910353326918,0.006287170696529229
0.375,0.452751746199444,0.36451630873240576,0.1827319450681502,0.006937567317947844,0.006831638833904439,0.005261467426803908
0.5625,0.37562327750504676,0.550937122244775,0.07343960025017825,0.006852016327867957,0.0069944902081831555,0.0035690446493192762
0.75,0.24912657797404245,0.7325388384148058,0.018334583611151825,0.00592365956097707,0.00607485632745271,0.001913660721447905
0.0,0.614629113136931,0.0,0.385370886863069,0.0067959816365325675,0.0,0.0067959816365325615
0.1875,0.4407736357014561,0.17957163772549667,0.3796547265730472,0.007024255486119186,0.005363766603464248,0.006789927559679264
0.375,0.45886367306900716,0.3648868209115177,0.17624950601947512,0.007279325267268053,0.00694105271580153,0.005402662360298544
0.5625,0.37368681731263065,0.5514450604882946,0.07486812219907485,0.006760749732286233,0.006941876352674392,0.0037378549898842107
0.75,0.25215821493428314,0.732872665896883,0.014969119168833743,0.006133236075040405,0.006198363184117749,0.0017496593954929175
0.0,0.6387455024873356,0.0002559456536836349,0.3609985518589806,0.00676137338119934,0.00022719145274669827,0.00676026103772784
0.1875,0.5552853779564889,0.17772313305282578,0.2669914889906854,0.006881770454696982,0.005391724584191829,0.006245569521554731
0.375,0.45844655544409285,0.3652130086782387,0.17634043587766843,0.007121834514334217,0.006638020638889285,0.005551926266215635
0.5625,0.3515258366799475,0.5514482207106242,0.09702594260942841,0.006569083424734939,0.0068985373303798074,0.00438603864410689
0.75,0.24559480316180254,0.7333174565800433,0.0210877402581541,0.0059883018981388425,0.0061890118717858236,0.0020494147827008692
0.0,0.6256068070907838,0.0,0.3743931929092163,0.0069422232965110405,0.0,0.0069422232965110405
0.1875,0.5445985399204174,0.1784827558568341,0.2769187042227486,0.007173531805842319,0.0054278508866225,0.006492883356078199
0.375,0.4590612716803262,0.3668197025578163,0.17411902576185748,0.007199343150872496,0.006797693673035663,0.00533540287797302
0.5625,0.36698760105538475,0.5523229711983304,0.0806894277462849,0.006919607286638427,0.007050368858100147,0.0038606202139230285
0.75,0.25216733945863545,0.7331734919654882,0.014659168575876326,0.006199273965824082,0.006334218445812774,0.0016685034666541608
0.0,0.6400317131839255,0.0,0.3599682868160745,0.00673428963956894,0.0,0.0067342896395689335
0.1875,0.5512145995419971,0.17782418547436615,0.27096121498363673,0.0069549347936126455,0.005566979032845426,0.006279180437550743
0.375,0.46877340976512005,0.365853455640586,0.16537313459429392,0.006883057780685242,0.006827257916179361,0.005337061167911001
0.5625,0.35468502424874276,0.5515479226354495,0.09376705311580774,0.0067044731885134955,0.006931381936580454,0.004041791623718388
0.75,0.24400444724922443,0.7329792396204551,0.023016313130320497,0.006079022198180433,0.006304098397678864,0.0021012890279765166
0.0,0.6149376646419455,0.0,0.38506233535805456,0.007060382985709534,0.0,0.007060382985709531
0.1875,0.5504849158279456,0.17799035183559095,0.27152473233646346,0.007066263756409567,0.005575866109194178,0.006164138763816659
0.375,0.4665803111914023,0.365166801821926,0.16825288698667162,0.007062059227181334,0.006805259784854424,0.005205596548837157
0.5625,0.29358161640800623,0.5526319873833657,0.15378639620862805,0.006143414233322002,0.006876302341631253,0.0049962892996688124
0.75,0.2528405419148582,0.7328195585876164,0.014339899497525423,0.006102042757794592,0.0063383041912840185,0.0017213695926859395
0.0,0.6146946977976786,0.0,0.3853053022023214,0.006788549735186694,0.0,0.006788549735186695
0.1875,0.5610794392123409,0.17889486244633,0.26002569834132894,0.007161329141330738,0.005345127484420154,0.006333097235805853
0.375,0.46173037839815995,0.3651522024639984,0.1731174191378417,0.00671875138643181,0.006630528669066429,0.005281401160387428
0.5625,0.3714311128515655,0.5510887495697971,0.07748013757863728,0.006798251123828351,0.007255649333827947,0.0037462321772410174
0.75,0.25212793437733827,0.7324620964248768,0.015409969197784843,0.005937347527059341,0.006066713187903876,0.0017320371120397079
0.0,0.6401899235427179,0.0,0.3598100764572821,0.0066884935197606245,0.0,0.006688493519760624
0.1875,0.5533578673473044,0.1784552850217848,0.26818684763091083,0.00697074073491907,0.005612646402717381,0.006190943503554086
0.375,0.4535989637468776,0.36581338521284634,0.180587651040276,0.00714463701630205,0.006836600817215921,0.005327361426592606
0.5625,0.3222093744323764,0.5517677348835066,0.12602289068411696,0.006342606414110889,0.006809637176482269,0.004517975869948372
0.75,0.24724919731914155,0.7322681934922635,0.020482609188594875,0.005871225074764473,0.005991688341095195,0.0019633192530482484
0.0,0.6251047048077243,4.119463305270224e-05,0.37485410055922297,0.006937250816312713,9.36057755967416e-05,0.0069387479658757235
0.1875,0.5518642917219013,0.17756819915272795,0.2705675091253707,0.006874416765884532,0.005527360667208061,0.006193835696581585
0.375,0.4652197049894125,0.365051268632558,0.1697290263780295,0.0066110697963213194,0.00649727917788996,0.005547043978802425
0.5625,0.3573877319105618,0.5528857810802378,0.08972648700920047,0.006613097401921821,0.006639609364277491,0.0038793715187352396
0.75,0.252976701830256,0.7333763853334927,0.013646912836251282,0.006184763806601089,0.006274491224908352,0.001679170619655443
0.0,0.6399923348645383,0.0,0.36000766513546173,0.006731570632824662,0.0,0.006731570632824659
0.1875,0.5599167976261598,0.17810069780639767,0.26198250456744243,0.007123062184589799,0.005275400472288001,0.0060462095572184
0.375,0.4579554803009254,0.3658801376841366,0.17616438201493792,0.006969158795626602,0.006692862584597956,0.005420299795918787
0.5625,0.3541158715678884,0.5512043293381471,0.0946797990939646,0.006886295388212171,0.0069622497018659805,0.0041340660375317395
0.75,0.2557745830310512,0.7323354760517202,0.011889940917228423,0.006107696130070263,0.006235611003632066,0.0014871450110232624
0.0,0.6400334515991358,0.0,0.3599665484008641,0.006960791159929455,0.0,0.00696079115992946
0.1875,0.5614753821066049,0.17840612433493022,0.2601184935584649,0.007251303425403661,0.005623736435297507,0.00627106854016727
0.375,0.4553944428977133,0.36657173137251153,0.1780338257297751,0.006919324551568629,0.006620672576609166,0.005406253382804471
0.5625,0.35692790479297576,0.5525844022368699,0.09048769297015442,0.0065512639285318554,0.0066838438214370625,0.0040646883817410055
0.75,0.24729743071993926,0.7340973116004563,0.01860525767960437,0.006251990885723311,0.00639790085810564,0.0019275910445471461
0.0,0.6397387747398036,0.0,0.3602612252601963,0.0068560810910587265,0.0,0.006856081091058728
0.1875,0.5526708751774884,0.17817807244344436,0.26915105237906717,0.006942977574819472,0.005438706562788844,0.00618503961773371
0.375,0.4579730877510991,0.3666007625741581,0.17542614967474288,0.00719975338887467,0.006924735394076631,0.005186959349551278
0.5625,0.36333584433495564,0.5514746488223793,0.08518950684266496,0.0066590091242655,0.0070394858390510255,0.00407171333563313
0.75,0.2649196257702432,0.7323682685988993,0.00271210563085748,0.0065099253305079905,0.006538939299795255,0.0007269784809385165
0.0,0.639276626897283,9.003437751159939e-05,0.3606333387252055,0.007070412546660313,0.00013942968756331905,0.007068330102728024
0.1875,0.5536419700305482,0.1787495786200312,0.26760845134942063,0.00698691557429319,0.005561263736759875,0.006227589592903016
0.375,0.46983736471115367,0.36506446593854036,0.16509816935030586,0.007166826867270252,0.006921820534064987,0.005193414265079203
0.5625,0.36058326953300157,0.5525896129194079,0.08682711754759061,0.006710163183890617,0.006893876209855423,0.003913743969807776
0.75,0.24516974251450774,0.7335464395902891,0.021283817895203207,0.0059791340401500696,0.0061860614957897535,0.0021400082104861746
0.0,0.6400901254861974,1.9825535289452815e-07,0.35990967625844955,0.006970821066859412,6.266249258239141e-06,0.006970961379746632
0.1875,0.5508204652205062,0.1782634236070675,0.27091611117242625,0.0069016861715338685,0.0053457738664680465,0.006147159693020986
0.375,0.4344985035211585,0.36724458246477953,0.19825691401406198,0.0069401993384193535,0.006974601286277823,0.005732378913882067
0.5625,0.380534905490545,0.5509723222532994,0.06849277225615572,0.006913291562578289,0.007056288027278801,0.003423651332573565
0.75,0.24271093799102697,0.7332175462943266,0.02407151571464643,0.0059399578349991515,0.006193222743100547,0.002178236850237568
0.0,0.6339255666060328,2.0080321285140563e-07,0.3660742325907543,0.006890302020257002,6.346779369188395e-06,0.00689012967824572
0.1875,0.5517897880969524,0.1778855355498608,0.27032467635318674,0.0072124258455493525,0.005484352821235504,0.0064349051054817625
0.375,0.4454147880868991,0.36530213206972745,0.18928307984337336,0.0070753656196366685,0.006783538508637718,0.005642408675488441
0.5625,0.3794591876312951,0.5508760588378891,0.06966475353081593,0.006721603458141152,0.00699040619674863,0.0035354063674154757
0.75,0.24739853973882067,0.733225026606905,0.01937643365427438,0.005992683782795153,0.006051343768184424,0.0019260403525122667
0.0,0.6404267199223954,2.008838891120932e-07,0.3595730791937155,0.006816396140351212,6.349329300634436e-06,0.006816351474103532
0.1875,0.5415344293095843,0.17824816006756156,0.28021741062285405,0.0068586750246127344,0.00550572494345468,0.0061713254972352305
0.375,0.44970586675771523,0.3650576998672764,0.1852364333750084,0.007123041597928698,0.006928583854262055,0.005589842151646179
0.5625,0.35694448404273693,0.5522749209073554,0.09078059504990758,0.006982166801745714,0.007140159519485137,0.0040908884255176645
0.75,0.2470816552382461,0.7329651538627878,0.01995319089896617,0.006168463872833194,0.0064152159145177265,0.0019071659299334095
0.0,0.6257647247498612,5.582228596806142e-06,0.37422969302154196,0.0068712300605762115,3.289324878585787e-05,0.006868904973431862
0.1875,0.5379500679185493,0.17812510769566992,0.28392482438578076,0.00723593155036965,0.005392272365445445,0.0061905368767283895
0.375,0.4636842270724271,0.36511354419873887,0.1712022287288341,0.006874152651792398,0.006635747762677604,0.005459187392453184
0.5625,0.36145924842008115,0.5521213777054552,0.08641937387446358,0.006961214084707301,0.007182651714171212,0.0039255157310753176
0.75,0.25374320948717427,0.7325441324383242,0.01371265807450158,0.006012006566208585,0.006128872219316568,0.0016256240422198671
0.0,0.6403514679508642,0.0,0.3596485320491357,0.0068268942421111315,0.0,0.006826894242111134
0.1875,0.5643828501712905,0.17894950886473457,0.25666764096397476,0.00711353502774652,0.005304922410510424,0.0063900357899680715
0.375,0.4730174008052246,0.3655862890733896,0.16139631012138575,0.0073582634480663595,0.007109644431462374,0.0052433524273908984
0.5625,0.3471132149614584,0.5518717238253341,0.10101506121320736,0.006617054046076513,0.006895326074287509,0.004304224413759801
0.75,0.2580924671582202,0.732703286025655,0.009204246816124794,0.00620360974571117,0.006227067135763032,0.0013385429186027903
0.0,0.6146012637580934,0.0,0.38539873624190657,0.006925863890594097,0.0,0.006925863890594096
0.1875,0.5587234559802254,0.1784813151832037,0.2627952288365708,0.006924384489380127,0.005362039321221019,0.0059973464427957954
0.375,0.46024273733726095,0.36524168529186957,0.17451557737086942,0.00696460940718531,0.006559081637630349,0.005488440389340998
0.5625,0.3625778392889443,0.5525564341493389,0.08486572656171679,0.006992290377569534,0.007289892115786956,0.0039266856635949395
0.75,0.24859307009663056,0.733169575014564,0.018237354888805412,0.006229873755396312,0.006323656644007696,0.0019225066163391347
0.0,0.6151026434595377,4.400585038620632e-06,0.38489295595542367,0.0068746235893565695,3.070234258866541e-05,0.006874575092804895
0.1875,0.5361029131584912,0.17809938103114598,0.2857977058103628,0.006984101207324698,0.00539982506265653,0.006456364183945584
0.375,0.4567991405819955,0.3651734486639153,0.1780274107540892,0.006912034091365555,0.006747508832770884,0.005405190207210278
0.5625,0.3630846313282749,0.5513356785014121,0.08557969017031292,0.0065276875308811514,0.00690365144215074,0.004019737731413917
0.75,0.26222457603373195,0.7321709625889621,0.005604461377305965,0.006014029212952736,0.006057980163058443,0.0010440439976262795
0.0,0.6400983989465183,0.0,0.35990160105348173,0.006877143116648576,0.0,0.00687714311664858
0.1875,0.5400772008195514,0.1780125562760031,0.28191024290444544,0.00692955598273597,0.005364018697114779,0.006180083306603806
0.375,0.4562198504927483,0.36537425686995956,0.17840589263729215,0.007061870590174149,0.0066135681700827224,0.005328432059881093
0.5625,0.3596509741436375,0.5514704830507309,0.08887854280563164,0.006935598598844531,0.0073794501484670495,0.003934732096813852
0.75,0.2463927299288586,0.7340351887058797,0.01957208136526164,0.006160763196616895,0.00629034865317561,0.0019823942299053315
0.0,0.6399524841752243,0.0,0.3600475158247757,0.006586774725870107,0.0,0.006586774725870104
0.1875,0.4771866528697658,0.16773325689619883,0.3550800902340353,0.007063491259093086,0.005308672514627931,0.006693608956597814
0.375,0.45863165428641506,0.36519162791461895,0.17617671779896593,0.007332171849758988,0.006899860901339794,0.005518120832676724
0.5625,0.3659015710496319,0.5517907230843405,0.0823077058660277,0.006960718472564023,0.007084926710380435,0.003687574734628366
0.75,0.26021635106772895,0.7311716319450572,0.008612016987213852,0.006276516747756996,0.0063427848309207694,0.0013222187414022128
0.0,0.6254676566299741,4.032323626489765e-07,0.37453194013766333,0.0068311129465054785,9.007602047211386e-06,0.00683099621221307
0.1875,0.538423708844653,0.17807632406786267,0.2834999670874844,0.0070123517876986945,0.005500955668488546,0.006282473509850473
0.375,0.4649969158045112,0.36492016480863293,0.17008291938685582,0.0072500945325920585,0.006812283556868051,0.005321403819079209
0.5625,0.3640198433674514,0.5506980138492233,0.08528214278332527,0.006705491386416804,0.0068528876136850145,0.003917082516577452
0.75,0.2465695243036074,0.7316290363916707,0.021801439304721955,0.0058173973641133395,0.006024051732079929,0.0020420852217049768
0.0,0.639958459605987,0.0,0.3600415403940131,0.006721054602289906,0.0,0.006721054602289909
0.1875,0.5556075608584674,0.1783856181884556,0.26600682095307693,0.006909209669265366,0.005409201463552613,0.006106043335042947
0.375,0.4550501293978251,0.3653392011553559,0.179610669446819,0.006812682094000906,0.00672241311872312,0.005456790665611133
0.5625,0.3725360674087274,0.551744398228835,0.07571953436243746,0.0067197567861457495,0.0067417186083646155,0.0037089813786685185
0.75,0.2547003701321773,0.733850531139882,0.011449098727940811,0.006278356233922152,0.006393197828817473,0.001465243459518654
0.0,0.6397336588352712,4.0221249632366855e-07,0.36026593895223236,0.006776913311301124,8.984750272143785e-06,0.006777060919696684
0.1875,0.5365596118625592,0.17824372672953614,0.28519666140790456,0.007035577284145672,0.0053929532422747235,0.0064310342455073406
0.375,0.44837347354242213,0.3655400531484776,0.18608647330910025,0.007017980776150943,0.006970528840701377,0.005360433781421027
0.5625,0.3651717266358734,0.5517419300510497,0.08308634331307707,0.00662999064208387,0.006970906597057148,0.003954752586924197
0.75,0.24994905991721605,0.7335732661654117,0.016477673917372287,0.006075360017892037,0.006186972889793815,0.0018059549082143705
0.0,0.6402027509497354,0.0,0.35979724905026444,0.006941940531337774,0.0,0.006941940531337777
0.1875,0.5390317257097466,0.1779626802677351,0.2830055940225185,0.007190439296576054,0.0055317749285536035,0.006329912862557916
0.375,0.4485711290376134,0.3644276578960446,0.18700121306634193,0.007024580987674746,0.006845386380853655,0.005215424360821692
0.5625,0.3573489174515769,0.5528775855114652,0.08977349703695804,0.007023550684383077,0.007064973891468032,0.004016138449970269
0.75,0.24196497211629525,0.7336221520532422,0.02441287583046249,0.005850105187002183,0.005901453852773067,0.0021385830635525533
0.0,0.6148291604855204,0.0,0.3851708395144796,0.007154656938647815,0.0,0.007154656938647812
0.1875,0.5365480536779962,0.1779846815325491,0.2854672647894547,0.007152573392416376,0.005299903765739989,0.0063028575541669825
0.375,0.4611970764583201,0.36658096980118465,0.1722219537404952,0.0069932014855818595,0.0067701236855729026,0.005443716501485924
0.5625,0.3782800190960961,0.5516884091180256,0.07003157178587831,0.006920129435170153,0.006954041687151627,0.0034751700102159363
0.75,0.26156519756336194,0.7319089751833787,0.0065258272532593515,0.006387641371896824,0.0064381866685000655,0.001099803822081286
0.0,0.6258245523149355,0.00032535111534460505,0.37385009656971996,0.006724395375805242,0.00025541718590201283,0.006711495409278148
0.1875,0.5592665950610504,0.17866383628853014,0.2620695686504196,0.006944644035048701,0.0055378381432906534,0.006460352901393676
0.375,0.43282179097750073,0.3654951647355833,0.201683044286916,0.007076326083826456,0.006811407613192516,0.005634625285116871
0.5625,0.35612964037981215,0.5526719524780619,0.09119840714212589,0.006957238543312987,0.0071847016417938975,0.004068956317979257
0.75,0.2403678323660173,0.7341765173111184,0.02545565032286419,0.0057874717102918945,0.006039846236391736,0.0022606366001815255
0.0,0.6398642483051373,0.0,0.3601357516948626,0.006765029778326062,0.0,0.006765029778326071
0.1875,0.5458464646663463,0.17860954717963753,0.2755439881540161,0.006897495826530666,0.005355934885522603,0.006171306120483481
0.375,0.44015155444232584,0.36612989242353045,0.19371855313414368,0.0069232062106376205,0.006745497072764524,0.005529515834290096
0.5625,0.3641136716292294,0.5521374879032901,0.08374884046748056,0.00695651040881309,0.0071773769940286685,0.003810084112541715
0.75,0.25267146947965957,0.7328638392745838,0.014464691245756734,0.006137193251778498,0.0062019679662304195,0.001604117266504338
0.0,0.6147238821922847,4.6020078504689865e-06,0.3852715157998648,0.006876531640135039,2.999657432348024e-05,0.006878851505768463
0.1875,0.5446803653489221,0.17857558287269187,0.2767440517783862,0.0069795352435194635,0.005502046091613465,0.006246127264827701
0.375,0.44802802654979623,0.3655340798679295,0.1864378935822743,0.007023006044589244,0.006630731811093788,0.0053425869328773455
0.5625,0.3616448001664113,0.5512483737275063,0.0871068261060825,0.006632080609567656,0.006563737321093695,0.00402012741354696
0.75,0.25444025984744156,0.7322163818707003,0.01334335828185816,0.0060259936330652256,0.006111089366851481,0.0016188742160838981
0.0,0.6400182050847197,0.0,0.3599817949152802,0.006897936249782372,0.0,0.006897936249782372
0.1875,0.5465537052419889,0.17853746295130712,0.274908831806704,0.00749266889304856,0.00526577561604489,0.0066254673529654974
0.375,0.45643482102631844,0.3651150072043761,0.1784501717693054,0.006923383965856942,0.006500205729430222,0.005488911619437366
0.5625,0.3658012804007982,0.5514870508840867,0.08271166871511516,0.006666878624130385,0.006943786611994939,0.00399142666916767
0.75,0.24436854209066,0.7306643458872247,0.024967112022115247,0.006150335316469259,0.006349315723559961,0.00225137570057221
0.0,0.6256116333747633,0.0,0.3743883666252367,0.006944730989916448,0.0,0.006944730989916448
0.1875,0.5496827997772035,0.17821621692293854,0.27210098329985793,0.007226519526958144,0.005315345823256516,0.00645043146727044
0.375,0.44688830087717585,0.3649951521470281,0.18811654697579608,0.007090985902906222,0.006776427639280006,0.005421561830256611
0.5625,0.3627656413395862,0.5526081270198014,0.08462623164061228,0.006930616960452325,0.007292679223363242,0.0037991323928725142
0.75,0.25164434037312816,0.7325262194628156,0.015829440164056165,0.006060825610451169,0.006202963155115684,0.001681945258003087
0.0,0.6144922981164215,4.0450625448724197e-07,0.385507297377324,0.0069369427414983755,9.036168994594058e-06,0.006937377234720538
0.1875,0.5539319695359685,0.17862053036041475,0.2674475001036167,0.007072317739131074,0.005425930684189397,0.006198621180284648
0.375,0.4527704195288607,0.3655962553299737,0.18163332514116554,0.007134359840266122,0.006794880622781656,0.005423209151395964
0.5625,0.3416091142895371,0.552239233997958,0.10615165171250482,0.006697974355506703,0.007166366359534658,0.004383555040280838
0.75,0.25265710641170297,0.7328061061246847,0.014536787463612337,0.006133299224007142,0.006241993693236486,0.0015986784620993701
0.0,0.639781239470591,0.0,0.36021876052940893,0.006555292481042391,0.0,0.00655529248104239
0.1875,0.5457032274276048,0.17780318965549616,0.27649358291689896,0.007117632448219979,0.005403077291345163,0.0062167146930859635
0.375,0.46497757318727784,0.36449740612993264,0.17052502068278955,0.007075772316722879,0.006816858519590151,0.005144176345976402
0.5625,0.3677532835003519,0.5513051857865816,0.08094153071306637,0.007007335992298197,0.007091598632430513,0.0037029804270351605
0.75,0.25177417170282795,0.7330616614804826,0.01516416681668946,0.0062258254375562,0.006312105367304321,0.0017061472363165292
0.0,0.6400490111408628,0.0,0.3599509888591373,0.006714266038814154,0.0,0.006714266038814159
0.1875,0.5595608415234354,0.17864193915515497,0.2617972193214096,0.007181428472884108,0.005519336697583396,0.006178376614668881
0.375,0.46043659092698486,0.36554815679764374,0.17401525227537132,0.007044409745496262,0.006582857172719244,0.005181524883108463
0.5625,0.36506541448145535,0.5516615985705864,0.08327298694795823,0.006797217699148265,0.006944171741983752,0.0040551750002811105
0.75,0.251395705828998,0.7332464247934521,0.015357869377549857,0.0062632932762574116,0.006343818397009023,0.001721583069350633
0.0,0.6256293616875257,4.0036080960160673e-07,0.37437023795166474,0.006943695861380311,8.943388468811086e-06,0.006943687179051468
0.1875,0.540263158575184,0.17789052328468705,0.281846318140129,0.007214413756322043,0.005371211815198623,0.006460873293922787
0.375,0.4278390350000659,0.36627869158305587,0.20588227341687818,0.007149788228069744,0.00681417520450037,0.005653917936815331
0.5625,0.35658723863465025,0.5522895583994396,0.0911232029659101,0.006590062632179215,0.00679490128094742,0.004050169403335427
0.75,0.252239935615054,0.7326880582446619,0.015072006140284097,0.006310215691204832,0.006425945321193152,0.0017203643152574584
0.0,0.6400024318271199,3.958761658927182e-07,0.3599971722967141,0.0066264892060390315,8.84400600729278e-06,0.006626061290866184
0.1875,0.5569886870880242,0.17832803007764136,0.26468328283433434,0.006728451724226786,0.005300671932729062,0.00614013707187408
0.375,0.45242751213094473,0.36459584685812146,0.1829766410109338,0.006923288710238571,0.006835724606644991,0.005491745730583766
0.5625,0.3536418383885116,0.5523041331559582,0.09405402845553015,0.006717882258782095,0.007018420149887609,0.0040896828291706495
0.75,0.2508021949009357,0.732583669999546,0.01661413509951824,0.006215931763357941,0.006353707820381825,0.001727554525126177
0.0,0.6396960094556964,1.8032954608259043e-06,0.3603021872488428,0.0069112285913872805,1.8925292541716477e-05,0.006911121498493955
0.1875,0.5569572214011114,0.17859869795185898,0.2644440806470296,0.007243795054299697,0.005286282724840619,0.006363523455571333
0.375,0.45269952147775877,0.36619481692077055,0.18110566160147074,0.006995246442773629,0.006734067650348991,0.00542993593896765
0.5625,0.3583133670227926,0.5525542396676211,0.08913239330958626,0.006782510479900479,0.007140314930980288,0.004103005447332897
0.75,0.2475307927403521,0.7338699277350516,0.018599279524596363,0.006124817937457446,0.006227868221267768,0.001878484626323024
0.0,0.6402220270133621,2.0197939810139365e-07,0.3597777710072397,0.007129227066306779,6.383955010817657e-06,0.007129111247124359
0.1875,0.5552081585315084,0.1785328496404884,0.2662589918280032,0.007047564273820157,0.005308449078496261,0.006382219714808645
0.375,0.45916349120026856,0.364888102308374,0.1759484064913575,0.006910274029120647,0.0066281410904563305,0.0054458770014967975
0.5625,0.35615150500960246,0.5524764578571908,0.09137203713320671,0.0068132579093076115,0.006902887672345153,0.0041696413830854305
0.75,0.2519809758319931,0.7330387817692516,0.01498024239875534,0.006058898598305262,0.005978115879919282,0.0017780540972616656
0.0,0.6401464750184833,6.026459138138262e-07,0.3598529223356029,0.0068603900652979685,1.098692224129834e-05,0.0068600917908273554
0.1875,0.5534372443173586,0.1781294326578932,0.26843332302474837,0.0070101617409130445,0.005497407723253394,0.006232335999324957
0.375,0.44239519309688363,0.3656311810975769,0.19197362580553945,0.006899014484908897,0.006837308512958489,0.0057819182426192516
0.5625,0.35618219610903634,0.5521203398329715,0.09169746405799217,0.006814037452698824,0.00709956368485403,0.004030370885472964
0.75,0.2520861822864417,0.7329419873970323,0.014971830316525974,0.006437217549689541,0.006524448641145394,0.001748986546337738
0.0,0.6147082555329,0.0,0.38529174446709985,0.006683721109454708,0.0,0.0066837211094547076
0.1875,0.5616993099106093,0.1784806021478992,0.2598200879414913,0.007089099973914579,0.005326318742472292,0.0062083234969123975
0.375,0.45892646039342205,0.364874280955446,0.17619925865113192,0.006735105402905266,0.006786444836007965,0.005472540354611509
0.5625,0.36149164089561536,0.5514506022466106,0.08705775685777396,0.007102930856486221,0.007444305563872887,0.0038849954064029617
0.75,0.25619584394815276,0.732013606537757,0.011790549514090266,0.00599074594544059,0.006086612268703341,0.001499888393303492
0.0,0.6258961860797413,0.00010972984681087888,0.373994084073448,0.006749181239128339,0.00014252111788886019,0.006746579154237438
0.1875,0.5581095833470161,0.17835234022241422,0.2635380764305696,0.006886594209672163,0.005197745073823857,0.006231387217851831
0.375,0.45838977146608245,0.3648650545405917,0.17674517399332587,0.006693913647135676,0.006564525776795275,0.005433432620122157
0.5625,0.36702991099144305,0.5515619621603879,0.08140812684816902,0.006903291800164795,0.0071227717282166675,0.0038672256249239244
0.75,0.26403147131719434,0.7327776904461752,0.0031908382366303005,0.00632348675552837,0.006356854590338642,0.0007769247409608237
0.0,0.6254804909217531,6.043405632153441e-07,0.37451890473768373,0.006651986164025406,1.1017783030320022e-05,0.006652242830723204
0.1875,0.5374364339925835,0.177768806992692,0.2847947590147245,0.006851053708941393,0.005373015073945021,0.006154462031320859
0.375,0.4648912961576789,0.36523394389787767,0.16987475994444343,0.007156159125378945,0.007153344669426353,0.005498215690487833
0.5625,0.3666324109741878,0.55192008423263,0.08144750479318218,0.006591567359655277,0.006927854246245616,0.003924054989006641
0.75,0.2511513472950965,0.7337230424879376,0.015125610216965802,0.00616808901015318,0.006167488126523239,0.0016835327876001725
0.0,0.6403328792804677,2.008435428800964e-07,0.3596669198759895,0.006559949591948822,6.348054078842784e-06,0.006559889834793598
0.1875,0.5552740364724593,0.17821234371999883,0.2665136198075418,0.006985793076453917,0.0053501182229636875,0.006284606757659333
0.375,0.41572850562535035,0.36531091857404047,0.21896057580060926,0.007129057457152444,0.0068256686439049,0.005776428559534654
0.5625,0.3597853671121716,0.5517971068763259,0.08841752601150257,0.006647206950971435,0.006915412820769539,0.003975616456178628
0.75,0.251559096665711,0.7326309004351765,0.015810002899112427,0.006079353747864039,0.00619648580577952,0.0017656692688160873
0.0,0.614984837563186,0.0,0.38501516243681394,0.007014296434877155,0.0,0.007014296434877156
0.1875,0.5406788206391554,0.1782996016163574,0.28102157774448705,0.006921741142450527,0.005350262304983184,0.006226952855880328
0.375,0.47287431536647556,0.36654988216975803,0.16057580246376638,0.006929731246179147,0.006846583191004457,0.005264878328229484
0.5625,0.3561728404521517,0.5528411377655355,0.0909860217823128,0.006814840080541685,0.007086552209027653,0.004081900464523884
0.75,0.24258132449363848,0.7335980817547677,0.023820593751593854,0.006202366780105255,0.006348302890678186,0.002171259545096153
0.0,0.6260172953912284,0.0,0.37398270460877153,0.006742596263222438,0.0,0.006742596263222442
0.1875,0.5564413050245784,0.17871914557930302,0.2648395493961185,0.007110470272291076,0.005439333989789039,0.00637671643423259
0.375,0.45154165287846204,0.36565787725369026,0.18280046986784768,0.007230922223155495,0.006951239265342539,0.005493662679289382
0.5625,0.3564645587500028,0.5530741470840964,0.09046129416590074,0.006574456252286407,0.0069901128577665545,0.003983176276380169
0.75,0.24257796438700002,0.7326177081753735,0.024804327437626388,0.005936763901445176,0.006084153774745435,0.0021599933933946916
0.0,0.6398323013926286,1.9864918553833928e-07,0.36016749995818587,0.006745904713447811,6.278697111354433e-06,0.006745884729067686
0.1875,0.5634156951537101,0.17850055145696697,0.2580837533893227,0.007117272204109826,0.005480884117904294,0.0061687181688562945
0.375,0.4494672407812657,0.3652124943322205,0.18532026488651374,0.00683738365136001,0.006604704902087157,0.005454477698963817
0.5625,0.3784738366391085,0.5516025270728747,0.06992363628801677,0.006778204093263785,0.0068732915159028145,0.0036102529029553823
0.75,0.2483608571176394,0.7329300538278274,0.018709089054533216,0.005955015260782176,0.006077548219986931,0.0019611270266503343
0.0,0.6255828458662464,3.214491116580104e-06,0.374413939642637,0.006649453806946248,2.5210381187768197e-05,0.006649740804078694
0.1875,0.5554544481393942,0.1783288195809636,0.2662167322796423,0.006744144733202997,0.005435208436030692,0.0061291519142889815
0.375,0.4662953012512104,0.3662747565508373,0.1674299421979523,0.007130242757101712,0.006852646072510108,0.005312513858397933
0.5625,0.35591225227650203,0.5524445890830431,0.09164315864045482,0.006652422096770058,0.006847899328549106,0.004035337088888877
0.75,0.25598885482499967,0.7326753391863554,0.011335805988644865,0.006175478602064775,0.006317175783175732,0.0014564509851860401
0.0,0.6398028600950663,0.0,0.3601971399049338,0.006864500645573706,0.0,0.006864500645573707
0.1875,0.5363891859008616,0.17779449383461451,0.28581632026452397,0.007319297882777099,0.005613307760780559,0.006549090261083771
0.375,0.4523514875469122,0.3653243251204194,0.18232418733266836,0.006790118894722456,0.006837383609527426,0.0055891307669257585
0.5625,0.3745193285302784,0.5510152991628593,0.07446537230686229,0.006886708728317341,0.007046338326007676,0.0036372991664590216
0.75,0.2509154057139204,0.7329918829928967,0.016092711293182897,0.006395933304239957,0.00651587990943546,0.001822807698234546
0.0,0.6254552189508347,2.041649652919559e-07,0.37454457688419995,0.006763500860562356,6.4530341483377346e-06,0.0067635317976594955
0.1875,0.4452607061029116,0.1796212053353935,0.375118088561695,0.006855893555686515,0.005465812214579566,0.0069354661706466135
0.375,0.44279903086782657,0.36586148982935196,0.1913394793028214,0.006784641992463563,0.0068220624795302665,0.005529701542100621
0.5625,0.33164891357277154,0.5514426258557701,0.11690846057145836,0.006398754131082338,0.006934247680901417,0.004573982689878164
0.75,0.24882664185806413,0.7328074964845958,0.018365861657340176,0.006101655948275327,0.006285034532619076,0.0018966836260326412
0.0,0.6400482085767355,0.0,0.3599517914232644,0.006802870118065985,0.0,0.0068028701180659875
0.1875,0.5582229856979798,0.17860128320944668,0.26317573109257353,0.007257940514358524,0.005403593635870171,0.0064484791069132335
0.375,0.4628067344255013,0.3656182204607187,0.17157504511377997,0.007008979047992871,0.006972802077145388,0.005405128707985364
0.5625,0.36394584323728063,0.5523105901147749,0.08374356664794447,0.006427847791083117,0.006592135686335894,0.003984783046503408
0.75,0.2626244947932424,0.732257120776868,0.005118384429889607,0.0062146825810600785,0.0062575585492785635,0.0009903184436465178
0.0,0.6401694078495556,0.0,0.3598305921504444,0.006818210094941335,0.0,0.006818210094941335
0.1875,0.53319549614257,0.17728444531688087,0.2895200585405491,0.007156581954268762,0.005480736047143565,0.006469695317460475
0.375,0.4552150409351616,0.3655306031442291,0.1792543559206094,0.007153775045242505,0.0067819230687053604,0.005724071842213233
0.5625,0.3791164831497068,0.5516067761564305,0.06927674069386264,0.006816699249899792,0.007191882809114201,0.003713791559282763
0.75,0.2550905869896576,0.7328783536552979,0.012031059355044619,0.006051668870503457,0.006120672228423567,0.0015415791058329769
0.0,0.6399493531909294,0.0,0.3600506468090706,0.006930158443920832,0.0,0.006930158443920831
0.1875,0.5472577945531506,0.1789926228389518,0.27374958260789767,0.007012391009908619,0.005403711399495565,0.006168272157732033
0.375,0.4740436023637382,0.3654611091552147,0.16049528848104705,0.0072643476994387664,0.006915547623908549,0.005143242676702205
0.5625,0.35831117380749894,0.5516425735844582,0.09004625260804273,0.006558250711973825,0.006847494528932793,0.0039941819296081885
0.75,0.25124084564774246,0.7337718737283451,0.014987280623912405,0.006339734982607623,0.006413390359977943,0.00174516075577582
0.0,0.6396998221459326,0.0,0.36030017785406737,0.006518969181768642,0.0,0.006518969181768643
0.1875,0.5388897620731621,0.17874308795943647,0.28236714996740137,0.007113371499835745,0.005403207544518174,0.00642364307994147
0.375,0.46194471163512263,0.3652132621474614,0.17284202621741593,0.0068577823216362825,0.006653774646786923,0.005296086048174193
0.5625,0.3620359406129343,0.5518371659663456,0.08612689342072023,0.006925603903273463,0.007349375684814578,0.003999493600382424
0.75,0.2528069975144636,0.7327739331372809,0.014419069348255513,0.005994193571191025,0.006177621293107354,0.0017427292680702838
0.0,0.6253282494650416,8.967811744922664e-06,0.37466278272321346,0.006936642951370089,4.3219367237697026e-05,0.006936128465749286
0.1875,0.5636790377927563,0.1785677686403847,0.25775319356685894,0.0069636212400057615,0.005446059390586635,0.0061218824681635664
0.375,0.45430364798297784,0.3657988579964682,0.17989749402055394,0.006945464449368369,0.006800379149458203,0.005363636306253612
0.5625,0.36081031187186885,0.5525879656052932,0.08660172252283789,0.007086385944109909,0.007165659824496877,0.003895724235856364
0.75,0.25531959119039177,0.7321295299960636,0.012550878813544681,0.006060887073208279,0.006180206258031978,0.00158705163786329
0.0,0.6148196526368137,1.4412267833603154e-05,0.3851659350953528,0.006706734964506635,5.3979149908447525e-05,0.0067103502958243775
0.1875,0.5373734449497537,0.17748273909016848,0.2851438159600779,0.0068994986233749936,0.005304615853826418,0.006357559880117859
0.375,0.45604299180057023,0.3652799778367147,0.178677030362715,0.006980990484993476,0.006666326871539167,0.005540587048716863
0.5625,0.3655660897016965,0.5524581958336167,0.08197571446468686,0.006774781035180841,0.0070222541221767205,0.004047872978865188
0.75,0.2537060294693622,0.731823430554734,0.014470539975903855,0.005804244035126061,0.0058798490912869055,0.001722699226727278
0.0,0.6401138520230629,0.0,0.35988614797693713,0.006783391475213609,0.0,0.006783391475213612
0.1875,0.5372858645788353,0.17865070379306605,0.2840634316280986,0.00699624213325855,0.005478352846777335,0.006489439876824363
0.375,0.4530761304028378,0.3648308158887608,0.18209305370840145,0.006898672356694818,0.006583004622651619,0.005328854831512402
0.5625,0.3618926915578315,0.552345649934181,0.08576165850798756,0.006671734593217553,0.007024589657657948,0.004063750378630855
0.75,0.24328566730073692,0.7328700812433445,0.02384425145591856,0.006246847321177183,0.006467326585130583,0.002098612508016718
0.0,0.6276827504347727,0.002450050214575069,0.36986719935065226,0.006679933603555014,0.0006993001901637027,0.006646491555471445
0.1875,0.5549845730950065,0.17895950275070754,0.2660559241542861,0.007078682412508872,0.005559564622429301,0.0061869809266775965
0.375,0.4645754752754841,0.3654040143806907,0.1700205103438252,0.007213985101124579,0.00686399331898116,0.005590402798253574
0.5625,0.38508118220246834,0.5514111662761206,0.06350765152141101,0.006996043000249122,0.007025424838435789,0.00326864078639841
0.75,0.24774242848299288,0.7335374123071522,0.01872015920985491,0.0057720859200050675,0.005885189739753346,0.00185922475373863
0.0,0.6399377775973728,0.0,0.36006222240262714,0.006851141520343337,0.0,0.006851141520343342
0.1875,0.5500377691208148,0.17795634927596848,0.27200588160321676,0.006863962665773835,0.005362396570728805,0.00623567284361708
0.375,0.4701145184607142,0.3658017492381945,0.16408373230109136,0.007052717339836667,0.006793616031591039,0.005076024943858991
0.5625,0.3670029106719503,0.5517609076284448,0.08123618169960498,0.006532640029246694,0.006835407318625967,0.003926250697843171
0.75,0.24647316484610632,0.7338843424174588,0.019642492736434772,0.006240723127827583,0.006372808237577936,0.0019342595464306124
0.0,0.6401735117332297,0.0,0.3598264882667703,0.006686275714573627,0.0,0.006686275714573622
0.1875,0.5468643181539217,0.17788566665736272,0.27525001518871567,0.007033677574769517,0.005455547909313637,0.006252178718889938
0.375,0.4539406676761165,0.3648075667682591,0.18125176555562433,0.007117740683348424,0.006853965214404954,0.005449649973691635
0.5625,0.366247275277116,0.5519164045625536,0.08183632016033023,0.006817810570247821,0.007134728973080599,0.00391553146395466
0.75,0.24986332785937443,0.7334173920602286,0.01671928008039705,0.006010550465214201,0.006141474098796131,0.0017634685766947165
0.0,0.6399907379108509,0.0,0.3600092620891491,0.0069378994432034696,0.0,0.006937899443203468
0.1875,0.5361376397488955,0.17717543135696093,0.28668692889414354,0.007211088103973408,0.005326010429785753,0.006456294713274228
0.375,0.4620018331795054,0.36599433823377525,0.1720038285867194,0.007223390507346306,0.006947900394742458,0.005546487013471848
0.5625,0.3592424664792104,0.5525038750746573,0.08825365844613237,0.0068258559698517116,0.007146510943096676,0.004044363367976423
0.75,0.24346991102554316,0.7331997905985019,0.023330298375954763,0.005972978361373063,0.006072532412870486,0.0020999211940424347
0.0,0.6150164990275262,4.595497905256487e-06,0.38497890547456853,0.006750636512098256,2.9955375073096852e-05,0.006751297426234342
0.1875,0.5393709662869196,0.17913371414308846,0.28149531956999185,0.007040652638709561,0.005665587674224467,0.006264565905662362
0.375,0.4745337862139712,0.36478725361464287,0.16067896017138592,0.007287805651215129,0.007108858980715766,0.005326516964219218
0.5625,0.3627358335877224,0.5520459475718257,0.08521821884045196,0.006700893406548363,0.007126334706709862,0.0038809668010015307
0.75,0.24730160408963303,0.7329912369801557,0.01970715893021117,0.006117204002267189,0.006199903562546825,0.0019605997997192643
0.0,0.6240328519951638,0.0,0.3759671480048363,0.006780049824470923,0.0,0.006780049824470917
0.1875,0.5540135414693695,0.17852537554335265,0.26746108298727767,0.007021961163077378,0.005394925166919997,0.006209055226346783
0.375,0.4576957363597311,0.36511047091473076,0.17719379272553817,0.007128306687845844,0.006849167717180568,0.005485693445511944
0.5625,0.37501559611243046,0.5519952742695555,0.07298912961801392,0.007105985462686413,0.007345506429273225,0.0035648844706259856
0.75,0.23937581379508208,0.7324894671283623,0.02813471907655561,0.006100678636030827,0.006309601415615077,0.0023493445665410517
0.0,0.6257282085835338,3.9506820652612875e-07,0.3742713963482596,0.006776914004259091,8.825227740284628e-06,0.006777072512688934
0.1875,0.5371767866260414,0.17793346807578614,0.28488974529817246,0.0069522675852183545,0.005265381748011087,0.006297786994914535
0.375,0.4566330423928595,0.36543093070823834,0.17793602689890212,0.007021239753320668,0.006528238413114805,0.0053673181517982175
0.5625,0.37355739941848404,0.5507895184960033,0.07565308208551264,0.006674467483730126,0.0067166398311422305,0.0037083835204105163
0.75,0.26296374679720885,0.7315046093954362,0.005531643807354956,0.006081211805377427,0.006147176502295478,0.0010446734090672298
0.0,0.6400350530540992,2.006823198876179e-07,0.3599647462635809,0.006871570922101577,6.3429583099655264e-06,0.006871361128014451
0.1875,0.5591181878475597,0.17846283790239711,0.2624189742500431,0.007070277727075176,0.005203565764534237,0.006159869018208784
0.375,0.4538131625191944,0.3653520436898655,0.18083479379094006,0.007061053234569327,0.006728973648561855,0.005636505723662282
0.5625,0.35534592316406066,0.5518562942741168,0.09279778256182251,0.006831987276272642,0.0070820458335945045,0.004125697707723569
0.75,0.2616562364629124,0.732361842628844,0.005981920908243629,0.006075498901375428,0.0061344005505864045,0.0010783052270355623
0.0,0.639996386309487,0.0,0.3600036136905131,0.006860237827098477,0.0,0.00686023782709848
0.1875,0.5422518363707606,0.17719348257169487,0.2805546810575446,0.006894452183853222,0.00518085279725281,0.006316836294306452
0.375,0.4566444444703238,0.36533924779082677,0.17801630773884944,0.007147061332169145,0.0068730794025537835,0.005330393526393528
0.5625,0.36786015957169843,0.5510720962469926,0.08106774418130899,0.006958945826275581,0.0072511128276108935,0.0038489430209824155
0.75,0.25254262702342656,0.7329324353015237,0.01452493767504972,0.0060853868148828295,0.0062161170448407545,0.0017198916523840724
0.0,0.6254614284082624,0.0,0.37453857159173776,0.006539023639532532,0.0,0.006539023639532529
0.1875,0.539344398170956,0.1789378472542715,0.2817177545747725,0.00682072953804862,0.005454976014894078,0.006201036407488405
0.375,0.35471815597004036,0.3667354161418194,0.2785464278881402,0.006797772039120431,0.006860447182838376,0.006243616691995219
0.5625,0.35844780376727853,0.5515263768941043,0.09002581933861711,0.006800617538962037,0.006737338755784818,0.004020590958545794
0.75,0.24864034763857382,0.7329859057303663,0.018373746631059815,0.006093210690413825,0.006420661555514431,0.0019684786231390773
0.0,0.6400326082305906,1.2056035720828985e-06,0.35996618616583714,0.006986767146498145,1.551893301951956e-05,0.006986387595182568
0.1875,0.5567762877568959,0.17791934576392715,0.2653043664791769,0.00723615514222861,0.005501308438547687,0.006357113573791428
0.375,0.45979529746581455,0.3657402734821401,0.17446442905204537,0.007055689923502846,0.00685898035290835,0.005418614945920271
0.5625,0.36507942728253034,0.5526350134945762,0.08228555922289339,0.00669423727504934,0.006842673340240663,0.003926465303366183
0.75,0.2480487480307541,0.7329516818068299,0.018999570162415942,0.0060074494442815705,0.006099272891741653,0.0019335194524068152
0.0,0.6399825303193161,1.998001998001998e-07,0.36001726988048405,0.006617462799176086,6.315077174537106e-06,0.006617266056583577
0.1875,0.5338337282341301,0.17846417065677334,0.2877021011090964,0.007040088788676802,0.005443986897749844,0.006470456106900883
0.375,0.4460415375138938,0.3655093938595262,0.18844906862657995,0.007163130339056055,0.006879130258658033,0.005455050311721114
0.5625,0.36506540603201026,0.5515240978704916,0.08341049609749808,0.006773478736367952,0.0069982865644136714,0.0037849448404414596
0.75,0.25071434936862697,0.7328156082289122,0.016470042402460704,0.006222583677509329,0.006257607343063685,0.001843330009018044
0.0,0.6400910274558533,0.0,0.35990897254414667,0.006841470567702976,0.0,0.0068414705677029754
0.1875,0.5398816811606294,0.1787703949373964,0.2813479239019741,0.006814474754452998,0.005211495650687542,0.006222953458765468
0.375,0.4766506205624034,0.3656813466495722,0.15766803278802433,0.0071433786051478135,0.00675917349442723,0.005185256211554623
0.5625,0.3736267059963393,0.5515529847521691,0.07482030925149147,0.006923068783842657,0.007090652757009073,0.003592813280051432
0.75,0.250517371027786,0.7329796141086621,0.016503014863551893,0.006269241191281274,0.006336843464705531,0.0017134126129089637
0.0,0.619312104688746,0.001967165782809341,0.3787207295284446,0.006596587780773434,0.0006336635602366891,0.006579243290847906
0.1875,0.5369200555551804,0.17788562145355144,0.2851943229912682,0.007028097919192163,0.005223858930797795,0.006343260153488621
0.375,0.45816712815051497,0.3657926557912005,0.17604021605828452,0.006981244572318614,0.006708758268173841,0.005354991940430424
0.5625,0.3411585686381671,0.5533151089503905,0.1055263224114423,0.00678806999299764,0.007102310007699788,0.004263311915436612
0.75,0.2550602928249518,0.7314360579887765,0.013503649186271694,0.006170870221269089,0.0061935335200395255,0.0016081839750107167
0.0,0.639568465038057,0.0,0.360431534961943,0.007097875870320999,0.0,0.007097875870320997
0.1875,0.5497643845955745,0.17802352795449977,0.2722120874499256,0.007031461813423447,0.005349153671293335,0.006099672271592786
0.375,0.4373726170171239,0.365193635450677,0.19743374753219906,0.007034978129675274,0.0065643098046368024,0.005406972409870439
0.5625,0.3682541646781224,0.5523274931164736,0.0794183422054041,0.00674766397388472,0.00709325329198824,0.00389171320316107
0.75,0.24208165715948313,0.7334335956789789,0.024484747161537927,0.00601029507042326,0.006234521873902211,0.0021946865717065245
0.0,0.6402741542129712,0.0,0.35972584578702876,0.006581754322413066,0.0,0.006581754322413061
0.1875,0.5486179010753438,0.1789829711686475,0.2723991277560087,0.006908547181269014,0.005260173303795181,0.006274323772672295
0.375,0.45326638877126607,0.3657874560521062,0.18094615517662768,0.007032823623144491,0.006747180200238833,0.0055187603176821
0.5625,0.3641446165925009,0.5523157644726746,0.08353961893482455,0.006691333566919204,0.007101557132832463,0.003953478688587728
0.75,0.251825432214028,0.7331487053143685,0.0150258624716035,0.006117440312971313,0.006263327160986623,0.0017510578764241486
0.0,0.6400198420923664,0.0,0.35998015790763355,0.006854889507094593,0.0,0.0068548895070945914
0.1875,0.5479884833276918,0.17751991016465452,0.27449160650765364,0.007115120698109798,0.00546881292772035,0.006612715417840161
0.375,0.453397762857456,0.36593053840003237,0.18067169874251163,0.006944127441131732,0.006585254518691171,0.0054782326509152405
0.5625,0.2804343243938,0.5518114391484609,0.16775423645773913,0.006350429145047352,0.007337786331674559,0.005222636295327603
0.75,0.24655936695116876,0.7339155434911763,0.019525089557654945,0.006053839597845178,0.0062275081137996196,0.0019546523926173343
0.0,0.6396965508050474,0.0,0.3603034491949525,0.0069002063114821,0.0,0.006900206311482103
0.1875,0.5352006349979381,0.17879870884923135,0.2860006561528305,0.007014672688004439,0.005435019592994873,0.006374024631304513
0.375,0.4438644297549564,0.3666602589165762,0.18947531132846746,0.0071090631648663095,0.006823626962274994,0.00564175435269573
0.5625,0.3771373759985601,0.5510661128000707,0.07179651120136912,0.006604477558482051,0.006728287649058787,0.003716952846381395
0.75,0.2618044812821099,0.7318207634044316,0.006374755313458458,0.006232634174248684,0.00624166070668206,0.00117673612429686
0.0,0.6403508624380917,0.0,0.3596491375619083,0.006984285789676593,0.0,0.006984285789676598
0.1875,0.5487510973102926,0.179063210002832,0.2721856926868753,0.006822280469338882,0.005368132101737838,0.006069989439701642
0.375,0.35131562290308815,0.3664316838683975,0.2822526932285144,0.006633752019998921,0.006997454974091937,0.005957693815741424
0.5625,0.35231375371518237,0.5520633986757004,0.09562284760911714,0.006671967149959038,0.006871539296229464,0.004089063859969994
0.75,0.2558472824495278,0.7321414388997514,0.012011278650720733,0.00612199774932986,0.006211811428739393,0.0014983800597623343
