fixed rate,success rate,failure rate,error rate,success std,failure std,error std
0.0,0.7408022875187658,0.0,0.25919771248123424,0.01380166805735528,0.0,0.013801668057355285
0.1875,0.6324366544128014,0.1760675973486528,0.19149574823854573,0.015208662169561366,0.012270860052807,0.012767539879333207
0.375,0.5199794323677907,0.36266240808666916,0.11735815954554019,0.016230616507886222,0.015838019567244437,0.010082474889485368
0.5625,0.3726111380036247,0.5524614619378257,0.07492740005854949,0.01536903217988337,0.015377097527902705,0.008347732990002896
0.75,0.25709115250806713,0.732483281868659,0.010425565623273922,0.014222614751975548,0.01436556563253842,0.0031866434930415202
0.0,0.7409287336529876,1.0162601626016261e-06,0.2590702500868499,0.014130368028036595,3.212089558796568e-05,0.014129302750895016
0.1875,0.6242033594949998,0.1739659697253972,0.2018306707796029,0.015109292605053067,0.011866480288937682,0.012533000103966721
0.375,0.5115147604645621,0.36272726614010126,0.12575797339533654,0.01626426389925907,0.015539451747407656,0.01038612871317249
0.5625,0.3837278213673827,0.5515454298746117,0.06472674875800544,0.015163681920451855,0.01540964929152503,0.007950868764612892
0.75,0.25750427137993054,0.7309999997455957,0.011495728874473872,0.013808118255094513,0.014015287941964357,0.0035133457931649133
0.0,0.7409270275300639,0.0,0.259072972469936,0.013913601382197506,0.0,0.013913601382197507
0.1875,0.6350661572130941,0.17544611950017402,0.18948772328673186,0.015293287189754834,0.012314009487290221,0.012722783907282837
0.375,0.476557451127557,0.3649596120718281,0.15848293680061487,0.015449445032259587,0.014643753010892444,0.011188306836203116
0.5625,0.38088061528708156,0.5507948029672288,0.06832458174568966,0.015038017051527757,0.015368978699188749,0.007969269346524897
0.75,0.2568324203719631,0.7325502426520264,0.010617336976010455,0.013768092573933933,0.013977166669156861,0.0031913334547564115
0.0,0.7409207154637053,0.0,0.25907928453629475,0.014292783849974556,0.0,0.014292783849974558
0.1875,0.6386462902604314,0.176647243285442,0.18470646645412653,0.015205816950236858,0.011491073444364105,0.012493910304282383
0.375,0.47499667107759636,0.36331721913256104,0.1616861097898426,0.015856397063546763,0.015569978893977656,0.011414346105494574
0.5625,0.40505194645210274,0.549892577408788,0.04505547613910923,0.015446935889351658,0.01604352276474158,0.006638953230417662
0.75,0.2565727466456947,0.7316022087625704,0.011825044591734854,0.013708006901714816,0.013957541101949909,0.0034507479865693684
0.0,0.7399212410037623,0.0,0.2600787589962378,0.013941329159838105,0.0,0.013941329159838103
0.1875,0.6182210312550681,0.17401529512121988,0.20776367362371212,0.015156182421268665,0.011507053476723381,0.012662662578514228
0.375,0.5183578609228213,0.3610053077971155,0.12063683128006318,0.016394520907097608,0.015657209444764265,0.010370256536885251
0.5625,0.38119957244650127,0.5518376300972291,0.06696279745626961,0.015141547377687806,0.015392775902184297,0.00804812163165904
0.75,0.2570092167950955,0.731957922084058,0.011032861120846648,0.01325103199808458,0.013437511236843608,0.0031494553505824483
0.0,0.7401563963189981,0.0,0.2598436036810019,0.013605731155492316,0.0,0.013605731155492318
0.1875,0.6338985470395749,0.17503447970595523,0.1910669732544698,0.015343921293154945,0.011889068935583792,0.012565348109130249
0.375,0.5251145622919147,0.36216069857134475,0.11272473913674058,0.0155384489292977,0.014568526847305238,0.010038841093319657
0.5625,0.3920583017517246,0.5486694085787712,0.05927228966950404,0.01526840020412868,0.01568906470489858,0.0077894184687105706
0.75,0.25633293092471104,0.7325634654357905,0.011103603639498338,0.013948368890630372,0.014247367220910113,0.0032541512375287764
0.0,0.6751799331877254,0.0,0.3248200668122746,0.014718542219383712,0.0,0.014718542219383712
0.1875,0.6376979147950135,0.17679413189490026,0.18550795331008624,0.014525172125815937,0.012277890976186706,0.01287854296293252
0.375,0.4990131846362979,0.3622068145743191,0.13878000078938302,0.015509849054318105,0.014719351181897914,0.01057028324967992
0.5625,0.40394645883194064,0.5487899030152708,0.047263638152788646,0.01535823958330652,0.015509994489200912,0.006737195844256866
0.75,0.25778948793654965,0.7308174764846526,0.011393035578797672,0.013808879301547118,0.014155833471565061,0.003383779844781023
0.0,0.7399075603955141,9.671179883945842e-07,0.2600914724864975,0.013770094265000693,3.056766079164238e-05,0.013770463431541792
0.1875,0.6350109011312977,0.17691764234409602,0.18807145652460638,0.015002623524466293,0.011548726972670727,0.012006824304052472
0.375,0.5226736048742336,0.3639873656905844,0.11333902943518202,0.014901721014803831,0.01498606872880567,0.009660437227154007
0.5625,0.3843386019733754,0.5510026602411164,0.06465873778550804,0.015407541477081491,0.015583542937645349,0.007985575247417337
0.75,0.25695600459332163,0.7318244684382057,0.011219526968472612,0.013661728298270889,0.013898526842692558,0.0033167439517120187
0.0,0.7401643032246242,0.0,0.25983569677537577,0.013874190200011056,0.0,0.013874190200011054
0.1875,0.6280800119082737,0.17491534968722527,0.19700463840450105,0.01571388152378274,0.012380928326256696,0.012448047081595299
0.375,0.49646307408553764,0.36315819770151925,0.14037872821294314,0.01594939577342034,0.015230736618679706,0.010856803787670937
0.5625,0.38312443849441263,0.5502196297530291,0.06665593175255845,0.015446382769029607,0.015519635240581009,0.007858847152168764
0.75,0.2577641378115702,0.7313925125032835,0.010843349685146109,0.013237360831276199,0.013392669365096262,0.0031835725448682776
0.0,0.7394436253044807,0.0,0.26055637469551923,0.014029877628213996,0.0,0.014029877628214
0.1875,0.6362056657981553,0.17521044951137146,0.1885838846904733,0.014965900794677274,0.012035892773325485,0.012478681444347923
0.375,0.5253934273106354,0.3642964078240444,0.11031016486532016,0.016413829113216986,0.015990620739898497,0.010080742662000135
0.5625,0.38524013671095336,0.5494948754323545,0.06526498785669205,0.015613403469570552,0.015972297536992624,0.007563778324425583
0.75,0.25778567091963694,0.732056968236278,0.010157360844084999,0.01415585252918051,0.014298591752408864,0.0031127365280580865
0.0,0.7399339717302287,0.0,0.2600660282697712,0.013728164055416478,0.0,0.013728164055416476
0.1875,0.5781683071710447,0.1764328810584581,0.24539881177049716,0.015407995882487195,0.012403568264190822,0.013462503486908787
0.375,0.5047997539056426,0.36211943358104914,0.13308081251330833,0.016212204693921105,0.015745091882528733,0.010695702665134945
0.5625,0.3990636635130406,0.5490780139613264,0.05185832252563288,0.015380723741746385,0.01537909855846858,0.0069570448714930426
0.75,0.25666478287599204,0.7322838863284399,0.011051330795568103,0.01351429647342822,0.013734461710066913,0.003259277534138494
0.0,0.7403793894143194,0.0,0.25962061058568064,0.013736421377308518,0.0,0.013736421377308523
0.1875,0.6396950092263697,0.17626273775598655,0.18404225301764365,0.014864674351884676,0.01172960841681774,0.012391872544286317
0.375,0.5148582240296369,0.3606326130732028,0.12450916289716028,0.015131727901933397,0.01488017105860877,0.010512374520743188
0.5625,0.400968373381734,0.5483354996513384,0.05069612696692754,0.01556662123564479,0.015796982812280137,0.006686253189265947
0.75,0.2568059359545169,0.7314454689182709,0.011748595127212252,0.01355575346989734,0.013659694244573365,0.0033221149914288285
0.0,0.6752045144967551,9.9601593625498e-07,0.3247944894873086,0.01417047344719028,3.1481037110117766e-05,0.014170795072416925
0.1875,0.6358388162501296,0.17499735184895138,0.1891638319009189,0.01507768189088258,0.011839797584833906,0.01237451087031963
0.375,0.5230678879524839,0.3619386242320554,0.1149934878154607,0.016052743904830528,0.015275121671281118,0.00994171876554108
0.5625,0.3924953548896031,0.5487280905865516,0.05877655452384523,0.015158197805793056,0.015407162621300567,0.007485559480294885
0.75,0.2558798782542364,0.7329084188397421,0.01121170290602149,0.014519573694543654,0.014841802481984374,0.0034633826410156803
0.0,0.6742228990716619,1.0245901639344263e-06,0.32577607633817424,0.014853769025485207,3.2384181617375206e-05,0.014853589365927254
0.1875,0.6351436360554826,0.17463521706382015,0.19022114688069727,0.015214473603784664,0.01212344768644825,0.011943973450917042
0.375,0.517110444305481,0.36301574100550066,0.11987381468901821,0.015431183143569546,0.014917542398977237,0.01007990618078866
0.5625,0.37668560226280395,0.5513709725329445,0.0719434252042514,0.015162895069310185,0.015748371839067386,0.00829810321322736
0.75,0.25746509341338686,0.731164031011435,0.011370875575178062,0.013631316498198657,0.01379351229894554,0.0032221978301339984
0.0,0.7400046583021758,3.947758464459115e-06,0.25999139393935966,0.013667464847918222,6.231839151395538e-05,0.013667172043964568
0.1875,0.577006426857306,0.17610173510622057,0.24689183803647347,0.015626881591068363,0.012293682952789327,0.013951228142303066
0.375,0.5254150582359587,0.36384981346474377,0.11073512829929764,0.015891546126249628,0.014799926813394409,0.010030749621849265
0.5625,0.3843508954408867,0.5505264152303744,0.065122689328739,0.015079735418120443,0.015289711749796256,0.007714942912368391
0.75,0.25701318945009927,0.7303422510786141,0.012644559471286615,0.013869433792077505,0.014115932107402999,0.00341584825771344
0.0,0.7398390090644423,0.0,0.2601609909355577,0.01430270517193006,0.0,0.014302705171930058
0.1875,0.6327159645789461,0.17496893926625143,0.19231509615480244,0.014530803167056669,0.011937398609723825,0.012232057900517276
0.375,0.49813274789832873,0.36139579211837625,0.14047145998329505,0.01593310045021416,0.014722138889478351,0.011065671943956015
0.5625,0.37656986294310063,0.5509216766655125,0.07250846039138688,0.014902399096659245,0.015423280368182211,0.008025896133682257
0.75,0.25703439172402287,0.7318547004619642,0.011110907814012982,0.013430141224493817,0.013516384934985618,0.0032177894117948152
0.0,0.7398934846875309,0.0,0.26010651531246903,0.014099355735308206,0.0,0.014099355735308208
0.1875,0.6361872418856708,0.17521588979858502,0.18859686831574418,0.014812598783995405,0.011997575849712495,0.012553713561013018
0.375,0.5115954647070361,0.36239802024445456,0.12600651504850946,0.015935173989415293,0.01530781776563165,0.010678602339339644
0.5625,0.38469083038557955,0.5508568689631689,0.06445230065125153,0.014835501744320141,0.015013237919706025,0.007894443885856516
0.75,0.2573244262176587,0.7316409068649817,0.0110346669173595,0.014312710280519262,0.014446649657147044,0.0032009095623704237
0.0,0.7406006015108008,0.0,0.25939939848919935,0.013829462102027297,0.0,0.013829462102027297
0.1875,0.6338582234271983,0.17633260773539342,0.18980916883740817,0.014810066785068188,0.012681202498954259,0.012385240102370172
0.375,0.5231901981108774,0.3630148119452991,0.1137949899438233,0.01611958341150533,0.015409064337849603,0.009550674499754205
0.5625,0.38479166006153137,0.5496793360021873,0.06552900393628128,0.01491235359032577,0.01535960722130487,0.007775622044431246
0.75,0.2564812954829501,0.73207067201012,0.011448032506929835,0.013889081593257236,0.014142635763970608,0.0034059297811654832
0.0,0.7408365846047691,0.0,0.2591634153952309,0.013480156888195805,0.0,0.01348015688819581
0.1875,0.6282661159381482,0.17366256480287715,0.19807131925897448,0.015765897777446917,0.012022454384072016,0.012579362156473619
0.375,0.5002670340258366,0.36205588115960974,0.13767708481455354,0.015205156954683649,0.01540571694722644,0.011187065768858489
0.5625,0.38316112258602836,0.5500269750814079,0.06681190233256372,0.015828096855697187,0.016077951057031303,0.008011938072564843
0.75,0.25746367959831834,0.7318098606857814,0.010726459715900272,0.013783778899195784,0.01402134004325226,0.0032901708961800627
0.0,0.7397944707138926,0.0,0.26020552928610746,0.014211998824576643,0.0,0.014211998824576645
0.1875,0.6314962455050928,0.17496189001975193,0.19354186447515537,0.015193442047298562,0.011935778951820757,0.012320284344643589
0.375,0.2983059527410963,0.3643943688806093,0.3372996783782944,0.014754135566690342,0.015286580090016988,0.014714286093099996
0.5625,0.39914220357343305,0.549205101525401,0.051652694901165946,0.0155913360670893,0.015766944084506494,0.007130445062169017
0.75,0.25654319336400727,0.7328790911432916,0.010577715492701048,0.013549016487913765,0.013616336196424973,0.0032530938513807917
0.0,0.740293243656135,0.0,0.2597067563438649,0.01388978397488905,0.0,0.013889783974889052
0.1875,0.5769652557952905,0.17691284483261335,0.24612189937209625,0.0155422589480487,0.011657021272926758,0.013940353848076698
0.375,0.5007874474758144,0.36234512352692605,0.1368674289972596,0.01576618327979404,0.015570459478519365,0.01094004908342699
0.5625,0.39170299428669747,0.5483780034431486,0.059919002270153926,0.015536242075017984,0.01597378441299177,0.007767248631473596
0.75,0.26740366223288026,0.7108566698796155,0.02173966788750424,0.013583658516186956,0.013871567109027323,0.004704846626051722
0.0,0.7405536726175829,0.0,0.2594463273824171,0.013724243508456321,0.0,0.01372424350845632
0.1875,0.6403251345370183,0.1760896325228538,0.18358523294012774,0.015459007341854052,0.01224227605626473,0.01237808948752481
0.375,0.4926252693775613,0.36402599563188803,0.14334873499055073,0.015867844216366098,0.014967741780821121,0.01103475639640692
0.5625,0.40198349855301135,0.5488582806634889,0.04915822078349983,0.015484998719370466,0.015747602109688216,0.006644704006816531
0.75,0.2663830673249855,0.7314933745190169,0.0021235581559975922,0.014260670103310653,0.014300870890595934,0.0015189095884560666
0.0,0.6733652628554212,0.0,0.32663473714457886,0.014633736022090825,0.0,0.014633736022090825
0.1875,0.6315475157457827,0.17536762689064841,0.19308485736356884,0.015313979410608983,0.011647133714220608,0.012608378942339358
0.375,0.5225825639882289,0.36197818684085825,0.11543924917091285,0.01581970504433288,0.015280016967627454,0.010050945000099662
0.5625,0.3198732185844502,0.5506937987944708,0.12943298262107897,0.014895427325112249,0.01563759255269726,0.010671891619601002
0.75,0.26658376778940485,0.7118217605679225,0.021594471642672794,0.013528490729525338,0.01382672175514684,0.004551212358162099
0.0,0.7412645597377447,0.0,0.25873544026225526,0.013786478013201446,0.0,0.013786478013201446
0.1875,0.6272500089358138,0.17422949299900392,0.19852049806518232,0.015906673304562392,0.011719205938114277,0.012988782182246885
0.375,0.522980157068137,0.36125629636092615,0.11576354657093678,0.014870643292482107,0.014525774978471125,0.010055254541733361
0.5625,0.39163582638385047,0.5495376966805817,0.058826476935567903,0.015346996300587227,0.015594108259840408,0.007136233520433351
0.75,0.26696437694350106,0.7314571145080795,0.0015785085484194652,0.014188682142525682,0.014182425869533843,0.0012575867552278356
0.0,0.7408097700640287,9.813542688910695e-07,0.2591892485817024,0.014054816647123375,3.101762635776076e-05,0.014054584655223091
0.1875,0.6285140414469512,0.17492469763232318,0.19656126092072554,0.014984429072208809,0.011722118156200572,0.012752469004562207
0.375,0.5028815145350267,0.36305142052334965,0.1340670649416237,0.01618273968666268,0.015383785199795115,0.010633651639166774
0.5625,0.3937159689954212,0.5500428581679211,0.05624117283665775,0.015638789751542186,0.015693227493244935,0.007339126205786569
0.75,0.25663404056448624,0.7314357718581895,0.011930187577324045,0.013482561963367308,0.013693513993397919,0.003261376657304511
0.0,0.6741619583490236,9.861932938856016e-07,0.32583705545768255,0.014620629872483536,3.117057323329213e-05,0.014620556651050012
0.1875,0.5773301734149959,0.17667965014364825,0.24599017644135576,0.015075845879900972,0.012211222835637458,0.013290439131163258
0.375,0.5232442833393076,0.3623179794819598,0.11443773717873265,0.01606037301818381,0.015544980976437287,0.010262802026063214
0.5625,0.3771170521956592,0.5509481065298987,0.07193484127444211,0.015398981721861476,0.015871414026147775,0.008246701111588595
0.75,0.2566024095706389,0.7315321756685805,0.011865414760780565,0.014179504351738457,0.01432644522471887,0.0033913620204700174
0.0,0.673817641861625,0.0,0.3261823581383751,0.014874708488570842,0.0,0.014874708488570844
0.1875,0.6340037710154613,0.17497449776555635,0.19102173121898225,0.01486049861918147,0.011628456684408253,0.012098835708372757
0.375,0.49799585491863535,0.36288713401386596,0.13911701106749866,0.015821972931538485,0.01522525187479094,0.011028188193877056
0.5625,0.3996460529015491,0.5477848086350334,0.052569138463417514,0.015908933444852134,0.016403548651339157,0.007140548947919604
0.75,0.2644207107545207,0.7317969326719217,0.003782356573557601,0.013828004584924551,0.013797533640701146,0.0019351108288890328
0.0,0.7398480340866465,0.0,0.2601519659133536,0.013380734792783216,0.0,0.013380734792783223
0.1875,0.6396636475289285,0.1748462648649373,0.18549008760613422,0.014862555195684284,0.011889366972256158,0.012276855809061411
0.375,0.47319273428205666,0.3646682588592869,0.1621390068586564,0.0159315874518743,0.015584005283729994,0.012107045801213943
0.5625,0.39832037869346265,0.549085673156148,0.05259394815038941,0.015810714437129704,0.015663498132718143,0.006924067718033328
0.75,0.2568792850652271,0.7324968966384106,0.010623818296362237,0.013930797371611427,0.014066680750961102,0.0032484784929159237
0.0,0.6738065733011138,0.0,0.3261934266988861,0.015076216499930205,0.0,0.015076216499930203
0.1875,0.6284361666774783,0.17633720120024918,0.1952266321222725,0.014827523091807779,0.011935467357756642,0.012605724801633852
0.375,0.5171842763574624,0.36255960317063884,0.12025612047189872,0.015743825988683274,0.015273225538915948,0.010418092222431417
0.5625,0.38516148980209786,0.5503418796266971,0.06449663057120494,0.014998598681919181,0.01555163457114869,0.008000154858587375
0.75,0.25770091134611645,0.7313152518402348,0.010983836813648637,0.014472363368314319,0.014582260951465397,0.003331165890617957
0.0,0.6746463450652666,0.0,0.32535365493473345,0.014764451906695737,0.0,0.01476445190669574
0.1875,0.6391031625631199,0.17660673876101599,0.1842900986758641,0.01537408683300361,0.012102948119062866,0.012224462404038195
0.375,0.4802911674355551,0.36422494629000657,0.1554838862744383,0.01607124682330358,0.014822129544363937,0.011353863680301527
0.5625,0.38334617377270186,0.5509589890855016,0.06569483714179665,0.015266762323752918,0.0158050940175208,0.007764765119792456
0.75,0.2572370021129926,0.7322997091095247,0.010463288777482744,0.014112494902961228,0.014246476389857415,0.003211178291941558
0.0,0.7401832909960776,9.881422924901185e-07,0.25981572086162974,0.01329265853279063,3.123217515667807e-05,0.013293057687263465
0.1875,0.6382469824550989,0.17567034722333943,0.1860826703215617,0.01509399649647556,0.01155037854785926,0.012251617937932694
0.375,0.498782323676349,0.36224379116207106,0.13897388516158002,0.015979162253200126,0.014930840263479274,0.010870018419522579
0.5625,0.37183238340315805,0.5517646637575487,0.07640295283929323,0.015268589110528932,0.01573615076191611,0.008468612358317508
0.75,0.2569514612784511,0.7316004026532293,0.011448136068319546,0.013878968992006793,0.014080952462887262,0.0033499806170713036
0.0,0.6741617692934802,0.0,0.3258382307065199,0.014828577438851034,0.0,0.014828577438851031
0.1875,0.6353115536854912,0.17476161553658148,0.18992683077792735,0.014793802694627633,0.011536420906018767,0.012040483387650718
0.375,0.4743434824458858,0.3649823790250292,0.16067413852908496,0.01627880144924854,0.015651569677711544,0.011235426996988826
0.5625,0.3750390173222775,0.55111548094363,0.07384550173409242,0.01541283511678683,0.015508472533800683,0.008379070629852612
0.75,0.26647538611662425,0.7317768218065042,0.0017477920768717299,0.013925678954307106,0.013985232251573231,0.0013385888469564003
0.0,0.7396620622223256,0.0,0.2603379377776745,0.01386975640160568,0.0,0.013869756401605683
0.1875,0.6245097612224858,0.17457416300890427,0.20091607576860993,0.015065188792060256,0.012169778096469661,0.012808498924663137
0.375,0.5225443032985099,0.3619520888174984,0.11550360788399172,0.01571139281505641,0.01486019113534598,0.010329101464622379
0.5625,0.4046986105687977,0.5494738978664329,0.04582749156476943,0.015781099981445876,0.015762231219129577,0.006403398062168234
0.75,0.25631977150659907,0.7324503985933142,0.011229829900086648,0.013640802138461897,0.013790185129295609,0.003446493439869721
0.0,0.7396657658175975,0.0,0.26033423418240254,0.014077085475164827,0.0,0.014077085475164827
0.1875,0.6384820885239669,0.1754061633782112,0.18611174809782205,0.01578339798527594,0.012599187222247848,0.012112066075408998
0.375,0.5239625526047178,0.361808123147947,0.11422932424733517,0.01564787680335984,0.01512610597454957,0.010167221264197586
0.5625,0.37416377780288274,0.5514315557495647,0.07440466644755256,0.015511360507608464,0.015533832397692378,0.008420047570191394
0.75,0.2580046126938472,0.7308621342404653,0.011133253065687401,0.013724215825601257,0.013778871658166408,0.0032802684210524098
0.0,0.7397779819728871,0.0,0.2602220180271129,0.013581554618750895,0.0,0.013581554618750893
0.1875,0.6275816575155231,0.17444482629418645,0.19797351619029052,0.015267331189571715,0.011782219374000823,0.012441317986542137
0.375,0.5185625910315587,0.3618489536304177,0.11958845533802372,0.015542621794353083,0.01514685084128854,0.010035990917849996
0.5625,0.40587514031104643,0.5488863391017508,0.0452385205872029,0.016379625412253587,0.016575823227823108,0.006686609225215209
0.75,0.26776361493076034,0.7308271289053881,0.0014092561638515372,0.014191235869992665,0.01419740393114351,0.0011743352811362181
0.0,0.740879070100624,0.0,0.25912092989937596,0.013751820818695623,0.0,0.013751820818695625
0.1875,0.6415901519598406,0.17546563375720023,0.1829442142829592,0.015414073038168524,0.011942920387116052,0.012148618970744074
0.375,0.5226208269888902,0.3621211942407816,0.11525797877032819,0.016194231840144912,0.015307181882295106,0.010430664408469029
0.5625,0.37184560695183766,0.5492601647503946,0.07889422829776771,0.015442737112518585,0.015496072082622091,0.008216640760098433
0.75,0.25575068688591845,0.7308388293220621,0.013410483792019392,0.013955017694425823,0.014459044916517554,0.0036307103659373873
0.0,0.7401797227498708,0.0,0.25982027725012935,0.01361950355370616,0.0,0.013619503553706157
0.1875,0.6239474594109139,0.17396523563602845,0.20208730495305777,0.015343513408177236,0.011662562604707995,0.012760538406765026
0.375,0.5193163052389169,0.3629285718954187,0.11775512286566432,0.01612762600377698,0.01538721809873987,0.010276822799439575
0.5625,0.3900438056258237,0.5486989604176185,0.06125723395655791,0.0153891597089801,0.015510867148868098,0.0075105536005122394
0.75,0.26642413072407706,0.7120945156784292,0.02148135359749384,0.01450777876347184,0.014744203360964752,0.004429098218730219
0.0,0.740037783758775,0.0,0.2599622162412249,0.014203311076930313,0.0,0.014203311076930313
0.1875,0.635592074787796,0.17581231859673255,0.18859560661547148,0.015325568809376007,0.012354219721934538,0.012172027987412673
0.375,0.5086907493254033,0.362267858528568,0.12904139214602867,0.016337051262994694,0.015341627555691418,0.01045823878294137
0.5625,0.4020747909440297,0.5487068957133324,0.049218313342637925,0.01578990699584687,0.015972087433535485,0.00663493319569953
0.75,0.2532652057765031,0.732514772214146,0.014220022009350953,0.01413560459109088,0.014208282477542768,0.003676031607580936
0.0,0.7399603962978942,0.0,0.26003960370210577,0.014289829049038008,0.0,0.014289829049038014
0.1875,0.5839314804092745,0.17688091171094128,0.23918760787978424,0.015445638964869748,0.012136248365733963,0.013240101831553287
0.375,0.501814376178635,0.3622652039719204,0.13592041984944458,0.016031810445425794,0.015427088943711486,0.01107670364599979
0.5625,0.3932015000921705,0.5482427273430843,0.05855577256474531,0.015621648448357782,0.015987367168728443,0.007783051940445781
0.75,0.2572626322074211,0.7322586376840291,0.010478730108549727,0.013841724051541547,0.013854971884740459,0.0031561312651736677
0.0,0.7395895324946962,0.0,0.2604104675053039,0.01355042840364647,0.0,0.01355042840364647
0.1875,0.578018885912856,0.1765059363230394,0.24547517776410452,0.015377673408226237,0.01244266218765489,0.013882256379654283
0.375,0.5212869850416701,0.3628701045748,0.11584291038352984,0.01631917909224751,0.015593162826394726,0.01069837660000781
0.5625,0.40253209607270946,0.5483816119478111,0.049086291979479425,0.01534227209238936,0.01567985271982105,0.006826789481796057
0.75,0.25713759692083976,0.7319333883824318,0.010929014696728379,0.013834921666664076,0.014030974705899927,0.0032579811286210037
0.0,0.7399314682977886,0.0,0.2600685317022115,0.013600562528689556,0.0,0.013600562528689557
0.1875,0.623576494215753,0.1746335850468783,0.20178992073736862,0.015532670183960274,0.011726502133021522,0.012775350317425646
0.375,0.49640114389761786,0.3637509518355064,0.13984790426687568,0.016246213610635794,0.015631985298635315,0.010850033119039218
0.5625,0.3844308926212172,0.5512351400281992,0.06433396735058354,0.015513351173283388,0.015785739498961233,0.007575550626544666
0.75,0.2570632274587582,0.7317918118609205,0.011144960680321307,0.0133063679803669,0.01355292581877048,0.003374292308444748
0.0,0.7400401514654037,0.0,0.2599598485345962,0.014245052837421253,0.0,0.014245052837421253
0.1875,0.6319856784779736,0.1751523916447224,0.19286192987730405,0.015417709492995882,0.011844700577259136,0.012527513932532567
0.375,0.5167580275323393,0.36149377556335444,0.12174819690430617,0.01622728892321708,0.01554994425430315,0.010101806315307615
0.5625,0.4025296398141143,0.5478588730102009,0.04961148717568482,0.015860544632939833,0.015986651883770006,0.006581568304417026
0.75,0.2567832756790104,0.7316247276842431,0.01159199663674649,0.013927421143217508,0.014047957588692813,0.00336627521686723
0.0,0.740453559218038,0.0,0.25954644078196193,0.013659158548136823,0.0,0.013659158548136825
0.1875,0.6240503524405135,0.17417669323955265,0.2017729543199339,0.01553650301284627,0.01183861616625309,0.012923709921591272
0.375,0.49795244578917885,0.3622843732473917,0.1397631809634294,0.015544733944044162,0.015031640010346585,0.011069151410132035
0.5625,0.398247905029935,0.5481640072752141,0.05358808769485086,0.015443845145627657,0.015570888861020598,0.006923965772021608
0.75,0.25684118170367937,0.7319191679504186,0.011239650345902089,0.0138561194609747,0.014168137648169344,0.003292702592776168
0.0,0.673594120188179,1.021450459652707e-06,0.32640485836136146,0.014105814302107167,3.2284945105779585e-05,0.014104412626160369
0.1875,0.6348187490491912,0.17562045791183067,0.18956079303897802,0.015455048421344547,0.012614623054036515,0.012410067200817419
0.375,0.4811010287662374,0.363837398231802,0.1550615730019606,0.015552077640166775,0.014908279138510656,0.011601712665651853
0.5625,0.4054052270705744,0.5486540396458435,0.04594073328358208,0.015652734490004705,0.01577280621751114,0.006588971003768261
0.75,0.2578077466274663,0.7316277851070211,0.010564468265512645,0.014265261827863088,0.014424312566980948,0.0033050748575209035
0.0,0.7396802018504282,0.0,0.2603197981495718,0.01356425014573773,0.0,0.013564250145737729
0.1875,0.5811028141952982,0.17675616252170798,0.2421410232829939,0.015141841825267118,0.012315233323273412,0.013459491773664789
0.375,0.5155022778670453,0.3626462187268522,0.12185150340610253,0.016252816620289434,0.015289687472666765,0.01031408229074353
0.5625,0.4012497866421804,0.5482911280810334,0.05045908527678613,0.01534672371091481,0.015620929825234452,0.007102122011949254
0.75,0.25670238677190993,0.7324632010625277,0.0108344121655624,0.013488731645264007,0.013617269614033633,0.0033301968966522265
0.0,0.7406379337218348,0.0,0.2593620662781651,0.013651087222335162,0.0,0.013651087222335165
0.1875,0.6318701395201713,0.1743337538338033,0.19379610664602534,0.015269967286701725,0.012006081799787788,0.012029953160418341
0.375,0.4811964679670286,0.36471365110416065,0.15408988092881076,0.015535496381624667,0.015195310122418452,0.011391974041953953
0.5625,0.3843852029527643,0.5505171355744733,0.06509766147276233,0.014968123335833063,0.01513101654629046,0.0076927691674084885
0.75,0.26636602119527786,0.7317842814351582,0.0018496973695640265,0.013755276590492416,0.013791577587003015,0.0013558838496878778
0.0,0.7406929837509946,0.0,0.25930701624900543,0.013722417954363648,0.0,0.013722417954363648
0.1875,0.6398015833875271,0.17548860953513207,0.18470980707734086,0.015383907933334334,0.012314337204984137,0.012550844768339708
0.375,0.5223640361478709,0.362184833163809,0.1154511306883201,0.015891344620698186,0.01590550416625939,0.009767789645870962
0.5625,0.3930679715736476,0.5486774909320266,0.0582545374943258,0.015476433787859357,0.015929539452006498,0.007652609599818856
0.75,0.25729614558594155,0.7318249195316083,0.010878934882450132,0.013150279322437546,0.013451234550253875,0.0032378736878739428
0.0,0.7402196133805397,0.0,0.2597803866194604,0.013623968412115972,0.0,0.013623968412115968
0.1875,0.6306275090922682,0.1754836590832888,0.193888831824443,0.015052628583123917,0.011862630748786506,0.012566420631353882
0.375,0.5211361174949708,0.36295664056797805,0.11590724193705113,0.015007057064034128,0.014631762159950965,0.009957366710646473
0.5625,0.40568048321036565,0.5480163160237705,0.04630320076586382,0.01572736423925413,0.015751170693427394,0.00672696684975764
0.75,0.2546674457021767,0.7325644535083311,0.012768100789492245,0.01323782677611285,0.013607114222785465,0.003477446966188678
0.0,0.7406408224283492,2.9578226593802395e-06,0.25935621974899153,0.013872204334644487,5.394120898543609e-05,0.013871894668187083
0.1875,0.6359997972032195,0.17694421386370765,0.18705598893307285,0.01481578131573324,0.012165363938303574,0.012186990769878215
0.375,0.5094770559736685,0.36262860895561105,0.12789433507072034,0.01586751110198708,0.014978774501370752,0.010375484474476563
0.5625,0.3742482739531611,0.5513204869952797,0.0744312390515592,0.016169493458779518,0.01619105543152957,0.008180614808528676
0.75,0.25656641380132067,0.7321662568935648,0.011267329305114504,0.014253031794624591,0.014334208935306304,0.003204615444470668
0.0,0.740574621093089,0.0,0.25942537890691103,0.014373085344699596,0.0,0.014373085344699596
0.1875,0.6177025965047337,0.1740164529187463,0.20828095057652002,0.015494761944148793,0.012079692598496013,0.013143083805763504
0.375,0.5062973049798306,0.36124001889073704,0.13246267612943238,0.016079941153556123,0.015433477749256175,0.011060082290956088
0.5625,0.3855482619005413,0.5496189439933505,0.06483279410610816,0.01484756202107362,0.014928625134202088,0.007882512534112733
0.75,0.25666811382939775,0.7323898606130387,0.010942025557563627,0.013796615598928575,0.014021350328765766,0.003280585421740292
0.0,0.6736478098531481,1.996109329048418e-06,0.32635019403752275,0.014762766430766709,4.4601978664213304e-05,0.014763275228626402
0.1875,0.6312752715802762,0.1752725431690299,0.1934521852506938,0.014997536047732843,0.0118545006123555,0.012679219225609276
0.375,0.497790738158057,0.36175132399842586,0.1404579378435171,0.015592202304533528,0.014948337920774912,0.011111212227797252
0.5625,0.3953230951913509,0.5481785488909302,0.056498355917719,0.01566744548372977,0.016210519505127214,0.007179487963239477
0.75,0.2567566116839577,0.7327259565050519,0.010517431810990293,0.014108896926979225,0.014352830993367158,0.003151126197098775
0.0,0.7406664509395341,0.0,0.2593335490604659,0.01384679457044673,0.0,0.01384679457044673
0.1875,0.6379061318531188,0.17657637143753127,0.18551749670934986,0.014680399737996343,0.011796934882055079,0.012041918610491155
0.375,0.47799418105262614,0.3644016492168666,0.15760416973050717,0.016118436327100548,0.015414124243361872,0.011593667937829785
0.5625,0.3866892292732849,0.5498135145454643,0.06349725618125072,0.015087794561478149,0.015687614477324363,0.007768571384467393
0.75,0.25769119353841985,0.7316479100363149,0.010660896425265218,0.012922838832961955,0.013253203364046626,0.003282164061716622
0.0,0.7405047474112504,0.0,0.25949525258874956,0.013863214534046693,0.0,0.013863214534046693
0.1875,0.6356614320997176,0.1751907359442427,0.18914783195603974,0.015033265679883008,0.011810362554026056,0.011867582768834675
0.375,0.5169095796175832,0.3620424610935161,0.12104795928890061,0.0158662891252372,0.015162794381929641,0.010337691825005924
0.5625,0.3908187036935915,0.5498354810577741,0.0593458152486343,0.0158692926476566,0.01601970828759817,0.007435778208214561
0.75,0.2559108850165754,0.7305741151419503,0.013514999841474242,0.014030383362209176,0.014370933324474588,0.003550199066289867
0.0,0.7409887867028085,0.0,0.25901121329719157,0.013978964163144784,0.0,0.013978964163144788
0.1875,0.6178014928111661,0.17431018384391267,0.2078883233449212,0.015469466209943356,0.011927227762311221,0.012719558762499441
0.375,0.47418553471940517,0.3639390079459378,0.16187545733465697,0.016076243179767653,0.015327211026123156,0.011761325387870551
0.5625,0.377014806307088,0.5503794195013063,0.0726057741916057,0.015446401219236551,0.015712323287307976,0.00828382332090544
0.75,0.25745926928682455,0.7320944308950008,0.010446299818174616,0.01388232541616137,0.014132422477564263,0.003248643520608647
0.0,0.7402888549225701,0.0,0.25971114507742965,0.014183155490957874,0.0,0.01418315549095788
0.1875,0.6272983714185129,0.1742013493344581,0.19850027924702907,0.015299957669420326,0.01152555554412907,0.012681026931738422
0.375,0.5148262629560147,0.3612333930012237,0.12394034404276166,0.01562233211454036,0.015317837915631098,0.010202046617416364
0.5625,0.3886077441644279,0.5499527020149203,0.061439553820651686,0.015296487917178777,0.015915146514441793,0.007468725134673521
0.75,0.257538089852593,0.7306217542243904,0.011840155923016585,0.014226927416777642,0.014542485096389704,0.003351602726149988
0.0,0.7409835578563875,0.0,0.25901644214361247,0.013922818903427765,0.0,0.013922818903427765
0.1875,0.6254211926925168,0.17439035296476482,0.20018845434271845,0.014464218665526858,0.011812829442531432,0.0125993309924585
0.375,0.4747650706481963,0.3656360380330808,0.1595988913187229,0.016129976908418005,0.015675756617272715,0.011971354585497187
0.5625,0.39351795595239286,0.5483506728731882,0.05813137117441896,0.015218348307143085,0.015714076471244228,0.007363625649627339
0.75,0.2575144602070592,0.7315780781907534,0.01090746160218745,0.0141580713912859,0.014261254240988635,0.003371423722074582
0.0,0.7411144734090961,0.0,0.25888552659090386,0.013822629428885258,0.0,0.013822629428885255
0.1875,0.6295895316448107,0.1750179029600097,0.19539256539517966,0.015036975056976367,0.011960041081338944,0.012528987331985217
0.375,0.5152041944989797,0.36302505060803764,0.12177075489298263,0.0157957054112681,0.015247176201805272,0.010538421100652324
0.5625,0.3859760505183874,0.5508638125780827,0.06316013690352987,0.015189378176043652,0.01527382246648001,0.007889904028692949
0.75,0.2563224898090892,0.7321518042165926,0.011525705974318207,0.01409636432927824,0.014407157995958226,0.0033746238335477068
0.0,0.740337336334981,0.0,0.25966266366501894,0.014048477016597168,0.0,0.01404847701659717
0.1875,0.6245473166232345,0.17516216209698837,0.20029052127977712,0.015672905242753547,0.011907715532513371,0.013065335163843209
0.375,0.48319144438153194,0.36510915818677075,0.15169939743169733,0.015929569753487798,0.01531664553167712,0.011346212420459693
0.5625,0.3986736929730979,0.5490173249790986,0.052308982047803466,0.015945481111001622,0.016130014830501825,0.00699344098136533
0.75,0.25759122461502865,0.7312386545174582,0.01117012086751324,0.014209355863750094,0.014207672764092,0.0034164487658360893
0.0,0.740944979284654,0.0,0.25905502071534603,0.014353290915924157,0.0,0.014353290915924159
0.1875,0.6355835236250134,0.17578071024276337,0.1886357661322232,0.014894317941060928,0.01174940479047037,0.012497226991394259
0.375,0.5176738522584683,0.3629551701639946,0.1193709775775372,0.01581965920084164,0.01478320117729196,0.010265382103965876
0.5625,0.39799356654591955,0.549079472454629,0.0529269609994514,0.015048154068003588,0.015234486459880564,0.00737474630874374
0.75,0.256949638958272,0.732329582381227,0.010720778660500802,0.013566266448727419,0.013964298907090045,0.003329062560089578
0.0,0.7401974016173584,0.0,0.25980259838264175,0.014015391735307855,0.0,0.014015391735307853
0.1875,0.6245886533311075,0.17420138557115988,0.20120996109773268,0.014811586551175709,0.01164129261386637,0.012022830300230906
0.375,0.5050730067763806,0.3618563337013253,0.13307065952229427,0.016043456949894702,0.015267547304780188,0.010856550306437897
0.5625,0.38876346276462165,0.5484632013198403,0.06277333591553795,0.015478471586358048,0.01563010033106595,0.007526378315776971
0.75,0.25709396669522966,0.7318987275944817,0.011007305710288615,0.014155720520669293,0.014487688203135864,0.0033824636442208516
0.0,0.7399453736878188,0.0,0.2600546263121811,0.013890032917587515,0.0,0.013890032917587518
0.1875,0.6267474017847212,0.1743819105207329,0.19887068769454583,0.015127617082984194,0.011556687739187393,0.012441218373222526
0.375,0.5078212168304552,0.36190535977806176,0.13027342339148298,0.016106779301657714,0.01540899337146209,0.010496482115632467
0.5625,0.4044424991337959,0.5488453693965403,0.04671213146966383,0.01577730370126854,0.015482417846671405,0.006810584822035399
0.75,0.2672725123558347,0.7311560179256136,0.0015714697185517594,0.014036187715186825,0.014007314224627681,0.0012583687324775779
0.0,0.7402606173798424,3.971797623721376e-06,0.2597354108225338,0.014225341149712212,6.268612438104807e-05,0.014225349148975431
0.1875,0.6312067657211664,0.17435724331486713,0.19443599096396635,0.01572158206590724,0.012256705836341537,0.01260882960292686
0.375,0.48015226360209157,0.3641454849646026,0.15570225143330582,0.01618395628473096,0.015699017675836327,0.0113062345551522
0.5625,0.4029016697378861,0.54799084233043,0.04910748793168379,0.01580584367598456,0.01576340091668749,0.006743665262773162
0.75,0.2567647552240196,0.7326369402668638,0.010598304509116566,0.01339640175728625,0.013515746304022802,0.0032518914997705334
0.0,0.7401572406302214,0.0,0.25984275936977863,0.013584215723235834,0.0,0.01358421572323584
0.1875,0.6172643994287834,0.17481162839811146,0.20792397217310502,0.015216513810986957,0.011351913734619964,0.01300880537297207
0.375,0.4737990117622641,0.36404056713487987,0.1621604211028561,0.015566212704166046,0.015192536361235146,0.011869973160178687
0.5625,0.37383705487204044,0.5521878190347099,0.07397512609324958,0.014243158002152216,0.014829059688595932,0.008163463871793291
0.75,0.2569322329534434,0.732019059914852,0.011048707131704541,0.014017109361739567,0.014079167401808016,0.003113258348652954
0.0,0.7401822540825135,0.0,0.25981774591748635,0.013964062748727222,0.0,0.013964062748727222
0.1875,0.5831519857516708,0.17718652073960497,0.2396614935087241,0.015594715649372821,0.012032374414037001,0.01354740467943925
0.375,0.47686081325369434,0.36342697225367687,0.15971221449262873,0.015589256924748813,0.014683304088891794,0.011305947470559014
0.5625,0.3742805327590286,0.5512251789885343,0.07449428825243712,0.015067315606077878,0.015706702835942186,0.008298350198347728
0.75,0.2559533055419819,0.7329022267753146,0.011144467682703503,0.013438260115389043,0.013682132491271983,0.0033766243619604707
0.0,0.7401802818911967,9.950248756218905e-07,0.2598187230839277,0.013817012772150692,3.14497126950828e-05,0.013815337228197656
0.1875,0.6368364544747767,0.17485809593399484,0.1883054495912284,0.014670336684611715,0.011749738072249102,0.012051379075780695
0.375,0.5267893709057911,0.3635103269024854,0.10970030219172344,0.015624732476972016,0.015462930449362339,0.009929115477753485
0.5625,0.38691635019506765,0.549029788167511,0.06405386163742138,0.015529214810432557,0.015562432305031251,0.00786216195362423
0.75,0.25662194885397493,0.7327644288996239,0.010613622246401284,0.013992763951973507,0.013995654518417514,0.0031468119483376877
0.0,0.7401358372562863,0.0,0.25986416274371366,0.014403855198831006,0.0,0.014403855198831006
0.1875,0.6380643129490549,0.17559632785271226,0.18633935919823283,0.015044201259750263,0.011941422406299527,0.01244228765888052
0.375,0.48302049770860556,0.3647391017490606,0.15224040054233387,0.016850964616739888,0.015766805740836366,0.011416629293190437
0.5625,0.38286427220798996,0.5507343015329563,0.06640142625905353,0.01520217537252169,0.015977328994991904,0.008136707870528915
0.75,0.26542507903307583,0.7313035569380341,0.003271364028890183,0.013756536231520839,0.013850881943237605,0.001769852744202845
0.0,0.6734221174908808,0.0,0.3265778825091191,0.014877697102168016,0.0,0.014877697102168016
0.1875,0.6316847293542236,0.17433037229934403,0.19398489834643226,0.015329117397918252,0.011556273400163271,0.012417362484879556
0.375,0.5057601926822283,0.36196059541102565,0.13227921190674602,0.015769798807747988,0.014947092078605326,0.010734217573531829
0.5625,0.40032780464678247,0.5469739658635465,0.05269822948967097,0.015472046236014034,0.01564922219801346,0.0071445251283653935
0.75,0.25740891939532834,0.7310361153043894,0.011554965300282405,0.014176075967125187,0.01439989488584964,0.0034327528490621195
0.0,0.6749044125986353,0.0,0.3250955874013647,0.014599150439066488,0.0,0.014599150439066488
0.1875,0.6292930252817552,0.17573586551199202,0.1949711092062527,0.015373052043233217,0.011920598041801426,0.012690908097306518
0.375,0.519109535471102,0.3611224109765762,0.11976805355232176,0.016113882537557363,0.015082048676358248,0.010205541334472924
0.5625,0.3834026296334309,0.5503099935890202,0.06628737677754884,0.015512972411311771,0.015650793612905937,0.007835311450874178
0.75,0.26749393615091105,0.7306841198240517,0.0018219440250372275,0.013769176036970105,0.013822140967410308,0.001286636503949635
0.0,0.7401849367582425,1.0080645161290323e-06,0.2598140551772414,0.013318657212230784,3.1861856107417554e-05,0.013318293724298038
0.1875,0.6273925500435955,0.17493586949144163,0.1976715804649628,0.014999349153092386,0.011975633957123958,0.012185071579722187
0.375,0.4786871184559057,0.3642169085726706,0.1570959729714237,0.015461727711351831,0.015438681557095043,0.011363040348313022
0.5625,0.3761786832010064,0.5510128628644695,0.07280845393452415,0.015550706666035446,0.01601042771917895,0.008596685809242272
0.75,0.266957647830974,0.731444683264842,0.001597668904183949,0.014110102525903133,0.014139171737289433,0.0012316131481615396
0.0,0.6740735979407911,1.01010101010101e-06,0.3259253919581988,0.014990799739965937,3.192622349349315e-05,0.014990266576078113
0.1875,0.6331888043798501,0.1750304823327819,0.19178071328736804,0.015824404119570937,0.012483214176756574,0.013351504958176696
0.375,0.5055048306686488,0.36121615362484627,0.133279015706505,0.0162444440608817,0.015436533343277646,0.011254253560241866
0.5625,0.3736182876808839,0.5513680958703358,0.07501361644878032,0.01575289360178789,0.0158564543563154,0.008303604035812892
0.75,0.2554040682000232,0.7330047598421205,0.011591171957856233,0.013892008956596237,0.01417939151277155,0.003383190002541352
0.0,0.6731815079095318,0.0,0.3268184920904681,0.015344106358568923,0.0,0.01534410635856892
0.1875,0.6327070291705577,0.1755714358939618,0.19172153493548053,0.015603599911020512,0.012377831012385637,0.012714281334799675
0.375,0.49838570699830986,0.36192133328312287,0.13969295971856727,0.016411654008672318,0.015184475427042765,0.010890968586544801
0.5625,0.3855363175384878,0.5505568063183931,0.06390687614311905,0.01518139470699849,0.015543179214672987,0.007789421584879019
0.75,0.26711799779120476,0.7112430691262331,0.021638933082562116,0.013579511611412878,0.014175041545500568,0.004562432424710986
0.0,0.7403471244163016,0.0,0.25965287558369843,0.014263757171013832,0.0,0.014263757171013835
0.1875,0.6184504003830559,0.17478637166827468,0.20676322794866944,0.015464335992211791,0.011963769352969288,0.012816058711784973
0.375,0.5005052652951617,0.3637793220852172,0.13571541261962103,0.01565515903007899,0.015516591428745105,0.010896993048379133
0.5625,0.38342607448282995,0.5503216322488715,0.06625229326829842,0.015587429679658982,0.016161675421547835,0.007727413325957605
0.75,0.2559529278499337,0.7325426494543151,0.011504422695751202,0.013769981006414309,0.013989690470025871,0.003348181048875446
0.0,0.7408156085619274,2.011115654294065e-06,0.25918238032241825,0.013891769965421269,4.495941686434194e-05,0.013893825435268766
0.1875,0.5827680977882924,0.177105806257204,0.24012609595450363,0.015341388374054486,0.011657503523451018,0.01361640963765607
0.375,0.5240331397391874,0.3619478487134459,0.11401901154736671,0.016152686986408038,0.015164843247837652,0.010218769965843083
0.5625,0.3823266187252916,0.5499905977475388,0.06768278352716962,0.014822451754845692,0.015210197844276548,0.008038063576164047
0.75,0.2569659496875755,0.7314875148844905,0.011546535427934008,0.013893593885877999,0.014021352424596765,0.0032980237203388005
0.0,0.7406306833455982,0.0,0.2593693166544018,0.013280203848935091,0.0,0.013280203848935091
0.1875,0.6333989200652815,0.1741976863601114,0.19240339357460695,0.015218868611315819,0.011786616372488528,0.012557608946201188
0.375,0.5166285304289137,0.3627212913599419,0.1206501782111444,0.01594166501889884,0.015175752355240168,0.010794453684679944
0.5625,0.39317085438354193,0.5473450800512628,0.059484065565195254,0.015243676414526413,0.015771946643188192,0.007719156129794608
0.75,0.2670672533490523,0.731779969816084,0.0011527768348637574,0.01375212508062513,0.013719824423764102,0.0010958789230123799
0.0,0.6744464381920108,0.0,0.32555356180798917,0.0145948332587459,0.0,0.0145948332587459
0.1875,0.63241215679907,0.17485323658313962,0.19273460661779018,0.015211717217496206,0.011596153005630702,0.01244329509773582
0.375,0.47446752579911877,0.363745223033748,0.16178725116713322,0.015342069937821456,0.014788223331594144,0.011701406643316141
0.5625,0.37210122791732875,0.5511470398830152,0.076751732199656,0.015422839384573275,0.01598711326002665,0.00857788721184396
0.75,0.2557143628910222,0.7324542385700427,0.011831398538935228,0.01318538562401,0.013373703617387872,0.0034133380803046676
0.0,0.7405617237063179,1.0090817356205852e-06,0.2594372672119465,0.013495996565378289,3.1894007324478545e-05,0.013495589353688994
0.1875,0.63838776144891,0.1747046728495926,0.1869075657014975,0.015089050634286555,0.012029726478015696,0.01222360035979279
0.375,0.5199601553486789,0.3619507021299745,0.11808914252134654,0.01624322542094203,0.015316582130856723,0.01020739290746129
0.5625,0.39280464595114883,0.5489511188534753,0.05824423519537584,0.015951135126373837,0.016011555076903137,0.007497668961120823
0.75,0.2565104609923907,0.7328424849679909,0.01064705403961836,0.013345792952053072,0.013535338691059221,0.0031897280302091336
0.0,0.7399382827850463,0.0,0.26006171721495375,0.013575620050156754,0.0,0.013575620050156752
0.1875,0.6347794984211387,0.1758330690736111,0.1893874325052503,0.015165684646080974,0.011694667656900623,0.012602887583553778
0.375,0.4818452815679995,0.3648796773943341,0.1532750410376664,0.015522139335763945,0.014808080241567515,0.011198692109950018
0.5625,0.3991962151715302,0.5487277509146585,0.05207603391381133,0.015620832651285678,0.015302764946287288,0.007042775755330952
0.75,0.25734059752901395,0.7313133016066711,0.011346100864314892,0.014064885378184977,0.01447023235756135,0.0033571915073375854
0.0,0.7404228431788273,0.0,0.25957715682117266,0.013836065197729147,0.0,0.013836065197729147
0.1875,0.6254672779302628,0.1738536853014524,0.2006790367682848,0.015235177991169364,0.012320760274562833,0.012524440503373788
0.375,0.5208110363969554,0.36348049176318925,0.11570847183985537,0.01598644236517239,0.015143029753672472,0.00992614068730026
0.5625,0.38614140852807727,0.5497074951816289,0.06415109629029388,0.015468755809676204,0.016231054330881917,0.007760480001730065
0.75,0.25712635319425553,0.7313832882035629,0.011490358602181608,0.014526921387892345,0.014723154746047611,0.0033718059785035766
0.0,0.6753751428094749,5.399495370362636e-05,0.3245708622368215,0.014702499946149888,0.00023074926934606627,0.014705178031239009
0.1875,0.6283248129034176,0.174182265406273,0.19749292169030952,0.015241536021553757,0.011871957579553841,0.012513532740119822
0.375,0.5149234298730442,0.3626297679342117,0.12244680219274423,0.015314694681458086,0.01434479778013484,0.010483472853698883
0.5625,0.3993477816526405,0.5483802960803981,0.05227192226696148,0.01550095863427822,0.015970304914094516,0.007202730165807959
0.75,0.2662427668262067,0.7119136034588728,0.021843629714920505,0.014414673904386808,0.01485600642037297,0.004673321832052875
0.0,0.7402437353581859,0.0,0.2597562646418141,0.013609665552438283,0.0,0.013609665552438283
0.1875,0.6383228230990501,0.17523940472239305,0.18643777217855678,0.015545500565867286,0.012244949562832038,0.012216572791865015
0.375,0.496801496912487,0.36287673894036937,0.14032176414714365,0.01606183580334643,0.015394425706086963,0.010960667343391848
0.5625,0.36485995190296866,0.5489417411904552,0.08619830690657618,0.015322021490341658,0.01529039792620629,0.008763544482907492
0.75,0.2671284842483451,0.7312084035407495,0.0016631122109053936,0.014514815473170439,0.014529121773256395,0.0012945470148847873
0.0,0.7404885009202876,0.0,0.2595114990797124,0.014084943921974168,0.0,0.01408494392197417
0.1875,0.638774485853066,0.17611977620552863,0.1851057379414055,0.015465865045601842,0.012239967871722563,0.01244846333138216
0.375,0.5128904503470856,0.3613625984078035,0.12574695124511093,0.015387455583997903,0.015002660756934353,0.010461730181795003
0.5625,0.3732261600532149,0.5523739577900786,0.07439988215670644,0.015194897286679956,0.015115971338202458,0.008251420854387022
0.75,0.2659041122687278,0.7320582977846225,0.002037589946649667,0.013162775015220783,0.013188663141967033,0.0013847894996620706
0.0,0.740125697752831,0.0,0.259874302247169,0.013857427461348338,0.0,0.01385742746134834
0.1875,0.6340712708441542,0.17514628960975204,0.19078243954609378,0.015288626423199506,0.012273760058384224,0.012706615348560862
0.375,0.4775792292397001,0.3633437852177295,0.15907698554257035,0.01607149852144901,0.015417474625976443,0.01143804677905826
0.5625,0.3994126268093006,0.5498557766284459,0.050731596562253525,0.015776287712784432,0.015936243590963444,0.0068365637730368745
0.75,0.26790630310879465,0.7102381510817202,0.021855545809485313,0.014901923662505957,0.015398672931041404,0.004624914314034392
0.0,0.7392317415440726,0.0,0.2607682584559275,0.013830088416383732,0.0,0.013830088416383732
0.1875,0.6308515987648291,0.1740424446518153,0.1951059565833556,0.015142845739054979,0.011680706693574157,0.012620293180822043
0.375,0.5183607906724015,0.36194564465972506,0.11969356466787348,0.01581347525586529,0.015094658689275271,0.010052169828322379
0.5625,0.3859643942955489,0.5504830805756167,0.06355252512883433,0.015903406936527885,0.016365460977187246,0.00788069818090732
0.75,0.266568883523809,0.7320357402168061,0.0013953762593849185,0.013880066685708372,0.01386392399643408,0.0011363959323928683
0.0,0.7397629284147029,1.9883246366743764e-06,0.2602350832606603,0.014213133521862105,4.44517515219081e-05,0.014210813293884279
0.1875,0.6378875075283134,0.17547401083176845,0.18663848163991822,0.015443165475641183,0.01188349399251874,0.012216729270379137
0.375,0.49613767364211064,0.3626076379208964,0.14125468843699293,0.01655804492203287,0.015527810149920353,0.010989774576667454
0.5625,0.38856050628280764,0.5498052186244207,0.061634275092771605,0.015066547092347286,0.015561780640077629,0.007439173436187973
0.75,0.2669003399466156,0.7111603708854107,0.02193928916797358,0.013697439376503025,0.01409402859833128,0.004738721392716066
0.0,0.6748352789572516,0.0,0.3251647210427484,0.01481679689642395,0.0,0.01481679689642395
0.1875,0.6349134029793351,0.17514642226478086,0.18994017475588404,0.014751896545929968,0.012100969280199115,0.012043106356156198
0.375,0.5282677499973423,0.3634132801263936,0.10831896987626402,0.015591227748862816,0.01544977357225468,0.009932674790229272
0.5625,0.39576842247695165,0.5495749775756378,0.05465659994741053,0.015777123590376422,0.016159964948366815,0.007392090682953431
0.75,0.2571790401840134,0.7320363969618435,0.010784562854143179,0.013640933517713082,0.013794171963421907,0.003326971774199162
0.0,0.6740474186013354,5.1188057388659475e-06,0.3259474625929258,0.014937020336652848,7.225466988928075e-05,0.01493701447774681
0.1875,0.5789030418529537,0.17593829516099932,0.245158662986047,0.015866337068841222,0.011821274688317234,0.013538914774374114
0.375,0.5200747550216924,0.3615418673707164,0.11838337760759103,0.01619653296313614,0.015078834566655432,0.01021776222961098
0.5625,0.3883847547647863,0.5493960390130933,0.06221920622212046,0.014617069903149064,0.015205252394960766,0.007571639697699201
0.75,0.26606675919052425,0.7120122844544403,0.02192095635503552,0.013837923319833963,0.014151549174733607,0.004624714364947267
0.0,0.674498047789099,0.0,0.32550195221090106,0.01487289911282276,0.0,0.014872899112822762
0.1875,0.6386292881372642,0.17521767955398876,0.18615303230874697,0.015632032490604734,0.01159603427051622,0.012555997817015187
0.375,0.4877699911802277,0.36430382942491074,0.14792617939486158,0.01636261873742,0.015267155610635448,0.011661209141929448
0.5625,0.38628749198820306,0.5496943092330671,0.06401819877872979,0.015610786596459331,0.01599804722574563,0.007702217205472937
0.75,0.2572851030913249,0.7319288349053713,0.010786062003303716,0.013175794710065247,0.013315973414036768,0.00332016787637385
0.0,0.7407687135973042,2.995837406747584e-06,0.259228290565289,0.013319490150325726,5.4630945542648475e-05,0.013320859626662584
0.1875,0.630496641115164,0.17409415098600303,0.19540920789883282,0.015056903695844759,0.011587243579962414,0.0125712908679674
0.375,0.5071844332625598,0.362208111407708,0.1306074553297323,0.016237212918418033,0.01512222995631512,0.010920665737983195
0.5625,0.37331738700156175,0.5514703555397751,0.07521225745866306,0.014508619198732262,0.01485390671116671,0.008363741016242217
0.75,0.2559200186001007,0.7329398080628532,0.011140173337046132,0.013579463730791138,0.013525878006008137,0.0033065095368571924
0.0,0.7399195958761124,0.0,0.26008040412388755,0.01408088337798573,0.0,0.014080883377985732
0.1875,0.6305292409073899,0.17586033114780167,0.1936104279448083,0.015418404885525198,0.011855217775459746,0.012862028887406802
0.375,0.5115106359123214,0.3615872225971051,0.12690214149057355,0.015137217177223689,0.015073399342436773,0.010419145475742112
0.5625,0.3819030125320313,0.5507016665460712,0.06739532092189751,0.015410953805508124,0.015126079092054153,0.00784411855925846
0.75,0.2564452934010151,0.7318370099093106,0.011717696689674272,0.014002586107197365,0.014212706195738034,0.0033625230984992687
0.0,0.7403110324523974,0.0,0.2596889675476027,0.0139679674806704,0.0,0.013967967480670404
0.1875,0.6357072009579547,0.1748802810879588,0.18941251795408637,0.015007693944856178,0.01180887635038871,0.012285806670684369
0.375,0.5308270864552951,0.36184447307869655,0.1073284404660083,0.015177751721172382,0.014765512542622272,0.009326404001739945
0.5625,0.3929375997295996,0.5490137606413782,0.058048639629022195,0.015349141546388435,0.015237107167145067,0.00750627904531881
0.75,0.2571229858702985,0.7319958011000289,0.01088121302967242,0.013715767361984946,0.013821734230225511,0.0031266683854420515
0.0,0.7402128267125724,1.004016064257028e-06,0.2597861692713634,0.013115826442660258,3.173389684594197e-05,0.013116383456694908
0.1875,0.6297214441736043,0.17505141917406083,0.19522713665233474,0.01402375169900471,0.011767792156238247,0.011947135774721233
0.375,0.5225917083188091,0.36307005781394436,0.11433823386724665,0.015771329732507673,0.015201418197476006,0.0100253009847205
0.5625,0.3983525136438481,0.5493855908537228,0.052261895502428976,0.015979820486805685,0.016058259665273324,0.006914802391403022
0.75,0.2575251202419946,0.7312724666995778,0.011202413058427629,0.013866827798081368,0.014292235275089367,0.0033378345937332475
0.0,0.673966568657386,0.0,0.3260334313426139,0.014294756093408072,0.0,0.01429475609340807
0.1875,0.6352708017912054,0.17646275982776025,0.18826643838103427,0.014773499191811845,0.01172338567128712,0.012080869112733886
0.375,0.4964195293113258,0.3631022287537644,0.14047824193490976,0.015297770379220442,0.015079718281132148,0.011429777420185866
0.5625,0.3915715028943808,0.5484942930672794,0.059934204038339794,0.015646460046854143,0.01562923624519231,0.007403345841140883
0.75,0.25655928516249826,0.7299886550738838,0.013452059763617867,0.013244714546585325,0.013532006388340428,0.0035195500673613697
0.0,0.7410298705467626,0.0,0.2589701294532374,0.013531610461337122,0.0,0.013531610461337119
0.1875,0.6366184741187687,0.1750725563733452,0.18830896950788611,0.015790477692092814,0.011852193698478002,0.013032815177094825
0.375,0.5224431054185791,0.36240538927081667,0.11515150531060421,0.015987713833382756,0.015389857025771097,0.009895870407777691
0.5625,0.3985776806101087,0.5476986707329159,0.053723648656975515,0.016334846718830568,0.01680372427856378,0.00682622442418634
0.75,0.25751318718439303,0.7308369600207512,0.011649852794855765,0.013704221654482271,0.013886365283246471,0.0036006144376634105
0.0,0.7398321667013884,1.0090817356205852e-06,0.2601668242168761,0.013700366640420958,3.189400732447853e-05,0.01369987058968666
0.1875,0.6248463903332476,0.17317196045092886,0.20198164921582348,0.015784986354458935,0.012139325547188069,0.01260234836710333
0.375,0.5166889118674822,0.3612884077643594,0.1220226803681584,0.016519841785447707,0.015833545148489458,0.010589301261451621
0.5625,0.38267295046654565,0.5517198449639702,0.06560720456948414,0.015425288861470302,0.015934264684411142,0.007723172818584513
0.75,0.2564795617943475,0.731719014667017,0.01180142353863544,0.014345638173391101,0.014435281402715577,0.003354975835725049
0.0,0.6735554851279786,0.0,0.3264445148720213,0.014836642736757073,0.0,0.014836642736757069
0.1875,0.6361072702024976,0.17530993619478943,0.18858279360271293,0.01600009840168543,0.012295553169731799,0.012840960952793306
0.375,0.5167421960083486,0.36285729493704555,0.12040050905460581,0.016382426971251755,0.015244244650404814,0.010450471663558399
0.5625,0.376485849471424,0.5518845604441858,0.07162959008439027,0.01565503912468128,0.015882234743201846,0.008037761526621275
0.75,0.26657525378966396,0.7117179641931258,0.02170678201721028,0.014893151739276743,0.015474262848758885,0.004640347613017349
0.0,0.7393038045195927,1.9835533238531876e-06,0.2606942119270834,0.013777902478177962,4.4313813651445746e-05,0.013777978515895815
0.1875,0.6365760912529886,0.175161104242807,0.1882628045042045,0.015499648988694423,0.012278754798885445,0.012509345306690551
0.375,0.47452397332283713,0.3638431772782003,0.1616328493989625,0.015123583641459208,0.015044271150583776,0.011517094475829309
0.5625,0.39854245788958487,0.550677637987451,0.05077990412296422,0.015544166960696146,0.015764934481876672,0.006865097530269528
0.75,0.2570479566347692,0.732441743207098,0.010510300158132735,0.01290729661877356,0.01305924714006343,0.0032719488577579578
0.0,0.7399557756463738,0.0,0.2600442243536262,0.013738819011517885,0.0,0.013738819011517885
0.1875,0.6339108631190508,0.1753796082508087,0.19070952863014054,0.015483382928848936,0.012248619261011694,0.012676621329846828
0.375,0.5004348099533839,0.36179109549650423,0.1377740945501119,0.0158630866272715,0.015328845146484827,0.010735852058204293
0.5625,0.3986254197204089,0.5492488392217931,0.05212574105779787,0.015566775100248322,0.01592500639508432,0.006959938853313235
0.75,0.2669506067617187,0.7116224602177217,0.021426933020559553,0.015043952930820245,0.014876692816283229,0.004710965599866035
0.0,0.7400036844123181,0.0,0.25999631558768194,0.013878069790063466,0.0,0.013878069790063464
0.1875,0.6271046358083591,0.1736259024695588,0.19926946172208215,0.015578403551923956,0.012109017737586908,0.012426933119230186
0.375,0.5238934742302054,0.36263266040485487,0.11347386536493982,0.016378804137305993,0.01559509420375284,0.010044968564092907
0.5625,0.4012696935335527,0.548102519977327,0.05062778648912027,0.01582648065546055,0.016054457444110062,0.007268869433009108
0.75,0.257459325348548,0.7317727819856079,0.010767892665844216,0.013813387333500715,0.014033582476011297,0.003321395211609087
0.0,0.740136099353646,0.0,0.25986390064635395,0.01382056062048222,0.0,0.01382056062048222
0.1875,0.623932821857254,0.17428077300946676,0.2017864051332791,0.014982056456619116,0.011618390882300956,0.012482890886437663
0.375,0.5202850797027838,0.36362447720109525,0.11609044309612082,0.015617892297187911,0.015188441661771662,0.010141919170261401
0.5625,0.38177981624819346,0.5499945275275112,0.0682256562242954,0.015462137364716176,0.015804782245615084,0.0081210667206162
0.75,0.26707808389493837,0.7318876322179322,0.001034283887129381,0.01356169516558108,0.013535962026251324,0.0010413655470612488
0.0,0.674585330462214,0.0,0.3254146695377859,0.015290690400521141,0.0,0.015290690400521143
0.1875,0.6303550148357783,0.17535407042127302,0.19429091474294868,0.015764957945938886,0.011966061590489236,0.01305513614555008
0.375,0.5278481186736363,0.3617584686470908,0.11039341267927279,0.01552900869953782,0.014861883433023988,0.009992342782971618
0.5625,0.386044961387026,0.5498273369011478,0.06412770171182612,0.01604826669657681,0.016079655094133827,0.007724012669952007
0.75,0.26618200563711897,0.7313980397089306,0.0024199546539505094,0.013342176901706493,0.013396102202259317,0.0015572737928721458
fixed rate,success rate,failure rate,error rate,success std,failure std,error std
0.0,0.7405780532398684,0.0,0.2594219467601315,0.013440887456066848,0.0,0.013440887456066851
0.1875,0.6336868049399145,0.1751849663875372,0.19112822867254833,0.015208596819033084,0.011877880079724089,0.012488426217836522
0.375,0.5206408066730944,0.36204131780542226,0.11731787552148328,0.016159490214256573,0.015305385072966363,0.010006264634440109
0.5625,0.3727795327104339,0.552605674893982,0.07461479239558406,0.015339755128918607,0.015825526685680956,0.008135234618555719
0.75,0.25761992974217834,0.7318727109512387,0.010507359306582769,0.013894395736849903,0.01387587870617926,0.003276857376146237
0.0,0.7400389077419216,0.0,0.25996109225807845,0.013884380404441265,0.0,0.013884380404441267
0.1875,0.6235926412374149,0.1747248994106353,0.2016824593519499,0.015742440503091308,0.012232824921705052,0.01293560659130795
0.375,0.5103018429992271,0.36300755263436124,0.12669060436641164,0.01594173682265129,0.01472771305010246,0.01049366923756293
0.5625,0.3842488525429176,0.5509073316146064,0.06484381584247612,0.015367582453815327,0.015894742178277542,0.0077552227489098265
0.75,0.2569984411699285,0.7314481565866932,0.011553402243378382,0.014618652205767886,0.014856783219007155,0.0034616204701454507
0.0,0.7402121402973327,0.0,0.2597878597026672,0.013884952348107004,0.0,0.01388495234810701
0.1875,0.6350859920641971,0.17460857532230722,0.1903054326134955,0.016028171618237563,0.012053021364544605,0.012431356785529054
0.375,0.47770211857973066,0.36428024885859284,0.15801763256167659,0.016080960058215483,0.015837060249321102,0.01159852613127844
0.5625,0.38154936705959974,0.5501064176705008,0.06834421526989942,0.015425866266923624,0.015637963906601212,0.00778742108871082
0.75,0.25739792700082376,0.7318997187634984,0.010702354235677884,0.014075571654573085,0.014413020854213324,0.003246617198513705
0.0,0.7405062949520471,0.0,0.2594937050479529,0.013746217439771856,0.0,0.013746217439771856
0.1875,0.6386438351246043,0.1763108888648574,0.18504527601053827,0.015215839529050893,0.012217795875688551,0.011987553169128091
0.375,0.47477359532052843,0.36338870269283147,0.16183770198664008,0.015766328938011453,0.014920156331608894,0.011939523607363563
0.5625,0.40516088055144517,0.5498502938080464,0.04498882564050835,0.014913410510277596,0.015115890887724375,0.006546159420817648
0.75,0.25706919993918986,0.7311840233927047,0.011746776668105412,0.013641278552659317,0.01396593961089793,0.003419431680870287
0.0,0.7402172742043892,0.0,0.25978272579561074,0.01329922608192802,0.0,0.013299226081928022
0.1875,0.6178680266105444,0.17362256819589839,0.20850940519355715,0.015575408687438503,0.01228001450607793,0.01249438172696841
0.375,0.5177365187018245,0.361036028596806,0.12122745270136946,0.015280886944485365,0.014702986568358159,0.00969487357213247
0.5625,0.3812123934072653,0.5520609088064675,0.06672669778626723,0.015494969942780937,0.015596366904687266,0.007835763929843448
0.75,0.2575460610781337,0.7315121746078587,0.010941764314007603,0.013542062169336056,0.01372228983415402,0.0033610376729231316
0.0,0.7408176395742527,0.0,0.25918236042574727,0.014017446977224691,0.0,0.014017446977224691
0.1875,0.6341278730755717,0.17531003903916556,0.19056208788526266,0.015437203597221035,0.01235703580045856,0.012017684677335251
0.375,0.5249154549665861,0.3624059679209839,0.11267857711242994,0.015077588981426788,0.01439035443796885,0.00994557997633562
0.5625,0.3916575249566102,0.5496250114980326,0.05871746354535732,0.015896978594653745,0.015905107441897402,0.007576431437613949
0.75,0.25719134258913834,0.7317455413284653,0.011063116082396426,0.013902155821942219,0.013978023852033214,0.0033535634340009267
0.0,0.6739780450976335,0.0,0.32602195490236646,0.014845159323371859,0.0,0.014845159323371859
0.1875,0.6375517974342532,0.17622360491997166,0.18622459764577515,0.015137078760278637,0.011876403348252906,0.012343266585923295
0.375,0.49954214538694647,0.3620461795166541,0.13841167509639946,0.015565816388046393,0.015323386842560033,0.01059080169626192
0.5625,0.4036552983655298,0.5488936245100459,0.04745107712442447,0.01521163396487301,0.015596046795584208,0.006619344969234355
0.75,0.2573941523723521,0.7312452601430494,0.01136058748459865,0.013876898370331504,0.014125437057972973,0.003442441978368149
0.0,0.7395771196171675,1.0224948875255625e-06,0.260421857887945,0.013680197294525194,3.231795629709429e-05,0.013679677072154063
0.1875,0.6346704664843505,0.1763422290026145,0.18898730451303505,0.014992218678120069,0.011962291201739642,0.012257062207198693
0.375,0.5234446748581275,0.3631367431479357,0.11341858199393673,0.01559703542859229,0.01543168956180131,0.00975636420779112
0.5625,0.38469024094959786,0.5507562482145496,0.06455351083585255,0.01497770104585497,0.015376288039448833,0.007576382720480491
0.75,0.2563340462210567,0.7324974094931815,0.01116854428576177,0.013164190941004966,0.013582863247353468,0.0033449702041176772
0.0,0.7388050718531749,9.233610341643582e-07,0.26119400478579097,0.013603595676772289,2.918463643449512e-05,0.013602177509913807
0.1875,0.6270459459777212,0.17491879055595472,0.1980352634663241,0.015961430195501763,0.012160809358706797,0.012712046711934634
0.375,0.49676638450351635,0.3629896836370074,0.14024393185947628,0.015899687596404054,0.015506056012820239,0.011239334332079515
0.5625,0.3835370974660685,0.5498770945614937,0.06658580797243786,0.01585386991924323,0.016027500531159013,0.0078657868961176
0.75,0.2567780804704087,0.732257004401627,0.010964915127964374,0.013506868560437044,0.013659719780148849,0.003264374999012881
0.0,0.7403855978919914,0.0,0.25961440210800846,0.013401725521364646,0.0,0.013401725521364647
0.1875,0.6353697802477523,0.1766573173077539,0.18797290244449386,0.01504405973371623,0.012364837209577633,0.012540208715927752
0.375,0.5266043773019301,0.3633809280582606,0.11001469463980931,0.0158652700306155,0.015185279821897404,0.010042688855641508
0.5625,0.38408172228533466,0.5500521085573429,0.06586616915732248,0.01580077808235461,0.016121902204767273,0.007727316998651906
0.75,0.25640078800924104,0.7333805722682628,0.010218639722496217,0.014052179780004368,0.014368884232117046,0.0031908616975434697
0.0,0.7401892842690224,0.0,0.2598107157309777,0.014020666179656818,0.0,0.014020666179656822
0.1875,0.578265062417684,0.1761431842107172,0.24559175337159883,0.015715053304185475,0.012222730888664157,0.013943175598168355
0.375,0.5048617639882091,0.36152925107988815,0.13360898493190265,0.0164236222516883,0.015592081392918417,0.010906534439401943
0.5625,0.39894310800107813,0.5487225573690699,0.052334334629851965,0.015993376380911476,0.016517766616877653,0.00705295689461852
0.75,0.25657312051476067,0.732593178553331,0.010833700931908309,0.014045405525863114,0.014235423518388487,0.0032447754241021584
0.0,0.7398300295696287,0.0,0.2601699704303712,0.013769074050187343,0.0,0.013769074050187347
0.1875,0.6398822375246768,0.17599091209940274,0.18412685037592047,0.015634764841817413,0.012353093403890915,0.01247401369304922
0.375,0.5145971944431652,0.3606763935583004,0.12472641199853439,0.015974139981587015,0.015613572184977999,0.010476592852827114
0.5625,0.4008427623480183,0.5481918221462595,0.050965415505722096,0.015535836784992438,0.016084704426800267,0.006971352751026243
0.75,0.25695452262605883,0.7312312394299905,0.011814237943950595,0.01379702942726182,0.013770773086794464,0.003544444923832996
0.0,0.6752943706390645,0.0,0.32470562936093555,0.015341833101796322,0.0,0.01534183310179632
0.1875,0.6360253626011947,0.17447738295442095,0.18949725444438434,0.015464525767465149,0.012251917490756218,0.012420995103987203
0.375,0.5230740949034682,0.362142515664072,0.11478338943245976,0.015453515891187685,0.015070701786464007,0.009937844484798767
0.5625,0.3914076514209679,0.5497765894844908,0.058815759094541266,0.0152063562072441,0.015559286572137647,0.007637287461533021
0.75,0.25522325652794586,0.733624737916911,0.011152005555143087,0.014305912355491626,0.01458700417866519,0.0034324879525998385
0.0,0.6743287924110952,0.0,0.3256712075889046,0.014976948869141707,0.0,0.014976948869141707
0.1875,0.6339601301271218,0.17446966297926775,0.19157020689361037,0.015529581526068563,0.01227063371826873,0.013046280112118988
0.375,0.5175234107589919,0.36242304069459974,0.12005354854640843,0.01559817781533091,0.015311471987569433,0.010471157547747217
0.5625,0.3766157219993079,0.5514147665214398,0.07196951147925232,0.015535863398308465,0.01608966490771538,0.00823152136380356
0.75,0.25652837026721603,0.7318502532775107,0.011621376455273294,0.013629816722690324,0.013754868111010038,0.0032788617928767587
0.0,0.7402021304447038,2.987056748131851e-06,0.2597948824985481,0.014454432797027426,5.445408603252441e-05,0.014453902206219083
0.1875,0.5763237847133342,0.1767726044644213,0.24690361082224438,0.015861883789182248,0.011829579365880912,0.013994893824719213
0.375,0.5254748846782834,0.3635845745555666,0.1109405407661501,0.01628181966551248,0.015877296308775938,0.00992624195809385
0.5625,0.38417457531411126,0.5504147190083897,0.06541070567749915,0.015201068222049004,0.0156743089803369,0.007655261236070686
0.75,0.2568521798994227,0.7305302804857065,0.012617539614870752,0.013158555305399179,0.013528249629950544,0.0034577720876380618
0.0,0.7402533721329535,0.0,0.25974662786704655,0.014022755334209443,0.0,0.014022755334209441
0.1875,0.6326156193611793,0.1755002266736949,0.19188415396512581,0.01570417376636791,0.012032028652513483,0.012772458435464394
0.375,0.4977109828540297,0.36223835585620634,0.140050661289764,0.01564280846577852,0.015035520828361739,0.010622958671099454
0.5625,0.3770818425953735,0.5504979797628289,0.07242017764179769,0.014765781909817815,0.01503828029161911,0.008433650922675999
0.75,0.2577167678629619,0.7309534547630718,0.01132977737396628,0.0137137441148375,0.013657038190382132,0.003431991405933624
0.0,0.7402881602538287,0.0,0.25971183974617135,0.013904315264354292,0.0,0.013904315264354294
0.1875,0.6359057233743387,0.17547748782068365,0.1886167888049777,0.015835062452714366,0.011857466884688774,0.012705722605144559
0.375,0.5122654716701761,0.3629044804557927,0.12483004787403121,0.01588172419061594,0.015264810601678554,0.01090655076635398
0.5625,0.38451845542544827,0.5509406113639016,0.06454093321065012,0.015526795192636705,0.016049874330499952,0.008011364629631241
0.75,0.25766463507469145,0.7314034268087243,0.010931938116584291,0.013570724486814822,0.013712717783048372,0.003260387973046679
0.0,0.7402438540149501,0.0,0.2597561459850499,0.013909458865642883,0.0,0.013909458865642885
0.1875,0.6337199276402113,0.1763778235454849,0.18990224881430373,0.015625750864948593,0.011704923133477834,0.012183253286922718
0.375,0.5233933895940659,0.3625753351231499,0.11403127528278417,0.015773591578735775,0.015247059196936074,0.00950346556149791
0.5625,0.3838806413110251,0.5505983744416626,0.06552098424731222,0.014584738550773408,0.015358478228108602,0.008137518268697363
0.75,0.25687127773747526,0.7318362985187159,0.011292423743808917,0.013874331632853251,0.014063588559607957,0.0032998063530092557
0.0,0.7407669944556633,0.0,0.2592330055443367,0.013846016223653477,0.0,0.013846016223653477
0.1875,0.62862936299366,0.17408475263083578,0.19728588437550418,0.015380782855923161,0.012577444437712882,0.012812746163710408
0.375,0.4999289092692861,0.362860469324609,0.13721062140610474,0.01596595752638878,0.015155396716996733,0.010965202072462354
0.5625,0.38316344533579766,0.5502018120608438,0.06663474260335851,0.015464604970176056,0.015848490800597064,0.007810822082078006
0.75,0.2566400477090274,0.7325256827134397,0.010834269577532987,0.014051785952051291,0.014012919079152187,0.0033014640889102486
0.0,0.7405181558016364,0.0,0.2594818441983637,0.01279316575421254,0.0,0.012793165754212537
0.1875,0.6312233934745143,0.1745451494621012,0.19423145706338454,0.01514088437838177,0.01196028839674886,0.011944379558017634
0.375,0.299104973596669,0.3638525505025591,0.3370424759007719,0.014490331039220075,0.015403585701827706,0.014214774062099013
0.5625,0.3992417970853286,0.5491793117234304,0.0515788911912411,0.01520307078411719,0.015461852793664414,0.007069737268540756
0.75,0.2569986183188522,0.7325141017960746,0.010487279885073328,0.014026711908940613,0.014127115778736038,0.003193450303968771
0.0,0.7404095740011871,9.813542688910695e-07,0.259589444644544,0.014061700127652827,3.101762635776077e-05,0.014062386506424319
0.1875,0.5761529593056224,0.1772040483256346,0.2466429923687429,0.015860129979494153,0.011920745511715257,0.013901595357843289
0.375,0.501274019384947,0.3616040505857443,0.13712193002930873,0.016050292653391245,0.015989075499057953,0.010804036544141951
0.5625,0.3931427419624383,0.5475676731346574,0.05928958490290432,0.01527646335843752,0.015478643851145014,0.00750716633647032
0.75,0.26725618610307306,0.7109775250761559,0.02176628882077106,0.013707247257622658,0.014021746214961224,0.004552724915942706
0.0,0.7402266087497421,0.0,0.2597733912502579,0.01387339147230149,0.0,0.013873391472301488
0.1875,0.6397210296600742,0.1761568412287209,0.1841221291112049,0.014994777642998763,0.011775805788118331,0.012957683364436933
0.375,0.49366488093283145,0.3630686740042693,0.14326644506289926,0.016062862307569165,0.015325618846767532,0.01092045979765207
0.5625,0.40316193294342845,0.5478069193881268,0.04903114766844483,0.015296811562946903,0.015436408575117997,0.006877057069503817
0.75,0.26636087111979684,0.7315390895908571,0.0021000392893459844,0.0144038777354113,0.014371144860494595,0.0014703946157340966
0.0,0.6741579378398708,9.68054211035818e-07,0.3258410941059182,0.015335994929039929,3.059725194439324e-05,0.015334350730845155
0.1875,0.6310654137101113,0.17615773695326345,0.19277684933662537,0.015285646047524028,0.01195341027559272,0.012046068605178312
0.375,0.522181174857952,0.3621965899769364,0.11562223516511158,0.016870212262983304,0.016011542669749548,0.009840786921915371
0.5625,0.3202374815405264,0.550839665164551,0.12892285329492267,0.014674334598454181,0.01612954104146443,0.010538757070540111
0.75,0.26738748771976834,0.710993951288604,0.021618560991627706,0.013633873683803182,0.01422012982042158,0.004467968800271363
0.0,0.7402453060426332,1.02880658436214e-06,0.25975366515078246,0.013790992738058104,3.251744985448377e-05,0.013793600499357855
0.1875,0.6270265673250119,0.1743488116585143,0.1986246210164739,0.015085460283311404,0.011791495831121653,0.01231424461788889
0.375,0.5214493239491163,0.3623232804273815,0.1162273956235023,0.015492468447057593,0.015240805407571376,0.010020313412902566
0.5625,0.39221666126555205,0.5486955331308611,0.05908780560358689,0.0156856937076885,0.01592071865651838,0.007517319947345398
0.75,0.2671068517322849,0.7313251238775444,0.0015680243901706103,0.01383192932962842,0.013819586649735748,0.001258082023388651
0.0,0.7407835895083523,2.994144628702346e-06,0.25921341634701905,0.013654391888411234,5.46291765594554e-05,0.013652275511168915
0.1875,0.6286627032190375,0.17487148119662546,0.196465815584337,0.014750804926191411,0.011246449943332472,0.012590706899465927
0.375,0.5041204577033154,0.36261403385382857,0.13326550844285595,0.016127598380218836,0.015834484163910874,0.010785448184550217
0.5625,0.39525641673245254,0.5486538869675494,0.056089696299997965,0.015927173077751256,0.01639551726746001,0.00732974244959889
0.75,0.2572517737865829,0.7308443010311371,0.0119039251822799,0.013434042460966826,0.013541057326377061,0.003350385841461401
0.0,0.6743663422974073,3.113552550098156e-06,0.3256305441500425,0.01429562266324274,5.677385383441835e-05,0.014295669205452903
0.1875,0.5778122190444889,0.17724883412101253,0.24493894683449863,0.015613034266512496,0.011943195406237186,0.013411299522059305
0.375,0.5224264401786594,0.362502355174193,0.11507120464714769,0.015881616506747746,0.015079520853065265,0.010027013291909333
0.5625,0.37740871317941244,0.5505756360906126,0.07201565072997498,0.01576847862754067,0.016270066599176576,0.008385676550910399
0.75,0.25648879213153,0.7318292268769946,0.011681980991475502,0.014025688509859389,0.014026962924582751,0.0033578833063379215
0.0,0.6740407640477949,0.0,0.32595923595220505,0.01486552748697662,0.0,0.014865527486976622
0.1875,0.6329316521598349,0.17498923189552523,0.1920791159446399,0.01570234738043034,0.012127185669794137,0.01204079922014683
0.375,0.4979279350708011,0.36366511227761056,0.13840695265158837,0.015362531075018634,0.015157630943508886,0.011318090846434136
0.5625,0.39947060178207766,0.5480891700072994,0.052440228210623004,0.015884679006851962,0.016237631823347642,0.0071411253395290706
0.75,0.26444737306968585,0.7317630223820065,0.0037896045483076244,0.01362386081527235,0.013588031320283826,0.0019708106716703837
0.0,0.7403949311573956,0.0,0.2596050688426045,0.014130428796031415,0.0,0.014130428796031417
0.1875,0.6410502894009549,0.1744312720948911,0.18451843850415395,0.015034977118072914,0.011945507635508779,0.011868430935961195
0.375,0.4730061966968807,0.3641029130426531,0.16289089026046621,0.01618800291697571,0.015352339741933955,0.011365967188565128
0.5625,0.3973668331647908,0.5496790967390421,0.05295407009616698,0.015061459943260885,0.01535310029268611,0.006884491190302023
0.75,0.25703355432777236,0.7321160118977929,0.01085043377443477,0.013588043429491162,0.013651522196919145,0.00333848220871303
0.0,0.6750500367012735,0.0,0.3249499632987266,0.015183969110182148,0.0,0.015183969110182148
0.1875,0.6291280172593045,0.17545365496081997,0.19541832777987558,0.015059487828825298,0.012169930565734163,0.01213232141936195
0.375,0.5180224533276252,0.3620749144208009,0.1199026322515739,0.015793809807236974,0.01535857418619377,0.010340776909128815
0.5625,0.38625287748887693,0.5497568965290179,0.063990225982105,0.015583575404712356,0.016184775983072816,0.007600373118784357
0.75,0.2574797897536748,0.7314816784274647,0.011038531818860583,0.013560070390489865,0.013916789413049193,0.003234879739428571
0.0,0.6747080224821699,0.0,0.32529197751783007,0.014433610737375265,0.0,0.014433610737375265
0.1875,0.6387221838634942,0.17662811886841384,0.18464969726809194,0.01506629656510751,0.012246959036626433,0.01239062509899251
0.375,0.4809181235913137,0.36338459644782606,0.15569727996086016,0.016344666609897474,0.015195249024125682,0.011910986656139315
0.5625,0.3835652120773884,0.5504596486497046,0.06597513927290692,0.015408660717595725,0.01570071080334455,0.007855906351679553
0.75,0.25791855061466945,0.7315234242341602,0.010558025151170377,0.014346384415354432,0.014390595941146882,0.0032264598351478555
0.0,0.7406080522737429,1.0427528675703859e-06,0.2593909049733895,0.013580999869517166,3.2958249487547665e-05,0.013578858530120527
0.1875,0.6386405882733334,0.1758558748268727,0.18550353689979385,0.014938638068393626,0.011805611185516358,0.012274436372740529
0.375,0.49858555169617896,0.36279970820137086,0.13861474010245012,0.015908871536122138,0.015425609351986483,0.01094835586365722
0.5625,0.3724099553008947,0.5507096185564954,0.07688042614261,0.01500803245859146,0.015456368036665905,0.008344338877022238
0.75,0.2556929815507296,0.7327955607908979,0.011511457658372455,0.013976816397344879,0.014127077752729702,0.0034933745040142874
0.0,0.6740556213926906,0.0,0.32594437860730935,0.01481208245239366,0.0,0.014812082452393658
0.1875,0.634356288922964,0.1754843301710134,0.19015938090602263,0.015357891219240674,0.012327418420553184,0.012516649437143219
0.375,0.4749009651911398,0.3645760286445531,0.16052300616430706,0.015571854329903179,0.014998725498694321,0.011393859198155382
0.5625,0.3747125925788239,0.5517998736439224,0.07348753377725359,0.01545215043101205,0.015605574802112443,0.00823661508723185
0.75,0.26750029511520595,0.7307393509760015,0.0017603539087923865,0.01421432021503646,0.014241472959500623,0.0013952193647383596
0.0,0.7402382979071356,0.0,0.2597617020928645,0.013673740045012641,0.0,0.013673740045012641
0.1875,0.6254387389949391,0.17390841306251292,0.20065284794254795,0.015350917308249789,0.011950965875530677,0.012670916306112978
0.375,0.523028347430376,0.36209486970486876,0.11487678286475532,0.01536339256988706,0.01444937135536416,0.01006958331874821
0.5625,0.40419750528942644,0.5501603064905738,0.04564218821999976,0.015525743393648957,0.015525968083878327,0.006282641516890465
0.75,0.25718875248103346,0.7318678153941988,0.010943432124767718,0.013841768246831268,0.014064413515637603,0.003328980061537511
0.0,0.7404241829335044,0.0,0.2595758170664956,0.013833195474771832,0.0,0.013833195474771834
0.1875,0.6391245393747372,0.17525410537995223,0.1856213552453105,0.01523982252934494,0.0119809293815221,0.012446846231481073
0.375,0.5232234401223702,0.36320014004858564,0.11357641982904419,0.01620984986293549,0.01532994459711687,0.009804086357938427
0.5625,0.37334467503276314,0.5518115712305341,0.07484375373670284,0.015504957747623208,0.015968733188888185,0.00812468328066616
0.75,0.25716922748647136,0.7316290219720175,0.011201750541511046,0.0140108623355667,0.014259706053778446,0.0033873833721405457
0.0,0.7404144943940832,0.0,0.25958550560591676,0.0140921482063652,0.0,0.0140921482063652
0.1875,0.6278961517982224,0.17408111437703458,0.19802273382474297,0.015011098217048826,0.011861684102698873,0.0123834854409204
0.375,0.5187203878900418,0.36226728101673306,0.119012331093225,0.015313742394548642,0.01497037084441939,0.010442478590355376
0.5625,0.4070907315732736,0.5472341584718812,0.04567510995484526,0.016126358177424218,0.016156585292952892,0.006451328113700405
0.75,0.2670723281724625,0.7314303526303263,0.0014973191972111283,0.013884607800093325,0.013959974532100766,0.0011875737630825023
0.0,0.7405921523827058,0.0,0.25940784761729424,0.013597715203814982,0.0,0.013597715203814984
0.1875,0.6409397640040144,0.1761643733404565,0.182895862655529,0.015264946356262497,0.012319533282194916,0.012013501430111808
0.375,0.5231881252226664,0.3614504181972436,0.11536145658008991,0.015267719096672686,0.014651495785303422,0.010331936244924282
0.5625,0.3711877124771404,0.5497598959519577,0.07905239157090173,0.015635328611919734,0.015743919726938407,0.008586130604722946
0.75,0.25520200810851806,0.7311868315946085,0.01361116029687335,0.013794613023760683,0.013825834903284236,0.0035614172566843017
0.0,0.7403769747835517,0.0,0.2596230252164483,0.013792636997333832,0.0,0.013792636997333827
0.1875,0.6253930842003964,0.17375893145896004,0.2008479843406436,0.015378050416513729,0.012089790097124534,0.012967570930551973
0.375,0.5206986665112777,0.36216269498332315,0.11713863850539914,0.0160829482698584,0.015227640171851447,0.01028408337472983
0.5625,0.389763455479732,0.5487088508915919,0.06152769362867605,0.015171470573742978,0.015194253744214629,0.007512523852160439
0.75,0.2674600991622059,0.7110286380313044,0.02151126280648961,0.013741740038962101,0.01412164620540119,0.004793349853985898
0.0,0.7408622178798046,0.0,0.25913778212019545,0.013889797902219642,0.0,0.013889797902219643
0.1875,0.6348869505097704,0.17566899826736818,0.18944405122286145,0.015292812691816078,0.01174683262557276,0.012788695890653748
0.375,0.509740899000066,0.36189396602203955,0.12836513497789434,0.0166261248317203,0.015639134873556212,0.01100188701777008
0.5625,0.40247892707198774,0.5480431315106558,0.0494779414173565,0.015298216072490985,0.015453097975415206,0.006787486417203266
0.75,0.25437720587969437,0.7316358086694674,0.013986985450838192,0.013496572449421384,0.013787791441954475,0.0035809552790874
0.0,0.7396945808958104,0.0,0.26030541910418953,0.013985316246201767,0.0,0.013985316246201767
0.1875,0.5836062667283766,0.17703863253234323,0.2393551007392802,0.01577886756067493,0.012500698679361951,0.01396158860051529
0.375,0.5011615116530828,0.36288848448372424,0.135950003863193,0.016066217197771095,0.01556816418088183,0.010888942000588622
0.5625,0.3932941395760538,0.5482385020869421,0.05846735833700416,0.015319224114834513,0.015565517340485406,0.00743105334892155
0.75,0.2571522742221581,0.7322706960220563,0.010577029755785537,0.014065136137554026,0.014270989998880313,0.003200280162033825
0.0,0.740671404442552,0.0,0.25932859555744797,0.014152409563045294,0.0,0.014152409563045296
0.1875,0.5770789338991884,0.17714600044956272,0.24577506565124882,0.015842048832741304,0.011870892317363291,0.014088911084573602
0.375,0.5211941463679687,0.3634323151593949,0.11537353847263647,0.015640125215853347,0.015178871923424547,0.009644321342678537
0.5625,0.4029512385684723,0.5479063742263,0.04914238720522764,0.015732997157201587,0.01555503269377172,0.006885666178417969
0.75,0.2571449610209343,0.7320265619713708,0.010828477007694794,0.014544503265959173,0.014672923384223503,0.0032822322651873408
0.0,0.7403646403821952,0.0,0.2596353596178049,0.014216030542496056,0.0,0.01421603054249605
0.1875,0.6233023818796036,0.17486325805798839,0.20183436006240793,0.015070661370957828,0.01207712436797223,0.01292672890217811
0.375,0.4978915816096015,0.36243958321843533,0.1396688351719631,0.015996250131105123,0.01516009222929268,0.0114946861134176
0.5625,0.3846377112141962,0.5508159127693814,0.06454637601642235,0.015005981209350585,0.015630079570270412,0.007749029945146669
0.75,0.25611095432392983,0.7329055969895106,0.01098344868655953,0.013513428954958832,0.013636274870646664,0.003274887492123041
0.0,0.7409819417502533,0.0,0.25901805824974666,0.013614140116235659,0.0,0.013614140116235662
0.1875,0.6324235664056576,0.17530108170233244,0.19227535189201,0.014784757090747593,0.011928812928734423,0.012431777925443612
0.375,0.5155403656360158,0.3622172945237413,0.12224233984024287,0.015969227534937243,0.01564455907682945,0.010514455671993887
0.5625,0.40155212471268475,0.5489573958759857,0.04949047941132966,0.015403265076305996,0.015568718373207254,0.006870345211305775
0.75,0.2575214629061445,0.7305764831448996,0.011902053948955967,0.013801059705699179,0.014062769944194344,0.003307496260863517
0.0,0.7404194617839263,3.081135787834599e-06,0.25957745708028584,0.014217285107940186,5.617888715618083e-05,0.014217665949350488
0.1875,0.6238636071786224,0.17403511203535305,0.20210128078602443,0.015527362422848232,0.011994733310506841,0.012317991929796
0.375,0.4984069540154189,0.36207766499817223,0.13951538098640884,0.015240871048220098,0.01484045343124074,0.010718336434296384
0.5625,0.39733583178006315,0.5491985684009106,0.05346559981902622,0.015188525021413166,0.015405901770148915,0.0070829463278115675
0.75,0.2570178278167566,0.7318774758953978,0.0111046962878456,0.013168366194346344,0.013337012309511795,0.0031452352023100564
0.0,0.6742102820899614,9.578544061302681e-07,0.3257887600556325,0.014977413533846745,3.0274867105898668e-05,0.014976165288525774
0.1875,0.6342447727981758,0.17540777127340457,0.19034745592841948,0.014888154924053005,0.012014585372508584,0.01225690741050997
0.375,0.47996638679112413,0.3639176595482697,0.15611595366060618,0.01549349467862796,0.015704646980842053,0.011064260131529757
0.5625,0.4046250149971639,0.5490580811575384,0.04631690384529775,0.01500147719333315,0.015317163599949439,0.006710588527689254
0.75,0.2570264775221266,0.7324941142315347,0.010479408246338801,0.013673947712633748,0.013745948102047623,0.003108739606843707
0.0,0.7404515295074859,0.0,0.259548470492514,0.014262121084557147,0.0,0.014262121084557147
0.1875,0.581252797031156,0.176281430008902,0.24246577295994204,0.015103568000431816,0.012192006748469209,0.013606099334494704
0.375,0.5170629468022769,0.36110934979119913,0.12182770340652398,0.016302965749659292,0.01558572887253645,0.01095019076120979
0.5625,0.40153626761341205,0.5482089319434149,0.05025480044317304,0.015339688325648923,0.015667569434076406,0.007061597726552286
0.75,0.25727304903626225,0.7318968016818483,0.010830149281889377,0.01384185190075227,0.014042086038060491,0.0032765431438003473
0.0,0.7403935654820164,1.9631339246495643e-06,0.2596044713840589,0.014110695598758834,4.385785053948907e-05,0.014110994485716257
0.1875,0.6313989952383546,0.17472265058807718,0.1938783541735682,0.01468166427143655,0.011508938674185275,0.012592076012917551
0.375,0.48195330964529,0.36373536588041616,0.15431132447429383,0.01605545432734959,0.01495279584446653,0.01173631651997687
0.5625,0.3842760386976201,0.5505632556668781,0.06516070563550166,0.014893210274056963,0.015328875429836884,0.007841488817298308
0.75,0.2669417832637006,0.7311477426076869,0.001910474128612496,0.014217769568580826,0.014274821826156109,0.001385009955038098
0.0,0.7403662358560396,0.0,0.25963376414396033,0.013495723139104002,0.0,0.013495723139104002
0.1875,0.640640786801631,0.1755949717512258,0.18376424144714326,0.0158350899106087,0.012284987700503977,0.011994352532161466
0.375,0.5232287527776238,0.3615293089158811,0.11524193830649497,0.01579559670882826,0.01518062817623882,0.01003258092618818
0.5625,0.3932606762216744,0.5492680070938748,0.057471316684450796,0.015455030338439492,0.01564333178173588,0.007350689281630902
0.75,0.25703427715810634,0.7322226174398602,0.010743105402033508,0.013833570179855701,0.01394672021313003,0.003276944020004429
0.0,0.7402181784548462,0.0,0.25978182154515383,0.013964461969325347,0.0,0.013964461969325348
0.1875,0.6302816089837647,0.17447450487551736,0.19524388614071791,0.015253887164174442,0.011797803363959412,0.012977682944351625
0.375,0.5203906261129959,0.3631311280974133,0.11647824578959062,0.01607872594112114,0.01549327224646482,0.010297429475625994
0.5625,0.4052459020225793,0.5482381166934067,0.04651598128401392,0.015126651003964597,0.01550428303665432,0.006632250230619705
0.75,0.25531763394909285,0.7319434552919051,0.01273891075900208,0.014654885906836005,0.014633163416976019,0.0035564759638302083
0.0,0.7398413603582339,0.0,0.26015863964176605,0.013682961888638007,0.0,0.013682961888638004
0.1875,0.6363651568191264,0.175710493010601,0.18792435017027254,0.014767676240372332,0.011681610834097744,0.01193915026094452
0.375,0.5109454794043377,0.3610640340348438,0.12799048656081854,0.016254869802966712,0.01563788139285848,0.010495609983415257
0.5625,0.3742798214486686,0.5518326697361807,0.07388750881515069,0.015378958480139175,0.015826648445016633,0.00820369860879585
0.75,0.25657344200027987,0.7321239171872612,0.011302640812458771,0.013740853989429754,0.014060457038242397,0.003500479463850842
0.0,0.7404106284078785,0.0,0.2595893715921214,0.014023269942530553,0.0,0.014023269942530553
0.1875,0.6181344695071096,0.17421180427806074,0.20765372621482966,0.014973872142860875,0.012012563688286104,0.012797839291836456
0.375,0.5056180135017984,0.36207192802129345,0.13231005847690824,0.0163561348214169,0.015353776098806919,0.010662356699363357
0.5625,0.38623370595590734,0.5490380812014019,0.06472821284269077,0.014352083816038195,0.01464158149789498,0.007691747235647106
0.75,0.2564632464395119,0.7326311082063071,0.010905645354180907,0.01324898037537088,0.013540978659405095,0.0033089820558739845
0.0,0.6731734933876596,0.0,0.32682650661234025,0.014172262195179195,0.0,0.014172262195179195
0.1875,0.6316222912795966,0.1743847393702308,0.19399296935017274,0.015589804907257043,0.012619606794840298,0.012269433529995771
0.375,0.4960914980140974,0.36292841469856124,0.14098008728734138,0.016181611907285582,0.015113385032995478,0.010938448208844083
0.5625,0.39454443206927464,0.5486486759110085,0.056806892019716844,0.015098695253679247,0.015224992138217904,0.00721261976398778
0.75,0.2574426757858211,0.7320976105774086,0.01045971363677024,0.013722819061972535,0.013984635509656385,0.003136340196089341
0.0,0.7409458099200562,0.0,0.25905419007994385,0.013829278801419194,0.0,0.01382927880141919
0.1875,0.6381536586998705,0.17644409334798153,0.18540224795214794,0.015219933929867414,0.01207172340626666,0.0125544732826203
0.375,0.47841289127317627,0.36423320769034184,0.15735390103648184,0.015356479088464109,0.014759310584216007,0.011327922530815743
0.5625,0.3864021681408183,0.5498293758066161,0.06376845605256556,0.015360071141682028,0.015380370540645765,0.007608742992654166
0.75,0.257939572592089,0.7314450123065829,0.010615415101328149,0.013886440803771242,0.014149502063834033,0.003278471008443104
0.0,0.7402681746158318,0.0,0.2597318253841681,0.014151092986362886,0.0,0.014151092986362886
0.1875,0.635400513084066,0.17476834742771938,0.18983113948821456,0.015288707731573708,0.01151423783885942,0.012368222121715143
0.375,0.5170903233082136,0.36200853836790065,0.12090113832388581,0.01596523997947748,0.01503490834392495,0.010262980986053185
0.5625,0.39158566852831744,0.549331816511005,0.05908251496067743,0.015082908478866954,0.01587279063571633,0.00766532295160454
0.75,0.2552914510482164,0.7309955257958641,0.01371302315591939,0.014056376657821616,0.014349115942910018,0.003647749496662973
0.0,0.7402777291221644,0.0,0.2597222708778356,0.014118638730349669,0.0,0.014118638730349669
0.1875,0.6175057841677081,0.17436071114403734,0.20813350468825462,0.015371860920320116,0.012304973453417545,0.012723168864361587
0.375,0.47383922542078794,0.36464856259877615,0.16151221198043583,0.015990128793964897,0.01543126963203916,0.011125537868694114
0.5625,0.3758138595349349,0.5506779703149641,0.07350817015010092,0.015629691877367038,0.015810754078596067,0.008645521424870172
0.75,0.2575303987159501,0.7320639997543449,0.010405601529704989,0.013975200527910342,0.014318149861657052,0.0031902048284180623
0.0,0.7403471826730484,0.0,0.25965281732695145,0.013909958226797385,0.0,0.013909958226797386
0.1875,0.6264602865052352,0.17504899688106929,0.19849071661369544,0.01547086572248262,0.011836347260437646,0.012440228675899962
0.375,0.5137361723334265,0.3620037647847706,0.12426006288180307,0.016131572147303087,0.015450787812037617,0.010644528157583894
0.5625,0.3885154625123571,0.5504828611395398,0.061001676348102975,0.01602605185232501,0.01580620907759957,0.0077090988356617865
0.75,0.25703255849398565,0.7312734827402455,0.011693958765768843,0.0135564323304475,0.013595331862699405,0.003384073990715016
0.0,0.7405381827544057,0.0,0.25946181724559425,0.013759023794673813,0.0,0.013759023794673817
0.1875,0.6256081018732093,0.17449310816162017,0.19989878996517058,0.015638839313169693,0.012425906275275723,0.012724072703758306
0.375,0.4748549973461701,0.3650116180657124,0.1601333845881175,0.015627657447648463,0.015081269348132354,0.011686553095515273
0.5625,0.3932909036210281,0.5483010112470527,0.058408085131919266,0.015977481251921624,0.016097985166267904,0.007246574126148375
0.75,0.2572340908379508,0.7318401405670631,0.010925768594986104,0.013514304275314042,0.013675457767661615,0.0033175574242285087
0.0,0.7410605343299917,1.004016064257028e-06,0.2589384616539442,0.014274914457109737,3.173389684594196e-05,0.014274448605394658
0.1875,0.6312324506425327,0.17394658788252895,0.19482096147493827,0.015890287330246694,0.012536458336630826,0.012822743484763158
0.375,0.5168769646814563,0.3619877401259704,0.12113529519257332,0.015566070669895458,0.015110079634233052,0.010188608511231365
0.5625,0.3861298663705648,0.5502228128616317,0.06364732076780352,0.015022857641653422,0.015585896633896151,0.0074862189686011
0.75,0.25660435934027215,0.7319569641390709,0.011438676520656941,0.013404061444629262,0.013642146072920136,0.0034114050438063823
0.0,0.7407075990913586,0.0,0.25929240090864136,0.014059633114049607,0.0,0.014059633114049603
0.1875,0.6250254960358755,0.17430072045888761,0.20067378350523687,0.015843614669685046,0.01169684532545221,0.012739961626824257
0.375,0.4831400516592633,0.36562902047096896,0.15123092786976763,0.015800986203655366,0.015392157529979553,0.011228684444562596
0.5625,0.39898938261031974,0.5489255864161059,0.052085030973574344,0.01592300535567792,0.016367023796726776,0.006865228429901575
0.75,0.2569477130022571,0.731832010721526,0.011220276276216894,0.014332512934460822,0.01451676692799396,0.003317632278520425
0.0,0.7396866424823041,0.0,0.26031335751769585,0.013873710325644098,0.0,0.013873710325644103
0.1875,0.6361115946415393,0.17538377987517043,0.18850462548329028,0.015217134854967385,0.012025309502176913,0.012313216651760045
0.375,0.518236827095537,0.36252978494149357,0.11923338796296942,0.015572391584212513,0.015467544288502048,0.01034760321408963
0.5625,0.3985685755867514,0.5489246850414498,0.05250673937179886,0.015072709765501237,0.015446113759618645,0.007199925935480818
0.75,0.2570458265596913,0.7324276537709855,0.010526519669323137,0.014086766504232955,0.01433054957235396,0.003133907442428942
0.0,0.7403766843490502,0.0,0.25962331565094976,0.01353804566872655,0.0,0.013538045668726554
0.1875,0.6251992256264954,0.1735543673709459,0.20124640700255852,0.015429928698450146,0.01166047784833012,0.013080216133032853
0.375,0.5035765278726554,0.3633331589824081,0.1330903131449366,0.016110054414518994,0.015248119848350014,0.01077302109204689
0.5625,0.38886631774494174,0.548444160702856,0.06268952155220235,0.014640234455563004,0.014797588157924106,0.007512158793226784
0.75,0.2574316734916063,0.7317049812105293,0.010863345297864401,0.013798252939005402,0.014071578355148098,0.0032894558511993507
0.0,0.739026323553889,0.0,0.26097367644611097,0.013494292624225506,0.0,0.013494292624225508
0.1875,0.6265618767508445,0.17432653519676167,0.1991115880523939,0.015130710936835916,0.011846932037007542,0.012879890018068786
0.375,0.5080470691015185,0.36061008416165186,0.13134284673682964,0.015404749248920916,0.015073606183361123,0.010658601642932877
0.5625,0.40421536214594717,0.5490407641236668,0.046743873730386,0.015531715258485016,0.01577606602579848,0.006893024842610728
0.75,0.2668660730969203,0.7316588329832677,0.0014750939198118372,0.013991446956291051,0.014059868162587596,0.0012103528840350904
0.0,0.7400370960422771,9.881422924901185e-07,0.2599619158154305,0.013812857693667182,3.123217515667807e-05,0.013812969521227332
0.1875,0.6309376351117691,0.17472175808274087,0.19434060680549,0.015888338633273914,0.012640089829419705,0.012623908831764888
0.375,0.48038439915495235,0.3644752953974794,0.1551403054475682,0.015741079247553833,0.015042999654557361,0.011320486702211058
0.5625,0.40254084696473924,0.5483923055002846,0.04906684753497618,0.015281524511502626,0.01576217644082566,0.0069854996478969315
0.75,0.25789710589537346,0.7312872582876264,0.01081563581700007,0.013702151520656002,0.013880998753894707,0.00318719516403008
0.0,0.7402865932070217,0.0,0.2597134067929783,0.013624101741053959,0.0,0.01362410174105396
0.1875,0.6169709549708217,0.1746811642075692,0.2083478808216091,0.01564687871454064,0.012197726036374876,0.013221636535632644
0.375,0.4735825855977118,0.36464613733894186,0.16177127706334626,0.016050192490341193,0.015438562050316731,0.011708522854641395
0.5625,0.3735969998332186,0.5518181086948114,0.07458489147197005,0.015128066632077723,0.015410676613697506,0.00841863467372169
0.75,0.2568765056393798,0.7319691528192127,0.011154341541407547,0.013774225221108879,0.014029411851366403,0.003277668145101182
0.0,0.7404950026859933,0.0,0.25950499731400667,0.013829966135850429,0.0,0.013829966135850432
0.1875,0.5825022194219422,0.17741351250207316,0.24008426807598449,0.015547521771811353,0.012092983907485706,0.013833872087881567
0.375,0.4769689636735467,0.3629335224289004,0.16009751389755292,0.01564183474194108,0.015312115071532727,0.011723623110513337
0.5625,0.3742373221781839,0.551656699900092,0.07410597792172421,0.01571163481743059,0.016088036211103073,0.008280121410793869
0.75,0.25589926312081607,0.7331760084928322,0.010924728386351827,0.013746301456717595,0.013994261567548608,0.003405369413476637
0.0,0.7399787811206554,1.0351966873706004e-06,0.2600201836826573,0.014253744211895285,3.271942159271037e-05,0.014253419419584818
0.1875,0.6369872674817781,0.17438372916247688,0.18862900335574492,0.015337099701307004,0.01217448593098057,0.012203915431065202
0.375,0.5270823631160363,0.3636561036601349,0.10926153322382882,0.016085661539313265,0.015324324486461522,0.009676655088541822
0.5625,0.3865788160847248,0.5494311188272797,0.06399006508799554,0.014754604333204788,0.015197610423697638,0.007581110297155765
0.75,0.25655705248661925,0.7327457140693823,0.010697233443998547,0.013713727308297499,0.014049358684895916,0.0032147464919628334
0.0,0.7402105745171853,0.0,0.25978942548281475,0.013962855325445795,0.0,0.013962855325445802
0.1875,0.6385796233321851,0.1748582600162382,0.18656211665157674,0.014677704672004539,0.011798033832084356,0.012172352472190553
0.375,0.48223451769232956,0.36477147663730386,0.1529940056703665,0.01596089725070996,0.015139249030532872,0.011198853444671687
0.5625,0.3825877600770426,0.5509187696835287,0.06649347023942868,0.01567758522984271,0.016034106838756734,0.008219343720508632
0.75,0.2650939984555213,0.7316305676517424,0.0032754338927363617,0.013895188001102439,0.01392207447261337,0.0017954678124532132
0.0,0.673808798445045,0.0,0.326191201554955,0.014761983149461488,0.0,0.014761983149461488
0.1875,0.6322179444897668,0.1737880947166704,0.1939939607935628,0.01527414558484299,0.012344910498251718,0.01281307274408998
0.375,0.5049240230104053,0.3627569106144229,0.1323190663751718,0.016037314030440827,0.015248765143825827,0.010813018992947298
0.5625,0.3994816505438189,0.5475919912232573,0.052926358232923736,0.014903031719090014,0.015327568369853863,0.007047353035368141
0.75,0.25816624068066096,0.7304673126252484,0.011366446694090513,0.013631374002814204,0.013849613073248064,0.0033182326819041538
0.0,0.6745867687951206,3.029152727724136e-06,0.3254102020521516,0.014579996831637099,5.525780268686609e-05,0.014582804893838851
0.1875,0.6308435253250986,0.17647263258842286,0.1926838420864786,0.015335089642924687,0.011962142926116467,0.012703006416507864
0.375,0.5189500874708239,0.3609561226445489,0.12009378988462706,0.01650044144511684,0.015629677483930033,0.010405311104314327
0.5625,0.383307457676352,0.5509337855296913,0.06575875679395665,0.015428843601554295,0.01592616519116262,0.00789987526589303
0.75,0.26657434300835975,0.7317069318611501,0.001718725130489993,0.013581543933862386,0.013613475568522552,0.0012845897368773404
0.0,0.7401006130255666,1.9370828002056214e-06,0.25989744989163305,0.013761079079348797,4.3271563820640654e-05,0.013761401577513292
0.1875,0.6275798452737439,0.17539070529802098,0.19702944942823503,0.015468466853140218,0.01226610874803717,0.012894929630391608
0.375,0.4789324814425398,0.3636956226622301,0.15737189589523,0.01618809616806997,0.015178005837765306,0.011920032392011507
0.5625,0.3763863404892328,0.5505001001592005,0.07311355935156665,0.015538534139907221,0.015593176472888553,0.008548604267051799
0.75,0.26669108596143176,0.7316906354244906,0.0016182786140775476,0.013930225139167834,0.013903397029339246,0.001304467550340375
0.0,0.673572153864778,0.0,0.3264278461352221,0.014456515929827416,0.0,0.014456515929827416
0.1875,0.6333844026314875,0.1748280905686722,0.1917875067998401,0.014659912258679636,0.012003399810405218,0.012248440432023838
0.375,0.504850916500805,0.36201679282777993,0.1331322906714151,0.01612826518786137,0.01524495036904316,0.010259944070333715
0.5625,0.3738585451767383,0.5514884154114197,0.07465303941184188,0.01546114121496425,0.01581826578406982,0.00809227090006241
0.75,0.25641150170110233,0.7322792117010254,0.011309286597872236,0.013279562601911583,0.013592119946348694,0.00328692117597701
0.0,0.6747732690657781,1.0245901639344263e-06,0.32522570634405795,0.01470534340796042,3.2384181617375206e-05,0.014704481072031442
0.1875,0.6324318072821918,0.1758776079978024,0.19169058472000572,0.015117828621975275,0.01209414388322849,0.012170986090184742
0.375,0.49915312298521747,0.3612946698795566,0.13955220713522595,0.016266301750706154,0.015316968763640654,0.010970434678885895
0.5625,0.38544146381058714,0.5506421216362296,0.06391641455318324,0.015815375170713394,0.0160275670018937,0.007746022211157112
0.75,0.26720793853535013,0.7109004842706165,0.02189157719403346,0.014029005307996683,0.014255636644440177,0.004604862967518785
0.0,0.7405666847431396,0.0,0.25943331525686036,0.013859377590282834,0.0,0.01385937759028283
0.1875,0.6186352310847298,0.17467706503279545,0.20668770388247473,0.015353341558817384,0.011778003494389127,0.012723064843986179
0.375,0.5002771179014732,0.3636171185727119,0.13610576352581483,0.015510885773663505,0.014665569223067753,0.011034537411838444
0.5625,0.38287496699618234,0.5504361044849663,0.06668892851885137,0.015406334836030136,0.01585475752008503,0.0077196391629768156
0.75,0.25561377942066243,0.7329010429227019,0.011485177656635717,0.01435442773100939,0.014544598933820162,0.0034469293586886396
0.0,0.7401250586547715,1.9749213246684917e-06,0.2598729664239038,0.014100646327723548,4.413387477344944e-05,0.014102987457449138
0.1875,0.5824211996285542,0.17715285740096284,0.24042594297048306,0.015105653667896584,0.011955189202431351,0.013351279149632087
0.375,0.5240964304780674,0.3616390359699561,0.11426453355197647,0.014987119557760484,0.015244569516664332,0.00996882930695603
0.5625,0.38280677545183617,0.549776103830794,0.06741712071736973,0.015436506745086368,0.0160191086272736,0.007946088537585428
0.75,0.25720013481595494,0.7312451671605654,0.011554698023479719,0.014048617331287311,0.014294020122670606,0.0033465313660609695
0.0,0.7402939191396913,0.0,0.25970608086030866,0.014031309762736656,0.0,0.014031309762736657
0.1875,0.6332495951320377,0.1744327275582012,0.19231767730976115,0.015350665603001551,0.012043941019331239,0.01261497987688457
0.375,0.5177996314721062,0.362441919714151,0.11975844881374274,0.015378201964685867,0.015803583226921426,0.01065989448751522
0.5625,0.3934215040994261,0.5473959583051479,0.059182537595426125,0.015145821421307121,0.015710787251445996,0.00775992893764582
0.75,0.2666813394930449,0.7321486957446,0.0011699647623551498,0.013894148277112967,0.013861575523200042,0.0011120078881847282
0.0,0.6750057126438056,9.72762645914397e-07,0.32499331459354835,0.01476373948183953,3.074607126318892e-05,0.014763585246980957
0.1875,0.632210421208058,0.175492552833051,0.19229702595889092,0.015834884802288327,0.012525460634787993,0.01211757080057251
0.375,0.4750040510959276,0.36334237780384065,0.16165357110023176,0.015735873070795443,0.014885044221698982,0.011637431734329297
0.5625,0.37163423274123975,0.5518076498591773,0.0765581173995829,0.014952284697233538,0.01562961197198875,0.008399676803368686
0.75,0.255726791945916,0.7321250760133523,0.012148132040731632,0.013782709066873318,0.013945208708573723,0.0034132602259252264
0.0,0.7407938422001746,0.0,0.2592061577998254,0.013829041599651573,0.0,0.013829041599651579
0.1875,0.637849184923409,0.17532304162151288,0.18682777345507812,0.014895901464156293,0.011915517862241752,0.012057153456073095
0.375,0.5182827708176212,0.3629757733670934,0.11874145581528538,0.016207431804693515,0.015497254023347059,0.009965874992466654
0.5625,0.3927069550221486,0.5491990472520415,0.05809399772580994,0.015627449389562717,0.01588904946055968,0.0077934533595035976
0.75,0.25681997283527325,0.7326894258845865,0.010490601280140203,0.013588689438667456,0.013756682033135263,0.003262892737247808
0.0,0.7401391154867261,0.0,0.259860884513274,0.01395390465889854,0.0,0.01395390465889854
0.1875,0.6352996237045769,0.1746974576462504,0.1900029186491726,0.014806707906606603,0.012110974095780694,0.012120449358548968
0.375,0.4819877180521705,0.3645074113803064,0.15350487056752304,0.015530388166556155,0.015399512587413278,0.010972129615404084
0.5625,0.4005503959413778,0.5475112772126933,0.051938326845928834,0.01516535117422451,0.015352133165874542,0.006896712680582242
0.75,0.25764299102139776,0.7310611079696137,0.01129590100898864,0.013938375380997263,0.014056170277805627,0.003206756578038283
0.0,0.740203507271832,0.0,0.2597964927281679,0.013818002427691586,0.0,0.013818002427691585
0.1875,0.6259237800310633,0.17385821053334607,0.2002180094355906,0.01524254753036223,0.011977223919354983,0.012343016146962758
0.375,0.5213166325193845,0.3630914267342477,0.11559194074636782,0.016158945435698478,0.015103458600495143,0.010423298957856684
0.5625,0.38478267788137327,0.5509651432712983,0.06425217884732848,0.015560524270815604,0.016016764323619176,0.007957850965277322
0.75,0.2569781087672099,0.731627307090715,0.011394584142075094,0.014126954862253247,0.014264233722641588,0.0033082960324395364
0.0,0.6752643290481337,3.9758652808863994e-05,0.3246959122990574,0.014887038221903265,0.00019969177054903376,0.014881490385638855
0.1875,0.6275261147642349,0.1745680252604027,0.19790585997536242,0.015091686953166704,0.011993252545378271,0.012245561708335512
0.375,0.5153982624737723,0.3616802048128186,0.12292153271340897,0.015678850829824748,0.014955793368847304,0.010588551026370713
0.5625,0.39931670303116906,0.5482817987150701,0.052401498253760885,0.016092156578655165,0.016658290774937655,0.007340116545998775
0.75,0.2669517234615458,0.7112766463394581,0.021771630198996122,0.014273002118929852,0.014491231416686491,0.0046907444548909515
0.0,0.7405224227628252,0.0,0.2594775772371748,0.013580968904775224,0.0,0.013580968904775226
0.1875,0.6375492760383366,0.17544009057623652,0.18701063338542698,0.015048108502048903,0.012347095683176379,0.01248665171279896
0.375,0.4963097728011499,0.36248551375089255,0.1412047134479575,0.015389427248067732,0.014502265073491304,0.010899292925685686
0.5625,0.3645972984256127,0.5495839730731467,0.08581872850124057,0.015334587313459106,0.016008566085129503,0.008711217922929731
0.75,0.2678085917280741,0.7305639304390251,0.001627477832900694,0.013488939433696506,0.013535064697266007,0.0012735536486273306
0.0,0.7394158089776032,0.0,0.2605841910223969,0.01391405890968884,0.0,0.013914058909688847
0.1875,0.6383704670633932,0.17585166850483722,0.18577786443176952,0.014618613728226013,0.011875702637199875,0.012188718884139483
0.375,0.5127456319391379,0.3614191550327087,0.12583521302815331,0.01582926506395178,0.015185031799801412,0.010669373546848987
0.5625,0.37324643056701123,0.5523283469930452,0.07442522243994351,0.015401965147961914,0.01594374747151446,0.008307808695176448
0.75,0.26593701949836873,0.7320474095046221,0.0020155709970091883,0.014020005149681112,0.014075185471525562,0.001368991296402172
0.0,0.7403318954877705,0.0,0.25966810451222955,0.014241490700044651,0.0,0.014241490700044653
0.1875,0.6337924293269934,0.17459008182880398,0.19161748884420257,0.014963674293821793,0.01198244842456992,0.01224171137178987
0.375,0.4775978270473407,0.3634442627172206,0.15895791023543873,0.015518613119219793,0.015107862168077942,0.011759352356366744
0.5625,0.39940275964274724,0.5496447688445956,0.05095247151265707,0.01488262616814595,0.015059543442158124,0.006978115249916315
0.75,0.2664175768882849,0.7119771856874284,0.021605237424286654,0.013501285125591504,0.013660340398680812,0.00464996263595442
0.0,0.7405334842446124,0.0,0.25946651575538754,0.014057319460606886,0.0,0.014057319460606892
0.1875,0.6307850514837248,0.1742966795118409,0.19491826900443432,0.015358234483388921,0.01207468433449559,0.012643321291581843
0.375,0.5182375549788627,0.3621087438013433,0.11965370121979398,0.01572768517873521,0.014887688941223559,0.01034629812279003
0.5625,0.3861430089025664,0.5504320548159524,0.06342493628148126,0.015447225617177854,0.01591915736082071,0.007894212668082549
0.75,0.2666260600919303,0.7319421126800724,0.001431827227997351,0.014398329338072767,0.014489515691354999,0.0012212611892951114
0.0,0.739727567041848,9.775171065493646e-07,0.26027145544104546,0.014117645570047419,3.089634531628369e-05,0.014118170666751056
0.1875,0.6385085554940731,0.1750461428404872,0.18644530166543974,0.014988497515584537,0.011888950843053026,0.012557104817598433
0.375,0.496102682645187,0.36188537963294026,0.14201193772187276,0.015793831676566884,0.015439168447427569,0.010957790177398412
0.5625,0.3894284747596068,0.5487469844245281,0.061824540815865095,0.015226232110256307,0.015473807843367089,0.007737340202250063
0.75,0.26625282825443264,0.7121216472579782,0.021625524487589098,0.013854531566817383,0.013955962803254824,0.0044394235063686845
0.0,0.6737229060654972,0.0,0.32627709393450277,0.014756352572192637,0.0,0.014756352572192639
0.1875,0.6345740188999717,0.17538656005551967,0.19003942104450866,0.015278833725135374,0.012288861256824954,0.0121561379384381
0.375,0.5276893609500187,0.36358471668642767,0.10872592236355362,0.015405554475244566,0.01513134108077077,0.009616452765837592
0.5625,0.3966815855354829,0.5489875438791073,0.05433087058540974,0.015499698697584956,0.015865340336322795,0.007135587124618964
0.75,0.2570422552526087,0.7322981394421356,0.010659605305255677,0.013816021863433817,0.01384329670746599,0.0032933912717850343
0.0,0.674174807162577,1.0256410256410257e-06,0.3258241671963974,0.015026014697897133,3.2417396162623795e-05,0.015026657290947584
0.1875,0.5787153338053634,0.17625628534320983,0.24502838085142667,0.015181628087448272,0.011612105943962312,0.013187451129851705
0.375,0.520413538355426,0.36214483881485976,0.1174416228297142,0.015927896177027792,0.015223211751125575,0.010358618589995814
0.5625,0.3883018079240737,0.5493516193502946,0.06234657272563169,0.015767265998129453,0.015931925582108934,0.007644283721816887
0.75,0.26734713157721546,0.7108071570007667,0.021845711422017973,0.014048191329169955,0.014292006058045316,0.004657998468518341
0.0,0.6744297421394617,0.0,0.3255702578605384,0.015239484894319835,0.0,0.015239484894319835
0.1875,0.6383795895845015,0.17502417386385122,0.18659623655164723,0.015826572994101024,0.01231440159862526,0.011993300129654312
0.375,0.48833017401865564,0.3638096691253301,0.14786015685601434,0.015335193123231628,0.015084772119405215,0.01148893373665359
0.5625,0.38490175981094626,0.5510475891311948,0.06405065105785893,0.015786041330179433,0.015796624963939597,0.007851380920422445
0.75,0.2566987642055364,0.7327687989954713,0.010532436798992224,0.01346711343884938,0.013549798074172231,0.003321807143701895
0.0,0.7402310920497744,1.995275029506187e-06,0.259766912675196,0.013784560556484655,4.4574006322346825e-05,0.01378501603595009
0.1875,0.6294881788807761,0.1746129183402274,0.1958989027789965,0.015322156891089626,0.011954125040484407,0.01230342015393375
0.375,0.5072563486902091,0.36205586968332965,0.13068778162646127,0.015862698301398737,0.01581784979268681,0.010739041704678811
0.5625,0.3733976814625604,0.5516475768844693,0.0749547416529702,0.014531303276506896,0.015461483258662532,0.008260555886088195
0.75,0.2556752892254211,0.733428334261253,0.010896376513325912,0.013878931326178002,0.014014559533276415,0.003342634911838342
0.0,0.740908232167811,0.0,0.259091767832189,0.01415673430555399,0.0,0.014156734305553996
0.1875,0.6318357854706614,0.1750797942114367,0.19308442031790182,0.0151288968020993,0.01176281251717504,0.012503932946687682
0.375,0.5113773508601519,0.3620253957634457,0.12659725337640235,0.016492707940256295,0.015372485594849735,0.010682642341154748
0.5625,0.38186369283360677,0.5505559698309255,0.06758033733546762,0.015286930218240931,0.01595550401012886,0.007693750401729628
0.75,0.2560664969255107,0.7321168509823583,0.011816652092131029,0.013619664019006801,0.013778751550438399,0.003439280806619253
0.0,0.740254298212322,0.0,0.2597457017876779,0.013965979700820188,0.0,0.013965979700820188
0.1875,0.6347241379810052,0.17593034873581428,0.18934551328318042,0.015530562181421733,0.01185371162501061,0.012458076902846713
0.375,0.5301761542024755,0.36224265306207,0.10758119273545437,0.01598694894470122,0.015086485126804407,0.009652469481560597
0.5625,0.39333569617117964,0.5486127536337081,0.05805155019511224,0.01529513940286488,0.015417691290628104,0.007467221496184184
0.75,0.2572398270324438,0.731685496095641,0.01107467687191512,0.013691210155371017,0.014119090789503526,0.0033564141883297882
0.0,0.7409076211617739,0.0,0.259092378838226,0.013945055787394127,0.0,0.013945055787394129
0.1875,0.6301412840183679,0.17446972970449354,0.1953889862771386,0.01496798552950871,0.011853846533196342,0.012515617560991251
0.375,0.5220283571757772,0.3634574928843964,0.11451414993982634,0.015760873179423148,0.015482515930161226,0.009986138031722444
0.5625,0.39981582729708615,0.5476951280958883,0.052489044607025394,0.015034162618626985,0.015466999642078386,0.006930296999280657
0.75,0.2574330975590137,0.7313842593795161,0.011182643061470007,0.013747105006537183,0.014083926656489238,0.0032455723652396744
0.0,0.6748460183030107,0.0,0.3251539816969893,0.015093649928221264,0.0,0.015093649928221264
0.1875,0.6365836950440071,0.17582898290808238,0.18758732204791045,0.015278431668531345,0.01205705094325312,0.012386516388961204
0.375,0.49681751042376243,0.3627613384124618,0.1404211511637758,0.016098300939016538,0.015226799340897346,0.010858852694190787
0.5625,0.3903626582631921,0.5498236376381244,0.05981370409868349,0.0156525518890615,0.01630304132298389,0.007527078144305676
0.75,0.25633746518715406,0.7303649229525437,0.013297611860302134,0.013789346778232825,0.014007459290664567,0.003553702334700505
0.0,0.740243322132173,1.0070493454179254e-06,0.25975567081848144,0.013513505487076673,3.1829769646080784e-05,0.013511887217306721
0.1875,0.6368214298226229,0.1749871427437758,0.18819142743360132,0.015065847700092247,0.012284693520868889,0.011845153889650104
0.375,0.5233778684765686,0.36109787573000424,0.11552425579342711,0.015459996226322903,0.014901822717064235,0.0102383774261334
0.5625,0.39922261653506563,0.5478797181150966,0.05289766534983775,0.015729232046845693,0.015948572742663345,0.0069937553790574486
0.75,0.2572205810984827,0.7311755264655926,0.0116038924359246,0.01404211160273056,0.014189051210184064,0.0033624223613304026
0.0,0.7402840891976453,0.0,0.2597159108023546,0.013638623645215089,0.0,0.013638623645215089
0.1875,0.6240753449071701,0.1740585034605923,0.2018661516322375,0.015319824984194064,0.011574706550999181,0.012239687983395527
0.375,0.5173136258838474,0.36023623894789547,0.12245013516825719,0.015385599437278756,0.01492431503034841,0.010125230571415574
0.5625,0.3825512456087378,0.5518223120406283,0.06562644235063382,0.015156437155792851,0.015596982209391076,0.008162339241063264
0.75,0.25734325657291446,0.7309071011060575,0.01174964232102795,0.013714803541106458,0.01396631262125665,0.0033783386895831417
0.0,0.6736823421483555,0.0,0.32631765785164435,0.014777547487636886,0.0,0.014777547487636888
0.1875,0.6358796481440142,0.17527301667684633,0.18884733517913935,0.014828670384385298,0.012114373843552958,0.01231915629045163
0.375,0.5167590532561697,0.3624175376612365,0.12082340908259383,0.01641365554804941,0.015414781479477908,0.010521217188738134
0.5625,0.3773579547357589,0.5507750772847054,0.0718669679795357,0.015148637960110494,0.015387445481272657,0.007998554155254887
0.75,0.26649573483732997,0.7117024796249103,0.021801785537759726,0.01403897934658579,0.014428456534050931,0.004559167627190492
0.0,0.7402642689017588,1.9839789527418377e-06,0.2597337471192884,0.013843007307848083,4.437198077457119e-05,0.013842570981771532
0.1875,0.6371195273472097,0.17567541200852435,0.18720506064426606,0.01477112989626327,0.012393468753824887,0.012221747369605712
0.375,0.4741113086695248,0.36485699007249406,0.16103170125798125,0.015869335025141918,0.015539525162032046,0.011606239520688105
0.5625,0.39931797076818054,0.5495211704120126,0.05116085881980682,0.015664772261758792,0.015996111200495496,0.007153335316993117
0.75,0.2571747097173107,0.7322971823246494,0.010528107958040005,0.013532729325220542,0.013755274468491993,0.0033302395769435424
0.0,0.7405854244497897,0.0,0.2594145755502103,0.014032973180409464,0.0,0.014032973180409466
0.1875,0.6341600640774482,0.17499115868642728,0.19084877723612448,0.015153592130862599,0.012094762087841205,0.01209404472277193
0.375,0.499547348250782,0.36225324759905003,0.13819940415016788,0.016083287996138815,0.015321481722119596,0.011214058422366342
0.5625,0.39929133678758444,0.5487882314701008,0.0519204317423148,0.015536360978143154,0.01597956550771006,0.00706936317696958
0.75,0.2671907253000569,0.7112130007858184,0.02159627391412465,0.01437797290553653,0.014583400830370926,0.004563724267469044
0.0,0.7402663353112128,0.0,0.2597336646887872,0.013988197470993653,0.0,0.013988197470993651
0.1875,0.6268700250657423,0.1738869200399354,0.1992430548943222,0.015240422856768436,0.012023563147253129,0.012710042757835001
0.375,0.5250842124941608,0.3615763498965237,0.11333943760931547,0.015976674485277627,0.015199605660110534,0.010013989727672704
0.5625,0.4005508439091346,0.5484686877008426,0.050980468390022876,0.01481142795065626,0.015122731426881395,0.00673852254642181
0.75,0.25722342781172175,0.7319090775955897,0.010867494592688546,0.013245583809572683,0.013442451759113688,0.003337060633764483
0.0,0.7403840163006935,0.0,0.2596159836993065,0.013906178905515687,0.0,0.013906178905515688
0.1875,0.6242828146510309,0.17429838833778682,0.2014187970111823,0.01522182731232817,0.01190029051899562,0.012626183903069672
0.375,0.5215055606473802,0.36263317069648565,0.11586126865613419,0.015313079355750398,0.014905444667227366,0.010243139362792123
0.5625,0.3814623270653137,0.5505772763722488,0.06796039656243746,0.016160998819027092,0.016125012277471807,0.007946121407573059
0.75,0.26731493479820745,0.7316949155107433,0.000990149691049282,0.014004960724108478,0.014085038143717322,0.001002008105348567
0.0,0.6748879292549346,0.0,0.32511207074506543,0.01475398517669069,0.0,0.01475398517669069
0.1875,0.630499168733482,0.1759785129142928,0.19352231835222522,0.015155662305939965,0.011645727338159979,0.012685366045930799
0.375,0.527338575258742,0.36200102079974067,0.11066040394151734,0.016459701307212558,0.015626260030348428,0.009931729620248339
0.5625,0.3859633380454776,0.5494632117422473,0.06457345021227502,0.015339942513520461,0.015717066719510987,0.00734137169133467
0.75,0.2665648165846235,0.7309857613492211,0.0024494220661554385,0.013236422252357213,0.013367938371061682,0.0016297019036485168
fixed rate,success rate,failure rate,error rate,success std,failure std,error std
0.0,0.7394865570847069,0.0,0.26051344291529305,0.014112826244499655,0.0,0.014112826244499659
0.1875,0.6324383497509375,0.17582431520192604,0.19173733504713655,0.015146019079936684,0.011874411794641647,0.012391516007596897
0.375,0.5192609871970173,0.36301756175433014,0.11772145104865267,0.01606084231375799,0.015435065787263356,0.009880927461923499
0.5625,0.37223057327006676,0.5528768600929695,0.07489256663696375,0.015115776089548958,0.015274746905301319,0.00827450707627797
0.75,0.2574720046288589,0.7318710744359014,0.010656920935239653,0.013705573664013943,0.013843430219724435,0.0033855268970387972
0.0,0.7400319209241552,9.99000999000999e-07,0.2599670800748457,0.014974725057960532,3.1575385872685525e-05,0.014973307270545395
0.1875,0.6249859526796231,0.17436246521624546,0.2006515821041315,0.015389819977469802,0.011487126548328066,0.012863303918707021
0.375,0.5105031357211309,0.3637010663429952,0.1257957979358739,0.015801565214373616,0.015322420175285692,0.010278947554523767
0.5625,0.3846898427008065,0.5505888259368755,0.06472133136231788,0.01597074478014537,0.016167153881994776,0.00761363469342747
0.75,0.25700267548963474,0.7313762121164165,0.01162111239394882,0.014198278694463627,0.014473528030659677,0.0034465048329250115
0.0,0.7395892611953714,0.0,0.2604107388046286,0.01359829044561025,0.0,0.01359829044561025
0.1875,0.6347476664746914,0.1755945715197243,0.18965776200558435,0.01547763784197472,0.012219274100977734,0.012835892340288604
0.375,0.47759614246977733,0.36490791968770053,0.15749593784252217,0.01564970293260348,0.01540091507951261,0.011563840957793035
0.5625,0.3807452364316134,0.5505477644795892,0.06870699908879732,0.015451587030335522,0.015224827035750593,0.00783549900338525
0.75,0.25683029595659496,0.732257247344424,0.010912456698981098,0.01373625551195767,0.01406246807289921,0.003178263742177825
0.0,0.7407138362624591,0.0,0.259286163737541,0.013652968931439509,0.0,0.013652968931439507
0.1875,0.6385060932076886,0.17659645268640126,0.18489745410591016,0.015212188808446813,0.012103758037515247,0.012558914559638961
0.375,0.4741398774469959,0.3646036940829891,0.16125642847001495,0.016636784005374355,0.015436334395144398,0.011715147467824512
0.5625,0.4059131244718852,0.549069866246965,0.04501700928114974,0.015827977369949627,0.015957145349165723,0.006712856255337021
0.75,0.25730368619481214,0.7310182386598533,0.01167807514533455,0.013475799754312304,0.013513173530197806,0.0034398195298874137
0.0,0.740652036388385,0.0,0.25934796361161505,0.013947510108876272,0.0,0.01394751010887627
0.1875,0.6186432651389293,0.17403087285689692,0.20732586200417374,0.015341078828285434,0.011978012512081646,0.013455358881754101
0.375,0.5164450672346235,0.3614436210219561,0.12211131174342044,0.016462669615521543,0.015667616286936453,0.009876163796617625
0.5625,0.38131663145806954,0.551930262955603,0.06675310558632745,0.015846303502114616,0.01619163293077857,0.008089707387654053
0.75,0.25736433775149187,0.7317362926937611,0.010899369554747046,0.013815822864759865,0.014008289350042872,0.0033423744594122933
0.0,0.7398842109311344,9.900990099009902e-07,0.2601147989698557,0.013712182305719751,3.129402104807744e-05,0.013712984155995351
0.1875,0.6340532441461694,0.17572138213324945,0.19022537372058126,0.014883132376182896,0.011832451720889474,0.01183113483974221
0.375,0.5243335897711061,0.36261424643742324,0.11305216379147073,0.015815345654484912,0.01569221074189608,0.01013998995575618
0.5625,0.39171728711287046,0.5491263262580288,0.059156386629100687,0.015453192604233945,0.016113356849835073,0.007260620684205436
0.75,0.25776930287780053,0.7313033309615383,0.010927366160661173,0.013917890454602979,0.014113674403573159,0.0031605321227973905
0.0,0.6742175497926912,0.0,0.3257824502073088,0.01524620865917816,0.0,0.015246208659178159
0.1875,0.6365548957269058,0.1768505678048545,0.18659453646823965,0.015603433418569946,0.012096115619056406,0.01278939613332479
0.375,0.49939883482190545,0.36214596343816446,0.1384552017399301,0.015260166832919652,0.01507118619058872,0.01098765837844956
0.5625,0.403717361649014,0.5491971706796825,0.047085467671303345,0.015038270509733352,0.015622177312225406,0.006533426989278822
0.75,0.25756162555717954,0.7311075498718375,0.011330824570983004,0.014008859437554593,0.01398517254556142,0.0033289091388156397
0.0,0.7406915019861271,1.040582726326743e-06,0.2593074574311465,0.013707345158215497,3.2889657917334256e-05,0.013707953009005324
0.1875,0.6354137431347561,0.17592528854092992,0.188660968324314,0.015592750592070685,0.012148101430381236,0.012878205693448622
0.375,0.5232581385123468,0.3631079746632989,0.11363388682435423,0.015414655162544097,0.014912907229933768,0.009801949080366064
0.5625,0.3848347914275563,0.5509259783087418,0.06423923026370197,0.014979256147039792,0.01567557303228243,0.007736934180615447
0.75,0.2562313998486425,0.7323180495077907,0.011450550643566867,0.01402004990965025,0.014176979773738121,0.0033761406718161515
0.0,0.7405498955228436,0.0,0.25945010447715633,0.014117608616578393,0.0,0.014117608616578391
0.1875,0.6279690930061822,0.1745986916688626,0.19743221532495522,0.015530698697398176,0.012177147169113344,0.012826104983069351
0.375,0.4971889815911165,0.3629157567785384,0.1398952616303451,0.01611755234335087,0.014817487489992343,0.011133238712235573
0.5625,0.3832441561724936,0.5506645013421685,0.066091342485338,0.015373391722544535,0.015725227651545742,0.007966570102567676
0.75,0.25752567862799747,0.7315448563368618,0.010929465035140713,0.013991866254599888,0.014160568668802024,0.003299247938432582
0.0,0.7397416917784191,0.0,0.2602583082215809,0.014451062420223957,0.0,0.01445106242022396
0.1875,0.6370914657900291,0.1751004668481604,0.18780806736181063,0.015305211359580219,0.012418713923919694,0.012512040307006688
0.375,0.5270534214007834,0.3633874203464642,0.10955915825275242,0.015382868315306454,0.015113264288042277,0.009428264668998093
0.5625,0.38471355167567145,0.550107793906288,0.06517865441804056,0.015309246718872299,0.015857642231045653,0.008064150954653746
0.75,0.258113540783738,0.7316672390231506,0.01021922019311144,0.014317934994452058,0.014405856760719066,0.003208912319264662
0.0,0.7402965507312124,0.0,0.25970344926878774,0.013913483490771207,0.0,0.013913483490771211
0.1875,0.5789890605716381,0.17626187406330523,0.24474906536505664,0.015049195838644301,0.012013543298741332,0.01317142414641112
0.375,0.5058104916754408,0.36178836373957507,0.1324011445849841,0.015575325656724669,0.015000066663011727,0.010587560787301675
0.5625,0.39968104015163575,0.5485712910088487,0.05174766883951569,0.0161031804468403,0.016068507359021232,0.007045446794270341
0.75,0.2572601648764694,0.7317844337467306,0.010955401376800086,0.01378201518298634,0.014103611370451812,0.0034479508102698685
0.0,0.7398765149585947,0.0,0.2601234850414052,0.01360035697022351,0.0,0.013600356970223514
0.1875,0.6395928283777504,0.17642397344027916,0.18398319818197037,0.014693067839019731,0.011571801450047672,0.012675112483642606
0.375,0.514080976619904,0.36080187310169604,0.12511715027839992,0.01579424823077018,0.015173717564715514,0.010914818557280362
0.5625,0.40118455610912646,0.5478574424340541,0.050958001456819585,0.015416798677519236,0.01574462979363007,0.00704329444304309
0.75,0.2566003819503152,0.7315963931036971,0.011803224945987711,0.013769404298433685,0.013852044620314998,0.0033774668410231057
0.0,0.6744193855454336,9.930486593843097e-07,0.3255796214059069,0.014388033244076535,3.1387250505023046e-05,0.014387989322573867
0.1875,0.6365293558094607,0.17410042533992964,0.1893702188506097,0.015053548066535936,0.011633849890134653,0.012071634183123807
0.375,0.5229918516678508,0.3616218757302141,0.11538627260193503,0.015390808724867628,0.014737672980290736,0.01026167141380692
0.5625,0.39251536830829525,0.5483950810097635,0.05908955068194117,0.016027535571345265,0.01597513434106105,0.007790800433707187
0.75,0.25621306720787274,0.7325870152061346,0.011199917585992631,0.0141283808934009,0.014265531716894719,0.003320812314469634
0.0,0.6738682464836165,0.0,0.32613175351638346,0.015371927317824307,0.0,0.015371927317824309
0.1875,0.6337724332813964,0.17484177026043554,0.1913857964581681,0.01480083746133807,0.011251818943531814,0.012234079920946057
0.375,0.5164748202266596,0.36369957852484613,0.1198256012484943,0.015789157825723873,0.014828104422019456,0.010749762472403395
0.5625,0.37793895322856197,0.5507608894821556,0.07130015728928238,0.0151417506718815,0.015384699104141988,0.008185668777198474
0.75,0.2567543111748794,0.7317330383543366,0.01151265047078402,0.013319722582821167,0.013675600502432628,0.0032823326167779185
0.0,0.7404030896113502,1.004016064257028e-06,0.25959590637258556,0.013579981913796635,3.173389684594196e-05,0.013579986220850956
0.1875,0.5759076933903188,0.1760458549936928,0.24804645161598843,0.0158386349723584,0.012256701146669387,0.013547573138860345
0.375,0.5260705541876564,0.3628711220903416,0.11105832372200203,0.015502609717828499,0.015459351529163884,0.010108372821885401
0.5625,0.3840336648858125,0.5505511369519308,0.0654151981622567,0.015099956702010192,0.01538130720661827,0.00790516767501673
0.75,0.25677083112490967,0.7307548647522016,0.012474304122888533,0.01357060336516221,0.013696283880426829,0.0034022261292738086
0.0,0.7404681022440269,9.578544061302681e-07,0.2595309399015669,0.014197077905807749,3.027486710589867e-05,0.014197494782220377
0.1875,0.6325057663828625,0.1751834683297418,0.1923107652873956,0.015142277454234689,0.011594027534798369,0.012756549919041132
0.375,0.49837534845091114,0.36111683554122065,0.14050781600786824,0.015454216041159298,0.014793807595985323,0.010858518787171513
0.5625,0.3770416072651626,0.5504711866202637,0.07248720611457353,0.01555056588381088,0.015839448871620667,0.008104794436102519
0.75,0.25695964600837035,0.7319080608477816,0.011132293143848124,0.013721913938718995,0.01400157561304168,0.0034048390290200995
0.0,0.7406488682370582,0.0,0.2593511317629417,0.0137772891013567,0.0,0.013777289101356704
0.1875,0.6366983731758581,0.1751518871726771,0.1881497396514647,0.014824413227248529,0.012051458040912982,0.012165476816118707
0.375,0.5124930288941711,0.36236831164160216,0.1251386594642267,0.016100774663458692,0.015212673406630687,0.010644296225194838
0.5625,0.3850674041208036,0.5501861355916182,0.0647464602875781,0.01589031930739519,0.016275517046355197,0.007783522307009926
0.75,0.25678478424971224,0.7321539186276554,0.01106129712263215,0.013811364135263035,0.014047256238510284,0.003412093587068715
0.0,0.740039862984457,0.0,0.259960137015543,0.013802822433436123,0.0,0.013802822433436123
0.1875,0.6344575724602641,0.17517351874911993,0.190368908790616,0.014994575673270949,0.011792439258935384,0.012453300149507669
0.375,0.5243149470543986,0.3621503197147331,0.11353473323086817,0.015970354728551742,0.015331119666208292,0.010360889555649783
0.5625,0.38371744305306776,0.5510850051002587,0.06519755184667345,0.015104826656186517,0.01593858326219203,0.007901092057163574
0.75,0.2571572987270676,0.7314260888415715,0.011416612431360917,0.013842617927815534,0.014149137439693583,0.0034268111314103094
0.0,0.7402670798766572,0.0,0.2597329201233428,0.014506930576116817,0.0,0.014506930576116817
0.1875,0.627785553589937,0.17459629483655623,0.1976181515735066,0.015219774897439947,0.012406166878097123,0.012323190577811415
0.375,0.5001417308144896,0.362158079242138,0.1377001899433724,0.01648073937691297,0.015321925384207725,0.011150629187051033
0.5625,0.38256553388477416,0.5504685886740694,0.06696587744115635,0.01529222360646717,0.015605358821396938,0.007870621758468714
0.75,0.2573473904599848,0.7319489202094974,0.010703689330517836,0.01373449416008676,0.014084272629394691,0.003248080994563677
0.0,0.7402210473307426,9.871668311944719e-07,0.25977796550242627,0.013767352104669502,3.120134378929735e-05,0.013768035541271345
0.1875,0.63124669266714,0.17514445433086787,0.19360885300199207,0.014798968054941741,0.011243606655061822,0.011856741775279145
0.375,0.2979658226416784,0.36455539990918184,0.3374787774491397,0.014429062713916894,0.015729527274691502,0.015050975098079619
0.5625,0.4002430687476428,0.5484657456237505,0.0512911856286066,0.0149740835668857,0.015002493618259621,0.006926850835733798
0.75,0.25664868930993906,0.7329076415986828,0.010443669091378099,0.014125364357076847,0.014382989092745928,0.0031956381877069114
0.0,0.7403276771490116,0.0,0.25967232285098846,0.01375912125288516,0.0,0.01375912125288516
0.1875,0.5761991815943305,0.17693070357031104,0.24687011483535834,0.01518897381305855,0.012431136241140516,0.013834023080484606
0.375,0.5010921232933739,0.3627246214593141,0.13618325524731198,0.01636144384149567,0.015438900075651697,0.010568830665894325
0.5625,0.3922749407174798,0.5479414015967341,0.05978365768578606,0.015516709319917056,0.01593753966872472,0.007280570412623901
0.75,0.2666448832613407,0.7116561322008436,0.02169898453781559,0.013808133760094439,0.014286891652034587,0.004848262927089424
0.0,0.7395544384975533,0.0,0.2604455615024467,0.01370377719037642,0.0,0.01370377719037642
0.1875,0.6403143990473552,0.175663059947132,0.18402254100551288,0.015555676707487053,0.01199599387076357,0.012313696975684806
0.375,0.49393877864477087,0.3631636859275122,0.14289753542771694,0.015379337552245098,0.015221070947340676,0.010989123476362118
0.5625,0.4030840652635511,0.5481304129302411,0.048785521806207696,0.01536473903963855,0.015549044996699011,0.006503147116131444
0.75,0.266054858511841,0.7317704376830702,0.002174703805088782,0.01365906715201184,0.013671655930014582,0.001467509371246116
0.0,0.6738696916113571,0.0,0.3261303083886429,0.014855751783531273,0.0,0.014855751783531275
0.1875,0.630526195738931,0.17624017464736388,0.19323362961370522,0.01514020797344884,0.012307572554984277,0.012348798724513221
0.375,0.5219089505318648,0.36267605812467957,0.11541499134345569,0.015358798289602793,0.014605146276069502,0.01025163094715348
0.5625,0.3201925798226164,0.5510142169223171,0.12879320325506652,0.014501009370308127,0.015742438558433307,0.010447717778314616
0.75,0.26644584510974734,0.7118406243423613,0.021713530547891366,0.013634604604448682,0.013745418403299204,0.00444713803957833
0.0,0.7404798506107451,0.0,0.25952014938925494,0.013875307677168084,0.0,0.013875307677168084
0.1875,0.6276227759268479,0.17422858659963067,0.19814863747352143,0.015721305882074484,0.012089954641764879,0.012779768332374897
0.375,0.5217701250272266,0.36205351924802487,0.11617635572474846,0.015432063031275917,0.015218078208726768,0.010186391008151123
0.5625,0.39221098259262815,0.5492316493035794,0.05855736810379253,0.015378965692076864,0.015568057976978729,0.007567521337370197
0.75,0.2678461191330258,0.7306647424539551,0.0014891384130191017,0.013842955979966442,0.013875092594223684,0.0012314964000257399
0.0,0.7404926968348071,0.0,0.2595073031651928,0.013587396848549545,0.0,0.013587396848549548
0.1875,0.628805757662248,0.1737158842329297,0.19747835810482245,0.01529021920114315,0.01260355005691417,0.01216472524200568
0.375,0.5036818676667896,0.3621626047054713,0.13415552762773914,0.01534819301461311,0.014947441472405747,0.010566590826292703
0.5625,0.3938254021325847,0.5500752397172151,0.05609935815020019,0.015314203014599286,0.015920838992660266,0.007249810640050333
0.75,0.2579520933535333,0.7302043241557438,0.011843582490722942,0.013546566808873027,0.013816184511785767,0.0034560903863714216
0.0,0.6744368757869678,1.0070493454179254e-06,0.3255621171636868,0.015090692193965343,3.182976964608079e-05,0.01509215606417797
0.1875,0.5779019656940143,0.17667395114619372,0.24542408315979192,0.016044275362620482,0.012522195482237828,0.01393587515756618
0.375,0.5227459575487785,0.3626287036613188,0.11462533878990282,0.015480744243230643,0.015444605657562603,0.01013834350481525
0.5625,0.37697033628844345,0.5508212208278943,0.07220844288366221,0.015072225325095225,0.01583992822701446,0.008581872007727339
0.75,0.2566050258784453,0.7316496158691598,0.01174535825239499,0.014087666226995123,0.014288288939053958,0.0033616802280857583
0.0,0.674516325735669,0.0,0.32548367426433117,0.015568341511342242,0.0,0.015568341511342242
0.1875,0.634189013068208,0.17466268686167916,0.19114830007011271,0.015125347138626894,0.012277011812116788,0.01209175957790222
0.375,0.49802809691319755,0.36305289618059644,0.13891900690620598,0.0156774045693312,0.015135452543183273,0.010685244448499385
0.5625,0.3997005228724556,0.5473359140014133,0.05296356312613106,0.01583893399925706,0.0159931708289156,0.007070966659792304
0.75,0.26494181924595817,0.7311735442903571,0.003884636463684731,0.014472187536646643,0.014633931685000347,0.0019747849624372053
0.0,0.7398661601196592,0.0,0.26013383988034083,0.014102552182614563,0.0,0.014102552182614561
0.1875,0.6398167551082407,0.17496244393439842,0.18522080095736093,0.015415489634399055,0.012368606738479752,0.012703621605411186
0.375,0.4725194916236526,0.36506417049918083,0.1624163378771665,0.015440781601107798,0.015387107812778009,0.011464072924527318
0.5625,0.3976040296938677,0.5494089494234436,0.052987020882688536,0.015584222554396463,0.015650220175281105,0.006935973887885638
0.75,0.2556149314733706,0.7334708386380374,0.010914229888591986,0.014057188093861965,0.01422741708646566,0.003243867720087776
0.0,0.6737721983637175,0.0,0.3262278016362825,0.014523569557712245,0.0,0.014523569557712248
0.1875,0.6285074779882682,0.17540022652384693,0.19609229548788493,0.014570746029703633,0.011325355479515561,0.012498066585069793
0.375,0.5180553242181261,0.36158143895333866,0.12036323682853521,0.015687365555712113,0.015084257184920112,0.01018317668151246
0.5625,0.3849693697288887,0.5508563226588893,0.0641743076122219,0.015824187665094292,0.016070888868488203,0.007784828358475206
0.75,0.25720762499269334,0.7319224531723649,0.01086992183494166,0.013466867075232843,0.013651314397902988,0.0033404607392867013
0.0,0.6744514913501064,0.0,0.3255485086498936,0.015069507071956027,0.0,0.015069507071956029
0.1875,0.6393773820253378,0.1768371662148747,0.18378545175978764,0.015079527696784662,0.012242677883266162,0.012769515048028096
0.375,0.4805989424608167,0.3637619902667604,0.15563906727242283,0.015756633584662227,0.015143163045525853,0.011818644686533769
0.5625,0.3841836028781032,0.5505355217845698,0.065280875337327,0.015661353501555345,0.015865968639399087,0.007777925297534542
0.75,0.2572202002804205,0.7322074454135213,0.010572354306058141,0.013873352612838724,0.013989751367244039,0.0032287629126929174
0.0,0.7403358699661013,9.861932938856016e-07,0.2596631438406048,0.013858470834708855,3.117057323329213e-05,0.013858316364235967
0.1875,0.6383234464270741,0.17577772021606045,0.18589883335686544,0.015001005504841788,0.01232206982871416,0.01243863334389078
0.375,0.49906484279825997,0.36213074041653487,0.13880441678520508,0.015661036187544945,0.015070409359332198,0.011205506269337135
0.5625,0.37150472153319586,0.55175505969658,0.07674021877022419,0.014440627170206837,0.014713622186225144,0.008582636770859114
0.75,0.25629114440555595,0.7322982291178121,0.011410626476631951,0.013594581999731323,0.01375974157266362,0.0033220455704702973
0.0,0.6745548736590077,0.0,0.3254451263409923,0.014575436285413041,0.0,0.014575436285413043
0.1875,0.6344190227056804,0.1751237736842316,0.190457203610088,0.0150949785533583,0.012158056589205778,0.012647173772302374
0.375,0.4740195769060447,0.36501383785447483,0.16096658523948046,0.015565435751532068,0.015500369417984826,0.011635938450497625
0.5625,0.37381504893448786,0.5526380588773466,0.07354689218816549,0.015029014363210438,0.015742916595475418,0.008077349403010272
0.75,0.2675552982009608,0.7307083135498427,0.0017363882491966643,0.014403477595487064,0.01449622947599308,0.0012865741888724346
0.0,0.7405988092378089,0.0,0.2594011907621911,0.013801826311873489,0.0,0.013801826311873489
0.1875,0.6251459923459922,0.17393628111547058,0.20091772653853718,0.015495109085619631,0.012158140847623424,0.013038548202947366
0.375,0.5226098819081305,0.36253833863856466,0.1148517794533048,0.015651272705453044,0.015012173645327654,0.009991796725322308
0.5625,0.40470595501402795,0.549448517345538,0.045845527640434,0.01553767521652946,0.01583998099627381,0.006429731464643413
0.75,0.25641009875674065,0.7325182776010106,0.011071623642248778,0.013746609007785094,0.01400786871296506,0.0031750031700961117
0.0,0.7406558450794719,1.040582726326743e-06,0.25934311433780183,0.01363181767520185,3.288965791733426e-05,0.013630684062161285
0.1875,0.6390811211220375,0.17552358447223115,0.1853952944057313,0.015381183425908999,0.012039956678625811,0.012680102488169366
0.375,0.5237465900231196,0.36247290674747973,0.11378050322940052,0.015515194239676388,0.01520278802720337,0.010355748116828312
0.5625,0.37340167590011186,0.5518416676549537,0.07475665644493447,0.015352833587324548,0.015815793137118183,0.008341115555841988
0.75,0.25762099522162035,0.7313180599325654,0.011060944845814283,0.014053288946858308,0.014318127700277497,0.003345677956648198
0.0,0.7396130421534597,0.0,0.26038695784654026,0.014183858918230794,0.0,0.014183858918230792
0.1875,0.6276985405771658,0.17454155804202542,0.19775990138080868,0.015517800024542444,0.012185798424706948,0.01271917696464188
0.375,0.5193181634835404,0.3617938587293432,0.11888797778711623,0.015601926998582089,0.015090873494409577,0.010151350638881002
0.5625,0.4066618341301977,0.5476860710107299,0.04565209485907252,0.014929693338277903,0.015097326489760494,0.006261577991910529
0.75,0.26802586227860187,0.7304821108969397,0.0014920268244582883,0.014155661105552905,0.014180766468974718,0.0012271765624620647
0.0,0.7409229330791072,0.0,0.25907706692089266,0.014208149407525043,0.0,0.014208149407525041
0.1875,0.6404772911065117,0.17663919874348136,0.18288351015000684,0.015005486937944464,0.011684513685654617,0.012245825625439938
0.375,0.522481017597104,0.36245709423515254,0.11506188816774347,0.015799469278215114,0.01563038188293719,0.00992153744691365
0.5625,0.3712875546707666,0.5489173378948613,0.07979510743437218,0.015154215454163716,0.015774632882348164,0.00867070484275582
0.75,0.2557555828403139,0.7309819520103644,0.01326246514932162,0.014453494250172179,0.014741280178094764,0.0034466087276441237
0.0,0.7396740736481222,0.0,0.2603259263518778,0.013468256524726862,0.0,0.013468256524726862
0.1875,0.6250667291484401,0.17357648250659846,0.20135678834496137,0.014932745089196361,0.011561724669995364,0.012793497325209043
0.375,0.5206364194425631,0.36216353287683173,0.1172000476806052,0.015941073733898296,0.015563876898730691,0.010209489533852086
0.5625,0.3896116454258612,0.5493644771349928,0.06102387743914593,0.015334866650322982,0.01584007309321888,0.0076779649374081995
0.75,0.26670399019881436,0.7114350891424976,0.02186092065868798,0.013845134072516788,0.014123258808610591,0.004594702042177739
0.0,0.7403140396299778,0.0,0.2596859603700223,0.014253656576316656,0.0,0.01425365657631666
0.1875,0.6342597881921835,0.17671508904541677,0.1890251227623997,0.015367918469798595,0.011601279319706689,0.012546381856616736
0.375,0.51055012709362,0.36089155206371687,0.1285583208426631,0.016382223022186213,0.015716011733019713,0.010837691931376417
0.5625,0.40245699670042245,0.5477419072081805,0.04980109609139706,0.015266534322536144,0.015894662805465223,0.006895196116133587
0.75,0.25421600452822685,0.7318469789921859,0.01393701647958723,0.013963045070261396,0.01423461397163535,0.0037501682754486287
0.0,0.7411132741504796,0.0,0.25888672584952044,0.013599348436542237,0.0,0.013599348436542237
0.1875,0.5832027406743768,0.17747604058774266,0.23932121873788048,0.015443620378612247,0.01224519427542588,0.013546546603656935
0.375,0.5006665017835665,0.36305225733175706,0.13628124088467633,0.015167043056615636,0.014928148080856608,0.010812392604456251
0.5625,0.39239217330403076,0.549207262068701,0.0584005646272682,0.015096476095900334,0.015511474622752423,0.007513297948817226
0.75,0.25711930492835855,0.732433425844366,0.010447269227275515,0.014187962259756668,0.014412353499862009,0.0032656641459099765
0.0,0.7399629694466351,0.0,0.2600370305533649,0.014128147345741936,0.0,0.01412814734574194
0.1875,0.5783101070483309,0.17679237090478886,0.24489752204688023,0.01585270933848318,0.012547126658182885,0.013201914540805961
0.375,0.5210513632473954,0.3625767575407622,0.11637187921184235,0.015962954331689417,0.015237876343968117,0.01012846668898781
0.5625,0.40260395520148085,0.5484304096498779,0.04896563514864126,0.015281398777454692,0.015552414826842246,0.006779231398639011
0.75,0.257799460669342,0.7314986538643352,0.010701885466322714,0.013013459306411079,0.013177662098150642,0.0032894089916964057
0.0,0.7399404219507676,0.0,0.2600595780492323,0.014351067654222466,0.0,0.014351067654222461
0.1875,0.6239463223846328,0.1739738446819637,0.20207983293340345,0.01522885936789227,0.012140729067506335,0.01247201192278973
0.375,0.4985306442521968,0.36236446435983405,0.13910489138796908,0.0152367748269625,0.014738865732871361,0.01054995742660535
0.5625,0.3853111665481882,0.5500966851591292,0.06459214829268245,0.015570848096076968,0.01570264393762029,0.007432593315338378
0.75,0.2570912971693721,0.7318568973753559,0.011051805455272007,0.014028208310428962,0.014012323474435555,0.003251438990985708
0.0,0.7404190360500849,0.0,0.2595809639499151,0.013690448509328193,0.0,0.013690448509328193
0.1875,0.6323053624056927,0.17505133100935905,0.1926433065849483,0.015230329390792306,0.012277714896269665,0.012863855673568333
0.375,0.5156254906708116,0.3611860008077542,0.1231885085214341,0.015806741866592883,0.015160706661461097,0.010508603040391591
0.5625,0.4023034447517418,0.5481019790059672,0.049594576242291064,0.015509070378647488,0.01559290487463722,0.006833445604789098
0.75,0.2571674779013058,0.7311687747490109,0.011663747349683324,0.014275938340906253,0.01437516183462259,0.00351208309748814
0.0,0.7402566758889063,0.0,0.2597433241110937,0.014187209374796556,0.0,0.014187209374796554
0.1875,0.6241851606497151,0.17307514560253057,0.20273969374775438,0.01567520497725102,0.011908400722845398,0.013065885501558062
0.375,0.49785075828233694,0.363621406002647,0.13852783571501612,0.01531831243220257,0.01496954067795065,0.010761843186241207
0.5625,0.3983120587820883,0.5483807168937829,0.05330722432412885,0.01543627056836988,0.015736210584659346,0.007033920988251656
0.75,0.2566513866031875,0.7325007843233751,0.010847829073437421,0.013767725550391225,0.014055712822835353,0.0033695174624675693
0.0,0.674067620038604,1.0090817356205852e-06,0.32593137087966045,0.014926491653863335,3.189400732447854e-05,0.014926866741557658
0.1875,0.6345059988415112,0.17587896379956147,0.18961503735892726,0.015239910564125131,0.011999192244405075,0.012626698496150134
0.375,0.48164362878626216,0.36305129515015805,0.15530507606357974,0.01617832915687308,0.015363357148902957,0.011368100404598201
0.5625,0.40550102852532155,0.5489125865623878,0.045586384912290785,0.014853369280049,0.015273467465554991,0.006547153622477445
0.75,0.2573740975961734,0.7321686410719294,0.010457261331897165,0.013886841138745451,0.014042931615010216,0.0032852703696654513
0.0,0.7404321298038415,0.0,0.2595678701961584,0.014378154062183287,0.0,0.01437815406218329
0.1875,0.5806452710326877,0.1764190802277745,0.2429356487395378,0.0153863512305295,0.012179217259237452,0.013692309633123671
0.375,0.5168042273825202,0.361357571853001,0.12183820076447878,0.015466526824597645,0.0149276497279662,0.010176883321217862
0.5625,0.39995043241467926,0.5495622764955324,0.05048729108978843,0.015240625726977364,0.015272855697221388,0.006956309810323236
0.75,0.25737091769339904,0.7319187989114706,0.010710283395130311,0.01352093289520113,0.013756420027249142,0.00331617988979845
0.0,0.7404815490055723,0.0,0.2595184509944278,0.014003027047842693,0.0,0.014003027047842693
0.1875,0.6316658891436124,0.17445189044947,0.19388222040691758,0.01495658100615666,0.011872988142623686,0.01205869576195008
0.375,0.48140722776707856,0.36366113553701884,0.15493163669590265,0.015021947517641623,0.014897694860212824,0.011622749052610288
0.5625,0.3832796668923085,0.5512446065796855,0.06547572652800591,0.015232386924426588,0.01563533082143645,0.007843560188503792
0.75,0.26667685898315063,0.731416537781023,0.0019066032358263352,0.01354458388080371,0.01350862643377618,0.0014468304488968883
0.0,0.7401880150653564,0.0,0.2598119849346435,0.013720941995951568,0.0,0.013720941995951568
0.1875,0.6396736401235625,0.17603537082831183,0.1842909890481257,0.015337939556917977,0.012262073098839081,0.0124823968609644
0.375,0.5224977328825916,0.3623397433636511,0.1151625237537574,0.015461326311508244,0.014949121904355888,0.009968458222574325
0.5625,0.39259349746025085,0.5496440938111959,0.057762408728553205,0.015223623844078465,0.015543783169889568,0.007340080916641312
0.75,0.2567017571722714,0.7324151722964697,0.010883070531258893,0.01382350770514608,0.01402503141257718,0.003405481379190376
0.0,0.7399411285823544,0.0,0.2600588714176456,0.013617328123602307,0.0,0.013617328123602309
0.1875,0.6302858275492522,0.17495067666387973,0.19476349578686802,0.015317086533540988,0.011654405593916464,0.012987948174059674
0.375,0.5210741602150354,0.36285342438350177,0.11607241540146276,0.015580392143136779,0.014977598078126726,0.009882436313734278
0.5625,0.4059622746488085,0.547345497943947,0.04669222740724441,0.015404909784792035,0.016157540391007287,0.006677607097914075
0.75,0.2548702199707279,0.732561432102897,0.01256834792637496,0.013648598388724823,0.013938316740932839,0.0034376758158800626
0.0,0.7402520118600682,0.0,0.2597479881399319,0.013626175672720333,0.0,0.013626175672720333
0.1875,0.6373200434209074,0.17604460918951773,0.18663534738957482,0.015254459273382016,0.011971480700845881,0.012609803291674488
0.375,0.5097374210166048,0.3620506567539236,0.12821192222947156,0.015664047401333397,0.015079633280539384,0.010707297131830575
0.5625,0.3741628193655528,0.5517605374071312,0.07407664322731597,0.014889835368255742,0.015492114744661402,0.008208161728756222
0.75,0.2570468465307423,0.7316465285144912,0.011306624954766519,0.014067737401136551,0.014176133801862454,0.003467812786733624
0.0,0.7397453198084423,0.0,0.26025468019155784,0.01418425595658198,0.0,0.014184255956581982
0.1875,0.6174799320860624,0.17451172701373985,0.2080083409001977,0.015072747023034074,0.01178977005760791,0.013018470797910759
0.375,0.5064110572019593,0.3611527295037506,0.13243621329429012,0.015579770363811996,0.01490315893331456,0.010490937471083298
0.5625,0.38589999571892086,0.5491955746756555,0.0649044296054236,0.01543718534096952,0.01569124031020394,0.0074959996083054856
0.75,0.2567553037433165,0.7322322144890367,0.011012481767646722,0.013823487558040467,0.01399020263776216,0.0033646620825197324
0.0,0.673686964469495,9.72762645914397e-07,0.32631206276785907,0.014516013422814795,3.074607126318892e-05,0.01451685753485032
0.1875,0.6322013387174754,0.17413726223723347,0.1936613990452911,0.01535731769605477,0.012549458292745924,0.01255277999733572
0.375,0.4969063174263411,0.3620572695878363,0.14103641298582267,0.016605103077239797,0.015612250876852628,0.010895534177152975
0.5625,0.3951722752463557,0.5481036525918753,0.05672407216176899,0.015338799774734933,0.01568520437686615,0.007186706029404251
0.75,0.2563157322337686,0.733242386060941,0.010441881705290404,0.01392626510002137,0.014095221699589178,0.003197544339813361
0.0,0.7398811316389236,0.0,0.26011886836107645,0.014130434419503101,0.0,0.0141304344195031
0.1875,0.6381155945385036,0.17571066658172332,0.18617373887977307,0.015407789490559242,0.011919719695092007,0.012272403339296403
0.375,0.47923585832001825,0.3632152498374732,0.15754889184250856,0.015857822828327744,0.015665702722209882,0.011811930051949653
0.5625,0.38471955923835593,0.5515480009459465,0.06373243981569762,0.015435688461165772,0.01574017456797539,0.007831001902670782
0.75,0.2573664256541134,0.7319893793851322,0.010644194960754333,0.013511816433034151,0.013789055531643028,0.0032685650225340607
0.0,0.7403385235415681,0.0,0.25966147645843185,0.01381003242488662,0.0,0.013810032424886619
0.1875,0.635554196609469,0.174642560925602,0.18980324246492888,0.015105637138552626,0.011824718207818124,0.012141356971235624
0.375,0.517516826482735,0.36122136403386684,0.12126180948339813,0.015994445202665464,0.01551909792271655,0.010562005235484182
0.5625,0.39196652612660704,0.5490876046058594,0.058945869267533556,0.015871978210228344,0.016270989095926693,0.0072928341320134486
0.75,0.25428311985717644,0.7321888850620024,0.013527995080821165,0.013868635488903396,0.014244272444207317,0.0036141892442803367
0.0,0.7394542975536913,0.0,0.26054570244630887,0.013989947897686723,0.0,0.013989947897686724
0.1875,0.6169794613842605,0.17481313897306205,0.20820739964267743,0.01500718334626065,0.012176617145347748,0.012885696861361897
0.375,0.47430471387537537,0.3635513719014286,0.16214391422319596,0.015437300154294039,0.015454635610947532,0.01135629586368532
0.5625,0.3773736389520293,0.5500347189916086,0.0725916420563621,0.015117268676441092,0.015357034511154537,0.008274177751947304
0.75,0.25741352068444123,0.7319160350239435,0.010670444291615278,0.013554439257396954,0.013751116797337365,0.0032144759953120156
0.0,0.7393046003543582,0.0,0.2606953996456418,0.013879149536677337,0.0,0.013879149536677337
0.1875,0.6271099753207647,0.17461831598113542,0.1982717086980999,0.015051986416195724,0.011842459650534766,0.012480385721929547
0.375,0.5148083189547096,0.3612370515690879,0.12395462947620248,0.01548888309271966,0.01497761469292811,0.010677779500624039
0.5625,0.38843993581610337,0.5508215735004007,0.06073849068349589,0.015316508142332999,0.015198315867438772,0.007592911307780695
0.75,0.257113931480681,0.7311537134185,0.011732355100818886,0.013611989683604388,0.013627823035065172,0.003291311322233145
0.0,0.7405937939147897,0.0,0.2594062060852102,0.013882263051580428,0.0,0.013882263051580425
0.1875,0.6259928740537789,0.1741843026749454,0.19982282327127565,0.015284523033340833,0.012350077526860499,0.012927768092582276
0.375,0.4742798333865436,0.36571203321129203,0.1600081334021644,0.01576751188764682,0.015285790790391536,0.011219559315254394
0.5625,0.39326200046944804,0.5485415432403252,0.05819645629022666,0.014831249111485692,0.015473702390521258,0.007550474551581879
0.75,0.256683615682195,0.732232476991609,0.01108390732619599,0.014400876846647216,0.014564576946236535,0.0033501483012895574
0.0,0.7400257544986969,9.737098344693282e-07,0.25997327179146873,0.013808980136698209,3.077600901514919e-05,0.013809631904696962
0.1875,0.6292236388570706,0.17507668602506124,0.19569967511786826,0.014624169899598307,0.01180415482886767,0.012249158069790123
0.375,0.5155587199914534,0.3629396684491297,0.12150161155941674,0.016105455234643202,0.015359332707115677,0.009958263014515596
0.5625,0.38670443642111624,0.5501041512827415,0.0631914122961423,0.015139568801181908,0.015491131779525385,0.007905621481986922
0.75,0.2563877088886463,0.7319540975169586,0.011658193594395084,0.014020697641386273,0.014320822566780448,0.00325458326284526
0.0,0.7401041497080462,0.0,0.2598958502919539,0.013196335558375261,0.0,0.013196335558375263
0.1875,0.6249594314586568,0.17480717898337092,0.2002333895579722,0.015276250727774493,0.012429253222965963,0.012903422995152455
0.375,0.48357904281392755,0.3649580662340588,0.15146289095201365,0.015817286933584793,0.015024513009226016,0.011269957910407576
0.5625,0.3985009472525971,0.5497913882932696,0.051707664454133224,0.015584271133454848,0.016031109447356463,0.0071583042737749965
0.75,0.25690705119350543,0.732089081296311,0.011003867510183726,0.014286486885994949,0.014585578553636258,0.0033216593067679546
0.0,0.7412917972467917,0.0,0.25870820275320827,0.01350411440009233,0.0,0.013504114400092334
0.1875,0.6358521649402356,0.17573287946578292,0.18841495559398147,0.015113368379599465,0.012209673556783403,0.011886213290663089
0.375,0.5186254962721368,0.36221426357308456,0.11916024015477855,0.016262726897242744,0.015421942981976973,0.010027344041562072
0.5625,0.39814607587419926,0.5491302266966513,0.052723697429149466,0.0156667805431827,0.015898166377082575,0.006868252843131353
0.75,0.2568455930248496,0.7324362320221277,0.010718174953022649,0.013846199103780281,0.014043205523199839,0.0032990857494288417
0.0,0.7405238430655858,0.0,0.2594761569344141,0.013948508133182278,0.0,0.013948508133182276
0.1875,0.6251592140647151,0.174150077936461,0.200690707998824,0.015298102984706111,0.011870001061627927,0.01295917549995884
0.375,0.5048701787993539,0.3622150638504061,0.13291475735024005,0.01594727482447345,0.015400102329467551,0.010715279543020477
0.5625,0.38862376855057057,0.5490648323198056,0.06231139912962383,0.01601683182628103,0.016218232084833088,0.007548513680305529
0.75,0.2564865343165747,0.7326163710066017,0.010897094676823583,0.013906557868901976,0.014103293935592955,0.0032633051768452487
0.0,0.7399298417216412,0.0,0.2600701582783588,0.013846139759589364,0.0,0.013846139759589366
0.1875,0.6272651652370987,0.17476466810517507,0.19797016665772615,0.015266344971171625,0.011742113431163199,0.012751708424937133
0.375,0.5076537207563504,0.3610836208281034,0.13126265841554619,0.015553399631527123,0.014781106724178891,0.010714577950126699
0.5625,0.40474384587369655,0.548625609574599,0.04663054455170436,0.015810459015749345,0.015733221591082727,0.006843644453045292
0.75,0.2665923945214293,0.7318563502152249,0.0015512552633457654,0.013710249312892735,0.013804998156610383,0.0012646451598689397
0.0,0.7397594579298777,9.881422924901185e-07,0.26023955392782977,0.014162890490170027,3.123217515667807e-05,0.014161433172478536
0.1875,0.6306264315247305,0.17466355991735089,0.19471000855791862,0.01532026783099845,0.01191027842953836,0.01258811035582889
0.375,0.48015049170258206,0.3647200756701083,0.15512943262730966,0.016358628764664915,0.015620091066402218,0.01132976023546555
0.5625,0.40298784043628477,0.5476981593815928,0.04931400018212238,0.015617627152911527,0.015861788825029144,0.0070330470897974956
0.75,0.2571421792224978,0.7323493155480107,0.010508505229491445,0.013947673316411481,0.014087130600846742,0.0032552753201627936
0.0,0.7403750259945946,0.0,0.2596249740054054,0.014228250185684658,0.0,0.01422825018568466
0.1875,0.6175468746152895,0.1740172378807799,0.20843588750393063,0.014739158214054518,0.011579957299567614,0.012508686288337453
0.375,0.4724596479556339,0.3647970749719453,0.16274327707242078,0.01580514589119411,0.014772888879067176,0.012141530456355153
0.5625,0.3741265404972005,0.5517396754098134,0.07413378409298613,0.015618169206825334,0.01584137290548679,0.00819571315363732
0.75,0.25707283289523397,0.7318286784054763,0.0110984886992899,0.013471548517934764,0.013730832439906662,0.003448288432909428
0.0,0.7409114226649446,0.0,0.2590885773350554,0.01380676247527713,0.0,0.013806762475277136
0.1875,0.5823912783096491,0.17782587800791458,0.23978284368243633,0.014893096144923392,0.011756569050841173,0.012792426695869632
0.375,0.476430971875072,0.36367858722192786,0.15989044090300014,0.015321579504230477,0.014939625190945074,0.011223412804828001
0.5625,0.3734155560178607,0.5524418643679609,0.07414257961417832,0.014878925588097374,0.015528534281328646,0.008467340480705432
0.75,0.2565633728382323,0.7323014503647461,0.011135176797021555,0.01383648827147129,0.01410039991445549,0.0033316068832511935
0.0,0.7402104777436366,9.671179883945842e-07,0.2597885551383751,0.014242375722456353,3.056766079164238e-05,0.014243171760505267
0.1875,0.6366294535591994,0.17545275195166438,0.18791779448913626,0.015648694255242714,0.011981132982198436,0.012403045560001482
0.375,0.5270123923654869,0.36309118172372395,0.10989642591078913,0.01563288443406602,0.014786550717704681,0.010020938723816429
0.5625,0.3872195008711668,0.5490945018436096,0.06368599728522341,0.015497110511864393,0.015988343165258316,0.007684247213134451
0.75,0.2571221076709026,0.7322552779752004,0.010622614353896937,0.014157766745097772,0.014399360922868048,0.003299286889288758
0.0,0.7398296673440196,0.0,0.2601703326559804,0.013807693359319546,0.0,0.01380769335931955
0.1875,0.6386730913597954,0.1753798143027372,0.18594709433746737,0.0157714653747073,0.011971400789494834,0.012695383364641965
0.375,0.4836305115086495,0.364729368619193,0.15164011987215753,0.015509429676795495,0.015209537220798321,0.011307831282108742
0.5625,0.38387988927389816,0.5493919234532649,0.06672818727283694,0.015073979255151299,0.015178189225453899,0.00799239244245337
0.75,0.2659653971007625,0.7307794604691227,0.0032551424301147614,0.014320787571407057,0.014372726314519201,0.0017796792020819227
0.0,0.6746997390538231,0.0,0.32530026094617687,0.014704090858465422,0.0,0.014704090858465422
0.1875,0.6325903061808249,0.17453977910838764,0.19286991471078738,0.015252322129649335,0.012499250133536678,0.01286335935201773
0.375,0.5043198779582474,0.3627584387439032,0.13292168329784937,0.016018021582116064,0.015412079812575504,0.01095413040485474
0.5625,0.399421559659862,0.5476036385264371,0.052974801813700935,0.01596167306799531,0.016037796058791194,0.006616629360245644
0.75,0.2576618554974359,0.7310915534361343,0.011246591066429754,0.01367243605299888,0.013778612596736826,0.003259434897493143
0.0,0.6740905405715848,0.0,0.32590945942841515,0.014888847048867929,0.0,0.014888847048867929
0.1875,0.6309965567766803,0.1754408545866606,0.19356258863665907,0.014921987797738467,0.01189268394711873,0.0127380080662373
0.375,0.519069944680997,0.3613899501667991,0.11954010515220384,0.01584448042046733,0.015774196925364272,0.01008660965068215
0.5625,0.3828674659152019,0.5509864544632961,0.06614607962150205,0.015374167816481044,0.015409690737098272,0.007656558053208729
0.75,0.26789915441489576,0.7303561686572112,0.0017446769278929516,0.014129262808723191,0.014198108939572948,0.0013885796942742065
0.0,0.7400516072267478,0.0,0.25994839277325216,0.014075224510085605,0.0,0.014075224510085605
0.1875,0.6268651375745682,0.17547367861790394,0.19766118380752787,0.015332730219356218,0.011977594217264466,0.012273477429087283
0.375,0.47860730054361417,0.36362595993793606,0.15776673951844974,0.01510084200832937,0.014772803973552002,0.011014296746776417
0.5625,0.3755432606332345,0.5516476898370608,0.07280904952970459,0.015207485433683382,0.015774907667193933,0.00821373353132968
0.75,0.2661667484473509,0.7322822389998834,0.0015510125527656569,0.013957327070316201,0.01397518588879977,0.001236127637220317
0.0,0.67450198525844,0.0,0.32549801474156004,0.014801263543844635,0.0,0.014801263543844638
0.1875,0.6336180098666051,0.1750927408654392,0.19128924926795562,0.015598754845037229,0.011463735311177958,0.012533369461627674
0.375,0.5056993002134037,0.36115944807499106,0.1331412517116053,0.015499645816675544,0.014702328598120092,0.010701862735983746
0.5625,0.3741661124739266,0.5506900978097765,0.07514378971629691,0.01481327374505089,0.015287719203691458,0.00818536073448147
0.75,0.25588116789285137,0.7329716499876109,0.01114718211953765,0.013806918746126091,0.013986689664434842,0.003330332986425645
0.0,0.6743483677607643,0.0,0.32565163223923566,0.014816316202161455,0.0,0.014816316202161457
0.1875,0.6327816293768087,0.17578761181105404,0.19143075881213725,0.0154329312886747,0.011859368344224647,0.012561281046454533
0.375,0.498480381709031,0.3621900813902122,0.1393295369007569,0.016024970868139053,0.015676462474663425,0.011123686906972284
0.5625,0.3840424002205195,0.5515337567538602,0.06442384302562022,0.01525086330540011,0.015540020065044968,0.007803150930848759
0.75,0.2674247549752228,0.7108472031691793,0.021728041855597936,0.01345253192039778,0.013634715410235157,0.004464355725794099
0.0,0.74071795071115,0.0,0.25928204928885,0.013849008697033503,0.0,0.013849008697033502
0.1875,0.6196282483387394,0.17474865829256522,0.20562309336869528,0.015381479050186449,0.012140195872598902,0.01280813216915927
0.375,0.5007680882179786,0.36290025629457456,0.13633165548744688,0.015316928573729773,0.015060614905160922,0.010309223542860456
0.5625,0.3828642234569102,0.5506531312787272,0.06648264526436251,0.01562658208267233,0.016322129138684898,0.00791680756723806
0.75,0.2566774345811219,0.7320276274519103,0.0112949379669678,0.013818097422833608,0.014195568969325245,0.0034638400317255212
0.0,0.7398965472644011,2.004114606854333e-06,0.26010144862099194,0.013805929671350062,4.4780951165121114e-05,0.013805586546804614
0.1875,0.5823702113901327,0.17788622905222862,0.23974355955763857,0.015770338147049243,0.01185551532848014,0.013870435631148426
0.375,0.5245009936736059,0.36134327702594216,0.1141557293004519,0.01643300103917755,0.015565474861145286,0.010007469614063803
0.5625,0.38220294014071704,0.5498703711866587,0.06792668867262423,0.015083583253667753,0.015614470892324931,0.007989367367225348
0.75,0.2573298102181299,0.731149787055447,0.01152040272642305,0.014108930277119978,0.014231208299067861,0.0032928062547082967
0.0,0.7404429065814345,9.98003992015968e-07,0.25955609541457353,0.014326873032265078,3.154387351153515e-05,0.014327052095732982
0.1875,0.6348005801096117,0.17453968042787452,0.19065973946251366,0.01525888982682964,0.012100146110361962,0.012452540871322302
0.375,0.5175799476176517,0.3620885967143762,0.12033145566797208,0.015737466936610312,0.014726260257280245,0.010529231810976099
0.5625,0.39283215630692087,0.5486892827186033,0.05847856097447585,0.015027542863523658,0.01536230515335861,0.00735175980966726
0.75,0.26777499949206607,0.7310464320311805,0.0011785684767534122,0.013594601226631288,0.013624434819724824,0.0010730469414879096
0.0,0.6742269376004667,0.0,0.3257730623995333,0.014677663795363892,0.0,0.014677663795363888
0.1875,0.632036397287798,0.17541757247070386,0.19254603024149808,0.015494157857181307,0.011873504085752232,0.012738531342322784
0.375,0.4732522793979499,0.36454517775382966,0.1622025428482205,0.016522038189871743,0.01563002212908941,0.011469700158373872
0.5625,0.3725970900581558,0.5513444711881793,0.07605843875366489,0.015911916587418494,0.01607285984709136,0.008491618329536137
0.75,0.2559619989929687,0.7321582324941884,0.011879768512842925,0.01394974066442044,0.014073009475642233,0.003465659845835403
0.0,0.7409924365815348,0.0,0.25900756341846515,0.013514146205715817,0.0,0.013514146205715817
0.1875,0.6377463005618093,0.17544176229510577,0.1868119371430851,0.014923454511366922,0.011856341874568799,0.012328694690096544
0.375,0.5193198618576812,0.36191990590916456,0.11876023223315425,0.01579483453473442,0.015421143936166675,0.009890246788139913
0.5625,0.3929103844115678,0.5488637073238748,0.05822590826455732,0.015495016812183791,0.015533720207157327,0.0073046776558004884
0.75,0.2566864867578162,0.7327794978289294,0.010534015413254364,0.014205771606497303,0.014226258973785958,0.0034071158981881585
0.0,0.7403172702390738,0.0,0.25968272976092616,0.013588225360472918,0.0,0.013588225360472916
0.1875,0.6344476602752364,0.1760629117805115,0.18948942794425216,0.015116155881488902,0.012045216240903498,0.01215922275994835
0.375,0.4819161521256381,0.3647738858139836,0.15330996206037822,0.015768808571616066,0.01502986070204462,0.011180676681555214
0.5625,0.40027190174501653,0.5480180696506576,0.051710028604325886,0.016024688114110463,0.015933854707021765,0.007071041711632404
0.75,0.2572275041368308,0.7315308678812247,0.011241627981944408,0.013911067921932627,0.014121060394418704,0.0034060263121172994
0.0,0.7403137346685573,0.0,0.25968626533144273,0.013546716263516766,0.0,0.013546716263516768
0.1875,0.6250602686002836,0.1744484799314858,0.20049125146823046,0.01516039920555488,0.012351624029051794,0.012645691281250596
0.375,0.5213269090675401,0.3632022304672066,0.11547086046525334,0.015549378915880478,0.015130820717905656,0.00999509512155964
0.5625,0.3852590509146038,0.5504437307042129,0.06429721838118325,0.015114919543083402,0.015705152598061874,0.007804763883024677
0.75,0.2570596675065813,0.731425919036186,0.011514413457232623,0.013538370252260939,0.013683964307835661,0.003289922657657718
0.0,0.6746373633063304,3.91302119348971e-05,0.3253235064817347,0.01432001389437878,0.00019949722023444676,0.014317456457716753
0.1875,0.6288372001502498,0.17394408437194683,0.19721871547780329,0.015425587177577922,0.012264059136736775,0.012607000641639986
0.375,0.5150860625803791,0.3624995282179391,0.12241440920168166,0.015541964483484135,0.015281899479344312,0.01005034408808947
0.5625,0.39867194883153506,0.548638059131727,0.05268999203673799,0.015005709672841075,0.015495282352333248,0.00707468817973544
0.75,0.26738035041022645,0.7107964712715584,0.021823178318215133,0.013561065445430466,0.013926054035691401,0.0045636488419500704
0.0,0.7407759855299365,1.0245901639344263e-06,0.2592229898798996,0.01394802470526418,3.2384181617375206e-05,0.013950169727033007
0.1875,0.6375312011176972,0.1753433634035169,0.1871254354787859,0.015295883256025277,0.012176126685412465,0.012350611682506443
0.375,0.4966587092394604,0.3629705659960748,0.14037072476446474,0.015973776147165088,0.015392574685796467,0.010816637619172396
0.5625,0.3651233917509166,0.5493324146149912,0.08554419363409221,0.015525142831463763,0.015457103521630346,0.008810106297021465
0.75,0.2674085195339928,0.730990201244766,0.0016012792212412585,0.014145834418909152,0.014114316068694812,0.0012810709260727983
0.0,0.7397322857659256,1.0672358591248667e-06,0.26026664699821517,0.014293819344111267,3.373208245310376e-05,0.014293609800727566
0.1875,0.6392432026507529,0.17581426576198247,0.18494253158726465,0.01485599235182313,0.012001345746579165,0.011949358322756612
0.375,0.5127724923011184,0.36145908646732744,0.1257684212315541,0.015546117843541547,0.015175762213799956,0.010859012167809734
0.5625,0.3734668682454302,0.55196407423152,0.07456905752304985,0.015464868969850833,0.015796972194687474,0.007967274762790258
0.75,0.2658722640064349,0.7320941820206573,0.0020335539729076997,0.01394522399596967,0.014022641151143432,0.0014033676232860185
0.0,0.7405349587268792,0.0,0.25946504127312076,0.013964425793972285,0.0,0.013964425793972285
0.1875,0.6333818632059188,0.17587334205703165,0.19074479473704953,0.014332437258195217,0.011958158541035761,0.012169640161172045
0.375,0.4775866155058473,0.36443790164894596,0.1579754828452068,0.016459595740508454,0.01604091322864996,0.011453179385287207
0.5625,0.39942889037818796,0.5494975364879884,0.05107357313382364,0.015552718426219404,0.015818135195135828,0.007125173558721347
0.75,0.26711466993170213,0.7112697574107177,0.021615572657580146,0.014021342820092993,0.01450475924192141,0.004599819747229612
0.0,0.7401569183212312,0.0,0.25984308167876874,0.012886427159481802,0.0,0.012886427159481802
0.1875,0.6306901048775129,0.17478842181357954,0.19452147330890757,0.01552615586418323,0.012244855892883297,0.012150271788394769
0.375,0.5185311900606535,0.3620507165114258,0.1194180934279206,0.016623221110571816,0.01598802049738192,0.010484454367657456
0.5625,0.3858306102857811,0.5505506094672132,0.0636187802470057,0.01513128569770992,0.01574300994312256,0.007851070653748807
0.75,0.267368461325302,0.7311711592418212,0.0014603794328767077,0.013776579791715477,0.013814021603975787,0.0011982308375298467
0.0,0.7400946350944811,0.0,0.2599053649055188,0.01318829489598584,0.0,0.013188294895985843
0.1875,0.6391200463148996,0.1747547550866966,0.1861251985984038,0.015176580185548173,0.012429039574857083,0.011915285613358953
0.375,0.49570470946384787,0.3623765886959989,0.1419187018401533,0.015496162978293126,0.014990610902871931,0.010686293143900693
0.5625,0.388534661564531,0.5500922835500462,0.06137305488542269,0.015189228522712988,0.015497404419041075,0.007470381427944328
0.75,0.2661522218144329,0.7118822403483711,0.02196553783719612,0.014493255997735531,0.01487191296528673,0.0045785277871154785
0.0,0.6742562012158642,0.0,0.32574379878413584,0.01496012459335043,0.0,0.014960124593350428
0.1875,0.6346609982243501,0.1750649448011617,0.19027405697448815,0.015077661850692472,0.011854287055581844,0.012868161962087985
0.375,0.5279884273302868,0.36338377900892793,0.1086277936607851,0.015246974275260516,0.014312814187230695,0.009800373747581907
0.5625,0.3959354010705132,0.549460789059609,0.05460380986987765,0.015747626331069586,0.01603654091216624,0.006957021944925181
0.75,0.2562009274350072,0.7331006107982039,0.010698461766788882,0.013575352502707678,0.01382012504862856,0.003263434752480327
0.0,0.6739068290114342,6.958281131806498e-06,0.3260862127074341,0.015052888421623506,8.28879974043068e-05,0.015051516738773014
0.1875,0.5797094402137307,0.17596361700037302,0.24432694278589617,0.01594391085031846,0.012537906854330844,0.013555801128309067
0.375,0.5204921459427252,0.3609767361288877,0.11853111792838714,0.016185152362003387,0.015121660740063264,0.01011259154290079
0.5625,0.3868597838887872,0.5509270950744167,0.062213121036796076,0.01549936571729593,0.015779744492256786,0.007473960583463699
0.75,0.26711847803599065,0.7109848972491002,0.021896624714909236,0.014851499456804721,0.015009656038133184,0.0047294779919826915
0.0,0.6743453884642524,0.0,0.32565461153574754,0.01467698266164713,0.0,0.014676982661647131
0.1875,0.6381959866050472,0.17524658612212693,0.18655742727282593,0.01517586000491465,0.01179283995283405,0.012453780837155067
0.375,0.48856364753106435,0.3635333181629732,0.14790303430596233,0.01586992962112547,0.015241706330272973,0.01108058336802828
0.5625,0.38597363121837186,0.5492025268785004,0.06482384190312776,0.015227037789862223,0.015832787017651444,0.007642913604935281
0.75,0.2569855455708393,0.7324940052451953,0.010520449183965457,0.0132853815315175,0.013317653719170146,0.0032460218700497887
0.0,0.7398388685158339,3.0162004527816085e-06,0.2601581152837133,0.01397478857938957,5.499567435416168e-05,0.013974558937410073
0.1875,0.6306206508419011,0.17427945414396936,0.19509989501412947,0.015318426040715878,0.011968255780712995,0.012290594313553461
0.375,0.507341667911391,0.3616644335828006,0.13099389850580842,0.015249256050410847,0.014801243351266664,0.010351049874916253
0.5625,0.3738336910193636,0.5512126161325568,0.07495369284807944,0.015120495324163792,0.015529785045102272,0.008315663580036358
0.75,0.2557538564537264,0.7331645208578049,0.011081622688468637,0.013854457515779411,0.013879380311112013,0.0032532683759949554
0.0,0.7400743528890587,0.0,0.2599256471109414,0.01403754392017781,0.0,0.01403754392017781
0.1875,0.6320167415352868,0.17519207511607468,0.19279118334863854,0.015331846913638692,0.012090924043292874,0.012399853753792956
0.375,0.5117078436098037,0.361763694158665,0.12652846223153136,0.016237939982972256,0.015502721863940106,0.01049155215305344
0.5625,0.3828047732128279,0.5500445280915897,0.06715069869558246,0.015093802267858135,0.01575361505979211,0.007778982208831635
0.75,0.2563883908481831,0.731886902703164,0.011724706448652833,0.013874626154735384,0.014070351718099892,0.003312288936788952
0.0,0.7399329112943851,0.0,0.26006708870561485,0.01404865422310073,0.0,0.01404865422310073
0.1875,0.6349071135007823,0.17524975703006201,0.18984312946915555,0.015478627835507458,0.01240906609765108,0.012216383688819877
0.375,0.5306670918472737,0.3619749028494971,0.10735800530322911,0.015992542099018153,0.015512014447253787,0.00975827065745698
0.5625,0.3923850916292,0.5495568565208888,0.058058051849911294,0.015517218099843568,0.015553238619849809,0.007413130589233234
0.75,0.2570977412812209,0.7318436314073994,0.01105862731137967,0.013763940072149603,0.013847908725675019,0.0033269648565491102
0.0,0.7398234320732007,0.0,0.2601765679267993,0.013602100550523325,0.0,0.013602100550523329
0.1875,0.6304006317859507,0.17461492111039464,0.19498444710365462,0.015310019740255193,0.01163051277853066,0.012479508841379626
0.375,0.523376733483403,0.3628791659669198,0.1137441005496772,0.015548463892110204,0.014924509575199547,0.010103586213717557
0.5625,0.3979859895751922,0.5495467244966267,0.052467285928180986,0.015637832056167967,0.015990656930852443,0.006930299273628562
0.75,0.2571323714043319,0.7316775246056363,0.011190103990031765,0.013993592969893874,0.014193072590627815,0.0033873322118539912
0.0,0.6753838396118981,0.0,0.32461616038810187,0.014756829006786138,0.0,0.01475682900678614
0.1875,0.6364661437213203,0.1766466502756739,0.18688720600300587,0.015341279970794496,0.012140062377024294,0.012385198099770256
0.375,0.49693031277951444,0.36277622988250974,0.1402934573379759,0.015450139786862277,0.015166435283015945,0.011255107951218314
0.5625,0.3906793826274189,0.5493251330834809,0.05999548428910012,0.015465429366737666,0.0157623914921219,0.007537706828590217
0.75,0.25661733820519633,0.7300892449322519,0.013293416862551758,0.01422805058656557,0.014311170277100495,0.0036142903484321716
0.0,0.7403642124884793,9.84251968503937e-07,0.2596348032595522,0.013741059372370185,3.1109213837163596e-05,0.013742489715571586
0.1875,0.6374661536667185,0.17498171629894882,0.18755213003433266,0.015519648950875792,0.011816592156247386,0.012575672021533516
0.375,0.5220741434743614,0.3626672025467357,0.11525865397890288,0.01564023526719138,0.015147189982560693,0.01023476956865989
0.5625,0.3986290818188694,0.548020800208772,0.05335011797235863,0.015152184813088894,0.015043625665502446,0.007255681842769571
0.75,0.25666423781616593,0.7313583358581087,0.011977426325725233,0.013640205547745974,0.013771000717934728,0.003562558369737309
0.0,0.7397342686586721,2.9869759661704554e-06,0.26026274436536173,0.013558089825719287,5.446969363512985e-05,0.013557694767811882
0.1875,0.624356329986419,0.17421012469273256,0.20143354532084834,0.015372642158601447,0.011920730745703689,0.012744827946140626
0.375,0.5176853592393845,0.360567567282829,0.12174707347778645,0.015454554216267095,0.014694511065695599,0.010417239248584656
0.5625,0.3824190892826542,0.5510096484795811,0.06657126223776465,0.015823068904941246,0.015752252296344308,0.007743141643565897
0.75,0.257531754081955,0.7307830472037581,0.011685198714286887,0.013101773199265277,0.013289300382752453,0.003422066631703865
0.0,0.6738595799000443,0.0,0.32614042009995564,0.01512848841026065,0.0,0.015128488410260649
0.1875,0.6356779203158515,0.17609932482717502,0.18822275485697343,0.015254348144127312,0.012034482294461083,0.012462759297452605
0.375,0.5171574348669989,0.3630010442997395,0.1198415208332615,0.015805416574376403,0.014813996061950245,0.01021988780044644
0.5625,0.37655151887183935,0.5511251513060254,0.07232332982213532,0.01616516286066566,0.016676719924935433,0.008213000327222327
0.75,0.266407889524979,0.7119023700596468,0.021689740415374102,0.014133081143963121,0.014438350317910988,0.004528374019937451
0.0,0.7400118020817612,1.99742319444112e-06,0.2599862004950444,0.014060363623005546,4.462373999513308e-05,0.01406230999839089
0.1875,0.6363922443986562,0.1760467935452486,0.1875609620560952,0.015261887251965018,0.012057921440337894,0.012155490563375478
0.375,0.47373059033013903,0.364474657866906,0.16179475180295497,0.015509929693718883,0.014896329298524568,0.011764163975446992
0.5625,0.3996659991324926,0.5489330561234792,0.05140094474402811,0.015231130542810764,0.015417016095643065,0.006950912250803368
0.75,0.2575583680462625,0.731684684715017,0.010756947238720591,0.013404941471490375,0.013726526591612328,0.0032054906884142276
0.0,0.7408336823363727,1.0604453870625663e-06,0.25916525721824013,0.01386577777114932,3.351745626570331e-05,0.013865444707986712
0.1875,0.6343507394447784,0.17481953323733637,0.19082972731788525,0.015491872881138286,0.01261018445385717,0.012543906909039325
0.375,0.4998978735210012,0.36227009124025206,0.13783203523874682,0.01564027584807988,0.015141882543536848,0.010967717187889144
0.5625,0.39907590824676004,0.5485206847452894,0.05240340700795059,0.01583385146188419,0.015930724929245493,0.007112470132746365
0.75,0.2678496147676863,0.7103590701976463,0.021791315034667184,0.013653802334881858,0.014079010309130356,0.004500734192877198
0.0,0.7409167016434671,0.0,0.2590832983565329,0.01375044414397596,0.0,0.013750444143975958
0.1875,0.6264669219099226,0.17427733790154779,0.19925574018852973,0.015292975961183406,0.012208578131031616,0.01268505063630813
0.375,0.5244930539512631,0.36190042146173057,0.11360652458700625,0.01655794453541157,0.015761406989120375,0.009514636242953766
0.5625,0.40183250356190414,0.5475661270684637,0.05060136936963211,0.015954315162793064,0.015963617139937623,0.006878536080160828
0.75,0.2572678062565437,0.7320980801693916,0.010634113574064684,0.013647402087680132,0.013725836391464493,0.0032740003803841157
0.0,0.7406722143251131,0.0,0.25932778567488685,0.01403364177321426,0.0,0.014033641773214258
0.1875,0.6236589763591333,0.17428712548210507,0.2020538981587617,0.015360122053606295,0.011847832734626453,0.013268533262998067
0.375,0.5209886558554436,0.36313501939362175,0.1158763247509346,0.01620615991965188,0.015256968712154425,0.010164041025647007
0.5625,0.38146318618438557,0.5503373836491019,0.06819943016651249,0.014922139645945215,0.015458194352537261,0.007669987858493185
0.75,0.2666236013534874,0.7322758402089412,0.0011005584375713663,0.013481068174242331,0.013474566080629196,0.001036649274065978
0.0,0.6745837834973879,0.0,0.32541621650261215,0.015217156264277582,0.0,0.015217156264277582
0.1875,0.6290141903831843,0.1760447330092623,0.19494107660755347,0.01577274956084314,0.012283635589734684,0.012531960484570327
0.375,0.5275370552494735,0.362480438781294,0.10998250596923251,0.01549930839076394,0.014933538233103177,0.009684701207518888
0.5625,0.3861721545582063,0.5497051114649819,0.0641227339768118,0.015647569991825285,0.01591958232685719,0.007594202788977987
0.75,0.26635738783029134,0.7312640832253093,0.002378528944399323,0.013960457606376306,0.014035165809057275,0.0015171221813548709
