fixed rate,success rate,failure rate,error rate,success std,failure std,error std
0.0,0.7396960620513109,0.0,0.26030393794868917,0.013735106751870669,0.0,0.013735106751870674
0.1875,0.6228954519605188,0.18281417169062406,0.19429037634885715,0.015345510782966414,0.012485297728477044,0.012737601168945886
0.375,0.5073941713112238,0.3695336607123841,0.12307216797639212,0.01615708166467124,0.01538909144333579,0.010138322326100357
0.5625,0.3790490972254762,0.5563666677009372,0.06458423507358657,0.015294705574658708,0.015075526056087094,0.00782009855876321
0.75,0.24502119398068856,0.7404766557953928,0.014502150223918552,0.013579993744589815,0.013759294368345889,0.00376196552184617
0.0,0.7404651010829566,6.626827317228088e-05,0.2594686306438711,0.014309873117798317,0.00025355102511373696,0.014309844499541388
0.1875,0.5916503398989129,0.18301748180026012,0.22533217830082694,0.015854493763519988,0.012591108210367012,0.01303377044549595
0.375,0.4749664363136621,0.37011637202940084,0.15491719165693701,0.015453762483440107,0.015361983552379147,0.011675655069268907
0.5625,0.379468586585619,0.555861272254406,0.06467014115997496,0.015531171457362932,0.015569021680988435,0.008009968412547443
0.75,0.2563672085991003,0.7421791128571937,0.0014536785437057889,0.013793515512234468,0.01373994023266348,0.0011215286493854336
0.0,0.7358280646959368,0.0,0.26417193530406324,0.013761840160489801,0.0,0.013761840160489803
0.1875,0.626438261229329,0.1833689335883827,0.19019280518228834,0.015367973058367512,0.012452629145749895,0.012431496095043761
0.375,0.4886763265089257,0.3704508654381272,0.14087280805294708,0.01627362945998908,0.015511724180493233,0.011366245646367158
0.5625,0.33871450270060166,0.5528381618750905,0.10844733542430779,0.015002317939189323,0.01614501661775064,0.01023075936278231
0.75,0.24765610180962086,0.7425206178902378,0.009823280300141176,0.01385468428040567,0.01407612312139321,0.003170646723374067
0.0,0.7403026707654922,0.0,0.2596973292345078,0.014053122609321077,0.0,0.014053122609321076
0.1875,0.6143778134378961,0.18290707683244734,0.20271510972965667,0.015966085768531826,0.011948964215433787,0.012999958308880052
0.375,0.47127614560366893,0.37022512455718354,0.15849872983914748,0.016289575224936566,0.015451777692457213,0.011342562915676943
0.5625,0.38474353528175614,0.5577489807531197,0.05750748396512414,0.015384334357926285,0.015471027438478937,0.007295734632357763
0.75,0.2436201586609755,0.7423830417700258,0.013996799568998656,0.01355257536371275,0.013996549474762338,0.003630404112215683
0.0,0.7401647272741629,6.971520792673515e-05,0.25976555751791036,0.014119586375407896,0.0002657912318480691,0.014112344074746179
0.1875,0.600161730675968,0.1813530603132102,0.21848520901082175,0.015218433167653159,0.01160389651172322,0.013222607438205422
0.375,0.514738129194423,0.36935722841525526,0.11590464239032179,0.01581032683751816,0.015245988770427885,0.010103079331128395
0.5625,0.38119525357175477,0.5560409655868649,0.06276378084138025,0.015455527212024141,0.01577094530921024,0.007446626639136487
0.75,0.24729512863165798,0.7424881319499417,0.010216739418400247,0.01330138135129857,0.013445518917763749,0.0031862588608287203
0.0,0.7397031792770957,0.0,0.2602968207229043,0.014176062189113558,0.0,0.014176062189113558
0.1875,0.6274050659017917,0.18257045989141285,0.19002447420679555,0.015401846983977232,0.012326243711350077,0.012550301056245328
0.375,0.514328324488497,0.3703287799032778,0.11534289560822523,0.015223194229485535,0.015047296790943633,0.009767946654319477
0.5625,0.3772657956802076,0.5570898405076239,0.06564436381216845,0.015242303107319517,0.01534228678946077,0.007703134536202304
0.75,0.24126363787011793,0.7429565793971417,0.015779782732740416,0.013626611403150635,0.013941080017499176,0.003966518555915535
0.0,0.739604506501802,4.4379478217725026e-05,0.2603511140199803,0.013398533277569,0.00021176349514207666,0.013398660163515886
0.1875,0.6037697444413704,0.18234030085944747,0.21388995469918207,0.015442977781330853,0.01226921115054384,0.01329919437586877
0.375,0.5027931157404238,0.36874431709172745,0.12846256716784873,0.015533451515790428,0.015279964893256845,0.010640405566953013
0.5625,0.3792376704920554,0.5566569735459941,0.06410535596195052,0.015497214451039246,0.016184661717865888,0.0076449617230176705
0.75,0.24795938303184153,0.7424379249444676,0.009602692023690934,0.013448951631156376,0.013407691583955958,0.0030785186155005057
0.0,0.7401893693798384,0.0,0.2598106306201616,0.014060196885883489,0.0,0.014060196885883489
0.1875,0.6331668204172015,0.1834367613926564,0.18339641819014202,0.015221357940494791,0.011923413988647434,0.012136945799815476
0.375,0.5133198989697837,0.3701734191826494,0.11650668184756685,0.01528063038181448,0.014928183221774756,0.009805432195352105
0.5625,0.3377480907536674,0.5545368229427385,0.10771508630359389,0.014392992267418633,0.014825867620392248,0.009521854652646775
0.75,0.24744068023882218,0.7424136398534,0.010145679907777776,0.013714748725704641,0.013860201705136006,0.0031501654893150155
0.0,0.7406552414651292,0.0,0.25934475853487093,0.01391698563882274,0.0,0.013916985638822738
0.1875,0.6300374660274224,0.1829755774471598,0.18698695652541777,0.015167070733862222,0.011937850230762185,0.012092963604228943
0.375,0.47162038129892053,0.3700501942161758,0.15832942448490372,0.015846666354885987,0.014926919364047124,0.011858835570210797
0.5625,0.37602532183843834,0.5579499949574188,0.06602468320414293,0.015532365042086086,0.015847059052516186,0.00827110929984746
0.75,0.2542728915976498,0.7424040789931184,0.003323029409231769,0.01318403337458163,0.013230806871436546,0.0018400158596911169
0.0,0.7411210240080994,0.0,0.25887897599190063,0.013172469466574728,0.0,0.013172469466574728
0.1875,0.6229613468927911,0.18158124690673413,0.19545740620047464,0.01514086537175134,0.011980279432010875,0.01286341934746425
0.375,0.5102422582373793,0.369863715399453,0.11989402636316766,0.01608223283454974,0.01562696953431482,0.010352889476085874
0.5625,0.3818315825757194,0.5557030314948554,0.06246538592942511,0.015238498588839008,0.01540540044705744,0.007859225139843778
0.75,0.2477552462968456,0.7417559678935688,0.01048878580958561,0.0135997211618771,0.013857971399374985,0.003165516238750769
0.0,0.7409755639322853,0.0,0.25902443606771486,0.014623112215309706,0.0,0.01462311221530971
0.1875,0.6219494253922685,0.18129585085080507,0.1967547237569264,0.015568556894021703,0.012380202322112793,0.012734831131067832
0.375,0.5090869529341937,0.3704462815061587,0.12046676555964765,0.015506311477890267,0.014922558106303704,0.010078030829171912
0.5625,0.38366614094953083,0.5559385786693612,0.0603952803811079,0.015166462387288188,0.015748078981071816,0.007579773466658197
0.75,0.24783110023956634,0.7419360929546781,0.010232806805755591,0.01332797905758731,0.013511018968150889,0.0031668732248359773
0.0,0.740441128128022,0.0,0.259558871871978,0.013436839921140835,0.0,0.013436839921140835
0.1875,0.5975503431781319,0.18146502563225875,0.22098463118960934,0.015269876328298262,0.012284653365229546,0.012887136912743225
0.375,0.5194776135035737,0.36926086323935015,0.11126152325707613,0.015647139985645955,0.014698761589230237,0.009937540969937686
0.5625,0.37750414931612114,0.5573069605236595,0.06518889016021943,0.016043496280570585,0.015973395533914424,0.008019735798671183
0.75,0.24401975471278306,0.7423695896229483,0.013610655664268521,0.013594891987816042,0.013871239586401515,0.003720145008275422
0.0,0.735030514865749,8.168649961863384e-06,0.2649613164842891,0.013974624680265578,9.11167634038318e-05,0.013973949060111004
0.1875,0.6015536128104414,0.1813477811544372,0.2170986060351213,0.014886452058037583,0.011823282959535667,0.013081704552079146
0.375,0.508262613418097,0.3692432228224142,0.12249416375948895,0.01570378572193083,0.015549488910616095,0.010103640368168819
0.5625,0.37732637332127433,0.5568122288440286,0.06586139783469705,0.015562753702225183,0.01601206135245807,0.007752486560893589
0.75,0.24560807283340136,0.7425063328921563,0.011885594274442418,0.01332967883839591,0.013229680805808934,0.0034628366381549936
0.0,0.7406758228880107,0.0,0.25932417711198935,0.013967666300408223,0.0,0.013967666300408223
0.1875,0.6009053527828772,0.1826170436579988,0.21647760355912407,0.01556483513743203,0.012170004500525624,0.013175786563070885
0.375,0.512795228394037,0.36923529761787394,0.11796947398808895,0.016042788837995876,0.015438491869567077,0.01039593174472023
0.5625,0.37802965481365414,0.5573161475249473,0.06465419766139854,0.014736973926944697,0.015121846862466539,0.007795676645778879
0.75,0.24757229168604025,0.7419912092665261,0.010436499047433594,0.013714252977068297,0.013904041883310358,0.0031686012289753205
0.0,0.7404051467475773,0.0,0.2595948532524227,0.01391488517264914,0.0,0.01391488517264914
0.1875,0.6193239215412503,0.1817569450770124,0.19891913338173736,0.016023734482194713,0.012717805735113623,0.012465173160046686
0.375,0.5029123273592839,0.3700854117653098,0.12700226087540623,0.01633965795649897,0.01563027828144986,0.010354983805796587
0.5625,0.37788670474334546,0.5562937185226844,0.06581957673397014,0.015900366722464736,0.01614504651630387,0.007873659829835303
0.75,0.24805024405644002,0.7419744668658107,0.009975289077749314,0.013872683451088264,0.013888817413280158,0.003078536878724847
0.0,0.7354271174253957,0.0,0.2645728825746045,0.014221904347652997,0.0,0.014221904347652995
0.1875,0.6197940466908237,0.18174595084753262,0.19846000246164364,0.015772753520534512,0.01267623974952324,0.01250722326733215
0.375,0.509625222502406,0.3710154595017786,0.11935931799581535,0.01582044306756647,0.01518680001887359,0.010586588028312595
0.5625,0.37927879228901895,0.5575898679692316,0.06313133974174943,0.015297849681380758,0.015669851473533038,0.007591090508926854
0.75,0.24708420405637185,0.7420898813104734,0.010825914633154812,0.013527884535768009,0.013797040296950582,0.003356313236257524
0.0,0.7405281474800818,0.0,0.25947185251991833,0.013944282700713198,0.0,0.013944282700713196
0.1875,0.6243377537290248,0.18217727330114325,0.19348497296983203,0.015686156311296034,0.01267181875412892,0.012627408225827225
0.375,0.4900247418966965,0.36984987545441983,0.14012538264888372,0.015771858710606077,0.01516834109343143,0.011061523037808555
0.5625,0.38083325000603346,0.5562013291995151,0.06296542079445139,0.01527698006329271,0.015234326502508073,0.00749695946915844
0.75,0.24382918102280018,0.7427375688452439,0.013433250131955869,0.013654563554452857,0.013775018049991166,0.0035918215478595293
0.0,0.740398777696061,0.0,0.259601222303939,0.014457220030118303,0.0,0.014457220030118303
0.1875,0.6251441546229106,0.18225136911830495,0.19260447625878435,0.015117088966071826,0.01196763658673492,0.012265724618637506
0.375,0.5143406870244287,0.36894059441053784,0.11671871856503353,0.015441168638022472,0.015277103381159386,0.009643859424537526
0.5625,0.3880198750976615,0.5567044379718958,0.05527568693044272,0.015819630914761813,0.016046334957972582,0.007088469657102765
0.75,0.2458830408319808,0.7433233291278726,0.010793630040146596,0.01361860225315019,0.013958166229992798,0.0033218471013731813
0.0,0.7346970629581449,0.0,0.2653029370418551,0.014132440286928559,0.0,0.014132440286928557
0.1875,0.40410545237482304,0.18048019295078038,0.4154143546743966,0.015820652986817122,0.012324503991197302,0.015723389778445486
0.375,0.4850313228766514,0.3681481036862372,0.1468205734371114,0.015617616809731874,0.015126392025387802,0.011422829221879075
0.5625,0.37910893998494927,0.5572056475064446,0.06368541250860603,0.015380152318753407,0.01576641796157115,0.007947845457016111
0.75,0.2493574040456657,0.7412535224192945,0.009389073535039824,0.013459773211090084,0.013615127138798871,0.0031531082342573283
0.0,0.7404118897950845,0.0,0.25958811020491546,0.014171230001540122,0.0,0.01417123000154012
0.1875,0.6252095962731241,0.18223321548643934,0.19255718824043655,0.014874386044757892,0.01212702489819467,0.012277481213416408
0.375,0.47751988159970815,0.368733412628663,0.15374670577162886,0.015968351770861824,0.01534828075351563,0.01194535614816829
0.5625,0.39566489909564406,0.5560311352213189,0.048303965683037055,0.015353618288740456,0.015585137731455279,0.00660803216701707
0.75,0.24336294081718343,0.7428760838233942,0.013760975359422304,0.013472601949391986,0.013595497248912162,0.00360100211813834
0.0,0.739501782388488,0.0,0.26049821761151204,0.013951403685538854,0.0,0.013951403685538854
0.1875,0.6034780675864719,0.18178019437582743,0.2147417380377006,0.015907785897633548,0.012463683056347463,0.013063434759789697
0.375,0.49294339490817635,0.36940707250682103,0.13764953258500262,0.016359925605789718,0.015470718424199297,0.011132104091210054
0.5625,0.38649852845336863,0.5562009448956102,0.057300526651021186,0.015390990351232064,0.015808290399353286,0.007174010625072218
0.75,0.24669169070225563,0.7432976911228567,0.010010618174887681,0.014039479813189638,0.014239126823673788,0.0032269906268738227
0.0,0.735600238419664,0.0,0.26439976158033596,0.014006230066175839,0.0,0.01400623006617584
0.1875,0.6225983467709858,0.18194306635869115,0.19545858687032303,0.014883830516047771,0.012060327886136047,0.012162482683485501
0.375,0.47201545679013385,0.3689449866153211,0.15903955659454502,0.015617981679014072,0.01531891847503458,0.011226066030945498
0.5625,0.37631784519888456,0.5566342781210987,0.0670478766800168,0.0149051908885512,0.015117567903958599,0.00797833129188536
0.75,0.24690343895895078,0.7424074554634803,0.010689105577568803,0.013229443450050482,0.0135331918928105,0.003235495758723501
0.0,0.7398292727026992,0.0,0.2601707272973008,0.013886140533687169,0.0,0.013886140533687167
0.1875,0.6222818256539578,0.18247553538511574,0.19524263896092645,0.015651006280276124,0.012215985309937616,0.012837041598900596
0.375,0.49154057813976465,0.371727634067449,0.13673178779278633,0.015449479766305335,0.015277842135212992,0.010251658122187285
0.5625,0.3780315788735943,0.5572794895074588,0.0646889316189469,0.014917627522677829,0.015228744177408188,0.00784272578797034
0.75,0.24341445381174193,0.7423128259068332,0.014272720281424648,0.01353610391886389,0.013770411522958307,0.0037130741738514404
0.0,0.7407715149773583,0.0,0.25922848502264173,0.013903062107683259,0.0,0.013903062107683259
0.1875,0.6139647643302262,0.1818412600334886,0.2041939756362852,0.0156399629809252,0.012011830214502408,0.012575825781905062
0.375,0.47568436500434597,0.3707685743564082,0.15354706063924578,0.01654205487846381,0.015498858911139243,0.011390490432290635
0.5625,0.3798100705340266,0.557068748453214,0.06312118101275947,0.015216466403606783,0.015683899415973167,0.007600084820661313
0.75,0.23924664053889547,0.7417952974516285,0.018958062009475897,0.013306496340307339,0.013808546766753037,0.004209973429267088
0.0,0.7400796903179496,0.0,0.25992030968205027,0.013798971698699107,0.0,0.01379897169869911
0.1875,0.5929363657018455,0.18261367013868102,0.2244499641594735,0.015256850588908905,0.011880198507814285,0.013052064302101592
0.375,0.5019133988157247,0.36939765040992417,0.12868895077435116,0.015534843776075764,0.015103248482527485,0.01084300835620765
0.5625,0.37604038256504013,0.5557638114653367,0.06819580596962307,0.014972389405603689,0.015403517015491797,0.007864846619608012
0.75,0.23829584198930698,0.7420489381377748,0.01965521987291814,0.014187193332126067,0.01461123819591757,0.004477955273219418
0.0,0.7354919537588893,3.349821223299104e-05,0.26447454802887765,0.014050080829836801,0.0001786504960222865,0.01404747177509203
0.1875,0.6276678581639362,0.1831168696024214,0.18921527223364237,0.014371928352141954,0.01202843512613398,0.011783040939713305
0.375,0.49970402745714965,0.3689507816021974,0.13134519094065292,0.016011261556390363,0.015040580473469657,0.011286382902906643
0.5625,0.36487278428949005,0.5575000521340431,0.07762716357646687,0.014753677430062631,0.015127294378044713,0.008261461248038813
0.75,0.2479097355470678,0.7421417606849828,0.00994850376794934,0.014076832524449344,0.014275568153879224,0.003138513613677972
0.0,0.7405824124505238,4.96280759235588e-06,0.25941262474188376,0.013354967416061523,7.001959470239926e-05,0.013352587895172862
0.1875,0.6190184750798865,0.18229712577949353,0.19868439914061997,0.015478658315629175,0.012213595058343896,0.012373351408287223
0.375,0.5020553507850611,0.37008585115485154,0.12785879806008735,0.015719058009036807,0.015327189571125359,0.010314313226899517
0.5625,0.3707413088380679,0.5556489050607161,0.07360978610121596,0.015978386586640685,0.0164254308523123,0.008181266421511369
0.75,0.24808217664277527,0.7423347592368982,0.009583064120326494,0.013627065143508435,0.013767175363367433,0.002974068932255841
0.0,0.7401128279658985,0.0,0.2598871720341015,0.013760789337417829,0.0,0.01376078933741783
0.1875,0.6244906915240366,0.18222155985184163,0.19328774862412176,0.015130669668923291,0.011914431595342476,0.012690494391638132
0.375,0.4911880558009954,0.3690840256586847,0.13972791854031982,0.016250188331239833,0.01571446855656771,0.011211155861525181
0.5625,0.37962373723311643,0.5570725771874792,0.0633036855794044,0.015240255711195342,0.015604695229434942,0.007821942775591503
0.75,0.24736747345918958,0.7422454315040334,0.01038709503677689,0.01329507129216311,0.013599638039411893,0.0032067777455799602
0.0,0.7353141453535376,1.6324518625418857e-05,0.26466953012783706,0.0139154828484584,0.0001280892679805424,0.013914956047019056
0.1875,0.6060738860003093,0.18209672292748816,0.21182939107220256,0.015214069540473364,0.01212258263972876,0.01296155326984017
0.375,0.5153203363524028,0.3686130895054432,0.11606657414215404,0.01603201412325627,0.0153561446420562,0.010284536776763874
0.5625,0.3813087414846885,0.5572630164119364,0.06142824210337501,0.015293498844427102,0.015258824207991203,0.007582432095188832
0.75,0.2443218057373556,0.7426496294964953,0.013028564766149053,0.013693828465426234,0.013942388694345699,0.003576920883249758
0.0,0.7352578109229192,2.420104271092192e-05,0.2647179880343699,0.014199347399659792,0.00016105825607620633,0.014200115444073494
0.1875,0.6178927290624208,0.18335244455447344,0.19875482638310576,0.01547504664040579,0.012521104646044733,0.012760373833589939
0.375,0.5048039350673637,0.3692224356157061,0.1259736293169302,0.016075048226744597,0.015295299768326411,0.010424798380857853
0.5625,0.38122818393218144,0.5563891573677333,0.06238265870008533,0.015448764932454211,0.016235819989643196,0.007915681879807316
0.75,0.24617115512223717,0.7414391949122755,0.012389649965487257,0.012943748078710493,0.013157076203797448,0.003514481877392481
0.0,0.7404903711509425,0.0,0.2595096288490573,0.013581545309327755,0.0,0.013581545309327755
0.1875,0.601948099310345,0.18150272637138157,0.21654917431827334,0.01571894254819078,0.012068560277140056,0.013165373397545126
0.375,0.49705393186228314,0.3697858487436956,0.13316021939402123,0.015297037322694338,0.014973990617978486,0.010569831161390987
0.5625,0.3784123537780546,0.5562254707979396,0.0653621754240059,0.014641889582029936,0.015147899691426745,0.007813097406157392
0.75,0.2476359212900781,0.7423557266602914,0.010008352049630456,0.014209397245978717,0.01459011902536694,0.003182757247356527
0.0,0.7361868269519172,0.0,0.2638131730480828,0.013522753061981033,0.0,0.013522753061981033
0.1875,0.6283383784457458,0.18299360910316984,0.1886680124510843,0.015461178555581993,0.01251077437121603,0.012522182164480053
0.375,0.49758934726437903,0.3698969235473892,0.1325137291882317,0.015958030316666715,0.01569721443753095,0.010742640676755913
0.5625,0.37678297606779676,0.5580635232277896,0.06515350070441354,0.015544513149367462,0.015937223516400454,0.007992219322135282
0.75,0.24746278063437258,0.7423708343797771,0.010166384985850261,0.014208749998137996,0.014216462736439828,0.003211191552440143
0.0,0.7349706593760607,1.2784856183786368e-05,0.26501655576775557,0.013777958086093207,0.0001114792825748548,0.013775563018820651
0.1875,0.6252737545852087,0.18230265752255087,0.19242358789224034,0.015673243178323255,0.012225156631692309,0.012634157591472748
0.375,0.5191705682819984,0.3688643652263736,0.11196506649162796,0.016179075460482906,0.015524187105851598,0.00989669489974685
0.5625,0.3792086107150749,0.5579441252480943,0.06284726403683079,0.015188428597685825,0.015275398008412102,0.007548112452087093
0.75,0.247550882283625,0.7416463854816645,0.01080273223471039,0.01374318776419836,0.01395374664606986,0.0031630656223703662
0.0,0.7353167837910731,9.049706790727186e-06,0.26467416650213615,0.013702845429473346,9.499678334706386e-05,0.013700085193517654
0.1875,0.6238687139285503,0.1825466636861431,0.19358462238530663,0.015380858404273175,0.012101373348339148,0.012590582170325208
0.375,0.5055229167461669,0.36995121850359214,0.12452586475024101,0.015529302658971695,0.014825204630279209,0.010416823446459977
0.5625,0.3779964976598595,0.5578364548137175,0.06416704752642309,0.015630031926545575,0.01600863129369706,0.007806663507704732
0.75,0.2419738659926267,0.7419341455088535,0.016091988498519772,0.013316844622652842,0.013549269163449899,0.004004141560562764
0.0,0.7399542725280128,0.0,0.2600457274719872,0.014160380769356933,0.0,0.014160380769356938
0.1875,0.6285015590813511,0.18235816904628577,0.1891402718723632,0.015290861276755838,0.011943062561322168,0.012258106188683098
0.375,0.497640132989249,0.37039696158486834,0.13196290542588268,0.015383767766483647,0.015443156783890896,0.010599314811730326
0.5625,0.3380390800090522,0.5535430221024199,0.10841789788852783,0.015040286680129205,0.015745290651075647,0.010027992473253833
0.75,0.24716469032776905,0.7421299935691547,0.010705316103076335,0.013938986702183381,0.014022458110720873,0.003248529656387155
0.0,0.7347398828770954,0.0,0.26526011712290454,0.014362143317321073,0.0,0.014362143317321075
0.1875,0.6211724682757911,0.1813473111885881,0.19748022053562087,0.015125445793672363,0.01227416976829937,0.012629866568283724
0.375,0.4977812782965466,0.3697256360075306,0.13249308569592272,0.01562940818771062,0.015318827884403818,0.010620206593542778
0.5625,0.3813088152706627,0.5573122861912438,0.06137889853809333,0.015184998534607757,0.015674958829517287,0.007710475726799889
0.75,0.2479010299669194,0.7425139421507788,0.009585027882301865,0.013468447299851824,0.01359074408794026,0.003110213106371935
0.0,0.734793646524995,5.2948320496716374e-05,0.2651534051545083,0.014525431129870026,0.00022830042985195795,0.014527968873561498
0.1875,0.5840158977800302,0.1822327562290135,0.23375134599095634,0.015419792523035299,0.012491071331936146,0.013543962868830589
0.375,0.4957863997228984,0.3695051774699041,0.1347084228071975,0.01578128070225871,0.015280583127157073,0.010709392183593342
0.5625,0.38393184107297657,0.5572825226392645,0.058785636287758916,0.015869753584535098,0.015866180203005363,0.00742651787417591
0.75,0.24769864074611886,0.7418265114815502,0.010474847772330919,0.013845590794818365,0.014141793977232073,0.003246122858021541
0.0,0.7349347775572417,0.0,0.2650652224427582,0.013895823107776055,0.0,0.013895823107776057
0.1875,0.6271179938119879,0.18236059511098432,0.19052141107702789,0.015610536977472706,0.012874044030620022,0.012238433381891048
0.375,0.5086354623478414,0.369062774934357,0.1223017627178015,0.015926029385631375,0.014885428806091543,0.01056928384953755
0.5625,0.3805357058560717,0.5574913417483272,0.06197295239560108,0.015699453795261848,0.016169122855935723,0.007591911275164917
0.75,0.24690350060777128,0.7420285169697165,0.011067982422512234,0.013808603959825805,0.01404488886062069,0.0034005070848195412
0.0,0.7348609612785679,9.129504584635524e-06,0.2651299092168474,0.013844084590080472,9.586360879989345e-05,0.01383933374426746
0.1875,0.6212116087627357,0.18270965648270743,0.19607873475455687,0.015504239385995017,0.01199847980465268,0.012579111513502682
0.375,0.4878033942171387,0.3694326217536145,0.14276398402924678,0.016201071517464655,0.01548820304962952,0.011245661854870808
0.5625,0.3680676034515928,0.5571220897534217,0.07481030679498547,0.015566765250263404,0.01574480922889961,0.008197016588071836
0.75,0.2548026394055426,0.7417677938865027,0.003429566707954721,0.013765218275635862,0.013852370398685594,0.001751578971364343
0.0,0.7355076034060228,3.923618056525066e-06,0.26448847297592076,0.013647114679745855,6.193026271768898e-05,0.01365035753181261
0.1875,0.6207570512284388,0.18219555536785503,0.19704739340370608,0.015236403839807927,0.01213986558011196,0.012601425705261451
0.375,0.510074976153894,0.3702787408604002,0.1196462829857057,0.016097712384260335,0.015193234047959817,0.010308314178790478
0.5625,0.3757390423109183,0.5583421983961501,0.06591875929293173,0.0155197852511562,0.01593111147407038,0.00815819488897391
0.75,0.24692481409254616,0.7431565975521812,0.009918588355272635,0.0137885390135873,0.013974870923776073,0.0031810030423304594
0.0,0.7398112625052152,0.0,0.2601887374947847,0.013774313281247617,0.0,0.013774313281247617
0.1875,0.6224467453326592,0.18230488715942006,0.19524836750792082,0.015415707905691493,0.01220450370080481,0.012264181172727706
0.375,0.4991394197935219,0.3696188789827887,0.13124170122368942,0.01586967708210607,0.015330857358426065,0.011036600553550827
0.5625,0.37871934389396883,0.5574342990574324,0.06384635704859881,0.015499232162511253,0.015720411807785488,0.007475905999605186
0.75,0.22308979759517042,0.741622278979175,0.03528792342565443,0.013216327671868125,0.013849693420845263,0.005851803101716669
0.0,0.7358602872578696,0.0,0.2641397127421305,0.013681596432755414,0.0,0.013681596432755414
0.1875,0.626461181692521,0.18293516975581162,0.1906036485516674,0.015437702599122478,0.012299137594511348,0.012515010300367198
0.375,0.4969128051703834,0.36922823714979297,0.13385895767982373,0.01641392888426487,0.01567568854307522,0.011196216401064945
0.5625,0.37789377780447264,0.5569283159731476,0.06517790622237975,0.015453774951378318,0.016109936124447975,0.007626205812816629
0.75,0.24876898824342827,0.7417833930194945,0.009447618737077198,0.014011028827760607,0.014167281463024739,0.003096323354170042
0.0,0.7403910112347275,0.0,0.25960898876527244,0.01323041043486074,0.0,0.013230410434860741
0.1875,0.6315319162609396,0.18231842313544466,0.18614966060361576,0.015164995467357785,0.011985930648068755,0.012516276069637684
0.375,0.4745567877166473,0.3688701738568909,0.1565730384264619,0.016505105915560755,0.015648307442156593,0.011195789569590598
0.5625,0.3843236520726893,0.5571846898707814,0.05849165805652927,0.015113281682570968,0.015454853703197179,0.00722728627758758
0.75,0.25286121479661877,0.741600168050453,0.005538617152928114,0.013737033118745424,0.013906470698550118,0.0023578371888609427
0.0,0.7396482134352261,3.785152818478812e-05,0.2603139350365891,0.013909349472079797,0.0001905460932686872,0.013909676289579516
0.1875,0.6271185888136681,0.18202420542394065,0.1908572057623913,0.015234075052392857,0.012119638975997184,0.012359681705566814
0.375,0.5099459068602458,0.37012452499104537,0.11992956814870886,0.015957033324500196,0.015300524680603826,0.009972034370803172
0.5625,0.39834086706534083,0.5564822965478818,0.04517683638677748,0.015128695127902835,0.01552257607010794,0.0066525858184172115
0.75,0.24753813721793314,0.7419845251058064,0.010477337676260535,0.013694531353230734,0.01389110804226914,0.00317235403161893
0.0,0.7408550196181722,1.0193679918450562e-06,0.25914396101383597,0.01363016733368993,3.221912462646098e-05,0.013631289538540866
0.1875,0.6206612438522259,0.18129921806302432,0.19803953808474975,0.014632026046836664,0.012045978923308845,0.011838248955387294
0.375,0.47562084784010034,0.36963413246703547,0.15474501969286428,0.016501697880174648,0.016004816748190855,0.011185340132906943
0.5625,0.39739588610954724,0.5567442269224323,0.0458598869680204,0.014962234206109648,0.015122248744495054,0.006628730906056062
0.75,0.24183152249815987,0.7431420233352767,0.015026454166563457,0.013749310198406911,0.013798038925783487,0.0039056113388242766
0.0,0.740542983648111,7.109576056783914e-06,0.25944990677583224,0.01325928694377851,8.474744469555526e-05,0.01326157009042325
0.1875,0.6292672208535216,0.18225033744397284,0.18848244170250553,0.015367692669421585,0.012462542758091442,0.012624488492104789
0.375,0.5004737434161018,0.36894841059626926,0.13057784598762895,0.015884667244367618,0.01523025240648934,0.011166542482393408
0.5625,0.3911039371696329,0.5573439057609552,0.05155215706941192,0.015001217340456834,0.015494986546647995,0.007136326112167047
0.75,0.2481492846956109,0.742107915046194,0.009742800258195142,0.013684537208889501,0.013730161766853773,0.0030590308434766777
0.0,0.7406812344317358,0.0,0.2593187655682642,0.013755613788859275,0.0,0.013755613788859276
0.1875,0.6257853453906277,0.18203263418637056,0.19218202042300186,0.015104952310912287,0.012328985619077743,0.012337674732885657
0.375,0.49617190731216143,0.36952495064165636,0.13430314204618218,0.015511537098658918,0.015172903602011796,0.010306385473481375
0.5625,0.33759430836182835,0.5546116672776003,0.10779402436057131,0.014816145943655408,0.015490923729541665,0.009737403358138517
0.75,0.24352643271872296,0.7416033288554741,0.01487023842580307,0.013481872265605202,0.013843815733854297,0.00378643767694524
0.0,0.7400716979156188,0.0,0.25992830208438134,0.01403941877333882,0.0,0.014039418773338823
0.1875,0.6244450001363284,0.1813914807334441,0.19416351913022736,0.014675630952211432,0.011664481358970266,0.01230319376979008
0.375,0.4639009325574954,0.37165502421547647,0.16444404322702802,0.0161903262670048,0.015896142132789913,0.011824023666776807
0.5625,0.3781984724077107,0.5569759184264419,0.0648256091658474,0.015104505206987615,0.015837681226055403,0.00775570732291815
0.75,0.2480890191043029,0.7421724556890129,0.009738525206684105,0.013295539310757698,0.013632944749506704,0.00309983102407884
0.0,0.735619382510446,7.510816271603146e-05,0.264305509326838,0.01408637273999657,0.00027143259191939306,0.014082380659128505
0.1875,0.6181672221588693,0.18148432894129973,0.2003484488998309,0.015812777896803853,0.01244842862577927,0.012667561212262929
0.375,0.5184870851554229,0.36912064232611325,0.1123922725184639,0.01569655569937368,0.014881818607223601,0.01024462884297901
0.5625,0.3794422105649773,0.5559427685505928,0.06461502088442997,0.01570394941663047,0.015991322871379547,0.008193387857858237
0.75,0.24741330764894476,0.7425026599554218,0.010084032395633418,0.014070149753849303,0.014008853758263912,0.0032084855718567187
0.0,0.7399822827385137,0.0,0.26001771726148626,0.014056352511290011,0.0,0.014056352511290011
0.1875,0.6050863906950082,0.18138872213438156,0.21352488717061013,0.015616037493501525,0.011894225090553736,0.01301746768144643
0.375,0.5070172711018652,0.3706094722802936,0.1223732566178411,0.015359737678139631,0.015349298922281616,0.010238175367542192
0.5625,0.372703011411545,0.5557081510816679,0.07158883750678703,0.015602958118422165,0.01568797297763762,0.008081506099443617
0.75,0.23286994267959707,0.742408789006657,0.02472126831374588,0.013692815409898564,0.014250173412335292,0.004926284181172389
0.0,0.7401820336025814,1.5001661699286453e-05,0.25980296473571923,0.013928176173442422,0.00012161449329844634,0.013923346587340108
0.1875,0.6226213214177552,0.18151880079146065,0.19585987779078412,0.014975921140661198,0.012315590036217416,0.012151255822022852
0.375,0.5046438227134745,0.370203294963154,0.1251528823233714,0.01606616863986801,0.015109057146700803,0.01065830030798592
0.5625,0.3903765710052905,0.5573537951582231,0.05226963383648642,0.015182378497084556,0.015833734759311435,0.006981966626102236
0.75,0.24622756332051154,0.742548297877927,0.011224138801561489,0.013391608843078419,0.013504539311360416,0.0033893035933955074
0.0,0.7396757710193742,0.0,0.2603242289806258,0.013808480797299407,0.0,0.01380848079729941
0.1875,0.6215127268183991,0.1821742547297593,0.19631301845184157,0.015644096820696514,0.012262998605912954,0.012625926907756175
0.375,0.4942249026838081,0.3694304063267022,0.13634469098948968,0.015914982312027596,0.015248760475310357,0.010948254897668232
0.5625,0.37874844865778245,0.5588814218745984,0.06237012946761911,0.015617720390911253,0.016120548343748056,0.008083852383575839
0.75,0.2475777860255138,0.7424252720997228,0.009996941874763396,0.01333910705346019,0.013687552886542729,0.0031670835677112116
0.0,0.7409881638180666,0.0,0.2590118361819333,0.014444379348427981,0.0,0.014444379348427986
0.1875,0.6320947095773112,0.18195835963176107,0.18594693079092778,0.01481686872321793,0.012148325778749794,0.012290763171392886
0.375,0.5013028956880824,0.36899263470613847,0.1297044696057792,0.015229133983303842,0.015223641028800534,0.010444054006531126
0.5625,0.3713500059809344,0.5571981477055048,0.07145184631356084,0.015430506391254546,0.016100244784860822,0.008234675316910094
0.75,0.24779528179499602,0.7418793760051555,0.010325342199848453,0.013778335243356482,0.01385792221454463,0.0031762094365016752
0.0,0.739715841899526,0.0,0.26028415810047395,0.013404002479406655,0.0,0.013404002479406653
0.1875,0.5892409369300416,0.1824867414652762,0.22827232160468214,0.015809311628405428,0.011902093646839126,0.01359822657536553
0.375,0.4799332598226937,0.36897667019804153,0.1510900699792647,0.015508885977163947,0.014678673329895833,0.010976703325140206
0.5625,0.38428000999906986,0.5560781500875207,0.059641839913409385,0.015986024351394998,0.016494815630173444,0.007456621067371184
0.75,0.24531286772053912,0.74277105303817,0.011916079241290805,0.013700649041731457,0.013992200585662973,0.003448438362678905
0.0,0.7356628529191489,0.0,0.26433714708085104,0.013705719168048918,0.0,0.013705719168048918
0.1875,0.6220298524522317,0.1822168737198469,0.19575327382792143,0.01512388150063596,0.012142992352370261,0.011994228009142505
0.375,0.4910620639363937,0.3693241231966158,0.1396138128669905,0.015860512696185897,0.014865791072854729,0.01107546630494259
0.5625,0.3808600798628988,0.5569101846643795,0.062229735472721745,0.015445700510129794,0.015450231639656411,0.007473371675760879
0.75,0.24734434507949152,0.7429519653627522,0.009703689557756223,0.013285591379136902,0.013452902838944836,0.0031062371666268607
0.0,0.7398782549415123,0.0,0.2601217450584878,0.013532084555515078,0.0,0.013532084555515075
0.1875,0.6219378020440571,0.18264577859258657,0.19541641936335638,0.015198371548271607,0.012505537003523139,0.012597104974129459
0.375,0.4880325544634865,0.36884155257244505,0.1431258929640685,0.015472468748795461,0.015070555230107353,0.01133584691590711
0.5625,0.3756645507520508,0.5587858853159338,0.06554956393201536,0.015185500129215435,0.015622690974384713,0.008141821031275044
0.75,0.24378160664575668,0.7422976909805225,0.01392070237372074,0.01332609146626178,0.013546723579566947,0.0037004662008052044
0.0,0.7408550267026398,3.287753644922747e-05,0.259112095760911,0.013753730801272667,0.00019333136731590202,0.013753865767765296
0.1875,0.602910286565651,0.18112198289184692,0.2159677305425021,0.01514721937361449,0.01249775691196441,0.012569134109256077
0.375,0.488106195207409,0.3696662585123363,0.14222754628025472,0.016030991296977007,0.014948686413953183,0.011138513052606233
0.5625,0.38325889613618247,0.5568988680083942,0.05984223585542342,0.015461444220678367,0.01609408489891323,0.007581628271270448
0.75,0.23241732501686282,0.742064167469162,0.02551850751397514,0.01369166997940854,0.013959181775136262,0.005074528023020762
0.0,0.7408994741097179,0.0,0.2591005258902822,0.013755157848985355,0.0,0.013755157848985355
0.1875,0.631761102125126,0.18141860683126626,0.1868202910436077,0.015336310702072382,0.012093998042923122,0.012635625269250023
0.375,0.5103266213838596,0.3701577951713125,0.11951558344482782,0.016395949830068438,0.015439853313197843,0.010167508539292169
0.5625,0.3779230993296279,0.5576228788925844,0.06445402177778761,0.015414348681827455,0.01603207340326347,0.007843926012685791
0.75,0.24642933150908294,0.7433381754954665,0.010232492995450562,0.013876001482253535,0.014004493114772263,0.0031147586950561914
0.0,0.7406578978883508,2.7093829780219013e-05,0.2593150082818689,0.013474550848357324,0.00016275771301939594,0.013480648792529202
0.1875,0.6279705581289634,0.18126955565701036,0.19075988621402631,0.015812391392800374,0.01222736127342399,0.012537671671996056
0.375,0.494713146109198,0.3699776209424941,0.135309232948308,0.01593331386771871,0.015214617394641656,0.010897417412743776
0.5625,0.39506878201057144,0.5564786693184547,0.04845254867097388,0.015429147856178566,0.015781735257909924,0.006825207659685826
0.75,0.24131530042140345,0.7417305428734021,0.01695415670519445,0.013282690455628025,0.013522548957687813,0.004261948480772748
0.0,0.7405184611888087,0.0,0.25948153881119124,0.013813525369832387,0.0,0.013813525369832387
0.1875,0.6315719437924843,0.18167465561089477,0.18675340059662096,0.015381745259122066,0.012159294259648176,0.012343839240830864
0.375,0.47003320781957797,0.3702150724071017,0.1597517197733203,0.01582219511540221,0.015667725653762215,0.01193534450214159
0.5625,0.37652672476184557,0.5571846946682854,0.06628858056986901,0.015666090692170793,0.01605299306496966,0.00798344711195749
0.75,0.251551951682013,0.7421223157814032,0.006325732536583718,0.01396582607864594,0.013993768933887292,0.002448372488078467
0.0,0.7345843945813008,0.0,0.2654156054186993,0.014751013023873974,0.0,0.014751013023873973
0.1875,0.6284835486086691,0.18220861162833624,0.18930783976299478,0.014866057230169425,0.012249006533094369,0.012003299789530795
0.375,0.5028483207483865,0.36950156479458096,0.12765011445703245,0.016084789336194328,0.015652129506059587,0.01039918032333371
0.5625,0.3805171392417955,0.5575513548594319,0.061931505898772665,0.015430931887392425,0.015520404425651094,0.007717565912525459
0.75,0.24568739027361686,0.7413095033716818,0.013003106354701416,0.01325552822139859,0.013452711012250396,0.003723235272874064
0.0,0.740291100559011,0.0,0.25970889944098885,0.01396592144387604,0.0,0.013965921443876038
0.1875,0.6177213475736832,0.18185505257678847,0.2004235998495283,0.016229630392953127,0.012402263435153533,0.013210128440584244
0.375,0.5111128101006294,0.37013684890092613,0.11875034099844448,0.01568913195062524,0.01505110971010812,0.010271580495544204
0.5625,0.37944626735866493,0.5567610212773723,0.06379271136396276,0.01556832689123201,0.01595647663948708,0.007905177232326971
0.75,0.24810999994287034,0.7424374288240836,0.009452571233046055,0.014160206699257744,0.014377182338863155,0.003049072971165606
0.0,0.735399061791229,1.8973733411106758e-05,0.26458196447535964,0.013872267193545857,0.00013637881926041533,0.013865415051736765
0.1875,0.6316641261161928,0.1828654252617598,0.18547044862204734,0.015630432340543853,0.012446266340552415,0.01222706474394813
0.375,0.49037421113458535,0.36885279736660515,0.14077299149880945,0.01619726720212655,0.015489195820337188,0.01062527739958164
0.5625,0.3754384586988827,0.5570745164700065,0.0674870248311108,0.014708420054659596,0.015228113822078714,0.008094034462266912
0.75,0.24391990068803018,0.7426023626074431,0.01347773670452678,0.013624313057978307,0.013639098180060809,0.00377003355453096
0.0,0.7347941333654121,0.0,0.2652058666345879,0.014034795153394897,0.0,0.01403479515339489
0.1875,0.6204916403070478,0.18134423157915908,0.19816412811379314,0.014941563127993728,0.01226690412672789,0.01224258474367921
0.375,0.4859610993436539,0.3693030376324835,0.14473586302386263,0.01570377307531304,0.015108171384647904,0.01162512951817574
0.5625,0.3776800667505317,0.5570288253691887,0.06529110788027945,0.01504055559907363,0.015472161012697815,0.007646158988989349
0.75,0.24392706465869238,0.7422241847114294,0.013848750629878307,0.013794485017971116,0.014011002959239151,0.0037357420488574405
0.0,0.7400249278092933,0.0,0.2599750721907066,0.013759782659137935,0.0,0.013759782659137935
0.1875,0.6246944599150549,0.18197911157981025,0.19332642850513485,0.015119577856731672,0.01224375481654318,0.012282249706200702
0.375,0.4925311507133613,0.3705931988623875,0.1368756504242512,0.015692775557091827,0.015154539861574095,0.011384218153406907
0.5625,0.3790162975436872,0.557386009111396,0.0635976933449168,0.015234184762714754,0.015607939260083872,0.007429254640236212
0.75,0.23949804193525653,0.7432395496836437,0.017262408381099822,0.01341617789591495,0.01381521705152508,0.003991654924996969
0.0,0.7402356597419147,0.0,0.2597643402580852,0.014305807858788303,0.0,0.014305807858788301
0.1875,0.6275816425640196,0.1826280024151509,0.18979035502082955,0.015719724178569525,0.012225010976198904,0.012287420169435806
0.375,0.49700705620988195,0.3699807689693157,0.13301217482080238,0.01558431294805192,0.01541276850731692,0.010711502197260137
0.5625,0.37815840113185856,0.5588076705757783,0.06303392829236315,0.014823243278405375,0.015348828132160068,0.007889711522662605
0.75,0.24299645704894227,0.7431075337983356,0.0138960091527222,0.013260974255792929,0.01356007294235464,0.0037546602593624633
0.0,0.7356827269064699,8.01756523327594e-06,0.2643092555282969,0.01368503054089475,8.929391247020545e-05,0.0136837343522868
0.1875,0.6228469131094055,0.1814613685082073,0.19569171838238705,0.015263091159277948,0.012473363207035815,0.012444090534466148
0.375,0.47816993833874355,0.3704123620884022,0.1514176995728541,0.0164570624519643,0.016024962895589624,0.011042151686436977
0.5625,0.3872274904599939,0.556872153803463,0.05590035573654304,0.016189040351543012,0.015949382665499227,0.007339826218614016
0.75,0.2484590766584964,0.7419254367341568,0.00961548660734683,0.013335660706479015,0.01355258250173225,0.003043578968938584
0.0,0.7401831329604771,0.0,0.2598168670395229,0.013472244654599102,0.0,0.0134722446545991
0.1875,0.6178446653338542,0.1826388598507094,0.19951647481543627,0.015254039581297348,0.01243852315779466,0.012444521438380724
0.375,0.4952862165163548,0.37000811982937654,0.13470566365426864,0.015727507072040722,0.015417796001776934,0.010648676106118221
0.5625,0.3720523000744982,0.558124119956808,0.0698235799686937,0.015565776352831047,0.0165468881497508,0.008031423195826514
0.75,0.24513780628746654,0.7421533952502143,0.012708798462319171,0.013944793655100849,0.014053993566734339,0.003610576047602919
0.0,0.7409467207995397,0.0,0.25905327920046045,0.013986349751662807,0.0,0.01398634975166281
0.1875,0.6073418181132395,0.18126492577246994,0.21139325611429058,0.01544369661337648,0.012121027237027843,0.012852891992055655
0.375,0.5072732280614408,0.36822274259312204,0.12450402934543708,0.01567498969681197,0.014960904748118538,0.010618557635805685
0.5625,0.37927174083344267,0.5572259051415961,0.06350235402496131,0.01522982692685515,0.015446387164472873,0.007316833294566292
0.75,0.2481133525534544,0.7416968609460757,0.01018978650046974,0.013825862497989318,0.014179931724885329,0.0033485760532940634
0.0,0.7355423478346351,0.0,0.2644576521653648,0.013616574771348477,0.0,0.013616574771348477
0.1875,0.6240011482103107,0.18313221171626745,0.19286664007342189,0.01555284715341911,0.012416772896820182,0.012920131674479439
0.375,0.49801149574032605,0.3689356341421819,0.13305287011749206,0.01573580075113024,0.015347807493920342,0.010673965763550642
0.5625,0.3796161719137623,0.5573979460122763,0.06298588207396139,0.01540931495016637,0.015307706859137083,0.007393473907232881
0.75,0.2482304707801466,0.7419150278137091,0.009854501406144293,0.013808132568356531,0.013925879394498663,0.0031302793502323485
0.0,0.7347704999142067,0.0,0.26522950008579316,0.013968113801915484,0.0,0.013968113801915484
0.1875,0.6287233540900491,0.1823564159098347,0.1889202300001162,0.015379748041115698,0.012101390840612488,0.012599629227640553
0.375,0.49013401853761357,0.3698378151535119,0.1400281663088745,0.015765499782733106,0.014888290823323594,0.010751461303341144
0.5625,0.37857707727343115,0.5580909599830517,0.06333196274351716,0.015406579380184323,0.015800556444870273,0.007538017417707907
0.75,0.24441110286561307,0.7425947253020507,0.012994171832336195,0.013488494256004289,0.013793726733382437,0.003648931705643124
0.0,0.739808876722573,1.027749229188078e-06,0.26019009552819783,0.013748484726747492,3.248403007046066e-05,0.013748459024913506
0.1875,0.6157847667022325,0.1821509495862079,0.20206428371155968,0.014906917473079428,0.012177880732321763,0.012119850844258583
0.375,0.5189433704157179,0.36947188711596207,0.11158474246831991,0.015876054445173968,0.015325531909733674,0.01026053478997664
0.5625,0.3793258050003987,0.5555111658933138,0.06516302910628732,0.015692044676047213,0.015986384857189537,0.007783475777549454
0.75,0.2468389139109152,0.7424864179725325,0.010674668116552325,0.014217369200099177,0.014326709763772032,0.0032847119393822123
0.0,0.7406714286105214,4.091362682560752e-05,0.25928765776265306,0.013750375839351393,0.00019793368142931658,0.013747115485443951
0.1875,0.6224030646034641,0.18196560073886453,0.19563133465767138,0.015073569982002046,0.012364858028183604,0.012095887402956656
0.375,0.4844770760755854,0.37028160053012765,0.1452413233942869,0.015684602972050255,0.015522135870547325,0.011256822646828472
0.5625,0.3601129390311664,0.5543504767513621,0.08553658421747153,0.015179816239008713,0.015837237070116545,0.008872139181607824
0.75,0.24787027673324313,0.7413977547996903,0.010731968467066587,0.014162542340831004,0.014219727453063515,0.0033131960171461586
0.0,0.7403852063306902,4.1904512062986154e-05,0.2595728891572468,0.013267664910281458,0.00020963014292733212,0.013268995199373631
0.1875,0.6200689251376288,0.18135846968762348,0.19857260517474773,0.01502928343658151,0.012004590546434386,0.012311274749222922
0.375,0.5151615020886972,0.3692716977832903,0.11556680012801265,0.016119464063466322,0.015607763019509228,0.009843187339671215
0.5625,0.3736962043025726,0.5572816979051769,0.0690220977922505,0.015412825060122997,0.015724118104613587,0.007686388896316159
0.75,0.24125011112299355,0.7412355779508344,0.017514310926172193,0.013383462735962814,0.013741035845051154,0.004241468389457049
0.0,0.7401850175835504,9.775461009416943e-06,0.25980520695544024,0.01373378045946326,9.729509271218894e-05,0.01373216253847563
0.1875,0.6103669593768393,0.18172823112632708,0.20790480949683365,0.015634825331017344,0.012354066222462531,0.012670439277048026
0.375,0.47131924815755155,0.3701657561052778,0.15851499573717065,0.014904672153104396,0.01456160201685748,0.011452806461610215
0.5625,0.40057997719722366,0.5562857924813119,0.043134230321464406,0.016483682618162,0.016711928370265458,0.006277390636402792
0.75,0.23653254257412437,0.7417395494502936,0.021727907975581943,0.013166025442642932,0.013505648818529593,0.004644107096287863
0.0,0.7356136201981429,0.0,0.2643863798018571,0.01305930145838049,0.0,0.013059301458380492
0.1875,0.6190528018858421,0.18261136138611528,0.1983358367280427,0.01562820168633161,0.01188947966240098,0.012352368296116167
0.375,0.49823605511563596,0.36941979506939865,0.13234414981496537,0.015261320801152075,0.01490670449520146,0.010660779671857697
0.5625,0.38045097397572913,0.5569204869298757,0.06262853909439509,0.016057157161895843,0.016484693415726746,0.007686857066847318
0.75,0.2436140581916395,0.7422095550659873,0.014176386742373159,0.013817234814237064,0.014021530848176741,0.0037697873739889944
0.0,0.7353247630502792,0.0,0.2646752369497208,0.013699099148194558,0.0,0.013699099148194557
0.1875,0.6248170161448376,0.18150978741552096,0.19367319643964134,0.015160086183969072,0.01236243060126241,0.012600736968591434
0.375,0.47274452721817456,0.369059242075843,0.15819623070598243,0.015944225237309963,0.014890333017698352,0.011119670152017251
0.5625,0.3754859487656802,0.557271521786884,0.06724252944743565,0.014651905921015387,0.015081565758387566,0.00784204932565726
0.75,0.24646877327530445,0.743205609560415,0.010325617164280512,0.013788662279503847,0.013872041088076605,0.0031116728247653695
0.0,0.7396492285067399,0.0,0.26035077149326014,0.01387046698336063,0.0,0.01387046698336063
0.1875,0.6279807040729006,0.18264082178337693,0.18937847414372258,0.014411068185871897,0.01242205510851411,0.011666945964759506
0.375,0.48738207020361596,0.36940771878312556,0.1432102110132585,0.01560435801365822,0.01540641794813379,0.011140693198696141
0.5625,0.3796057226014117,0.5569245824040757,0.06346969499451256,0.015353222798272734,0.015549459155177341,0.007548575520168548
0.75,0.24796324358579586,0.7424409738364179,0.009595782577786259,0.013621718341158672,0.013917513069254426,0.003149313472198279
0.0,0.7357124409350354,0.0,0.26428755906496465,0.013554362129220763,0.0,0.013554362129220765
0.1875,0.6194715305842808,0.18226054233959676,0.19826792707612242,0.01610109755562941,0.012621154395557414,0.012757946004069985
0.375,0.4742822839995799,0.3697053646170434,0.1560123513833767,0.015216911150228543,0.015476544628853362,0.011084337723032757
0.5625,0.3717263295577857,0.5581384849162414,0.07013518552597293,0.015725750704102308,0.01591170929286977,0.007698448127693037
0.75,0.2479413060920832,0.7423432776828143,0.009715416225102512,0.013397336726954312,0.013651707293988452,0.0030681919756076073
0.0,0.7402698411825336,0.0,0.25973015881746636,0.01380754549421091,0.0,0.013807545494210911
0.1875,0.6285661911546038,0.18247251268201803,0.18896129616337815,0.015289334756294851,0.012516003541655205,0.01221358797010909
0.375,0.4748551232850438,0.3694425947723217,0.15570228194263444,0.015413527938216529,0.015004685240433645,0.01116033656007977
0.5625,0.3830763889383987,0.5566522404513898,0.06027137061021156,0.015046115508499346,0.015520800645567911,0.007679015795621194
0.75,0.2558051228023957,0.7422688816478239,0.0019259955497802808,0.014038597007030832,0.014102294161113275,0.0013984145078341636
0.0,0.7401437706957895,0.0,0.25985622930421043,0.013770511711259866,0.0,0.01377051171125987
0.1875,0.6062753879380088,0.18291323814690658,0.2108113739150845,0.015777265090246465,0.012810352172729458,0.01293988527911336
0.375,0.4988491214243707,0.37026855195199126,0.13088232662363805,0.0159750763587913,0.014758604879881558,0.010515320288490452
0.5625,0.39061583961896135,0.5570576640449452,0.05232649633609347,0.01502217755839646,0.015440713325642907,0.007162944070855132
0.75,0.2512097198862601,0.7418981990347997,0.006892081078940148,0.013967974946567284,0.01419587034846435,0.0025763728039961808
0.0,0.7401961598893929,0.0,0.2598038401106071,0.013846960971838837,0.0,0.01384696097183884
0.1875,0.6301284103990165,0.18297604894474312,0.1868955406562403,0.015733530126266822,0.012055229767796919,0.012247079519086181
0.375,0.48760245270740754,0.3692863949758423,0.14311115231675006,0.015548209204404641,0.015136228857632689,0.010756081277687261
0.5625,0.375599805853952,0.557611706263849,0.06678848788219897,0.014978326654217401,0.01553424799648966,0.007810515044532303
0.75,0.246234894845908,0.7420978005561348,0.011667304597957074,0.013656897784744352,0.013964415499182547,0.0034939061669755755
0.0,0.740660353139412,0.0,0.259339646860588,0.013541684458436929,0.0,0.013541684458436933
0.1875,0.6307038946444582,0.18197971004289074,0.187316395312651,0.01588094316973243,0.012376864907401725,0.01222509139842173
0.375,0.4740071902007241,0.37136353321544,0.1546292765838358,0.015760111589756893,0.015099132013310238,0.011249250693541038
0.5625,0.37076957833413926,0.555588696233717,0.07364172543214369,0.015177625917250233,0.015728233215105192,0.008083588324629151
0.75,0.25294873118322964,0.7425882358057669,0.004463033011003377,0.013329808738967783,0.013317819697343341,0.002023555190577247
0.0,0.7348998908993082,9.940357852882703e-07,0.2650991150649065,0.014682848414838003,3.141845055522686e-05,0.014684408956335233
0.1875,0.6219282889391506,0.18222306250337592,0.19584864855747353,0.015499924017093126,0.01253189696810232,0.012615304100590143
0.375,0.4741533410284443,0.3696211521982415,0.15622550677331418,0.016054359492918398,0.015660355136511976,0.012178476638017346
0.5625,0.3887515989752844,0.5558150290820129,0.05543337194270282,0.015318751607512178,0.015693010844057595,0.007213370337785272
0.75,0.248388463825737,0.7416229448715499,0.009988591302713243,0.01362737305439673,0.01388413844754463,0.00325051656945664
0.0,0.7400114119846002,0.0,0.25998858801539976,0.01353125754484025,0.0,0.01353125754484025
0.1875,0.6263686719300479,0.1823912733632692,0.191240054706683,0.015488769215438819,0.012160566601585425,0.013031111006893048
0.375,0.4974056498832032,0.36976760434216,0.1328267457746368,0.01592158355657091,0.015526665289618023,0.010791059400380054
0.5625,0.38770666903133905,0.5572114136516334,0.055081917317027586,0.01607951599679545,0.016347806111287895,0.007282311026832591
0.75,0.24206020880672982,0.7421069083778236,0.01583288281544662,0.013830251640723646,0.014086541675556348,0.003978449413376664
0.0,0.740350171641574,1.004016064257028e-06,0.25964882434236175,0.013786178192654186,3.1733896845941976e-05,0.013786625003210285
0.1875,0.6303230714204555,0.1817148650766291,0.1879620635029153,0.0150884549968024,0.012379866800712727,0.012058885074223888
0.375,0.4736126038582888,0.37005214158687605,0.1563352545548351,0.016001900137819706,0.015237511893387084,0.011302556783853623
0.5625,0.3802689896978342,0.5571797248504056,0.06255128545176028,0.015709618699097226,0.016240918109396808,0.007599206740718383
0.75,0.24460418301962836,0.7430709666607886,0.012324850319583053,0.013014658008109286,0.013156563860470974,0.0035443056724589247
0.0,0.7401957754330424,1e-06,0.2598032245669577,0.014020961448857868,3.160696125855823e-05,0.014021696309630032
0.1875,0.6327282665179482,0.18264389760663718,0.1846278358754146,0.014857846797748925,0.012064333767972042,0.012033015555390663
0.375,0.4909969327336848,0.36971107320366386,0.13929199406265128,0.015913276875305978,0.015719372420108273,0.011302971107279854
0.5625,0.37428060978748356,0.5566180304157642,0.06910135979675215,0.015253892008965682,0.015394186038147867,0.00793901451197048
0.75,0.24798371833598343,0.7422103875114718,0.00980589415254468,0.013465407814927307,0.01378921431636231,0.003166611377712
0.0,0.7346053998245886,0.0,0.26539460017541133,0.013809334097593206,0.0,0.013809334097593204
0.1875,0.6006385690063791,0.18260403369026795,0.216757397303353,0.015383070450105719,0.012094808620960028,0.013195741268768189
0.375,0.5078263505072687,0.36923063579599513,0.12294301369673614,0.01548180020040624,0.015146424179366227,0.010442947969573532
0.5625,0.3801976422727796,0.5573088177547367,0.06249353997248359,0.015076403890998409,0.015008013548846162,0.007473157452327715
0.75,0.2535215885251372,0.7419563482225706,0.004522063252292151,0.012927315669536104,0.01304938675745715,0.002136778982232406
0.0,0.7357212739028769,2.006028146265432e-05,0.2642586658156604,0.013549983729167681,0.00014052880959081364,0.013544992177799675
0.1875,0.601306850748014,0.18162265856003795,0.21707049069194786,0.015426484321769598,0.01183723388662898,0.013100133822547638
0.375,0.49507740211363344,0.3702875587296967,0.13463503915666983,0.01567824416419549,0.015072617751655836,0.010941722181967968
0.5625,0.36951208018834736,0.5560511225419127,0.07443679726973992,0.0152809536321317,0.016058231559092192,0.008279781545828556
0.75,0.24700466354664605,0.7414472967278362,0.011548039725517845,0.013853085072478786,0.014070916591927976,0.003404995513922024
0.0,0.734951801081063,1.584352353115942e-05,0.2650323553954058,0.01399945684128188,0.00012429868361339634,0.01400255391348874
0.1875,0.6084397408869241,0.18226862042111736,0.2092916386919585,0.015047934318200982,0.012004883861040103,0.012927948754147376
0.375,0.4745802762694073,0.36989306718270076,0.15552665654789188,0.016004745217638797,0.015554003021896112,0.011804992610157
0.5625,0.3665781224001079,0.5554698357683744,0.0779520418315176,0.014738972356401,0.01565292919858481,0.008135595591247428
0.75,0.243664023394048,0.7426425289326786,0.013693447673273346,0.013571440800548352,0.013934403085163385,0.0037989541676441596
0.0,0.7405674859315918,0.0,0.2594325140684081,0.0142712447538482,0.0,0.014271244753848202
0.1875,0.6288897566165599,0.1822013241590921,0.18890891922434805,0.015604099555203336,0.012549457307733658,0.011995592400252893
0.375,0.4951039752538244,0.3705978857948301,0.13429813895134549,0.015647739494394505,0.015641493827726158,0.010529355623180964
0.5625,0.39660453006187935,0.5574901136795023,0.04590535625861825,0.015255573056728842,0.015411324091847487,0.006923504291690532
0.75,0.2429054725007514,0.7421712858637128,0.014923241635535758,0.013940829159607602,0.014414357020889163,0.0037944679020331822
0.0,0.7397078382800965,0.0,0.26029216171990355,0.014037552059449442,0.0,0.014037552059449445
0.1875,0.6123286771457357,0.18141004282337492,0.2062612800308894,0.01522288227642859,0.011772495149270559,0.012869379629152725
0.375,0.4738034519069246,0.3695181648111898,0.1566783832818856,0.016135425799071786,0.015488714780510695,0.011191718604687467
0.5625,0.37887145118913024,0.5576057209473979,0.06352282786347174,0.015345161038775377,0.015748790700017563,0.007730830534958146
0.75,0.25560388273234025,0.7422570697789694,0.0021390474886902417,0.013951389236733995,0.014015896560991043,0.001516296190073363
0.0,0.7403573197273691,0.0,0.2596426802726309,0.013965760205300801,0.0,0.0139657602053008
0.1875,0.6162142086925287,0.18248741500844712,0.2012983762990242,0.016069084311413614,0.01236666621604228,0.012532591454208623
0.375,0.4852866638470721,0.369462793835086,0.14525054231784196,0.015309605265396082,0.0147234941167724,0.011106120375068902
0.5625,0.3781698209909425,0.5563304493626067,0.0654997296464507,0.015505385131019693,0.015854051482908565,0.00794003189014097
0.75,0.24881345868454643,0.741361747111139,0.00982479420431461,0.013370218552138569,0.013591068337369063,0.003192666315079348
0.0,0.7401623080422515,1.0131712259371835e-06,0.2598366787865225,0.013514376971542853,3.202326368648248e-05,0.013513006578885732
0.1875,0.6131007621507742,0.18288087632367092,0.2040183615255548,0.015486278723440218,0.012339313811775743,0.013298002941686652
0.375,0.5014095993124289,0.36892295033254335,0.1296674503550278,0.015353058945829477,0.015367273888275124,0.010242346961365969
0.5625,0.37833552313300584,0.5572395404844426,0.06442493638255152,0.016104540820478127,0.015973961784396404,0.007657031262339775
0.75,0.24319393139709075,0.7416539149179974,0.01515215368491191,0.013662639838339359,0.013873504287578081,0.0038542534984070467
0.0,0.7351855611685112,1.6939610496339844e-05,0.2647974992209925,0.013880464766148804,0.0001288590958367581,0.013884433899932819
0.1875,0.6204683635564984,0.18286527303204014,0.1966663634114615,0.01561709468015455,0.012068704338326557,0.012769965978838326
0.375,0.4724620906387812,0.3690664182284256,0.15847149113279319,0.015546562443607853,0.01482198764882315,0.011442554905292371
0.5625,0.3782163305786777,0.5579725117102758,0.06381115771104653,0.015395449368728257,0.015706762057548524,0.007759695409339428
0.75,0.2568987732265198,0.7410745367835326,0.002026689989947512,0.013803634021236683,0.013792454429070147,0.001404768148000869
0.0,0.7404406829268566,0.0,0.25955931707314334,0.014566920798564973,0.0,0.014566920798564977
0.1875,0.617245558811752,0.18166169529336626,0.20109274589488163,0.015759333328551464,0.011933332824009284,0.013051815191370787
0.375,0.5118609344713008,0.3700941747860703,0.11804489074262886,0.016272755331942498,0.015155928956904464,0.009849631035384672
0.5625,0.3707728449578958,0.556381401541672,0.07284575350043211,0.01555714587141653,0.015698759804193673,0.008362303142074933
0.75,0.24707664706929183,0.742656533910284,0.010266819020424223,0.013918850447709161,0.014170866479739802,0.003202854088215897
0.0,0.735122878733554,7.08078372868366e-05,0.2648063134291591,0.014383094957589682,0.00027486081081019083,0.014373820769806783
0.1875,0.6223991610501137,0.18183237933876614,0.19576845961112008,0.01480466409293415,0.012218049075206775,0.012410031890428802
0.375,0.49721507483278016,0.3696466671209571,0.13313825804626278,0.015873023058909502,0.015292117843194253,0.01036292158775593
0.5625,0.3950698590513996,0.5575531937007702,0.04737694724783023,0.01528140356261705,0.015506751158089582,0.006695586228642986
0.75,0.2511733269506777,0.7421727974518719,0.006653875597450451,0.013630765779905173,0.013758393977803374,0.0026199122412438533
0.0,0.7403699107498606,0.0,0.2596300892501395,0.01402520907306233,0.0,0.014025209073062334
0.1875,0.6211946100035626,0.18221195216925157,0.19659343782718583,0.015105383102314636,0.012661538154520553,0.012352260231858328
0.375,0.4736337975392526,0.3676575064574338,0.1587086960033136,0.015484197343288035,0.015033482240986294,0.011470935961344539
0.5625,0.375782764196858,0.5565994353948274,0.06761780040831465,0.01568110570572251,0.015658463528624232,0.008031787457810906
0.75,0.24834814262143992,0.7419502329201006,0.009701624458459377,0.01326107968272777,0.013409457765283683,0.003002663235053403
0.0,0.7397106855643055,0.0,0.2602893144356942,0.014114496792927561,0.0,0.014114496792927566
0.1875,0.6231750828311141,0.18208822215309023,0.1947366950157957,0.015916836418672416,0.01170427394962348,0.013011468438430308
0.375,0.4869262221817281,0.37009234407465386,0.14298143374361802,0.015896957466926875,0.01551308970921611,0.011144306684274052
0.5625,0.36902625220547397,0.5564487863118693,0.07452496148265676,0.015332757416894209,0.01580647827745527,0.008496444758769213
0.75,0.2471728756595863,0.7421713786752989,0.010655745665114704,0.013589765527623488,0.01364877416011388,0.003235003076040458
0.0,0.735440371075412,5.173496982693517e-05,0.26450789395476104,0.013807561521380188,0.0002209939125006872,0.013810938042321646
0.1875,0.62831368821629,0.18307085104450838,0.18861546073920168,0.015185995393721388,0.012164420740733558,0.012205104557284806
0.375,0.49320112088481227,0.36968954873169213,0.1371093303834956,0.016086999274391712,0.015356613865699876,0.01086263677555422
0.5625,0.389537614890934,0.5560528118401588,0.05440957326890715,0.01558537681579496,0.015441413492179056,0.007016718537085788
0.75,0.24666752642349177,0.7426634598993033,0.010669013677205016,0.013609340177433153,0.01377306296820142,0.003254793636210457
fixed rate,success rate,failure rate,error rate,success std,failure std,error std
0.0,0.7400831193173938,0.0,0.2599168806826062,0.01381231594968584,0.0,0.013812315949685844
0.1875,0.6227412173402869,0.18292742691699146,0.19433135574272162,0.015153444636634154,0.012087683280850494,0.012645278544728791
0.375,0.507252758291153,0.36931035437787263,0.12343688733097437,0.01599906834503039,0.015199062607237674,0.010260747513861333
0.5625,0.3786520239450567,0.5569123902874726,0.0644355857674706,0.015777187099704118,0.01582292060198497,0.007493684188330989
0.75,0.24343360543849707,0.7420991508462146,0.014467243715288302,0.013108873643762491,0.013317188380296776,0.003885322504259439
0.0,0.7399822211743369,5.5639419002010944e-05,0.25996213940666096,0.013959636069824151,0.00022854914115419566,0.013956845445007676
0.1875,0.5916759400259618,0.18159862456852946,0.22672543540550866,0.01567146835675081,0.012199725702798807,0.012897877735583584
0.375,0.4759442796664624,0.3691151836552292,0.15494053667830837,0.015933130204974354,0.015500608778166548,0.011642893237669061
0.5625,0.3786303595447014,0.5565348091056397,0.06483483134965874,0.01563034545707488,0.01579460864049262,0.007799968532232671
0.75,0.25615583773582423,0.7424091345948796,0.0014350276692961063,0.013728226204698086,0.013826690510925606,0.0011878152397900498
0.0,0.7352646944854389,1.0298661174047374e-06,0.2647342756484437,0.013934836979197398,3.2550938474313295e-05,0.01393388990785355
0.1875,0.626741481019014,0.18264599264820952,0.19061252633277656,0.014965024775164737,0.012097865871405994,0.012623634782741939
0.375,0.48873787955517367,0.3696889362943288,0.14157318415049752,0.015802285086522875,0.015085133276894733,0.01107635660563301
0.5625,0.33798525824983083,0.5536327691417422,0.108381972608427,0.01461853984002686,0.015655187041593018,0.009714557193246692
0.75,0.24749343698043705,0.7426406507481114,0.009865912271451577,0.013246388016475012,0.013467499737019422,0.003141403240297602
0.0,0.7394503590901381,0.0,0.2605496409098619,0.013837916762126702,0.0,0.013837916762126702
0.1875,0.6144433434758482,0.18259660844967193,0.20296004807447987,0.015255393580506515,0.012722891902517403,0.013125395080032362
0.375,0.4709246721030236,0.37062222589765,0.1584531019993264,0.015390500075610478,0.01543706555633511,0.011114071310130876
0.5625,0.3849012361245797,0.5571392352955209,0.057959528579899326,0.014740226894399418,0.014901451744080092,0.007502673108372156
0.75,0.24281751600232035,0.7431869293765765,0.013995554621103232,0.013320100923614403,0.013713811804160146,0.00372553157815862
0.0,0.7403720078214403,6.462018273476498e-05,0.2595633719958249,0.013909541617502708,0.0002609347023050274,0.013900890480191648
0.1875,0.6005250656034271,0.18143538790058858,0.21803954649598428,0.015518412212119734,0.012409303413684734,0.012853116289590783
0.375,0.5134245130696149,0.37049036179147643,0.11608512513890876,0.015768898998263895,0.015659320462666357,0.009981164782013231
0.5625,0.3805529186160402,0.556831575298924,0.06261550608503576,0.015517171606904523,0.01596127973639642,0.007839231045878328
0.75,0.2474641732364056,0.7422955689449211,0.01024025781867333,0.013649938590344973,0.013752731037956952,0.003180802328841154
0.0,0.7402680947541257,0.0,0.2597319052458743,0.0142823325226322,0.0,0.014282332522632201
0.1875,0.6281128141540208,0.18196679654523115,0.18992038930074812,0.015296799114490674,0.011695180829670401,0.012583178748030761
0.375,0.5138256498153246,0.37054961310255785,0.11562473708211762,0.01601257191610178,0.015324790864504471,0.009820584703064409
0.5625,0.37740515091173416,0.5571084803175668,0.06548636877069908,0.015721789162865967,0.01611754013554795,0.007717180006683707
0.75,0.2415922118839687,0.7427572288363469,0.01565055927968443,0.013548662969988442,0.013674929723723485,0.00377499280271721
0.0,0.7402758039109949,4.335373107583999e-05,0.2596808423579293,0.012955120549481322,0.00020464019227154422,0.012964070814807245
0.1875,0.6040998162355472,0.1820325903012764,0.21386759346317644,0.01574960914520094,0.01198276257258293,0.013519740634758881
0.375,0.5019430240169944,0.36887346875755894,0.12918350722544653,0.01578598436519027,0.014898431562298899,0.010192341131816487
0.5625,0.3784136453712683,0.5568993686953979,0.06468698593333358,0.015571908024848185,0.015504297891046322,0.008085562329025419
0.75,0.24789976903768932,0.742544037760783,0.00955619320152766,0.01322121184986559,0.013487431282588615,0.0032253363901058995
0.0,0.7398864860424372,0.0,0.2601135139575627,0.014067877662034406,0.0,0.014067877662034408
0.1875,0.6341816185690394,0.1829365589689661,0.1828818224619945,0.015365383461362042,0.012589046457150343,0.012124089609400833
0.375,0.5151723459659778,0.3689288711633273,0.1158987828706949,0.015715468389212377,0.0154347405864715,0.010104887637812568
0.5625,0.3375531082950433,0.5550495066628062,0.10739738504215042,0.014957252504741088,0.016249244881474043,0.010091739467172695
0.75,0.24769486089027964,0.7421478441099192,0.010157294999801118,0.013603813540024833,0.013848309609312192,0.0031347506702763496
0.0,0.7406076373143144,2.0130855627217485e-06,0.2593903496001228,0.013285577009061014,4.496893084286995e-05,0.013284161401641997
0.1875,0.6299302409287738,0.18285132590111577,0.1872184331701103,0.014833468253450144,0.011918205490440339,0.01257530038516378
0.375,0.47179923696103826,0.3707004411683995,0.15750032187056223,0.0159439426155362,0.01595682945289234,0.011636921829906553
0.5625,0.376634002815239,0.5570452902482192,0.06632070693654184,0.014542627536954886,0.014836859069696309,0.007608541441895575
0.75,0.25460215851905066,0.7421774635206787,0.0032203779602707153,0.01367218611644783,0.01373242199028017,0.0017760270422085345
0.0,0.7401962995715098,0.0,0.25980370042849005,0.01397316379860686,0.0,0.013973163798606861
0.1875,0.6218587163199536,0.18228743398202613,0.19585384969802028,0.01551611007358061,0.011987502303154431,0.012837323070105336
0.375,0.5105194034849411,0.36921867623947685,0.1202619202755821,0.016043864691707745,0.015444029587431143,0.010275191135921865
0.5625,0.381453218267205,0.5568504790013552,0.06169630273143969,0.014979506571659052,0.015282703630576377,0.007432376879454746
0.75,0.24800885531064007,0.7416433882107497,0.01034775647861035,0.013428011459368012,0.013786972850183129,0.0032654718375531287
0.0,0.7404174546905581,1.002004008016032e-06,0.2595815433054338,0.013730720629929232,3.167030186228279e-05,0.01373024992947105
0.1875,0.62096895221089,0.1818896568177276,0.19714139097138253,0.0153992722627783,0.012292892911138838,0.012564255254096794
0.375,0.5098149613051761,0.3701554582024917,0.12002958049233217,0.01561957765811779,0.014779277873921071,0.010448816665402762
0.5625,0.383093355155091,0.5563386222271192,0.06056802261778984,0.01499328129520725,0.015503062698726477,0.007594514167844187
0.75,0.248051113325678,0.7420328467832842,0.009916039891037847,0.013247055778447816,0.013308681964169863,0.003058933006704396
0.0,0.7404579764593403,0.0,0.25954202354065975,0.014061051611530198,0.0,0.0140610516115302
0.1875,0.596553396923496,0.1820457545682031,0.22140084850830083,0.01556782095855193,0.01214550365190176,0.013227190503771344
0.375,0.5197518208136744,0.3691373371479382,0.11111084203838735,0.015625323087156574,0.01497928459569457,0.009651734728811746
0.5625,0.37781494393389575,0.5570500060619444,0.06513505000415973,0.015190825403867908,0.015690236344590866,0.007878765843095237
0.75,0.2437129272281593,0.7424400460817123,0.013847026690128298,0.013636378754970018,0.01379821527564163,0.00369918380434215
0.0,0.7346747374884144,7.843365856184568e-06,0.2653174191457294,0.014541532994701534,8.738447860929671e-05,0.01454275541560168
0.1875,0.6025305628457106,0.18097938640077865,0.21649005075351074,0.01516589275061521,0.012013778274650227,0.013279809246157303
0.375,0.5083968895797559,0.3691843814548821,0.12241872896536195,0.01573093351361368,0.015489642343995405,0.010326361276541424
0.5625,0.3783103302781558,0.5559452711634997,0.06574439855834448,0.015108064699963857,0.01574837879294223,0.007853239658490154
0.75,0.24513468839965719,0.7431024044786798,0.01176290712166307,0.013138940722474434,0.013573281812006417,0.0034084493573676234
0.0,0.7398551472660798,0.0,0.26014485273392024,0.014175336805025415,0.0,0.014175336805025416
0.1875,0.6010396252528465,0.18251190473794623,0.21644847000920733,0.0158908984128612,0.012540480033096489,0.013315450997476698
0.375,0.5117970409806846,0.3696298886276821,0.1185730703916334,0.015231651545522706,0.015068444475092093,0.01005196489750312
0.5625,0.3788047347242238,0.5564908777413391,0.06470438753443704,0.01540242921134818,0.01575745458690453,0.007607842957474217
0.75,0.24857977076509882,0.7413145047464641,0.010105724488437037,0.013930677186722158,0.014092205182877604,0.003120857564185267
0.0,0.7399503035275689,0.0,0.26004969647243115,0.013795240717326933,0.0,0.013795240717326933
0.1875,0.6186390199278178,0.18248976245434437,0.19887121761783783,0.015235098118167234,0.012025599126819822,0.012606380049216293
0.375,0.5028913552597678,0.37050260776235794,0.1266060369778743,0.015432422587575555,0.015301282034384188,0.010881405390198136
0.5625,0.37857698778715143,0.5561223797398407,0.06530063247300787,0.015488574308505407,0.015668159263639625,0.007774603526313382
0.75,0.2486522180810172,0.7414438703128762,0.00990391160610663,0.013412951224365924,0.013695497938692245,0.003022704078601822
0.0,0.7355276189103539,0.0,0.2644723810896461,0.013937481068112458,0.0,0.013937481068112458
0.1875,0.6199147827060363,0.1821958797671805,0.1978893375267832,0.015331946111924927,0.012119111673765408,0.012767909745532621
0.375,0.5100867276720926,0.37072431086741914,0.11918896146048825,0.016437337810870162,0.01509729431457196,0.010474436969380843
0.5625,0.37864638643114745,0.5576484368940874,0.06370517667476526,0.014572117085900565,0.015272399055276241,0.007707100198011076
0.75,0.24719823155040727,0.7420092277280304,0.010792540721562313,0.013953535600637786,0.014085731938833094,0.003255747344453043
0.0,0.7406252147561065,0.0,0.25937478524389346,0.013433731935274999,0.0,0.013433731935275
0.1875,0.6243458866448365,0.18180364653230022,0.19385046682286336,0.015286611789422339,0.012219206809317956,0.012353577686809064
0.375,0.4907370029039555,0.3696773581256689,0.13958563897037563,0.01569100343814722,0.015152874891657175,0.010865996937839663
0.5625,0.38072434242589054,0.5557106608104305,0.06356499676367885,0.015260769023284732,0.015280306476766259,0.007945458388478092
0.75,0.24404343581251806,0.742552006828005,0.013404557359476894,0.014070568856079716,0.014191563970579553,0.0035955672437328248
0.0,0.7397115458613828,0.0,0.2602884541386173,0.013762935526981138,0.0,0.013762935526981143
0.1875,0.6252263930752816,0.18162208943921057,0.1931515174855078,0.014470389621457656,0.012143043539080032,0.012415523394193129
0.375,0.5129467148020151,0.371253258729083,0.115800026468902,0.016067877507040272,0.01539724107622102,0.010409314608782153
0.5625,0.3888879996074989,0.5561989842576606,0.05491301613484049,0.01590679392288539,0.016184982457253718,0.006888015023413669
0.75,0.24669574143001302,0.7425060240822865,0.010798234487700583,0.013516050557999952,0.013752041644361857,0.0031808921051552997
0.0,0.7340022405572842,0.0,0.26599775944271564,0.013426473624287885,0.0,0.013426473624287883
0.1875,0.4039312185475933,0.18096472017376464,0.4151040612786421,0.015818812687624827,0.012489858034116966,0.015268414542148076
0.375,0.4847145209281888,0.36860418581658755,0.14668129325522358,0.015709238044408713,0.01549397742062772,0.01103281499056763
0.5625,0.37859242484187744,0.5575536953119669,0.06385387984615568,0.01564246552694784,0.01618403882239098,0.007750158779023243
0.75,0.24836007895104392,0.7420233036232492,0.009616617425706887,0.01381472757885138,0.013936770177847623,0.003019999596683136
0.0,0.7401733564558822,0.0,0.2598266435441178,0.013738656248135151,0.0,0.013738656248135153
0.1875,0.6255048240658911,0.18180425529070238,0.1926909206434065,0.01574426435843474,0.01242112581836763,0.012652522540041107
0.375,0.476185309729448,0.36957116061009937,0.15424352966045257,0.016087112867863698,0.015496251094377626,0.01160609568629719
0.5625,0.3961434231635099,0.555815685982897,0.04804089085359316,0.01542631167180981,0.01543893391381912,0.006720190162827991
0.75,0.24364705059249075,0.7426073264252019,0.013745622982307302,0.013333688305941536,0.01373378295357393,0.003563634227104415
0.0,0.7409570512042146,0.0,0.2590429487957854,0.013992888322671112,0.0,0.013992888322671114
0.1875,0.6032490776657111,0.1812075273906144,0.21554339494367453,0.015427424995827143,0.011923410985744773,0.013502149209602738
0.375,0.493896863173897,0.3686518156161192,0.13745132120998368,0.015897392314964717,0.015578146246502103,0.011150860386242524
0.5625,0.38680849268724415,0.5560547784480945,0.05713672886466144,0.01592864854269986,0.016028148871692398,0.007317070132738253
0.75,0.2473110804960352,0.7425587748950454,0.010130144608919327,0.013608944880004333,0.01374821469123878,0.003191407706531456
0.0,0.7353278835234879,0.0,0.26467211647651206,0.014195214277136806,0.0,0.014195214277136806
0.1875,0.6218152950993017,0.1822805885824096,0.1959041163182888,0.015442770020986174,0.012102806999265112,0.013242685817600824
0.375,0.47187621728613066,0.3690962722720026,0.15902751044186675,0.01616838251267891,0.015398659006472424,0.01157432835574817
0.5625,0.37640216004790283,0.5563519815289664,0.06724585842313086,0.015684971823457586,0.01575631017658004,0.008046100081504888
0.75,0.24690001658316765,0.742322406602521,0.010777576814311289,0.013709828988421222,0.01398391620208271,0.0032753872023796628
0.0,0.7408027321176593,0.0,0.2591972678823406,0.01379514418343125,0.0,0.013795144183431252
0.1875,0.6217459703633924,0.18290185908983195,0.1953521705467756,0.015198651397816013,0.012251084027481162,0.01265099473708807
0.375,0.4934899040393484,0.36957147755414554,0.13693861840650606,0.015721617934319778,0.014730264836296763,0.010435256027624877
0.5625,0.3794564677283078,0.5554777709324107,0.06506576133928146,0.015161136945815017,0.015464509369918175,0.007806872240521652
0.75,0.24298148148630336,0.7428676464110118,0.014150872102685057,0.013800718222941988,0.01404266787272775,0.003932480427319175
0.0,0.740022047143671,0.0,0.25997795285632913,0.013882820086991703,0.0,0.013882820086991703
0.1875,0.6148916307654251,0.18087993381792256,0.20422843541665228,0.015866218824000678,0.01204456721891862,0.012669371541274087
0.375,0.47676572767178366,0.3702797174288771,0.1529545548993392,0.015347405463269263,0.015411969876557003,0.011563815690205616
0.5625,0.3805492821612736,0.5567510412657528,0.06269967657297348,0.014886387231200988,0.015370220188069187,0.007626632678508305
0.75,0.23825596923114178,0.7426405439951841,0.019103486773674128,0.013547387352704025,0.01405816946339985,0.004424451117135378
0.0,0.7398244545322561,0.0,0.2601755454677438,0.014196760158719198,0.0,0.014196760158719202
0.1875,0.5931757344407121,0.18301684057563478,0.22380742498365305,0.015593644973424825,0.012067870420504319,0.013974049140477576
0.375,0.5016406753678418,0.3699802177674217,0.12837910686473644,0.01566460242692551,0.015092115079312709,0.01056170236488646
0.5625,0.37618549069860513,0.5563411834241426,0.0674733258772523,0.015688678425239216,0.01585634636565439,0.00791696749031693
0.75,0.23887613299019003,0.7412393325402916,0.019884534469518357,0.013862352231016653,0.013903483553938507,0.004544818856997213
0.0,0.735370630924094,2.677567762457002e-05,0.26460259339828146,0.014155846110539164,0.00016080208511854173,0.014156813719734856
0.1875,0.6285821596326169,0.1821835232043985,0.18923431716298467,0.015407727429304467,0.012103129104775555,0.012576396931822977
0.375,0.4996513188560033,0.3685126518475644,0.13183602929643234,0.015593882040614836,0.014823332332143096,0.010633101253496768
0.5625,0.3646761324461337,0.5572689042695553,0.07805496328431079,0.015508252181356435,0.015783892027080335,0.008853372123075066
0.75,0.24753981884950296,0.7426376531570557,0.009822527993441417,0.013924597281922363,0.014125671864879669,0.002965770732366904
0.0,0.7402320423933734,2.94847663214378e-06,0.25976500912999445,0.01413766068876409,5.3755833434098756e-05,0.01413709268016398
0.1875,0.6192421618992451,0.18191503400624298,0.19884280409451205,0.015134884726643118,0.012138033324660208,0.012454441030016035
0.375,0.5024026111733747,0.3694350569042275,0.1281623319223978,0.01570568895238738,0.015029037101786723,0.010778567741511175
0.5625,0.37066546856551336,0.556146438990686,0.07318809244380052,0.01494337753884269,0.015204577109715492,0.008332802537234903
0.75,0.24909940312986628,0.7415832283088669,0.009317368561266843,0.013499652611532988,0.013766672314579943,0.0029269751746507553
0.0,0.7405364730169649,0.0,0.2594635269830351,0.013645833757896833,0.0,0.013645833757896837
0.1875,0.6243485793767921,0.18236919482243924,0.19328222580076868,0.015912296696111678,0.012468712992750972,0.012421947822980046
0.375,0.4919629308546454,0.36930339071326257,0.13873367843209206,0.015971233314222122,0.015573338287159668,0.010903903692620159
0.5625,0.3799911678635493,0.5568408075116195,0.06316802462483122,0.016216838352302462,0.016668509809651996,0.008037977625085983
0.75,0.24762473847924457,0.7419256629783713,0.0104495985423842,0.013945514326852445,0.014106703807542368,0.003094136744361766
0.0,0.7341599010647659,1.7923742571905974e-05,0.26582217519266216,0.01409380950354036,0.0001324337971634523,0.01409306482115615
0.1875,0.6061720420859744,0.1819727454326372,0.21185521248138828,0.01556875027460573,0.012438826073163748,0.01278498105563795
0.375,0.5150831149796731,0.36893598815537687,0.11598089686495001,0.016402702208110662,0.015856740158139256,0.010215183439499216
0.5625,0.37992997944432055,0.5584347920801169,0.06163522847556247,0.014898756708466606,0.015201002344926993,0.00772850512119927
0.75,0.24444922489025794,0.7427752419143817,0.012775533195360272,0.014047052077527026,0.014217713502575715,0.003712687006440061
0.0,0.7352610917608324,1.592153473043563e-05,0.2647229867044371,0.01373744139685529,0.0001249207449492213,0.013732839999490603
0.1875,0.6192366526805964,0.18216969071404343,0.19859365660536007,0.015459048130939521,0.012023096539377444,0.012300616791283712
0.375,0.505571401070438,0.36878598106820165,0.12564261786136033,0.015858358926867024,0.015811407335075033,0.010284839346189983
0.5625,0.3805337811590687,0.5576908298957892,0.06177538894514204,0.01531486929848044,0.015818581750616487,0.007525745292089969
0.75,0.2457103288036042,0.7417752741588474,0.012514397037548475,0.01375615195339,0.013849447265454734,0.003415575093701943
0.0,0.7402362067006232,0.0,0.2597637932993769,0.013567596675712489,0.0,0.013567596675712487
0.1875,0.6020157553365952,0.18161265966228266,0.21637158500112208,0.01518410455556025,0.012032213790102667,0.012248979687043887
0.375,0.49784219847240685,0.3691399001604695,0.13301790136712363,0.01594397320780388,0.015732200624804998,0.010798257259701993
0.5625,0.3787541905885225,0.5557808572677198,0.06546495214375775,0.015581644194411725,0.0158729191807394,0.007914519910385692
0.75,0.24806704847136513,0.7418702958879652,0.010062655640669636,0.013594014551476054,0.013879579874473979,0.00314184760528921
0.0,0.7353719754345626,0.0,0.2646280245654374,0.013870613715127152,0.0,0.013870613715127154
0.1875,0.6295517913966553,0.18156284489889077,0.18888536370445388,0.015004730273669158,0.011972980713758675,0.01232428949884444
0.375,0.4982356770943712,0.36938730540430753,0.13237701750132116,0.01533257175389846,0.014979914762511905,0.0105963926174763
0.5625,0.3768012349787964,0.557805365491894,0.06539339952930956,0.015841805698841232,0.01592403219467692,0.00803818648529037
0.75,0.24843505399341914,0.7412684534301172,0.010296492576463704,0.013802268694654975,0.013842946229649367,0.0031671403002644883
0.0,0.7352126440169177,2.1073022071996676e-05,0.26476628296101024,0.01401977111117998,0.00014394750080474534,0.014023568291372336
0.1875,0.6241380958950606,0.1833067852709418,0.1925551188339976,0.015533281635465083,0.012473342840370445,0.012380800872512764
0.375,0.5194212512619818,0.3692128961223006,0.11136585261571773,0.01595207363242827,0.015450009808700553,0.009679865223102877
0.5625,0.3799941402310346,0.5571784140634957,0.06282744570546969,0.015097807365497309,0.015667213043698513,0.0076496607825304
0.75,0.24665644892433053,0.7423866596793337,0.010956891396335764,0.013997874555175748,0.01418307121127808,0.003257301461629698
0.0,0.7350944890828619,1.1993003644075911e-05,0.2648935179134942,0.014430728938082739,0.00010891412684844232,0.014431457221612128
0.1875,0.6237209096370797,0.18311036807195574,0.19316872229096455,0.015553654406397641,0.012356224468079406,0.012668387695373448
0.375,0.5048956171738693,0.36992650306774044,0.12517787975839023,0.015632461963376615,0.015274967549485824,0.010534771945326562
0.5625,0.37852484543813103,0.5571325747117202,0.06434257985014888,0.015359382562034984,0.015730687413547904,0.0076372421924307005
0.75,0.24187159988951937,0.7421600907067701,0.01596830940371047,0.013608232596088433,0.014044450571958519,0.004007661890798748
0.0,0.7397914778466844,1.004016064257028e-06,0.26020751813725135,0.013086241592886275,3.173389684594196e-05,0.013086601106818259
0.1875,0.6282402136208544,0.1823150543162463,0.18944473206289933,0.014824078433226716,0.011954390287971201,0.01217165882702046
0.375,0.4982410787648498,0.36982063645738206,0.13193828477776812,0.01573589804429689,0.015413922084999579,0.010330340008531676
0.5625,0.338340125189549,0.5532339497993806,0.10842592501107048,0.015316007079020021,0.015872664700852364,0.009588663135307417
0.75,0.2478643140552346,0.741663698150101,0.01047198779466436,0.013744031023358458,0.013877230315394557,0.0032350668825390505
0.0,0.7353747672208096,0.0,0.2646252327791905,0.013950844845244142,0.0,0.013950844845244142
0.1875,0.6199094195368462,0.18163992102519297,0.1984506594379609,0.015110323024060733,0.012085444978259802,0.012845239565256192
0.375,0.49603470457235577,0.3707303314128765,0.13323496401476775,0.0162810845027512,0.01558193868464138,0.010943174706668946
0.5625,0.3818064468701605,0.5567971802895033,0.06139637284033619,0.015270325614690109,0.015756459570892795,0.007316842395890701
0.75,0.2483479090402101,0.7422669644242839,0.009385126535506005,0.01414062171667075,0.014195452284780103,0.0030324019968379187
0.0,0.7349854613074445,6.188054895980562e-05,0.26495265814359586,0.0143365285015614,0.00024488047043015224,0.014339304216009504
0.1875,0.584081021188824,0.18171184877712943,0.23420713003404647,0.015843963703948416,0.012090672536495421,0.013192080357734276
0.375,0.4955687817054459,0.3699139587662345,0.13451725952831953,0.015755381666283222,0.015298462898470096,0.010630299872272831
0.5625,0.3831682220108086,0.5576642144019689,0.05916756358722257,0.015298069685990687,0.015524536704244668,0.007458845858029573
0.75,0.2468007871946253,0.742605066333932,0.010594146471442648,0.013661927866930582,0.013760198042346515,0.003225370674910266
0.0,0.735273033544556,0.0,0.2647269664554441,0.013518816699728674,0.0,0.013518816699728672
0.1875,0.6265168960938904,0.1827997057215071,0.19068339818460253,0.015436795286436338,0.012332382250591833,0.012970643761176303
0.375,0.5083099255196506,0.36936083713950657,0.12232923734084283,0.015979773806927344,0.015207706161380606,0.009896477243392215
0.5625,0.379972208599825,0.5580535425995895,0.06197424880058538,0.015677646757229678,0.016242906891719727,0.007527886751071541
0.75,0.24579693277083672,0.7429288336526135,0.011274233576549718,0.01353373797377531,0.013588182309231724,0.0034193900280064067
0.0,0.7354026723158954,3.0450207391084706e-06,0.26459428266336543,0.01373463341251948,5.554306882966975e-05,0.013735440570242863
0.1875,0.6212476572137635,0.18312856132785646,0.19562378145837994,0.015044361293904431,0.011739152423381754,0.012403199362166935
0.375,0.4885073085157269,0.36944771164311635,0.1420449798411568,0.016445698723766094,0.015406663672548136,0.01103350503682511
0.5625,0.3681020965046456,0.5576401739355262,0.07425772955982818,0.015070986705413758,0.016070071953220563,0.008271645187620857
0.75,0.2547299760729494,0.7419370309542285,0.003332992972822132,0.013769052336742195,0.013816084070742096,0.0017622693745100474
0.0,0.7358717503772131,9.891196834817012e-07,0.2641272605031035,0.01437724538694769,3.1263067515883504e-05,0.014378234320549067
0.1875,0.6208141262018558,0.18143708797669905,0.19774878582144503,0.015350307202704526,0.012525800620874406,0.01200954626887745
0.375,0.5100476230773584,0.37043279260260303,0.11951958432003854,0.016529319647982148,0.01581243836578871,0.010264203453133692
0.5625,0.3758156068112603,0.557648839332748,0.0665355538559917,0.015618736008685654,0.015990226858954962,0.007808135796361834
0.75,0.24734456426291548,0.7423606517632126,0.010294783973871851,0.01414226057612506,0.014273695251028593,0.0031352225492449794
0.0,0.739322076890065,0.0,0.260677923109935,0.014415797560606031,0.0,0.01441579756060603
0.1875,0.6215802218974743,0.1828715635327403,0.19554821456978538,0.015368712171069733,0.012604700593252643,0.012419838155001821
0.375,0.4979198774588966,0.37074357146883824,0.13133655107226513,0.015803145458757453,0.015183498520498308,0.010536930611847382
0.5625,0.37804692133416024,0.5580935301203473,0.0638595485454923,0.015138511616004555,0.014913533244492875,0.007809270046508802
0.75,0.22392346835790294,0.7405525737432929,0.03552395789880412,0.012819502538497922,0.01331688842201785,0.005850229180765871
0.0,0.7345054213933255,0.0,0.2654945786066745,0.014200253221387377,0.0,0.014200253221387375
0.1875,0.6263173415639015,0.18247865038207545,0.19120400805402302,0.015302611423593687,0.012111558703581122,0.012559449518301834
0.375,0.4945796294565011,0.37105642973280023,0.1343639408106987,0.015577729516250813,0.015072476041758723,0.010948832416690698
0.5625,0.37759181381485285,0.5570246628448433,0.0653835233403039,0.015422255547446789,0.016176815377805916,0.007762933797396035
0.75,0.24813526219044643,0.742228983416068,0.009635754393485605,0.013824315277695738,0.014012775398940153,0.0032244239198938214
0.0,0.7402142552020705,0.0,0.2597857447979295,0.014090944652700492,0.0,0.014090944652700497
0.1875,0.6317864583794051,0.18192006952716094,0.18629347209343397,0.014633293272386735,0.011682005479316008,0.011920158048534234
0.375,0.47413882275418157,0.36875837424924507,0.15710280299657342,0.0161973958305721,0.015187172786969334,0.011636864783703363
0.5625,0.38488482271572105,0.556333313992287,0.05878186329199203,0.015846732299022,0.016432417929878415,0.007097411481421764
0.75,0.25221601276992744,0.7422503661467138,0.00553362108335886,0.013899010875182707,0.014023973510238718,0.00229524093881375
0.0,0.739639666728496,5.674349704043713e-05,0.2603035897744635,0.013379138725695813,0.0002348306052965062,0.013374062077344314
0.1875,0.6270339925858317,0.1827208514472292,0.19024515596693908,0.01571962657000779,0.012259444027475544,0.01280750346130463
0.375,0.5099078662703425,0.3696575566422315,0.12043457708742611,0.01631910194206589,0.0155173618700714,0.010462870014316505
0.5625,0.3991746989202832,0.5556586335709589,0.0451666675087579,0.015728065899721824,0.016287621133084487,0.0065858393999006825
0.75,0.24728695377879598,0.7423975884521904,0.01031545776901368,0.01352775007321159,0.013493604441020001,0.003239648175159001
0.0,0.7407753443458028,9.92063492063492e-07,0.2592236635907051,0.013490887576381231,3.135611235968078e-05,0.013491602339697924
0.1875,0.6216872014310102,0.18142172019119654,0.19689107837779324,0.01539870037174609,0.0121513421923849,0.012365860906836616
0.375,0.47553811397718787,0.3693982496926641,0.15506363633014797,0.01517908702308289,0.01492174682359982,0.011618775986763037
0.5625,0.3974652122016712,0.5568120618444246,0.04572272595390415,0.01595315773771634,0.01620293004150184,0.006714054803124498
0.75,0.24362423200655753,0.7414289618935826,0.014946806099859924,0.013703091336098686,0.013823396539655653,0.0038448930241461042
0.0,0.7391420583487754,3.9515157148587375e-06,0.26085399013550964,0.013779387478355751,6.24166912385361e-05,0.013781148364410856
0.1875,0.629331734274885,0.18266663440477424,0.1880016313203408,0.014880423850358948,0.012179446702900278,0.012328742866402915
0.375,0.49934081886524134,0.3701408623845398,0.13051831875021894,0.015764744983510423,0.015240318005235988,0.010763627681113002
0.5625,0.3918150421542156,0.5566031161704231,0.05158184167536131,0.015199765061575561,0.015513273880035013,0.006920603096700261
0.75,0.2483993706907197,0.7417619764565377,0.009838652852742677,0.013893400466552899,0.014038464813921793,0.0031558041647849725
0.0,0.7410534347252922,0.0,0.25894656527470783,0.013974001534252512,0.0,0.01397400153425251
0.1875,0.6255037073892702,0.1821501748880406,0.1923461177226892,0.015240206582210104,0.01181926513311152,0.012453160376442724
0.375,0.4961026006506394,0.369944746597662,0.13395265275169863,0.01605805374402052,0.015758133559121184,0.011202666405894707
0.5625,0.3385088234446911,0.5533897731562326,0.10810140339907615,0.015062130612828762,0.015625504657611516,0.009709591361319185
0.75,0.24307037209003574,0.7417487681295579,0.015180859780406366,0.013563451380102105,0.013776831868729716,0.0037651758792453375
0.0,0.7397540266931157,0.0,0.26024597330688437,0.014536542936746319,0.0,0.014536542936746317
0.1875,0.6237434395007605,0.18130237626567372,0.19495418423356575,0.014853340609611253,0.011832316449740022,0.012343360695945885
0.375,0.46455123013869487,0.37146891849787106,0.16397985136343407,0.016282423516034036,0.01526888497762632,0.011955856045391846
0.5625,0.3793865266876035,0.5557017387590386,0.06491173455335794,0.015191069398637727,0.015256839598158291,0.0075331495242639815
0.75,0.24792489484143113,0.7424015680835794,0.009673537074989504,0.01342214591620555,0.0135535067251571,0.0030567354241783375
0.0,0.735283366923422,8.602131074998149e-05,0.2646306117658279,0.013837439094120422,0.00029439246474672655,0.013842047197703298
0.1875,0.6176985634565543,0.18280410289508994,0.19949733364835578,0.015181269014848028,0.012256300232504782,0.0124081447651423
0.375,0.5190963198151161,0.36888956573338216,0.11201411445150174,0.015901907421105074,0.015605337230957032,0.00991567913063804
0.5625,0.3796792971962132,0.556146761699496,0.06417394110429084,0.015014936269374855,0.015334128937289828,0.007660754743515905
0.75,0.2472034099677246,0.742719088817122,0.010077501215153304,0.013516393328963375,0.013726841523864107,0.003086309890702096
0.0,0.7398747874751936,0.0,0.26012521252480625,0.01373917598725368,0.0,0.01373917598725368
0.1875,0.6058606321472407,0.18127454524077374,0.21286482261198564,0.015652319985076126,0.012505724601178065,0.013145779689243704
0.375,0.5068063796419724,0.37051229975079053,0.12268132060723722,0.01570861984711345,0.015370213643577433,0.010436562782719523
0.5625,0.37280034081540137,0.5551148560671413,0.07208480311745728,0.015302193240497456,0.015396491188367334,0.008205258768760977
0.75,0.23322899863292906,0.7423133220409025,0.02445767932616832,0.013304084720400707,0.013777302896691173,0.0048655078775829
0.0,0.7403825766586041,2.101242306500626e-05,0.2595964109183309,0.013779021217902336,0.00014352533207508792,0.013768504189198658
0.1875,0.6216722045587633,0.18220324350006295,0.19612455194117387,0.014695508816302686,0.011818646912192145,0.012109660438988055
0.375,0.5054417205064172,0.37074774287672096,0.12381053661686177,0.015884151219420762,0.015156228428943968,0.010313374555722236
0.5625,0.3906497549396543,0.556796369626623,0.05255387543372263,0.015881373860509654,0.01546564929710545,0.007051209195393408
0.75,0.24630399839200298,0.7423851164546302,0.011310885153366776,0.0139887198680798,0.01414886719680763,0.0033900831862686692
0.0,0.7395211144165607,1.0351966873706004e-06,0.26047785038675203,0.013476375777367357,3.271942159271038e-05,0.013476146927061457
0.1875,0.6208855613462666,0.18221528701413445,0.19689915163959892,0.015270666993626626,0.012338704310226661,0.012359742564759012
0.375,0.4946576818768605,0.36907166955386395,0.1362706485692755,0.016811464530863133,0.015680787367880925,0.01117755723510201
0.5625,0.37874232831140764,0.5584621098316307,0.0627955618569616,0.01579245112211355,0.016581038119216327,0.007964770313515997
0.75,0.24734345996287635,0.7427837958165611,0.009872744220562545,0.013270024593825255,0.013507373905161345,0.0031438826562010386
0.0,0.7402544053142747,0.0,0.25974559468572533,0.01325073090490132,0.0,0.013250730904901321
0.1875,0.632249339537214,0.18146435025181978,0.18628631021096628,0.015198671465722763,0.012360881140962551,0.012768853139589519
0.375,0.5001838353379556,0.36960828802389695,0.13020787663814748,0.01652196541631036,0.01554862153351841,0.01040783518873732
0.5625,0.3720290245677387,0.5566492409644958,0.0713217344677655,0.015224558268076779,0.015582858089369057,0.008115701715088653
0.75,0.24705913735735288,0.7427409285597555,0.010199934082891635,0.013689409501153802,0.013873115326262566,0.0031161384027872025
0.0,0.7402751481595201,0.0,0.25972485184047983,0.01389047843806633,0.0,0.013890478438066333
0.1875,0.5887200598744798,0.1829045527909013,0.22837538733461885,0.015297643916885765,0.01239970306973066,0.01299843526197858
0.375,0.48026667561578534,0.3692109052665668,0.15052241911764785,0.015889402171305203,0.014962966054357705,0.011525658659286475
0.5625,0.38366529967316376,0.5568333356292878,0.05950136469754835,0.01579731543629264,0.01585042871597462,0.007359883441508671
0.75,0.24507115545906807,0.7431477015593115,0.011781142981620455,0.013314289462391365,0.01357329585572665,0.0033511983660682917
0.0,0.7350117591815055,0.0,0.2649882408184943,0.013852862318903184,0.0,0.013852862318903182
0.1875,0.6215704916427237,0.18201506133555062,0.19641444702172567,0.015409430965992666,0.012449483162434837,0.012421593896053176
0.375,0.49156236279426535,0.36924104918533573,0.1391965880203989,0.01548410842885587,0.01496788449024708,0.010636330591696688
0.5625,0.3806598751465933,0.5571012880796586,0.0622388367737482,0.015631410402839174,0.01611063545980279,0.007843756350610742
0.75,0.24742593238054655,0.7427717922673562,0.009802275352097314,0.013987441862762132,0.01439299996968572,0.0031216655280374263
0.0,0.7397396705027,0.0,0.26026032949730005,0.013813083956782247,0.0,0.01381308395678225
0.1875,0.6220254387717433,0.1818244119507471,0.19615014927750957,0.015483660751278192,0.012303813896522506,0.012580221364977872
0.375,0.48742773731685884,0.3695740232552382,0.14299823942790288,0.015535054832971858,0.015140494650726699,0.010909874145484366
0.5625,0.37729845919113425,0.5573281654113493,0.06537337539751638,0.015655189041542898,0.01625540128682148,0.007692656314584903
0.75,0.2441371467937582,0.7420944723945191,0.013768380811722613,0.013323111677299795,0.013516399950264135,0.00367523120567336
0.0,0.7400821768417613,5.082762444258511e-05,0.25986699553379616,0.01456531994651089,0.00022380260635238345,0.014565476164366532
0.1875,0.604136295301213,0.18088173291184706,0.21498197178693976,0.014836483542667407,0.011651694680149876,0.01278641122115257
0.375,0.48855095090549416,0.3698927713430766,0.1415562777514292,0.015922022863429846,0.015085174690817583,0.011027710576373367
0.5625,0.38199310898612565,0.5585639936596931,0.059442897354181144,0.014962849324106986,0.015407463723256196,0.007289378299601281
0.75,0.23222826482987569,0.7419500441909844,0.025821690979139902,0.013328456643384244,0.013861963826101345,0.005097315712243995
0.0,0.740083457257544,0.0,0.259916542742456,0.013879126106099085,0.0,0.013879126106099083
0.1875,0.6311778565085521,0.1819509298434797,0.18687121364796822,0.015636705553316418,0.011871426966418793,0.012625376665158037
0.375,0.5103209575539155,0.37019745022634587,0.11948159221973864,0.014970300206559104,0.014076138240217072,0.009948004230310751
0.5625,0.37819194671035383,0.556994830756362,0.0648132225332842,0.014984131189218297,0.01533158828960797,0.007998392659408387
0.75,0.2479459526069787,0.7418143737699557,0.010239673623065599,0.014272175026120534,0.014409695288884292,0.0032649076204547844
0.0,0.7409836808195382,3.245134882464949e-05,0.25898386783163707,0.014224695694821607,0.00017858007443302123,0.014218514300428545
0.1875,0.6272594899690789,0.18205597821972413,0.19068453181119702,0.015258710381263519,0.012004896838111623,0.012359997437842595
0.375,0.49624534636623596,0.36913061459489566,0.13462403903886844,0.016147784972359306,0.01572025936307608,0.010810418621737308
0.5625,0.39444626706871805,0.5574585904196016,0.04809514251168034,0.015140579936069893,0.01543430292206913,0.007060326055906195
0.75,0.24143334244692594,0.7417475246859158,0.016819132867158377,0.013444161115958341,0.01393653722021838,0.004136011457844536
0.0,0.7392757909377664,0.0,0.26072420906223365,0.013976471209967645,0.0,0.01397647120996765
0.1875,0.6322012529461855,0.1815931888762615,0.18620555817755297,0.01508732903460247,0.011732004428102532,0.012170269527196608
0.375,0.47219445949555666,0.36901788952835674,0.15878765097608658,0.016240435020284404,0.01612549577368441,0.011244815485870856
0.5625,0.377065605245927,0.5569834589378403,0.06595093581623274,0.01498477220501621,0.015405424934904141,0.007770177770729514
0.75,0.2519558893441799,0.7418540678185096,0.006190042837310445,0.01357395824176066,0.013707926083543789,0.0025663155594947136
0.0,0.7354726673848326,9.737098344693282e-07,0.2645263589053327,0.013006007074990479,3.077600901514919e-05,0.013006019399879123
0.1875,0.6292535271349623,0.181970173324278,0.18877629954075967,0.01523893719238696,0.012268676011976128,0.01217198028698516
0.375,0.5028210070618977,0.3697580863686095,0.12742090656949284,0.015554312366169203,0.015117107822908326,0.010617529974302929
0.5625,0.38153551067584374,0.5563790771525668,0.06208541217158932,0.01486076422653384,0.015177544878931356,0.007745397524673981
0.75,0.24492528317573,0.7417160193086414,0.013358697515628546,0.013551301229889887,0.013793489387083377,0.003554228118118268
0.0,0.7402377398885744,0.0,0.2597622601114255,0.01393469437783357,0.0,0.013934694377833567
0.1875,0.6179028594961078,0.18182753316974282,0.2002696073341494,0.015341700741834241,0.012334352937476478,0.012537048902938604
0.375,0.5133873414495305,0.3685718774994551,0.11804078105101443,0.015632174762465093,0.014795727664223482,0.009887726112004143
0.5625,0.37851091360664196,0.557884004423086,0.06360508197027198,0.014798482452245215,0.01565095282412243,0.007777188790428826
0.75,0.2476766908418059,0.7428044816170861,0.009518827541107855,0.013908831072691651,0.014067733649681887,0.003134776678249056
0.0,0.735721266744837,1.2852919959768447e-05,0.2642658803352033,0.014068208433980232,0.00011202816601387832,0.014072242095221456
0.1875,0.6320350995627395,0.18251320271207377,0.18545169772518677,0.015653939558868114,0.01261699334092157,0.011949891608551673
0.375,0.4894999712405524,0.3703759168160378,0.1401241119434098,0.01555083956784534,0.015363231642397598,0.010411581331560862
0.5625,0.3754335518171849,0.5572966266669018,0.06726982151591318,0.01543556049439167,0.015891345129020497,0.007597602540641635
0.75,0.24337274988317056,0.7429339495441709,0.013693300572658525,0.01389883603623667,0.014201160082381988,0.0036017270967948992
0.0,0.7351842129281784,0.0,0.2648157870718217,0.01390243267643903,0.0,0.013902432676439029
0.1875,0.6199953118719517,0.18189075015735823,0.19811393797069007,0.015328588636451129,0.012417941050969881,0.01261123893533392
0.375,0.4869779379843748,0.36910194579725136,0.1439201162183738,0.015737892800704475,0.01545346583422001,0.010829934225778376
0.5625,0.37816698919014424,0.5566100621061506,0.06522294870370514,0.015391029812635208,0.01607466935981965,0.007954553182216627
0.75,0.24389266080595254,0.7421840822614868,0.01392325693256064,0.013754792874839555,0.01385478295694099,0.0036071313051538557
0.0,0.7404711940318072,0.0,0.25952880596819294,0.014232458573210382,0.0,0.014232458573210387
0.1875,0.6249974829023803,0.18106467055731967,0.19393784654029997,0.01539794495209648,0.011909690097518313,0.01247892342597113
0.375,0.492433382543972,0.37086097622864184,0.13670564122738613,0.015518173473118114,0.015005792793739143,0.010778266895856994
0.5625,0.38024058227062574,0.5566458923377318,0.06311352539164242,0.015866365358571125,0.016141228901169747,0.00813939721390314
0.75,0.2408293640005681,0.7420081165134186,0.017162519486013203,0.01377328167582248,0.014207950733944744,0.004220475116471313
0.0,0.7403884045170098,0.0,0.25961159548299023,0.013624532879669119,0.0,0.013624532879669122
0.1875,0.6272491940076834,0.18245476610435318,0.19029603988796345,0.015311040188967898,0.012186424424699898,0.013029681810822473
0.375,0.49700524009346503,0.3698093126945082,0.13318544721202677,0.015674033667483,0.015503041666131964,0.010468996604901904
0.5625,0.37884991880525043,0.5579485044871957,0.06320157670755398,0.014955462804592042,0.015183549296913335,0.007383674243457827
0.75,0.24323503581345343,0.7428733096201189,0.013891654566427622,0.013580492245357364,0.013655667475052737,0.0036616941590608297
0.0,0.735821449788805,8.035489742138035e-06,0.2641705147214529,0.013791159101472727,8.953668268809833e-05,0.01379433395828622
0.1875,0.6213005451690098,0.18225304122344635,0.1964464136075439,0.014711107732004153,0.01237189576177078,0.012115456923636629
0.375,0.4782123990150247,0.3700572159093018,0.15173038507567346,0.016259921627925573,0.01556896505735141,0.011619196590274277
0.5625,0.3868537168768523,0.5576115462053814,0.055534736917766205,0.01555742892745384,0.016017874707085593,0.00731216740183444
0.75,0.24865466153546828,0.7417335696030436,0.00961176886148802,0.014098442669409237,0.014338663661192047,0.0031558383816219877
0.0,0.7394711570509664,0.0,0.2605288429490336,0.014023720041744235,0.0,0.014023720041744235
0.1875,0.6187222021615064,0.18202420941175562,0.199253588426738,0.01508716200870757,0.0123889836078659,0.012661887059534815
0.375,0.4945513288269988,0.3704894066886277,0.13495926448437343,0.01479972116890446,0.014801198873829968,0.011021889223565961
0.5625,0.3718232432369413,0.5581233916395936,0.07005336512346512,0.015132449954305103,0.015613937154506551,0.008135211243486805
0.75,0.24480094421309598,0.7423757253816109,0.012823330405293088,0.013652731013777612,0.013671349341428456,0.003468641099354283
0.0,0.7401013244823481,0.0,0.2598986755176518,0.014418856031629313,0.0,0.014418856031629316
0.1875,0.6081284245190461,0.18092084899513103,0.2109507264858228,0.015633785745912336,0.012164396087499883,0.013204558860987288
0.375,0.5062315962739858,0.3689872233443972,0.12478118038161692,0.015443355851385017,0.015460782814299473,0.010842331088713427
0.5625,0.3788756517427252,0.5572377018228369,0.06388664643443791,0.015202593674825427,0.015435222442726626,0.008058368941599869
0.75,0.24790718894650646,0.7418830619807966,0.010209749072696945,0.013486272977735095,0.013886389512652407,0.0029532770492744255
0.0,0.7352954133768359,0.0,0.2647045866231641,0.013794683559018852,0.0,0.013794683559018854
0.1875,0.6236345016196434,0.18272856207322805,0.19363693630712853,0.015274584427770998,0.012567856465511607,0.012465068827074783
0.375,0.4974830361251061,0.3689540055603083,0.13356295831458567,0.01616115033775775,0.015337429056109013,0.010408060670198496
0.5625,0.37999585341378256,0.5570396085800915,0.06296453800612593,0.015158397319512124,0.01546818833160696,0.0075621310805049635
0.75,0.2481012970620421,0.7423273910618369,0.009571311876121062,0.013781906389182537,0.013733445468120161,0.002994049741711174
0.0,0.7354030072447877,0.0,0.26459699275521226,0.01365284753578917,0.0,0.01365284753578917
0.1875,0.6278632350037759,0.1830448369151407,0.18909192808108327,0.014925919377794174,0.011997636841742194,0.012421574204414115
0.375,0.4899734450338227,0.3702610702744258,0.13976548469175154,0.015436391692733992,0.015034164600183501,0.011283665942211463
0.5625,0.3780667412040401,0.5575166175534672,0.06441664124249273,0.01499254381404403,0.015902861881422547,0.00784513686821538
0.75,0.24485000950742947,0.7419727907589786,0.01317719973359202,0.013953500472459154,0.014409086260877935,0.003538787945094252
0.0,0.7408552591479223,0.0,0.25914474085207767,0.013664285884056606,0.0,0.013664285884056604
0.1875,0.6159178547361969,0.18149336302193422,0.20258878224186885,0.014585265674303693,0.011398437027156157,0.012705688053970161
0.375,0.5186130908674372,0.36912852645628,0.11225838267628271,0.015068807585698488,0.014765205196317823,0.010039385019493243
0.5625,0.3786003724284152,0.5564564245667732,0.06494320300481157,0.01547841116888228,0.015683562418954862,0.007685605402689499
0.75,0.24744520541581502,0.7418110261448378,0.010743768439347106,0.013333407988924883,0.013446285092443267,0.0034644540491685374
0.0,0.740493667955538,4.308412160815191e-05,0.2594632479228539,0.014251671645612808,0.00020339569070953233,0.014247960126633907
0.1875,0.6221612149733787,0.18182802613998478,0.19601075888663647,0.014982276065254426,0.011911626131330788,0.012501411373780686
0.375,0.4847326895020371,0.3698407114602381,0.14542659903772484,0.015714676511466543,0.014921634419309673,0.010917929822575096
0.5625,0.3596565598099131,0.5553091296135694,0.0850343105765175,0.01560934068148297,0.01590448500207838,0.008959907494972259
0.75,0.24679825074351283,0.7422975551975988,0.010904194058888365,0.013566313881448258,0.013926863261164166,0.003305309339219456
0.0,0.7404901802103271,3.615233454684179e-05,0.2594736674551259,0.013125771067207843,0.00019260072339752604,0.013120407412160919
0.1875,0.6195419485842012,0.18148219368686824,0.19897585772893053,0.015476136148363816,0.012286831675998961,0.012677912719031235
0.375,0.5145681372555134,0.3703049545480575,0.11512690819642901,0.0157308738911934,0.015181359601878754,0.010155430826415346
0.5625,0.3735326343843538,0.5570947287383261,0.06937263687732008,0.015546203956601905,0.016233994567443195,0.008164541896009223
0.75,0.241563365768307,0.7409114893929143,0.017525144838778647,0.013979381218831776,0.01440002444302713,0.0041986577928053055
0.0,0.7400334342491299,9.09858008913187e-06,0.2599574671707809,0.01344704153216452,0.00010595896073380496,0.013446732289519432
0.1875,0.6094349888074284,0.18245150723253953,0.20811350396003195,0.015909125807059752,0.012457910844679359,0.013187486202279495
0.375,0.4715223401940537,0.3699006631021444,0.15857699670380185,0.015933683097578397,0.01576864784847926,0.011300006584478873
0.5625,0.4004318619287312,0.5566581307583769,0.042910007312891955,0.015977524617068913,0.015965562591360068,0.006218147090691558
0.75,0.23739933146208628,0.7408845877843739,0.02171608075353982,0.013325763400480377,0.01370331009062868,0.004569066868128502
0.0,0.7358809409638329,1.979393155863744e-06,0.26411707964301123,0.013694415272646955,4.421825166124841e-05,0.01369481274495566
0.1875,0.6181969447935814,0.18255597083878383,0.1992470843676347,0.015800126645294756,0.012589626065448051,0.012899029580048545
0.375,0.498492692978582,0.36922201250544345,0.13228529451597457,0.015939162999177123,0.015161567817764168,0.010401372831758172
0.5625,0.3803349114656563,0.556931272076643,0.06273381645770079,0.015579692791419051,0.015820134829379807,0.007748641257878716
0.75,0.2443257423327912,0.7414547646284146,0.014219493038794172,0.013407342895763567,0.013618676565985718,0.00368316991956748
0.0,0.7354444674760777,0.0,0.2645555325239223,0.013951155614524273,0.0,0.013951155614524275
0.1875,0.624639597705891,0.1825014157099395,0.19285898658416942,0.015761674670571917,0.012308885576183424,0.012630810591010176
0.375,0.4722335233953661,0.36992880468188843,0.1578376719227455,0.01577072733010906,0.015799696880253632,0.011705943870722199
0.5625,0.3761191238597073,0.5571289390158728,0.06675193712441982,0.01577433981126007,0.016240454761672785,0.0078069839120305145
0.75,0.24783604356314884,0.741945666484751,0.010218289952100218,0.013601307229665922,0.01397102335844911,0.003204284848226564
0.0,0.7404439353561354,0.0,0.25955606464386466,0.013798845996550782,0.0,0.013798845996550782
0.1875,0.6290386810475851,0.18211734973324986,0.1888439692191651,0.015601994384166713,0.012366971660558584,0.012146853702038636
0.375,0.48656328612002997,0.37070712304618364,0.1427295908337864,0.015499150694259842,0.014760196707097046,0.010923642898126515
0.5625,0.3795437794515421,0.5565910173888714,0.06386520315958655,0.015573326351413501,0.01648939496241624,0.008166665516183558
0.75,0.24754662581830092,0.7428415319059535,0.009611842275745542,0.013452501753237159,0.013591778346302135,0.003200544641149983
0.0,0.735114812423777,0.0,0.264885187576223,0.013779755753998816,0.0,0.013779755753998812
0.1875,0.6194672159709259,0.1827585035490447,0.1977742804800293,0.01505359418081782,0.012557332419278325,0.012130226225116753
0.375,0.47345496603728976,0.37068175030450606,0.15586328365820423,0.01612121258451279,0.015317317503216816,0.011260268046113029
0.5625,0.3716484447349316,0.5580194936844853,0.07033206158058303,0.015557842773674141,0.016245795128799496,0.007961739243910176
0.75,0.24807050618808973,0.7421453322957263,0.009784161516183946,0.013450972285808719,0.01365412719096808,0.0031438492175598458
0.0,0.7392512964875357,0.0,0.2607487035124644,0.013895743835791957,0.0,0.01389574383579196
0.1875,0.6288659782295486,0.18228300760454352,0.18885101416590802,0.015810909275586878,0.01223410988445925,0.012635232224381631
0.375,0.474421780638493,0.37039512627047966,0.15518309309102737,0.01585855945942694,0.015312798630187982,0.01165412847475369
0.5625,0.38236624229828775,0.5573836258191761,0.060250131882535994,0.0149373164564369,0.015152396790409537,0.007551807106953371
0.75,0.25571472472017265,0.7423117579324152,0.0019735173474122072,0.013874414360663927,0.013829087141454054,0.0014487473700142916
0.0,0.7409335376327089,0.0,0.25906646236729114,0.013128704030638299,0.0,0.0131287040306383
0.1875,0.605247138871884,0.18252757518347787,0.2122252859446381,0.015636392393794666,0.01240551538888528,0.012909032917751348
0.375,0.4990965721348988,0.36966815025830607,0.13123527760679513,0.015978260122793846,0.015627946923807385,0.01039839883506989
0.5625,0.3907882026281197,0.5570466958273625,0.0521651015445178,0.015191062689666154,0.015642741238555843,0.00716201490929864
0.75,0.2512583405840898,0.7418244689272278,0.006917190488682395,0.013820538659477202,0.014049520638440598,0.0026563282986131957
0.0,0.7397076511193476,9.891196834817012e-07,0.26029135976096907,0.01402790770946021,3.126306751588351e-05,0.01402830210887623
0.1875,0.6302479218330946,0.18223598751764,0.18751609064926525,0.015525980862375688,0.012600495272554637,0.01215838493255764
0.375,0.4867286742263695,0.3699724330202706,0.14329889275335983,0.01603643457692964,0.015511916124840857,0.010947095509114399
0.5625,0.3748643219990363,0.5580243208168459,0.06711135718411772,0.015029943128389948,0.015636189122671524,0.007930970304829225
0.75,0.24581900591814412,0.7425919168902804,0.011589077191575512,0.013986857170964437,0.014053909309695233,0.003314055371924156
0.0,0.7396081674879388,0.0,0.26039183251206116,0.013766178809529739,0.0,0.013766178809529744
0.1875,0.6294923745031599,0.18270006557822763,0.18780755991861242,0.015042054262684401,0.011719995259899437,0.012565349172840976
0.375,0.47426336322968665,0.37081425087779996,0.15492238589251334,0.015628004411596987,0.014921527808429987,0.011383838934633494
0.5625,0.36990908276982665,0.55621659398353,0.07387432324664348,0.014821639949797993,0.015409600887297462,0.008204795048771968
0.75,0.2531348276621593,0.7424650491752866,0.004400123162554146,0.01382248979716173,0.013951750022063865,0.002065586407912343
0.0,0.7348964607015449,0.0,0.2651035392984551,0.0137458881173894,0.0,0.013745888117389396
0.1875,0.6219967200288559,0.1813184593352455,0.1966848206358985,0.015115675028007064,0.012290384686265516,0.012345720439118045
0.375,0.47342748396166734,0.3703845363321318,0.15618797970620085,0.015818725539697688,0.015269876595766856,0.011630400468009365
0.5625,0.38891694796122284,0.5558807401321907,0.05520231190658646,0.015001258536209532,0.015239393929222276,0.007242111073961912
0.75,0.2464813878563895,0.7434980136921936,0.01002059845141694,0.013237085600444695,0.013338232952905418,0.0030707028838273163
0.0,0.7399431604210147,0.0,0.26005683957898534,0.013215019675583268,0.0,0.013215019675583268
0.1875,0.6270836302767847,0.18175051746976406,0.19116585225345126,0.015886982388047952,0.012172625617919468,0.012416455041949848
0.375,0.49761754254875806,0.36938776398208445,0.13299469346915746,0.016248984149468983,0.01587577974436252,0.011354933365932966
0.5625,0.3884242131879429,0.556440393681717,0.05513539313034013,0.015483803677703354,0.01574120434351879,0.0072462087145375165
0.75,0.2424837045672389,0.7419442363093579,0.015572059123403195,0.013382147324688736,0.013731189282960587,0.003961632869518492
0.0,0.7405482953189526,0.0,0.25945170468104745,0.013432032125626707,0.0,0.01343203212562671
0.1875,0.6299556259263939,0.18094502648318525,0.1890993475904208,0.015535042567579161,0.012199254435800897,0.012278002947713003
0.375,0.47301634179827073,0.37024725775066814,0.1567364004510611,0.015454505457231805,0.015183121264573355,0.011631754020082489
0.5625,0.38033261466992985,0.5571727247248697,0.06249466060520055,0.01554597885458833,0.01586717791681721,0.007891186448317784
0.75,0.24508335419673835,0.742779772161594,0.01213687364166767,0.013592679191566402,0.013753582545850667,0.003342741011582713
0.0,0.7399857019922854,0.0,0.2600142980077146,0.014274386949731996,0.0,0.014274386949732001
0.1875,0.6328632398690192,0.1822197433808793,0.18491701675010144,0.014727969884888397,0.011511166247117614,0.011830114351220652
0.375,0.49095216334689495,0.3698266608487845,0.13922117580432053,0.015677837212297357,0.015573761889782413,0.01105096756161344
0.5625,0.3745933969123414,0.5563279999251735,0.0690786031624851,0.014488776462924595,0.015056330042362325,0.007897971312177177
0.75,0.24747056083595945,0.7426931473549906,0.009836291809049968,0.013713245215558079,0.013615094994759087,0.003157077092601046
0.0,0.7353595432643205,0.0,0.2646404567356794,0.014214467823684946,0.0,0.014214467823684945
0.1875,0.6011904707476985,0.18209821074796367,0.21671131850433784,0.015569723978173714,0.012165171997467535,0.013380747031477366
0.375,0.5077018293215859,0.3690684660955393,0.1232297045828748,0.016686435590841743,0.015594842268601363,0.01047075320008334
0.5625,0.3790983846604037,0.5579806463858646,0.0629209689537317,0.01528126581518457,0.01579457187537213,0.007936968946373423
0.75,0.25359594945399866,0.7418507956389209,0.004553254907080372,0.01342704987128263,0.013505096513634017,0.0022329966211571766
0.0,0.7354491076203744,2.602124038594821e-05,0.2645248711392396,0.013637731819504296,0.0001593512970185828,0.01363503564867765
0.1875,0.6014973227757078,0.1812019934854633,0.217300683738829,0.015142765548800091,0.01170011004680419,0.012624672445620324
0.375,0.4951628064528787,0.36983794932771125,0.13499924421940998,0.016502479324867713,0.015720239285319106,0.01094874123687559
0.5625,0.37023877395630184,0.5555974159309435,0.07416381011275468,0.015221492154426572,0.015812619520339282,0.008204055474019768
0.75,0.2465383868868489,0.7418292963016729,0.011632316811478187,0.013848988857359862,0.014103654839462812,0.003572049785231501
0.0,0.7351773383591406,2.204361036081409e-05,0.26480061803049854,0.014429597197633287,0.00014705480209324388,0.014424277401624793
0.1875,0.6097111241858698,0.18074903465672923,0.2095398411574009,0.015737991111604354,0.012158646783853871,0.01269843963372383
0.375,0.47489606465023293,0.36973586731540475,0.15536806803436234,0.01609691948771243,0.015412872027115795,0.011160425674516096
0.5625,0.3669207807460522,0.555728248066911,0.07735097118703683,0.014603900361442537,0.015364513466431947,0.008237181191148421
0.75,0.24378914445859498,0.7425496492081095,0.01366120633329538,0.013890676981941541,0.014189736343783559,0.0036097548879964287
0.0,0.7403633823184307,0.0,0.2596366176815692,0.013835594309686054,0.0,0.013835594309686056
0.1875,0.6288166665820899,0.18167738316500498,0.1895059502529052,0.014661294436595357,0.012207700290279571,0.012253369166720008
0.375,0.4952940162851128,0.3698216988978078,0.13488428481707948,0.015851882523225388,0.015351915177294478,0.010935746957451697
0.5625,0.3967963642810163,0.5572203993410108,0.04598323637797297,0.015861258815169765,0.015797551574820042,0.006565683279972085
0.75,0.24243120282804997,0.7427294421974211,0.01483935497452894,0.013644355183180763,0.013911681161326808,0.0037590125847489306
0.0,0.7402722593010803,0.0,0.2597277406989197,0.013880115205343919,0.0,0.01388011520534392
0.1875,0.6118828311120619,0.1821171192762084,0.20600004961172963,0.01443213749649721,0.012076411487587998,0.013152023722918398
0.375,0.47398914484294846,0.3692328151428986,0.156778040014153,0.0155007340305996,0.014955946197918032,0.011515140857062612
0.5625,0.3780230065884911,0.5590717040946863,0.06290528931682256,0.015409427132327626,0.01595159384374019,0.0076488805070745606
0.75,0.2553150578011615,0.7426363714533957,0.0020485707454429188,0.013824979124761601,0.013828983023743004,0.0015086284682406254
0.0,0.7394376290308154,0.0,0.26056237096918466,0.01388201439792937,0.0,0.013882014397929373
0.1875,0.616313627871179,0.18274748224877482,0.200938889880046,0.015416840099660045,0.012556722277579176,0.011963511957896019
0.375,0.4852401665467262,0.3696605526892734,0.14509928076400036,0.01573306930195665,0.015297507712100526,0.011060020612597064
0.5625,0.37816592454509546,0.5560537466473915,0.06578032880751304,0.015494087252843045,0.015727868581549762,0.00800452015474093
0.75,0.2478798194440321,0.74259980849139,0.00952037206457791,0.013839768402813053,0.013904933660669428,0.003144786647804145
0.0,0.7405026860376026,0.0,0.25949731396239734,0.013244050130807665,0.0,0.013244050130807669
0.1875,0.6131813419065725,0.18269199196777175,0.20412666612565575,0.015066638647362558,0.012373918769723217,0.012807190519773167
0.375,0.5000617312130954,0.3697243658574277,0.13021390292947693,0.01574743855003428,0.015537107894351029,0.010755498230773227
0.5625,0.37863089438007214,0.5566111737898534,0.06475793183007428,0.015490774031137172,0.01589510606061223,0.007780168580993915
0.75,0.24244889047198018,0.7424119660198726,0.015139143508147214,0.013647924424049473,0.014034935293077146,0.0036350570206726313
0.0,0.7351479906085455,4.8614938203008364e-06,0.264847147897634,0.013484548848764896,6.859034794452719e-05,0.013485856971402345
0.1875,0.6201083747561232,0.18250599869466494,0.19738562654921185,0.015276568153730095,0.012109774205404192,0.012649459692325974
0.375,0.4711947176853058,0.37019158760859355,0.1586136947061006,0.016162078113598804,0.01591267042102998,0.01176525792561439
0.5625,0.3783207980055648,0.5575033183694378,0.06417588362499743,0.015480168136137111,0.015679894167016546,0.007669853144110069
0.75,0.25571868367074524,0.7423219555077079,0.0019593608215469982,0.014974483272495773,0.015053413854241915,0.00140268164394195
0.0,0.7396019057934539,0.0,0.26039809420654614,0.013323257668718636,0.0,0.01332325766871864
0.1875,0.6175295517058309,0.18186999437696602,0.20060045391720296,0.015460969983007803,0.012055749815162733,0.012752042618526629
0.375,0.5123607382508415,0.369729957012398,0.11790930473676056,0.016207728356072256,0.015280745201831541,0.009907837060225
0.5625,0.3710509438720356,0.5557446704482657,0.07320438567969882,0.015887397956647377,0.01611440834343072,0.008459778815424531
0.75,0.24690963957853487,0.7429099963628923,0.010180364058572816,0.013210627828748666,0.013479255391913223,0.0032590042476309563
0.0,0.7349243805269332,5.987130483400532e-05,0.2650157481682328,0.013926654772274954,0.00023709714296621476,0.013927912510910426
0.1875,0.6225097734369357,0.1811130206096474,0.19637720595341687,0.015885968932398912,0.011618069031340831,0.012805543513647665
0.375,0.49671025698274435,0.36964322318330906,0.13364651983394663,0.016002390559020235,0.01503804469396188,0.011042896405294697
0.5625,0.39603612044974457,0.5568906324571101,0.04707324709314538,0.015133916628033105,0.015308263075077325,0.007002375042168798
0.75,0.251072733207878,0.7421736958189259,0.0067535709731960485,0.014087278134265175,0.014315183292723724,0.0026281604867457336
0.0,0.7411715509227338,0.0,0.25882844907726626,0.013924126067357368,0.0,0.013924126067357368
0.1875,0.6203736440914883,0.18255373597983457,0.19707261992867708,0.01533159115051727,0.011886395340092865,0.012546020075147163
0.375,0.4714989438043254,0.36938124533831196,0.15911981085736265,0.015467026564541696,0.01507201261253742,0.012132630381858796
0.5625,0.3753478054864821,0.5570030556944705,0.0676491388190473,0.015647687936724938,0.01596069406768417,0.007858721028947394
0.75,0.24737685446885666,0.7429105678708956,0.009712577660247548,0.01392677640901987,0.014049248236992095,0.0030760104287102883
0.0,0.7398036074644937,0.0,0.26019639253550636,0.013792849879997099,0.0,0.013792849879997097
0.1875,0.6227895365950681,0.18186664823965085,0.19534381516528113,0.015419744596724615,0.01232651685210752,0.01269680720794065
0.375,0.486494686955608,0.36996019832962695,0.14354511471476497,0.016245618999424075,0.0157781479449873,0.011029843185608752
0.5625,0.3679399570699203,0.5572806861964487,0.07477935673363112,0.015410410533330258,0.015890345846453765,0.008277297516040583
0.75,0.24818655713589505,0.7412081743936734,0.010605268470431526,0.013801154847517812,0.014106757856713358,0.0032645745540846563
0.0,0.735377740174663,5.503733476456638e-05,0.26456722249057246,0.013778367814789045,0.00023256035503437078,0.013773826351263719
0.1875,0.6285437772471169,0.18268500173579566,0.1887712210170875,0.015569889698250359,0.01227026479072341,0.012163030238545825
0.375,0.494385056327023,0.36868460468734576,0.13693033898563128,0.016453480257591503,0.015839649571888232,0.011325107659369421
0.5625,0.3887357970583255,0.5565421164656891,0.05472208647598534,0.015742489587509352,0.015913577536855707,0.007099370684595231
0.75,0.2461287986708402,0.7431472793804115,0.01072392194874838,0.013947679506069828,0.014016116335064974,0.0031642880564844104
