fixed rate,success rate,failure rate,error rate,success std,failure std,error std
0.0,0.6395476020725553,2.975374408855844e-06,0.3604494225530357,0.01472632750784902,5.4277638026749444e-05,0.014724897523286406
0.1875,0.5526560571411839,0.1763132996549286,0.27103064320388737,0.015781530993229473,0.012402482216692108,0.014096645987836326
0.375,0.45554527414677665,0.3642004088511852,0.18025431700203814,0.016068246163969065,0.015273361143957226,0.012311134138618942
0.5625,0.33116310314396935,0.5432225734886972,0.12561432336733333,0.014841141653261685,0.015693536277220234,0.010414891111746906
0.75,0.2643626016019343,0.7276609862908481,0.007976412107217546,0.014448876803233899,0.014605916179516185,0.0027093652386705157
0.0,0.6015432991135845,0.00033386877365778787,0.39812283211275784,0.016313056913367884,0.000560175801445654,0.016306527141775842
0.1875,0.5411059394351078,0.1742815166585365,0.2846125439063556,0.015295351537266225,0.012114468688905438,0.014115445823617496
0.375,0.44424871228276436,0.36532178769461265,0.19042950002262293,0.015673513509522546,0.015241298528383256,0.012042118724169477
0.5625,0.3534290992279318,0.5488054157469842,0.09776548502508398,0.015297002498420996,0.015550209694946545,0.009025437947228869
0.75,0.26697678936697267,0.7291386859410182,0.0038845246920092523,0.014959162038731075,0.015050286340593123,0.0019517538787207148
0.0,0.603886324448895,0.00011598512977526927,0.3959976904213296,0.01608350464631769,0.0003499388242860155,0.0160841683504784
0.1875,0.5540892321103472,0.17663847517889292,0.2692722927107599,0.015542356291173764,0.01222063645363309,0.013994673766546091
0.375,0.4515589446042276,0.36521039708113257,0.18323065831463978,0.015576392191778119,0.0153251040186777,0.012216485314946355
0.5625,0.3630771523567059,0.5494957389405551,0.08742710870273902,0.015257905054223616,0.015943721168981694,0.008950903843025446
0.75,0.24337777706481295,0.7313394191250584,0.02528280381012857,0.013362558512958842,0.013636256451978706,0.004960503868398018
0.0,0.639845102892868,1.9861932938856016e-06,0.3601529109138381,0.01513832482424008,4.436927145113221e-05,0.015140449503247102
0.1875,0.5092586639019999,0.17813591791011868,0.3126054181878813,0.016238297017240527,0.01210913800854248,0.014610529347726536
0.375,0.4353691555200362,0.36586008094663985,0.19877076353332396,0.01535718312143189,0.01552032987674002,0.012151888663797704
0.5625,0.35677722614151103,0.5487206611208285,0.09450211273766046,0.015205712257821104,0.015798452821221155,0.009124985675413472
0.75,0.26618152956843716,0.7288209100587564,0.004997560372806496,0.013801433523367638,0.013874514862752388,0.002253242344106498
0.0,0.6388076362792098,2.0149508748304024e-06,0.36119034876991524,0.01518853678988542,4.509921316627208e-05,0.015190814960129766
0.1875,0.54917406534159,0.17706104937917408,0.273764885279236,0.015324608068263969,0.011742115432197706,0.014019336080054378
0.375,0.4547578374838262,0.3639037706629481,0.1813383918532257,0.015706606358629735,0.015378578118908474,0.011703642522742995
0.5625,0.36117852863812266,0.550111282482704,0.08871018887917327,0.0148624316280777,0.015393586992453953,0.009226585589016262
0.75,0.24513659115340855,0.7304661607311981,0.024397248115393375,0.0131993756886317,0.013563645791703072,0.00481247872539509
0.0,0.6234439969826401,1.9522280552988365e-06,0.37655405078930454,0.015757867681215242,4.361010107560615e-05,0.015757482798846048
0.1875,0.5257240251950839,0.17694194415445452,0.2973340306504615,0.015753518163186184,0.012289042156177656,0.013898899315015024
0.375,0.4313522957660875,0.36234695328575856,0.2063007509481539,0.016087015757354668,0.014979530031400512,0.01287053052103363
0.5625,0.38283557494845705,0.5466412970822659,0.07052312796927702,0.015376160635053518,0.015530803716465702,0.007972401794019646
0.75,0.24860917571064142,0.7322122872945236,0.01917853699483514,0.013636564662909351,0.013721207812603867,0.004338217552120116
0.0,0.6015131679869482,4.453041007433869e-05,0.39844230160297744,0.015563390342915017,0.00020522570927867227,0.015565044088052957
0.1875,0.5108943836974775,0.17537686155832063,0.31372875474420187,0.015509573359895447,0.012146074142799968,0.014462254656330586
0.375,0.44673336001663744,0.3596124793864557,0.19365416059690688,0.01564461981835336,0.015622825377166446,0.013062315815674191
0.5625,0.36542353038598535,0.5504413047832396,0.08413516483077497,0.015353282353702907,0.01643088536592533,0.008544282048310408
0.75,0.25125780056848124,0.7285828894103719,0.020159310021146893,0.013117387617396606,0.013581437505964786,0.004719159847429425
0.0,0.6399408665106442,4.984409485810199e-06,0.36005414907986993,0.014889233275493212,7.032332198216803e-05,0.014890657669729466
0.1875,0.5354320855990715,0.17744963387162044,0.2871182805293079,0.015142417266868343,0.011841524410196941,0.013943060875499938
0.375,0.41398536549724735,0.35878604611099546,0.22722858839175714,0.01615599351968041,0.01533179658420932,0.013645405562725026
0.5625,0.3491731742330147,0.550188260566373,0.10063856520061225,0.014576995069093565,0.015392009636043775,0.009575226098945167
0.75,0.2610825936720598,0.7265504522211086,0.012366954106831635,0.013653963404265007,0.01367904135810811,0.0034987762344828384
0.0,0.6382337207934514,2.7073580511275043e-05,0.3617392056260373,0.015491801678349659,0.00016874025139636161,0.015491890086436673
0.1875,0.5530544060364443,0.17709070102773458,0.2698548929358211,0.015523255765535265,0.01179012999112956,0.014209143665779866
0.375,0.45996073359132206,0.363123369238215,0.176915897170463,0.016445189378781467,0.015462832582272629,0.012298054049136389
0.5625,0.3678904034989729,0.5467710378470713,0.08533855865395577,0.015489883160444272,0.01599023280176621,0.00916651871895547
0.75,0.24160545687992857,0.7311977123158312,0.027196830804240214,0.013511783456489028,0.014024748436326628,0.005088359259184171
0.0,0.6383287561053488,9.057376278116373e-06,0.36166218651837306,0.015263262309022044,9.510893017127758e-05,0.015266017284354963
0.1875,0.563117049757696,0.17570398036632148,0.26117896987598244,0.01520771955750182,0.01197262067565255,0.013473683446570451
0.375,0.4735045273333185,0.3631224941562497,0.16337297851043178,0.015981394625526578,0.015279243445496337,0.012151907224723252
0.5625,0.3514408754287898,0.5519204459250198,0.09663867864619051,0.014607195703984898,0.01598727262398255,0.009593166736229673
0.75,0.25077191227687706,0.7295213277533374,0.019706759969785444,0.013526729612973869,0.014028840578252372,0.004249075332749849
0.0,0.6395552489227403,8.640785946798093e-05,0.3603583432177917,0.01535611005448328,0.0002926810196002044,0.015344927846118833
0.1875,0.5456624115498491,0.17463491993807004,0.2797026685120808,0.015786639635355842,0.012463974195666737,0.014330782245716824
0.375,0.4426569101644641,0.36704552119676404,0.19029756863877179,0.01587758068043944,0.015451945668844138,0.01216523016484368
0.5625,0.3494997992831701,0.5497471787432557,0.10075302197357423,0.015524792436549915,0.016356915642459297,0.009355064173633442
0.75,0.24489448670679098,0.7306948594430455,0.024410653850163482,0.013000848314669414,0.013306084589254008,0.004941778088749624
0.0,0.640489084833021,1.5932388880422475e-05,0.35949498277809855,0.014699215830981776,0.0001249927366278011,0.014696593415376909
0.1875,0.5523942136083583,0.1764872377563871,0.2711185486352546,0.015716586375519457,0.01247571134014129,0.013848793526194988
0.375,0.44843040046999266,0.3638948418057281,0.18767475772427925,0.015703528445406977,0.014931617131315644,0.012155044339404234
0.5625,0.3705705420947663,0.5490447747341047,0.08038468317112885,0.015438446154249956,0.015618379725171758,0.008309461985757096
0.75,0.2632833604698212,0.7274155633693045,0.009301076160874337,0.01394729402327873,0.014039922075562622,0.0030579513791370544
0.0,0.6391674427948439,2.0341976863715995e-06,0.36083052300746965,0.015342199655304227,4.544774160858624e-05,0.015342622346076997
0.1875,0.5204510779768207,0.17863974947636246,0.3009091725468169,0.015960414687062528,0.012235538464384266,0.01523290891879092
0.375,0.45589388418621113,0.3629588712158535,0.1811472445979354,0.015916871949881083,0.015704920745258248,0.012667939414596189
0.5625,0.34116753130540706,0.5512522069758272,0.10758026171876557,0.015157001586066123,0.015679010640385346,0.009770511841814822
0.75,0.24501536930547616,0.7307691622663889,0.024215468428134865,0.013250547990517126,0.01388743557862945,0.004836369365401535
0.0,0.6393417953096721,0.00012125086754592333,0.36053695382278195,0.01519260765293561,0.00033611643101991146,0.015192004389864525
0.1875,0.5544175209088453,0.1734583752733686,0.2721241038177861,0.01572485967176432,0.012366198302774729,0.014087312051450102
0.375,0.4522670586577688,0.3639515504908421,0.183781390851389,0.015690897190910085,0.014901008985055126,0.012095774715716734
0.5625,0.32641156721778636,0.5493390279222199,0.1242494048599937,0.015010818469586833,0.015800511759982903,0.010602022433137803
0.75,0.24981927590507635,0.7300485393542029,0.020132184740720788,0.013541279215085545,0.014145660272345808,0.004626998695415316
0.0,0.6015864009507357,5.005243057698043e-05,0.39836354661868734,0.015635997717561186,0.00022735730745793812,0.015639634344185357
0.1875,0.5582856196895483,0.17625614591069616,0.2654582343997555,0.016039067836885783,0.012181137650976514,0.013738226345050855
0.375,0.4621277023746786,0.3620296807257533,0.17584261689956798,0.01546240943830408,0.015389834203185248,0.011698196827657789
0.5625,0.3627002311304034,0.5522856633679429,0.08501410550165373,0.014728894985384263,0.014963617033281423,0.008823625772403434
0.75,0.2465602770624841,0.7287910547685479,0.024648668168968102,0.013781025861374413,0.014146036073386725,0.004938782842675109
0.0,0.6379193010208944,0.00019297107573389282,0.36188772790337165,0.01403138439527953,0.0004427608767706665,0.01400494597274484
0.1875,0.5372835118877118,0.17406719426614314,0.288649293846145,0.015283437319041773,0.011613826416755877,0.014093693803392494
0.375,0.43185815033404235,0.3677256689552752,0.2004161807106824,0.015932030464582025,0.015580276726621331,0.0128472813602489
0.5625,0.3636389328380115,0.5521118128466503,0.08424925431533822,0.015523156565657201,0.01581377675707649,0.008732903829316845
0.75,0.24343755394541874,0.731932152214278,0.024630293840303262,0.013459906207362544,0.013958484065689877,0.00501490823394945
0.0,0.6386326839646921,0.0,0.36136731603530786,0.015661420752525825,0.0,0.01566142075252583
0.1875,0.5529342166898269,0.17525943552867992,0.2718063477814931,0.015661535614927252,0.012027048258247427,0.013882893681699305
0.375,0.4593568026903182,0.3626082576738937,0.17803493963578795,0.015815190331734508,0.01520832315783584,0.01194054570855141
0.5625,0.35150142665533873,0.553606357342188,0.09489221600247337,0.014752263114191545,0.015484787692078977,0.009124393809397639
0.75,0.24884254193559263,0.7299682299613826,0.02118922810302478,0.013637354755900123,0.01418531448715473,0.0044754509061011175
0.0,0.6386043151313135,9.784735812133073e-07,0.3613947063951051,0.014987354410736523,3.092657657393173e-05,0.014985364115889046
0.1875,0.5596054801460847,0.17694180804648338,0.2634527118074319,0.015307147241852512,0.011961814136659647,0.013761962963075984
0.375,0.4610687847703946,0.36400342800046886,0.1749277872291365,0.015414811740143173,0.015505900562056656,0.011910197567072355
0.5625,0.36232683642091706,0.54753425693895,0.09013890664013298,0.014994263528577864,0.015525846113431566,0.00929134863714837
0.75,0.2475706524977106,0.7285770157014176,0.023852331800871582,0.013723049819855174,0.014093438007214845,0.005097877015977297
0.0,0.6022504592162888,8.066746242157876e-06,0.39774147403746896,0.014777693590992683,8.984565172493177e-05,0.014780595528508675
0.1875,0.5440043181232413,0.1778076216514369,0.27818806022532183,0.015631858583345166,0.012084285525816344,0.013633090128205412
0.375,0.4630812430271312,0.3621571547584942,0.1747616022143746,0.015631111350322642,0.015065680245823132,0.012014026301842866
0.5625,0.35715169962225657,0.554934289207679,0.0879140111700645,0.014773501909023575,0.01539981876451929,0.008671261566994352
0.75,0.2549271232410068,0.727230184154451,0.017842692604542194,0.013495673721960125,0.01397419023149083,0.004089960537929552
0.0,0.6395193200487783,6.068116237632416e-06,0.36047461183498386,0.015226806330184207,7.813198455852942e-05,0.015227931931175649
0.1875,0.5186114297790712,0.17726329053343967,0.3041252796874891,0.015438647398982791,0.012660012142566434,0.014194513728074572
0.375,0.47067707826738364,0.3657769213267067,0.16354600040590964,0.016073489165563407,0.01548915618863085,0.011527970558187429
0.5625,0.36556069369063343,0.5459535332489576,0.08848577306040897,0.015083538763716297,0.01578152075144942,0.008928305433168896
0.75,0.25022400244304743,0.7279382836976911,0.021837713859261518,0.013917405828554621,0.014251566882159542,0.004447145415601281
0.0,0.6243109660555511,3.918692189279069e-06,0.3756851152522595,0.01547074083062754,6.185895407997304e-05,0.015470284104280412
0.1875,0.5437444389480255,0.17380853993234632,0.2824470211196281,0.0159251066956153,0.011622183887646841,0.014274339435647073
0.375,0.4156717442132881,0.3653421015226775,0.21898615426403445,0.015558367856112604,0.015368582366137655,0.012687477068658548
0.5625,0.3618202606745566,0.5520681525860955,0.08611158673934786,0.015686225007325215,0.016156129578266926,0.008727448824019317
0.75,0.24493239129209587,0.7306539182781193,0.024413690429784765,0.013816613170996965,0.014169375374835822,0.004829804013183496
0.0,0.6399148342487354,0.0,0.36008516575126454,0.015269814428627137,0.0,0.015269814428627135
0.1875,0.5528499625150255,0.176105489031609,0.27104454845336556,0.015305158426156703,0.011454219602102932,0.013869572148626504
0.375,0.4222082082135291,0.36173131449143886,0.21606047729503194,0.015644770760763822,0.015066143277735028,0.012930573737041167
0.5625,0.3495507817326478,0.5530842195358789,0.09736499873147328,0.01524833784723968,0.015785956008528664,0.009254823458562563
0.75,0.2611363775400097,0.730769185044957,0.00809443741503332,0.014187923760956978,0.014145429943724622,0.002789464597905942
0.0,0.6018569122375316,0.0001892647253962051,0.3979538230370722,0.015491876656888549,0.0004351959409388116,0.015507429035991874
0.1875,0.5397306824831455,0.17365658090336536,0.2866127366134891,0.01558073085499835,0.012338089499932111,0.014106942120848861
0.375,0.4496403020414363,0.36499582613780374,0.18536387182075992,0.01593425842914569,0.01550068808702631,0.012551149592793298
0.5625,0.33940731408035385,0.5489800236009982,0.11161266231864801,0.014933860256485146,0.016003148809385803,0.009620004605501007
0.75,0.24756631436790605,0.7317251003190213,0.02070858531307265,0.013788725815893873,0.013931096732044622,0.004572398963694939
0.0,0.6395783372311346,6.963362492197493e-06,0.36041469940637316,0.015794073402515072,8.299526728906466e-05,0.01579529289297794
0.1875,0.5086139935477552,0.1755032354735614,0.31588277097868345,0.015283539485608554,0.011953828874839707,0.014975407185054758
0.375,0.44162144019029925,0.364203251264395,0.19417530854530565,0.01599902578145146,0.014775536270472515,0.012760953353017577
0.5625,0.3524223792019937,0.5489209366785326,0.09865668411947365,0.014864045625991277,0.015728312377557205,0.009778357034657651
0.75,0.24836602860740511,0.7307369599632151,0.02089701142937975,0.013496424334618812,0.013807603068265723,0.0043885096498382506
0.0,0.6368761093089138,6.072868709196899e-06,0.363117817822377,0.015284681570360035,7.818496733089546e-05,0.015285829696149882
0.1875,0.5495388593508833,0.17668602093308988,0.27377511971602675,0.0160674213362839,0.012302797346548667,0.013878381026472375
0.375,0.4234525665932122,0.3618865120815533,0.21466092132523454,0.015332110875939959,0.015300570810446106,0.012683797863732754
0.5625,0.3501274008447752,0.5517844088024295,0.09808819035279522,0.015502328606564827,0.015974638971884614,0.00911138855978684
0.75,0.25109583725935514,0.7288197623368238,0.020084400403820965,0.013674901236260738,0.01412331563213796,0.004421300367354331
0.0,0.6387423940882926,0.0,0.3612576059117074,0.015923470171451216,0.0,0.015923470171451213
0.1875,0.5584545917026021,0.17403272979990153,0.2675126784974964,0.015699929334487092,0.012562464890637393,0.013970359228197237
0.375,0.4557707344955305,0.3594765346336271,0.18475273087084232,0.01575782211292962,0.015582358545707905,0.012458020899119031
0.5625,0.34252260993064737,0.5498105806065635,0.1076668094627893,0.014773358512798311,0.015318647513220365,0.009958422106061307
0.75,0.2553482292030393,0.727498171109708,0.017153599687252538,0.01408162922666725,0.014441018318856884,0.004207076288071545
0.0,0.6016714617215148,5.0122445245262355e-06,0.39832352603396065,0.01606989697827711,7.074385956729868e-05,0.01607289492698818
0.1875,0.5595531855586658,0.17645697374617408,0.26398984069516007,0.015104460380936475,0.01160339200794831,0.013265305602546197
0.375,0.4334058396888081,0.3604543121950003,0.20613984811619165,0.01583745703092032,0.015507901189525575,0.013271032861329482
0.5625,0.36003605607858724,0.5513911517319314,0.08857279218948122,0.015379280833439774,0.015598097732806116,0.009330729942519005
0.75,0.2680666066229915,0.7269261747428825,0.005007218634126007,0.014061228431590382,0.0140663841888234,0.002179271061125467
0.0,0.6396072116777027,1.2038870799617526e-05,0.3603807494514977,0.015420242880519505,0.0001092597557113697,0.01542081614112229
0.1875,0.5559239061919498,0.17783764807472865,0.26623844573332156,0.015449622281244569,0.0116909545650293,0.01330007830861573
0.375,0.4227372956175751,0.36833873610921297,0.20892396827321183,0.01621575577403867,0.015447910527104983,0.012766352586782204
0.5625,0.3607310989443951,0.5477330491134177,0.09153585194218714,0.014766875779667801,0.015402037359584647,0.009862544503934896
0.75,0.24838445851364618,0.7296110304407566,0.02200451104559716,0.013511551774385427,0.013998146532775943,0.004782849661192456
0.0,0.63892466770396,4.007077373366707e-06,0.36107132521866675,0.015328376861342337,6.327992517028287e-05,0.015327171859016837
0.1875,0.552036620202113,0.17580926869959249,0.27215411109829446,0.01555266494254535,0.011683708201921014,0.01407838221346811
0.375,0.4754299257550322,0.3651634983688358,0.15940657587613202,0.015936063747426753,0.015135122864276705,0.011561247317892641
0.5625,0.35190003042928186,0.5528042472836746,0.0952957222870436,0.015100265716331676,0.015715193022532045,0.009042320566292372
0.75,0.24303178743715131,0.7306787183653213,0.026289494197527404,0.013451089743301524,0.01376830088076188,0.005134991444741905
0.0,0.6399362796649734,1.1025522270706809e-05,0.3600526948127559,0.014882922880003572,0.00010459130837150299,0.014887526123355909
0.1875,0.5522824529651592,0.17686794542405693,0.270849601610784,0.015593490775590038,0.012186516243469534,0.014127382219492243
0.375,0.391103336956009,0.3612804792770154,0.24761618376697564,0.0153199841109455,0.01451878466174105,0.01368248758053354
0.5625,0.3359168998746381,0.5517626418586266,0.11232045826673534,0.01542653373787751,0.01614424167570528,0.009786983875992247
0.75,0.26265112141034147,0.7300843739089334,0.007264504680725099,0.014190758653689154,0.01428431552832924,0.0026771387541576386
0.0,0.638091319913111,8.964799083108753e-06,0.36189971528780585,0.015337194806179068,9.407981995195043e-05,0.015335864775394283
0.1875,0.5177245305609044,0.17591787686106408,0.30635759257803136,0.01591537395943758,0.011713447563361231,0.014777586904637688
0.375,0.45562833471762954,0.3603338044857419,0.1840378607966285,0.01586948938507983,0.015188990844627997,0.012490120645138273
0.5625,0.35592535704303363,0.5513984110147455,0.09267623194222083,0.015226561554647832,0.01582793662288707,0.009085015622200938
0.75,0.2484974323062401,0.7299868433362681,0.021515724357491946,0.013721079623997502,0.014168930967828692,0.004647689453480178
0.0,0.6015837578683458,0.00013272405778783726,0.39828351807386614,0.015386031270780696,0.000350708747329264,0.015403186750884755
0.1875,0.5547485635879743,0.17565759645493273,0.26959383995709285,0.015897035301971858,0.012540969388781967,0.013732423912798315
0.375,0.45858432975275004,0.3635958563487004,0.17781981389854962,0.0157577161710159,0.015411846441216374,0.012002828672996128
0.5625,0.32566357131710577,0.5565007882166214,0.11783564046627273,0.014973034835128345,0.015777276534680407,0.010194464552617948
0.75,0.24003568406757075,0.732909466311545,0.02705484962088428,0.01325638236917135,0.013602246075791318,0.005124052501863257
0.0,0.6376794491410417,9.970089730807576e-07,0.3623195538499852,0.015854422715316226,3.151242398659842e-05,0.01585385260079529
0.1875,0.5219085074367518,0.06765977995064032,0.41043171261260797,0.015813317376192425,0.007881121012235441,0.015803313618772803
0.375,0.45175903599199,0.3651865098511897,0.1830544541568202,0.015407071792152413,0.01471454970579275,0.012325013040436612
0.5625,0.3537681409925107,0.5507604625683834,0.09547139643910581,0.015092008493140435,0.01565943276211679,0.009374991762827753
0.75,0.2527420681635866,0.7286427090561276,0.018615222780285722,0.013683400809722782,0.013875506934759287,0.004181584499818926
0.0,0.6395742664069212,4.5438147404331675e-05,0.3603802954456745,0.015597914497894367,0.0002114357195987864,0.015590367904540305
0.1875,0.5535618785841084,0.175608537652245,0.27082958376364663,0.015157197573611095,0.012324806277348539,0.013555704765167943
0.375,0.4700614173911082,0.3618958419877125,0.16804274062117935,0.016359153102055084,0.015433033888454191,0.011764177581754541
0.5625,0.36050479439713773,0.54377368632815,0.09572151927471219,0.014637534912478349,0.015453720426446637,0.009214653504993137
0.75,0.2518081483546734,0.7293835567769852,0.01880829486834142,0.013255981055692794,0.013567857481368928,0.004365704026734384
0.0,0.639906648134511,1.027749229188078e-06,0.36009232411625974,0.014774789385862646,3.248403007046066e-05,0.014775423523521148
0.1875,0.5528646010288056,0.1748311388545488,0.2723042601166456,0.0145675710850871,0.01169629995962906,0.01370719634951683
0.375,0.4155284512196737,0.36139430149110524,0.22307724728922101,0.015424174325630759,0.015666233649270098,0.013374183715253864
0.5625,0.3803898686535647,0.5467892152333725,0.07282091611306274,0.015065624217217716,0.015615983973722963,0.008117830187512338
0.75,0.26298478072212095,0.7309326380601837,0.0060825812176953185,0.01392811385323466,0.01399021484963055,0.002393967133204985
0.0,0.6384701589932497,3.0620469636396436e-06,0.36152677895978663,0.015553529387579486,5.5857345258144425e-05,0.015555944941413748
0.1875,0.5602913283932687,0.17842739206173183,0.26128127954499947,0.01623307702346069,0.012150235375138027,0.014075501513170125
0.375,0.4465026120276992,0.3597788710393279,0.19371851693297293,0.016425519547394768,0.014909515930445894,0.012163764209770484
0.5625,0.3631874631961673,0.548711259251211,0.08810127755262165,0.015472991946038558,0.015312964525445685,0.00870775326613211
0.75,0.24095819648224073,0.7301424115495607,0.028899391968198514,0.013341901591934656,0.014098423333009915,0.005334840658129616
0.0,0.6371504315204438,2.0053470348270558e-05,0.36282951500920796,0.015326084530288935,0.00014707640170249077,0.015318987195828682
0.1875,0.5494332206956155,0.17613045904431848,0.2744363202600659,0.015515610125595042,0.011961569665077098,0.013564634066846486
0.375,0.4589890057224924,0.3636223868464125,0.17738860743109508,0.01600499413866855,0.01580225372862927,0.011652201829285667
0.5625,0.349554066193487,0.5498700826326947,0.1005758511738184,0.01546023622975795,0.0163548266040445,0.009366087065912894
0.75,0.2473628116648103,0.7312756635605197,0.021361524774669988,0.013345543537733739,0.013661902163974256,0.004634719637538865
0.0,0.6015462171368062,2.3936037311238476e-05,0.39842984682588256,0.014956406730157192,0.00015269849770066973,0.014962192644037699
0.1875,0.5537862929954586,0.17796787121972216,0.2682458357848193,0.016189765440589584,0.012298468087795403,0.014382949732055977
0.375,0.4041080337982217,0.367609558483453,0.2282824077183253,0.015287310619905356,0.01573254868870399,0.013740944398865975
0.5625,0.3492659866653859,0.54450815883008,0.10622585450453409,0.015146323864723083,0.016033288547042272,0.009882821905172541
0.75,0.2667962579271656,0.7284488401702204,0.004754901902614003,0.013705038227237214,0.01380240126912839,0.00210900612888733
0.0,0.6396490308299995,4.772048177236548e-05,0.36030324868822816,0.015046477604628966,0.0002212232779964514,0.01505148231068947
0.1875,0.5383176540595672,0.17690696991789945,0.28477537602253333,0.015471517009253396,0.011985407955122087,0.013704234771412586
0.375,0.4645565004079365,0.36598661257335197,0.16945688701871156,0.015352138833167439,0.015009736452251517,0.011774380026469994
0.5625,0.3512448131373117,0.5486804862520044,0.1000747006106839,0.014890580283182991,0.015597658707656708,0.009473457075374532
0.75,0.25039020896843106,0.7287649369365289,0.02084485409504004,0.014171045294784123,0.014390670690588447,0.00449991131728845
0.0,0.6396210580856742,0.0,0.3603789419143259,0.015424825338709763,0.0,0.015424825338709765
0.1875,0.5528133156776404,0.17961911083139442,0.26756757349096516,0.015630039079024004,0.012518849019819629,0.014329484830593198
0.375,0.47461497557300814,0.3683666520400135,0.15701837238697838,0.015828912674360804,0.015189200700254965,0.011416613799400451
0.5625,0.37849064798413395,0.5458413201551223,0.07566803186074372,0.015829407306653713,0.016554158889000564,0.008315524062718673
0.75,0.2497097579966621,0.7311327014684896,0.019157540534848225,0.013988338224047521,0.014275359071186676,0.004286547951002433
0.0,0.6020064048711649,7.012519722256075e-05,0.39792346993161265,0.015305703467326688,0.0002712242983912883,0.015288672925929852
0.1875,0.5335761313312503,0.1794743888802232,0.28694947978852653,0.015651391480186367,0.011692016126423945,0.01443497354753108
0.375,0.44349915857043243,0.3674156705536556,0.18908517087591195,0.015484356828184345,0.015272517289617722,0.012643748987867194
0.5625,0.35895688749116256,0.5460383967549827,0.09500471575385495,0.015430545971314012,0.016344010766759644,0.009429591132697155
0.75,0.25023585029027234,0.7285740916520258,0.02119005805770182,0.01363073827176334,0.013773311683880714,0.004740723263524052
0.0,0.6386588534518469,0.0,0.361341146548153,0.015654931075402823,0.0,0.01565493107540282
0.1875,0.5501672659863753,0.17550665320293682,0.2743260808106879,0.01568450929480438,0.011930879390201106,0.014988585753373614
0.375,0.44341627099599834,0.36098734730172544,0.19559638170227622,0.015721770480614936,0.015340201567236951,0.0120518923843621
0.5625,0.3394223440050582,0.5459393389119827,0.11463831708295913,0.014797862307236948,0.01566346851074169,0.00966411798481393
0.75,0.24796472748072376,0.7308699043006361,0.021165368218640096,0.014049048110282587,0.01418658263312935,0.004479835147131951
0.0,0.6394218303560116,0.0,0.3605781696439884,0.014949956722829446,0.0,0.014949956722829448
0.1875,0.5563679111849051,0.17465851384685402,0.268973574968241,0.016037753555228917,0.012257092571942388,0.014423549125782392
0.375,0.4281326243891092,0.3606627403263461,0.2112046352845447,0.015728386088167543,0.015016815281142534,0.01300678996136356
0.5625,0.3607528074256147,0.5504352447298829,0.08881194784450225,0.015554219251310447,0.01565848228168262,0.008685384577588776
0.75,0.26530936451356646,0.7304163342955177,0.004274301190915839,0.013550447773739597,0.013531327144800097,0.0020738516658334615
0.0,0.6385590560515668,8.02788998875903e-06,0.36143291605844435,0.015132690673578912,8.942786742042539e-05,0.015128106223422085
0.1875,0.5539871238476199,0.17601352304498424,0.2699993531073957,0.016086430427664042,0.01174991354366096,0.014794413552113904
0.375,0.4251858428347784,0.36790619318938683,0.20690796397583483,0.015509660223450236,0.015072710154543811,0.012539999023177067
0.5625,0.35439322559213976,0.5504786523068652,0.09512812210099503,0.01576701529835511,0.015846131922384408,0.009500825910140558
0.75,0.26215327944880357,0.7296686060605357,0.008178114490660623,0.013886998179505415,0.014021926407977626,0.0028542415197219118
0.0,0.6026683466076463,6.307157047558412e-05,0.39726858182187813,0.01504259557444286,0.00025107391806618426,0.015045947027280624
0.1875,0.5586366083612585,0.1789025507495643,0.26246084088917726,0.015977078897309156,0.01235755469908168,0.014230600911780017
0.375,0.43679644676577345,0.3614800689554854,0.20172348427874112,0.015169380187340382,0.015248324947093878,0.01264544020528057
0.5625,0.35355653867351383,0.5512824981873161,0.09516096313917,0.015103286464895277,0.01556132923233211,0.00955796488881512
0.75,0.25306143201431663,0.7275536265141502,0.01938494147153317,0.013585135014450923,0.013760465426770844,0.004314807894815331
0.0,0.6392195511072557,7.072572606292464e-05,0.3607097231666813,0.015407007662699222,0.00026744677709531086,0.015416466335590526
0.1875,0.5338886782129219,0.1782992941809925,0.2878120276060857,0.015587611826049787,0.011936625363542909,0.013891600522908231
0.375,0.4375644876683066,0.3621589495668491,0.20027656276484435,0.015501280366262353,0.014556532506795321,0.012657404043342107
0.5625,0.355784641264573,0.5486862385793851,0.09552912015604177,0.015309912531024091,0.015808469525848877,0.009503946072947845
0.75,0.2623212073111766,0.7293796731580269,0.008299119530796468,0.013982969386112081,0.01430153499896064,0.0028153610050930707
0.0,0.639887343596674,2.0232929425249717e-06,0.3601106331103834,0.015459377604411646,4.5197224606269376e-05,0.015459518496826152
0.1875,0.5500453626436452,0.17477066414232048,0.27518397321403426,0.015820341269165063,0.011889305214719165,0.014024569387015332
0.375,0.4734584591615042,0.36269828101003393,0.1638432598284619,0.015632880442861676,0.015641592741977,0.011491216899664135
0.5625,0.36155595276990793,0.5513256706610188,0.08711837656907327,0.014889554224814153,0.01515897189419161,0.008636153807141162
0.75,0.24499162153042603,0.7286753026051367,0.026333075864437294,0.013488681896031338,0.013767013251774075,0.004911781171827521
0.0,0.6018549211643185,1.5004670129697614e-05,0.3981300741655518,0.016004622413216794,0.00012161763560922291,0.016005429323098883
0.1875,0.5410364710594537,0.17700445212014376,0.2819590768204024,0.015588675575255787,0.012211630042441923,0.013906594179667517
0.375,0.46334830314746234,0.3628022723312567,0.17384942452128097,0.015521532610532246,0.014830055031271404,0.012084662191246874
0.5625,0.36363166446446865,0.5457627499470312,0.09060558558850017,0.014989657449899468,0.01583358136024045,0.008896084125878981
0.75,0.24247321374907368,0.7302752845332189,0.027251501717707596,0.013231767947385514,0.013472431712151746,0.005094495661579516
0.0,0.6382716638459339,9.970089730807576e-07,0.361727339145093,0.015397781771144611,3.151242398659843e-05,0.015397156400999899
0.1875,0.5590072230459063,0.17904064513513793,0.2619521318189557,0.01579521845579509,0.01189765133650017,0.014072135649968242
0.375,0.4474022796793869,0.36285440262915847,0.1897433176914547,0.015112337730347784,0.015284796606657429,0.011928679784480232
0.5625,0.3549486825072426,0.5486497219247947,0.0964015955679626,0.015312150945888486,0.016014982354645876,0.009380081486163852
0.75,0.25154201218103855,0.7301942731151038,0.018263714703857598,0.013082414266249686,0.013290757256420274,0.00430911373527087
0.0,0.6388953759473095,3.580884755141383e-05,0.361068815205139,0.015472000141171461,0.00018536898059588454,0.015476910068955558
0.1875,0.5524929756713032,0.17537855694910648,0.27212846737959034,0.015157664974184817,0.011426482412401767,0.013620195136610643
0.375,0.4576328779750107,0.3627358594810954,0.17963126254389394,0.01515220884550059,0.014843876101311571,0.012231450090646407
0.5625,0.3490325973824173,0.5522507583869986,0.09871664423058406,0.014671316587237247,0.015255013076477449,0.009068590833139187
0.75,0.24550393680435548,0.7307957109903835,0.02370035220526094,0.013738601892736941,0.014094214937014493,0.00509900889135313
0.0,0.638422913264568,1.0985112771781138e-05,0.3615661016226601,0.01573936719764317,0.00010419996363635605,0.015736937641325593
0.1875,0.5493939948210073,0.17589030913165282,0.2747156960473399,0.01559341212818815,0.011980167446756746,0.014357304186902713
0.375,0.46145284731210223,0.36227379737261595,0.17627335531528188,0.015802678143368075,0.015607215023166476,0.01224108680354426
0.5625,0.35476234408409946,0.5519473883672023,0.09329026754869826,0.01537994512211975,0.015440991830581412,0.0094453596015738
0.75,0.26058382058996976,0.7288888475778508,0.0105273318321793,0.013526400340697554,0.013771727268995577,0.0030683853489258655
0.0,0.6394879799500364,0.0,0.3605120200499637,0.01497183338143324,0.0,0.014971833381433238
0.1875,0.5578826045291674,0.17379063221940547,0.2683267632514272,0.015873658247617946,0.011747972556945924,0.013642798744073564
0.375,0.46450269200635114,0.3674615116011968,0.16803579639245209,0.01554575777556614,0.01503251832502719,0.011596007823568717
0.5625,0.3550652907492789,0.5471809812295084,0.09775372802121271,0.014763486286399905,0.015448436108493403,0.009232700394579643
0.75,0.2651863063041402,0.7290001200113284,0.00581357368453139,0.014368373461356455,0.014396459224378436,0.002428012136290315
0.0,0.638909583108279,1.8880148589284752e-05,0.3610715367431318,0.015647583581766454,0.000135715949647661,0.015646609817429647
0.1875,0.5345066052884617,0.1721576212499121,0.2933357734616262,0.01608811061744387,0.01206030396437378,0.014559398373369087
0.375,0.4543446761775187,0.36301688328348797,0.18263844053899328,0.015441646183020902,0.01489416083343263,0.012238674942146336
0.5625,0.34618203679579995,0.5516706545742207,0.10214730862997924,0.01429396248728494,0.015328375861098614,0.009751027238718655
0.75,0.2460812943898242,0.7305619004193594,0.023356805190816367,0.013531900304125157,0.013969422606589416,0.004698187731399151
0.0,0.6403467021414727,0.00010982456679977213,0.35954347329172753,0.014828827513285094,0.0003280935708412575,0.014835182506048676
0.1875,0.5604528157646992,0.1765785726694796,0.2629686115658213,0.01576939824731288,0.01200636759270079,0.013841278504549588
0.375,0.45586524665359035,0.36643982673078984,0.17769492661561984,0.015312288883061931,0.014927346470977444,0.011858782349204953
0.5625,0.3553175840333014,0.5469382968388461,0.09774411912785243,0.014729381322233292,0.015380159073223529,0.009492785823531413
0.75,0.24971832175758396,0.7294323673812657,0.020849310861150272,0.01370356840517278,0.014071843138268725,0.004332203395251437
0.0,0.6395328703938931,6.108316231582962e-06,0.36046102128987534,0.015617907523473694,7.863694944595279e-05,0.015623020499498161
0.1875,0.5603860336925418,0.17971534006885026,0.2598986262386079,0.015531410730521054,0.01254760835239651,0.013644437120819737
0.375,0.45497086940075737,0.3582991246302037,0.186730005969039,0.01638560200126807,0.015439738675766078,0.012300311174236207
0.5625,0.34748776642835544,0.5473678027723424,0.10514443079930218,0.015263393677872739,0.016490919661707473,0.010099082961468867
0.75,0.24875953559755914,0.7303440729978349,0.02089639140460597,0.013269996082632789,0.013645135769515891,0.004449839257142758
0.0,0.6387085600798649,7.94497777343767e-06,0.36128349494236156,0.01531109529752984,8.852330459088393e-05,0.015311522777095285
0.1875,0.5293717419301737,0.17499889104097924,0.295629367028847,0.015647909502772245,0.012347290394742914,0.014636700919504765
0.375,0.44847670936255607,0.3651473074126365,0.18637598322480745,0.015326281652486722,0.015033400237102673,0.011810923793158366
0.5625,0.3570148040705911,0.5473500967343216,0.09563509919508728,0.014933604034525769,0.015424694938880955,0.009047384424837681
0.75,0.24666021118746143,0.7304625048645651,0.022877283947973632,0.013357571837955474,0.013571113327783917,0.004889814017608517
0.0,0.6017124174438281,5.4151492740572435e-05,0.39823343106343145,0.015631637318259346,0.00023596184637572138,0.015625237426752724
0.1875,0.5559172254268286,0.17493489012110564,0.26914788445206567,0.015079905179202971,0.011703605976543203,0.013617903045565195
0.375,0.4330134906313375,0.3616941632129468,0.20529234615571573,0.015125561047407095,0.015009715475493252,0.01282632232263947
0.5625,0.3504385117485577,0.5455480725691423,0.10401341568229996,0.015230195115158482,0.01603892510368949,0.009780474679696081
0.75,0.2477519186542065,0.7290633360426837,0.023184745303109756,0.013593481459887055,0.013890663844188389,0.004771840610445643
0.0,0.6389726211125382,0.00023803582394509617,0.36078934306351673,0.014302208891877936,0.0004910241179527365,0.014270844743026022
0.1875,0.5395004239993249,0.17485650689273172,0.28564306910794335,0.01629912337578272,0.012032516764150401,0.014724219315435725
0.375,0.4175887479954596,0.368218643088251,0.21419260891628938,0.015597767647765019,0.015498861702903335,0.012765933798050452
0.5625,0.34743612277699654,0.5521141853913922,0.10044969183161134,0.015535986270034129,0.01636490333745622,0.009586453591014558
0.75,0.24808164255938253,0.7285604281394039,0.023357929301213477,0.013664755159336989,0.013922423440029896,0.004671036278393821
0.0,0.6403506883295529,2.3971227682631156e-05,0.35962534044276445,0.014919976110882372,0.00015294498509174469,0.014916349406876958
0.1875,0.5287719020260165,0.17668269148115545,0.29454540649282795,0.015887353850816303,0.012198037275270888,0.01445531601503125
0.375,0.4602749243311008,0.3656032377087232,0.1741218379601759,0.015678361263835768,0.014799110629744722,0.012193320993634321
0.5625,0.35319397347907866,0.5491053718341434,0.09770065468677785,0.01523882161847659,0.015428611041498385,0.009204206235161116
0.75,0.2625741304243005,0.7319009262980986,0.005524943277601029,0.013940303077516177,0.014010209526206628,0.0022434317649228405
0.0,0.6024701935434053,2.2081652973416187e-05,0.39750772480362134,0.0160512452810828,0.00015415732959618426,0.016047225790094145
0.1875,0.5569990151804884,0.17630665465197498,0.2666943301675367,0.016275261148834503,0.012190043134656828,0.014175774494821564
0.375,0.45672456384112614,0.35993697931921526,0.18333845683965866,0.015255700996633207,0.015227449285034245,0.012679381482186737
0.5625,0.35367857404607417,0.5482155119659872,0.09810591398793875,0.015136745784579818,0.015340624287250667,0.009132773695216048
0.75,0.24941778196121667,0.7309232692838213,0.01965894875496194,0.01324318711531193,0.013590945086866014,0.0043312769914757845
0.0,0.6377875853220207,9.92063492063492e-07,0.3622114226144873,0.015233708230689987,3.135611235968077e-05,0.015234845876109543
0.1875,0.5557401339600949,0.17683924468476983,0.26742062135513517,0.015622893952314268,0.011876828551129672,0.013985226618687268
0.375,0.4618661133016,0.36024254345152135,0.17789134324687875,0.01572819867100569,0.014599304421319499,0.0118474142309296
0.5625,0.3556087298029914,0.5518995776555219,0.09249169254148673,0.014904482909164338,0.015603365373459212,0.00922726551123779
0.75,0.2524257735897344,0.7294372152086548,0.018137011201610775,0.013590971305648512,0.013884772186218815,0.00429123279628269
0.0,0.6392597685694155,6.081733728973612e-06,0.36073414969685563,0.015476350410822692,7.829636129944187e-05,0.015471879672454399
0.1875,0.5528231541420906,0.17576595712768459,0.2714108887302248,0.016515547069600435,0.012616749406500288,0.013876521806046012
0.375,0.4455889961176829,0.35860764936983924,0.19580335451247782,0.0156867376105546,0.01547695872512835,0.01245209228235499
0.5625,0.3440472391227344,0.5522659431499669,0.10368681772729878,0.014669273724845163,0.015547844514341328,0.009631100680953053
0.75,0.24392930857673867,0.7330840188574073,0.02298667256585393,0.013733311634605805,0.013941696673536548,0.0047571684809833
0.0,0.63717292042238,0.0,0.36282707957762006,0.015226992459342201,0.0,0.015226992459342207
0.1875,0.552939867918248,0.1751383558511904,0.2719217762305617,0.01595561782302132,0.012484291705750388,0.013865139682103575
0.375,0.446033957182769,0.3650147520489143,0.18895129076831665,0.015464618995954464,0.015184504400441707,0.012592717906203341
0.5625,0.3522434995438565,0.550433386674928,0.09732311378121548,0.015117699634753918,0.01523496385123867,0.009160046552919725
0.75,0.24204071251505185,0.73010196243015,0.0278573250547981,0.012928938811939026,0.01338874264191322,0.004944287021662407
0.0,0.638303041207143,1.2068248100459794e-05,0.3616848905447566,0.015575967889232357,0.00010954543602480946,0.015570812007514185
0.1875,0.558150941658677,0.17651380193659982,0.26533525640472316,0.01585363009624849,0.012483135852236937,0.013847942051096698
0.375,0.4482975532581364,0.36241469846809504,0.1892877482737685,0.015119342571782072,0.014886673968537557,0.012712420515398892
0.5625,0.3638829628216798,0.551051658593786,0.08506537858453418,0.015292649476142898,0.015482328615805807,0.008598874195658914
0.75,0.2501339325701934,0.7308781840963416,0.018987883333464895,0.013268918224540223,0.013369834813936055,0.00444133661950557
0.0,0.6396142769896662,0.00021820437129632154,0.36016751863903745,0.015263978357655082,0.00046508837078104156,0.015258778519542647
0.1875,0.5557286153084795,0.17644782509552714,0.2678235595959933,0.015579457122335688,0.012513760804451794,0.013449468265924037
0.375,0.4405968205368024,0.3623671819758502,0.19703599748734743,0.01598165467995479,0.01544788875859461,0.012458323724811985
0.5625,0.3838927872769981,0.5440794535377786,0.07202775918522326,0.015298473205528108,0.015399583953602478,0.008180775245870332
0.75,0.2536769792166505,0.7286019585549239,0.017721062228425583,0.013629338285189876,0.013796878321579603,0.004167438012079352
0.0,0.6373937786704864,1.0162601626016261e-06,0.36260520506935096,0.014991610446164703,3.2120895587965676e-05,0.014992458056666446
0.1875,0.542684151732121,0.1787554761840508,0.2785603720838282,0.015741791870281165,0.012790629064623095,0.013871881072665557
0.375,0.4527924043046688,0.36563235641558883,0.1815752392797423,0.01572876975754716,0.015263555804474875,0.012507019505118502
0.5625,0.3489823291514326,0.5504320536342949,0.10058561721427237,0.015246078719806199,0.015740500496919736,0.009844377282817982
0.75,0.2625037791567855,0.7288113709997571,0.008684849843457203,0.014040025063672251,0.01399993877735085,0.002872374441930641
0.0,0.6386239099525651,9.633911368015413e-07,0.36137512665629806,0.014892558560363114,3.044986633772467e-05,0.014891973220534342
0.1875,0.5561144171095079,0.17279189803504238,0.2710936848554496,0.015229502595218658,0.011753882559041699,0.013683588171373865
0.375,0.4405965311116507,0.3611733427384922,0.19823012614985702,0.015464123092325303,0.014887301766063942,0.012768918423570285
0.5625,0.3132950588914241,0.5538230652908936,0.1328818758176822,0.014507428428787971,0.015658794703925193,0.010525404838558534
0.75,0.25222437407547554,0.7290992738407104,0.0186763520838141,0.014098527319488196,0.014400054573116708,0.0043228444178726585
0.0,0.6380455362177806,0.0,0.36195446378221946,0.015311651520765942,0.0,0.015311651520765945
0.1875,0.5506447667128176,0.17566574265800708,0.2736894906291753,0.016061659356708554,0.011894595140062414,0.01380700144639346
0.375,0.4597832884412386,0.35913725399692453,0.18107945756183683,0.015438906027152026,0.01476005925760099,0.012059689629716763
0.5625,0.3740368328142676,0.5468765066776002,0.07908666050813229,0.014133953698261776,0.014968908295218918,0.008387744862069692
0.75,0.245913252502055,0.7294986828384199,0.02458806465952504,0.013901829817948852,0.014507063707609302,0.004823686752685466
0.0,0.6387099525495691,1.1975703908876364e-05,0.361278071746522,0.015273180799146946,0.00010869995405568486,0.015276309219023752
0.1875,0.5374751123025839,0.18026053956577048,0.28226434813164547,0.015872045199604893,0.012319131436757948,0.014522277600842045
0.375,0.4459323084364753,0.3648316792844807,0.18923601227904407,0.015190471040106334,0.015040627439363104,0.012046752477567282
0.5625,0.36408966266020903,0.5514424968475928,0.08446784049219817,0.014796528319940171,0.015669318688795036,0.008751445793102334
0.75,0.24760922984140143,0.7300616728226812,0.022329097335917432,0.013323471526363801,0.01359593409109485,0.0046368558619495955
0.0,0.6014954015084104,4.040867123597237e-06,0.39850055762446607,0.015276286545074211,6.383957816508911e-05,0.015277826595406545
0.1875,0.5496685906684612,0.17756240681948343,0.2727690025120553,0.016176114377444147,0.012203545910740915,0.014171782558335835
0.375,0.45199420609068364,0.36191941167631353,0.18608638223300286,0.015453559244696165,0.015815887393611908,0.012116415654547467
0.5625,0.35421721238370657,0.5520654547176927,0.09371733289860065,0.015385651972054949,0.015578220147471044,0.009191049609440347
0.75,0.2614908753487848,0.7307506807720348,0.007758443879180415,0.014650627779231743,0.014660150907031926,0.002777140177100062
0.0,0.6391747356105082,3.960930784806233e-06,0.360821303458707,0.015327230646734608,6.250667668160248e-05,0.015326873862356656
0.1875,0.5547858325050752,0.17692346373284318,0.26829070376208164,0.01575489678228709,0.011965010857356313,0.014093912280449877
0.375,0.43081054193828094,0.3629558910544445,0.20623356700727458,0.01570211988628848,0.01496798315340833,0.012287433508989632
0.5625,0.36285153489304617,0.5462798703758156,0.09086859473113822,0.015491343726618215,0.015998113101666975,0.008887273077676276
0.75,0.25119225937639594,0.7308417249043186,0.017966015719285366,0.013848830768423706,0.014269786198174412,0.004270317582263079
0.0,0.6387825172131364,1.185240477915513e-05,0.3612056303820845,0.014345600735183756,0.00010759331565726561,0.014342941322673176
0.1875,0.5459462177813337,0.17646855624103758,0.27758522597762875,0.015911401941360384,0.012233289024244398,0.014513325632318472
0.375,0.42355803712627677,0.36772868546000487,0.2087132774137184,0.015592029514707995,0.014655679903848461,0.012988588808894757
0.5625,0.3554956454478836,0.550439807868655,0.09406454668346145,0.014935608942177526,0.015461450287738283,0.00903392549107266
0.75,0.24948449011772417,0.7301038452673867,0.02041166461488917,0.013164992825556021,0.013350127001533253,0.004445672519421822
0.0,0.6400659628666849,4.005528239802836e-06,0.3599300316050753,0.01504620364564128,6.321031441917334e-05,0.015047147527714516
0.1875,0.5413965400667539,0.17682963413482367,0.2817738257984224,0.015674731759828524,0.011978796774935352,0.014424322266363365
0.375,0.43619563471748213,0.3609282260795611,0.20287613920295677,0.01569947790502029,0.015025806435596308,0.01259806441012043
0.5625,0.3501255798586602,0.5482316993540527,0.101642720787287,0.014996819988458577,0.016088741683134816,0.009414912758372427
0.75,0.2650799095832345,0.7306874425023724,0.004232647914393114,0.013945906200344456,0.014025070523440025,0.002019289122790537
0.0,0.6020147457790889,1.7013239459481565e-05,0.39796824098145156,0.015201990730284267,0.00012943800155676028,0.015204319816160869
0.1875,0.5477346134351067,0.17596261359451648,0.27630277297037686,0.015837036721586394,0.01228293754587501,0.01411171579718744
0.375,0.4276756847994612,0.3651222425677629,0.20720207263277585,0.015430639669404039,0.015092369034753724,0.013447761417789259
0.5625,0.35433776364425995,0.5510881546308044,0.09457408172493552,0.015134402027379172,0.015701203810258323,0.00869454202871819
0.75,0.24768514923831048,0.7304131354926587,0.02190171526903075,0.013459299170633524,0.014012841650016409,0.0047732203356268075
0.0,0.6393471941372323,4.991899641302863e-06,0.36064781396312645,0.015169787951424677,7.046207342041573e-05,0.015167327853976464
0.1875,0.5236640891782769,0.1770261075357716,0.29930980328595147,0.015932888766009786,0.012057135375478955,0.014584386176826506
0.375,0.46263209322743154,0.3617064120448685,0.17566149472769993,0.015875283402468184,0.015222402929302934,0.011604188538940786
0.5625,0.361494434014713,0.5527544324554713,0.0857511335298158,0.015004769325293928,0.01577088151328362,0.009100556252792354
0.75,0.2494376551592897,0.7287622815943507,0.021800063246359497,0.01387923427205196,0.014188679349285412,0.004524428070419395
0.0,0.6391616798678634,9.180653108159322e-05,0.36074651360105503,0.01524578395138588,0.00029504241706551377,0.01524470110912089
0.1875,0.5490520257527178,0.1740619777335326,0.2768859965137497,0.015927183238863964,0.011928691766789927,0.014085693993448943
0.375,0.4223034363360157,0.36377486837669654,0.21392169528728777,0.016155243350772612,0.015382444418957746,0.012546150620402851
0.5625,0.3660480962777327,0.5483904381837644,0.0855614655385029,0.015669136332581914,0.01636624078648895,0.008991432403995197
0.75,0.24926001568974707,0.7291731796451356,0.021566804665117244,0.013637855025567669,0.013842884623562177,0.004589925178981838
0.0,0.6399130827006627,2.9395821235015475e-06,0.3600839777172138,0.01488350008254622,5.359159317967565e-05,0.01488408045006871
0.1875,0.5157194801357784,0.1765229647065433,0.30775755515767833,0.015034791676022055,0.01230918970709095,0.014217329727153507
0.375,0.4547091323427048,0.3586821906204747,0.18660867703682044,0.015882103980758233,0.015296078514663958,0.01205517273733292
0.5625,0.34651244700617884,0.5518500831340302,0.10163746985979097,0.015154812518362247,0.01555561341040273,0.009653396287328942
0.75,0.25268151295365937,0.7300443484108959,0.01727413863544459,0.013686020454462666,0.014012694784981664,0.004156043209890055
0.0,0.6387430811592854,5.1911370002193595e-05,0.36120500747071255,0.015287730307573914,0.00022175030410104239,0.015278435901970606
0.1875,0.5495741206016308,0.1727963986483242,0.277629480750045,0.015583551395757194,0.011931732794872012,0.014011725478214684
0.375,0.463206851023819,0.360961769563628,0.17583137941255303,0.01512938725377212,0.014914067006061217,0.01178713484628983
0.5625,0.3496258446630134,0.5517440117226027,0.09863014361438396,0.014876577975859843,0.015926539593672424,0.00950080087574628
0.75,0.23251760938444968,0.7343755730898951,0.03310681752565519,0.013652440270786872,0.014232441872528053,0.005617165388118972
0.0,0.6388779966089585,1.0752688172043011e-06,0.3611209281222243,0.01515717899017162,3.398597984791207e-05,0.015158120493084773
0.1875,0.5566144675331772,0.1762599711954371,0.2671255612713856,0.015775040621378557,0.012126459668324667,0.013587993100386081
0.375,0.4550980572037694,0.36294504552283613,0.18195689727339448,0.01568722821202209,0.015005131600663505,0.011829481140792653
0.5625,0.3653044446847256,0.5461977993311966,0.08849775598407773,0.015218184481532228,0.01622418430667934,0.009208195556018354
0.75,0.25016936331430706,0.7287057676570478,0.021124869028645108,0.013567614838102529,0.014105708922610259,0.004619035490848802
0.0,0.6399639346136703,1.955858398146236e-06,0.3600341095279315,0.015436286122303758,4.3699790037818006e-05,0.015437674827699342
0.1875,0.5207661962005982,0.17810041764750895,0.3011333861518927,0.01588278961145508,0.012014672502096988,0.014473436930875975
0.375,0.4531744088388273,0.36601010103902376,0.18081549012214887,0.016189339504980405,0.015994316283890753,0.012072718871517864
0.5625,0.35535094190331545,0.5476782141193307,0.09697084397735378,0.014766969818896985,0.015539778654099546,0.009294165012778991
0.75,0.2641804211886903,0.7286846213293261,0.0071349574819835285,0.013686863937580528,0.013808142271415668,0.0025865782877785883
0.0,0.6020735995364564,7.209697166738088e-05,0.3978543034918763,0.01593329820116314,0.0002631585215913806,0.015949296408626013
0.1875,0.5376863716858723,0.17597183003202557,0.28634179828210204,0.01511572359591509,0.01248718677676552,0.013883238761714677
0.375,0.4392282270626671,0.3610383667540757,0.19973340618325713,0.015800871289000075,0.01470114371099256,0.01227889195397246
0.5625,0.3726077854732914,0.5503897152262455,0.07700249930046325,0.015736308733542478,0.016046785866677966,0.008436997647125199
0.75,0.2439990624509594,0.7309530104236489,0.025047927125391722,0.013605461878376888,0.014149288725849637,0.004963429780879371
0.0,0.6021188449979992,0.00011090973987973166,0.39777024526212107,0.014843102207794672,0.00032053941167315813,0.014838926731641286
0.1875,0.5546012865360324,0.177158967257865,0.26823974620610247,0.015588400477147126,0.01239437207915874,0.013930189552425051
0.375,0.4551433948622134,0.3590495836233926,0.18580702151439396,0.016306084757052523,0.015434169688675633,0.012075527280750589
0.5625,0.365557914506101,0.5497514173500381,0.08469066814386102,0.01462917015470891,0.015070762469742444,0.008872399431877512
0.75,0.24902814818806662,0.7298929338413122,0.02107891797062122,0.013643157195009777,0.013876844746164532,0.004502045633020892
0.0,0.6381058376841127,0.00027564898148240037,0.36161851333440487,0.01518043699304415,0.0005029762268552538,0.01517991623196635
0.1875,0.5537772534839372,0.1735060398690818,0.27271670664698094,0.015511159567299659,0.012105728961794397,0.014054859135742219
0.375,0.4419982504993496,0.36621048958777114,0.19179125991287926,0.01639222111234136,0.015272038688015606,0.012803481257351935
0.5625,0.3745964610110948,0.5510131590797908,0.07439037990911458,0.015568491256699584,0.0156789021435169,0.008266545106803207
0.75,0.24816382276447194,0.7297082206813029,0.02212795655422519,0.013798045846469304,0.014139092367650558,0.0044970867386726196
0.0,0.6366561292545795,0.0,0.3633438707454205,0.014935386431996408,0.0,0.014935386431996413
0.1875,0.5240767662664484,0.17523812521965754,0.3006851085138941,0.01589888391848407,0.012789636480928773,0.014750407225430561
0.375,0.41740689034708645,0.3616173929228979,0.2209757167300156,0.015729828719486808,0.015469643866364373,0.013401658555391719
0.5625,0.3204530329685636,0.5486834127159422,0.13086355431549407,0.015016626411816099,0.01560394575313324,0.010767635962948026
0.75,0.24909507111450302,0.7284556965981583,0.022449232287338555,0.013622386528219892,0.014108125542333016,0.00480299261903672
0.0,0.6395475819121254,5.173486141545918e-05,0.36040068322645924,0.015181876064472646,0.0002253972773453224,0.015177524690768078
0.1875,0.5495373778820862,0.17756417045596506,0.2728984516619486,0.015200419892132111,0.012015336345449842,0.013597890723388776
0.375,0.46694849016817,0.3640438996067262,0.16900761022510372,0.015478225972172474,0.01468458461159824,0.012292184247613889
0.5625,0.3606073117279956,0.5480935021550671,0.09129918611693733,0.014777219600423249,0.015402840889465422,0.00896101140585081
0.75,0.2657440932736307,0.7297606002724802,0.004495306453888983,0.014493648880941781,0.01451637917897849,0.0020398717608495994
0.0,0.6387019500143267,0.0,0.36129804998567316,0.014549810993875001,0.0,0.014549810993875005
0.1875,0.5490592421596316,0.17836714182601657,0.2725736160143517,0.015960590028582154,0.012879698548994848,0.013770905905647309
0.375,0.4600730296935305,0.36602178532280477,0.17390518498366478,0.015241407488753788,0.014928337851404546,0.011648263483736106
0.5625,0.36857693245147144,0.5462710233166568,0.08515204423187178,0.01504920253311746,0.015750722072894085,0.009095939780755836
0.75,0.24426045843774213,0.7311382372418049,0.024601304320452787,0.013848832043694824,0.014343114983857501,0.004804297257490642
0.0,0.6009999683226797,7.0357129145579045e-06,0.3989929959644058,0.01566324604516752,8.383767300333828e-05,0.015663191762799712
0.1875,0.5541324841137355,0.17418440154649864,0.2716831143397659,0.0162029463742424,0.012248626148244013,0.014615842661823366
0.375,0.4449076925893657,0.3619909587482215,0.19310134866241285,0.01598850479618782,0.014952950387727345,0.01253675034949191
0.5625,0.3698202245162231,0.5495505937637372,0.08062918172003981,0.014861860479452026,0.01499868390638102,0.008580020419363581
0.75,0.2446730000954556,0.7283741783290584,0.0269528215754861,0.013605051333533716,0.014170520281809158,0.0050552127189558435
0.0,0.6028810531225547,0.0005270076626257134,0.3965919392148195,0.015738178752594534,0.0007511629549105626,0.015727671034019876
0.1875,0.5322871438072472,0.17646427721708693,0.2912485789756659,0.015850751755442344,0.011593035320756125,0.014436017680415428
0.375,0.4545889883176419,0.36080711254090864,0.1846038991414494,0.01586023088496428,0.015078514281540535,0.012333581002998455
0.5625,0.3593788675831687,0.5536055826077095,0.08701554980912181,0.014919657649042151,0.015400390019487356,0.009141664764155089
0.75,0.2388359856076804,0.7304386298520631,0.030725384540256608,0.013472851227798593,0.013787718034140304,0.005348681824793449
0.0,0.6385370907334732,9.380863039399625e-07,0.36146197118022294,0.015345680683106752,2.9650057465814465e-05,0.015346587802727376
0.1875,0.5519404921181043,0.1741738196191427,0.2738856882627531,0.015937022272176436,0.012067727426923913,0.014167763308710057
0.375,0.444226212797871,0.3634559433848263,0.1923178438173027,0.015453782724183613,0.01570964737887934,0.012735258754856635
0.5625,0.35785930069626,0.5494365903860524,0.09270410891768747,0.014648390847102588,0.015344631926277441,0.008808115469963478
0.75,0.2676268192800252,0.7249732301058625,0.00739995061411236,0.013780338438320633,0.013875294337193964,0.002687903948685491
0.0,0.6398578156964704,1.0006063001833938e-05,0.3601321782405277,0.015566758975451839,9.960441649731944e-05,0.015567808136243666
0.1875,0.5479365745192738,0.17788490524756573,0.27417852023316047,0.01548931451918888,0.011673672016659784,0.013740865595692035
0.375,0.42685498686617745,0.3603229614497467,0.21282205168407584,0.01555007754706492,0.015088554579964416,0.013098982299403471
0.5625,0.378130234724645,0.5501971538785146,0.07167261139684035,0.015395693776616719,0.01564402420745007,0.008073559351582176
0.75,0.26229207755975076,0.7280585528329842,0.009649369607265108,0.013441070814685359,0.01346905547477577,0.00308261578191473
0.0,0.6396116241592694,2.9310636207395453e-06,0.3603854447771098,0.01509624522995234,5.346332810190971e-05,0.015094840694160764
0.1875,0.5460025047648612,0.17891777492566865,0.2750797203094701,0.015263993030900369,0.01223597552350986,0.01416696118649671
0.375,0.46121661167596345,0.36562112064074664,0.17316226768328988,0.014915776205766193,0.015081955571000533,0.011787707342447573
0.5625,0.34686977487656506,0.5509411815717385,0.10218904355169643,0.015215264207249167,0.01605873840632231,0.009671442925018934
0.75,0.24925141929224678,0.7306807068511871,0.020067873856565967,0.01373519172834999,0.014244675362423428,0.004566442338660749
0.0,0.6384196363737062,3.9546584744563e-06,0.3615764089678192,0.015753868938868404,6.242040163075405e-05,0.01575360527300763
0.1875,0.5541351378386148,0.17692276645881788,0.2689420957025674,0.015730843380814628,0.01163211771743791,0.014130602405263936
0.375,0.4543039606735607,0.36377751639817496,0.18191852292826427,0.015017401560399404,0.01446483203708645,0.011967016970589524
0.5625,0.3627288470769245,0.5463246732276076,0.09094647969546793,0.015447364589356348,0.015888006293069076,0.009001144023325107
0.75,0.26292167443976877,0.72704575056982,0.010032574990411144,0.01434366207451703,0.014616192525840564,0.003227836113048522
0.0,0.6397421400070497,7.388029662709254e-05,0.3601839796963232,0.015319208887168251,0.00028024205248875086,0.015327992588667414
0.1875,0.5503368377677016,0.17453368974077893,0.2751294724915194,0.015718677445390315,0.011638864389023102,0.014026474082938488
0.375,0.427330552502498,0.3633298473336407,0.20933960016386127,0.01577105092329448,0.015324622101404001,0.012456378484551623
0.5625,0.36876706350740845,0.5472288122889848,0.08400412420360655,0.015209285342062333,0.015931566117377883,0.008917401728281807
0.75,0.24603382997171255,0.7302893015206572,0.02367686850763022,0.01329853458410874,0.01376438680118263,0.004726579711293341
0.0,0.6396729642906346,7.953788682763313e-06,0.36031908192068274,0.015234551275015546,8.858356221737516e-05,0.015237020904034955
0.1875,0.5602943696905652,0.1781267808576646,0.26157884945177023,0.01569673666900199,0.012274490195923197,0.013744026565772137
0.375,0.45902218954645796,0.3641222668228771,0.17685554363066494,0.01625092259873161,0.015681469953200054,0.011850810334283627
0.5625,0.35062133250093236,0.5460618823069845,0.10331678519208325,0.01494395544037729,0.01586070588245288,0.009665185217596158
0.75,0.25463192794355244,0.7284001059057726,0.016967966150674862,0.013268955889008881,0.013556078319015933,0.004171830294345876
0.0,0.6395602735594322,5.169763134169918e-06,0.36043455667743357,0.014895209800962348,7.294526232658127e-05,0.014894986977477891
0.1875,0.5501275812680162,0.1761283391775346,0.2737440795544492,0.015865813801746165,0.012035851479693748,0.014513337770485727
0.375,0.4563871467765667,0.36030566980606477,0.18330718341736854,0.014709553598661631,0.014635601158744769,0.011721220864850685
0.5625,0.3448164924967925,0.5542548139779043,0.10092869352530318,0.015394226967668104,0.016178003741540284,0.009760294755860915
0.75,0.26273500234379654,0.730708150929119,0.006556846727084384,0.014359372296030763,0.014468234250452528,0.0026222641515549444
0.0,0.6401109559149788,7.867116681619071e-06,0.3598811769683395,0.015924748018109343,8.760922117685363e-05,0.015925057890824247
0.1875,0.5573091550512559,0.1768133556549917,0.2658774892937525,0.01565334717370195,0.011784089035499717,0.014011076368561005
0.375,0.41601607999919293,0.36462323171575495,0.21936068828505212,0.01590653209334024,0.015220976558178147,0.012772753568751
0.5625,0.35948192592965866,0.552399911633533,0.08811816243680841,0.014897974976518163,0.015713431704876987,0.008984253159443132
0.75,0.25656338022036146,0.7272470682891568,0.016189551490481693,0.014073190876813933,0.014200058953446613,0.004086409412720731
0.0,0.6390409711996982,1.0959188622699606e-05,0.3609480696116792,0.015367502282874436,0.00010395347938359071,0.015363759204827587
0.1875,0.5567198497462066,0.1745037948071515,0.2687763554466418,0.015518324792732388,0.011242915963124349,0.01404871163137918
0.375,0.4628947606152327,0.36379566128533614,0.17330957809943126,0.016013844282602458,0.014603206601930088,0.012052917876790956
0.5625,0.3507207780993794,0.5491320584731998,0.10014716342742082,0.015202972913760247,0.015709953047356957,0.00963075622725513
0.75,0.26426780889293205,0.727680390450249,0.008051800656818934,0.013643429620835588,0.013706288117676099,0.0027858829313360685
0.0,0.6403846800124847,1.2970986854118691e-05,0.35960234900066107,0.015039441450369128,0.00011306472679578814,0.015041730301193316
0.1875,0.5523276421513397,0.17964324112061617,0.2680291167280441,0.015300020109981688,0.01220206242088525,0.013936562586299953
0.375,0.43856695550843505,0.36579220265930895,0.19564084183225594,0.015601870589523725,0.015456994679524359,0.012674161131608797
0.5625,0.36158871291555655,0.5521988908882549,0.08621239619618848,0.015009172962736522,0.015527300355204467,0.008928483081217077
0.75,0.24260955680926027,0.7280496518822974,0.029340791308442343,0.014247067738526074,0.014944699811950768,0.005557532435680282
0.0,0.6385394006668367,2.0576218802260847e-06,0.36145854171128305,0.015222445572146926,4.596388860484869e-05,0.015224156654629591
0.1875,0.5474980559796193,0.17460730553387593,0.27789463848650475,0.016203918579236802,0.01203759358435921,0.014569981021786048
0.375,0.4328175699098208,0.36372995312862694,0.2034524769615522,0.016207808545529754,0.015626767129612237,0.01346824652304926
0.5625,0.369531804044592,0.5511667488191511,0.07930144713625681,0.015169700495695123,0.015558478469136047,0.008780467223764776
0.75,0.24778003751321093,0.7295331805363159,0.022686781950473214,0.013823041252709093,0.01396152876499177,0.004837232775761311
0.0,0.6395974341170466,1.0515247108307046e-06,0.3604015143582426,0.015416251867055343,3.323550079764272e-05,0.015415767177876839
0.1875,0.5614979440299597,0.17705440032505487,0.2614476556449854,0.015539409801322875,0.012394417384141302,0.013676218164209908
0.375,0.4532210251857741,0.364071020921787,0.1827079538924388,0.01572591832618144,0.015131735821263707,0.011923744624808792
0.5625,0.3660973939710991,0.5466378566180674,0.08726474941083336,0.015231658681431328,0.015575393808558189,0.009139416383574057
0.75,0.2522784656241198,0.7283768010816478,0.019344733294232277,0.013823282026969518,0.014335567465610922,0.004410861055039682
0.0,0.639738409378407,0.0,0.36026159062159296,0.006664276101879714,0.0,0.0066642761018797115
0.1875,0.5067962912459651,0.17835394086926604,0.3148497678847687,0.006911741310698825,0.005238150433661467,0.006378702691714451
0.375,0.47177697223485315,0.3617781237574911,0.1664449040076558,0.00695795167146896,0.006925539018619269,0.005399605356809771
0.5625,0.3679644268503582,0.5502605082272765,0.08177506492236548,0.006930722412541906,0.007237009168587144,0.0039647500803212206
0.75,0.26618137080732673,0.7290099950136125,0.00480863417906075,0.006264451401846172,0.006317737999807753,0.0009281372279778071
0.0,0.639870855030851,0.0,0.36012914496914905,0.0069564367728003115,0.0,0.006956436772800315
0.1875,0.4428485827397877,0.17644824978727883,0.38070316747293337,0.0070700725272384085,0.005308758308528487,0.006844928554890246
0.375,0.4089644168666786,0.3678077794633866,0.22322780366993475,0.006594900825125653,0.006599481298339957,0.00580711624037242
0.5625,0.2823716714782077,0.5512855711958531,0.1663427573259392,0.0062424880991898005,0.006763154502808556,0.005167243575602265
0.75,0.25363027662039295,0.7290575476079997,0.01731217577160737,0.0062377918852896605,0.006258961527867966,0.0018704433450065052
0.0,0.6399753581407968,0.0,0.36002464185920313,0.006682923666462887,0.0,0.006682923666462887
0.1875,0.5596923107605066,0.1757678719853799,0.26453981725411346,0.006981806026284426,0.005527748906653618,0.00638275632614431
0.375,0.4624664788306265,0.3623444973083977,0.1751890238609757,0.007096548496706465,0.006815463296756891,0.005465992480809357
0.5625,0.3754198286311689,0.5489775300326758,0.07560264133615521,0.006982939136637568,0.007210562535395789,0.003709019508935872
0.75,0.19791856146367715,0.732071963950129,0.07000947458619385,0.005710363811844455,0.006424431092672928,0.0036145791338813627
0.0,0.6401059590216005,4.047454758996077e-07,0.35989363623292364,0.006676941558568429,9.042358183730584e-06,0.006676441502247592
0.1875,0.5586506479265707,0.17617967673163254,0.2651696753417968,0.006688347005745265,0.0052749321672057765,0.006113412118502566
0.375,0.4597079822912221,0.3628512618974504,0.17744075581132748,0.006976397753147953,0.006628699657726418,0.005375101537704143
0.5625,0.38444002115567505,0.5491582693441451,0.06640170950017991,0.007124754254115283,0.007070694151004677,0.003458039916943134
0.75,0.2554790002805162,0.7284703268349331,0.016050672884550615,0.0064560981727848805,0.006565779042871721,0.00173543357205076
0.0,0.640000676949073,0.0,0.3599993230509269,0.006756974068451699,0.0,0.006756974068451701
0.1875,0.5549104584489122,0.17538801056510891,0.2697015309859789,0.006762201585870791,0.005427993865745799,0.0063493005882499405
0.375,0.43969406221882595,0.36418308956337053,0.19612284821780343,0.006733425133100004,0.006606533285164011,0.005482297606110997
0.5625,0.36622565180260674,0.5520559798102934,0.08171836838709998,0.006684107761287246,0.006916496433080755,0.003941987112715605
0.75,0.25609437004852154,0.729269264746391,0.014636365205087591,0.006087440120773738,0.006194327753421285,0.0016605461245719996
0.0,0.6402626046986022,1.994415636218588e-07,0.35973719585983416,0.00672605663181823,6.303741774742365e-06,0.0067261762255032
0.1875,0.5563885828401419,0.175290963067195,0.2683204540926631,0.006905928276083249,0.005265948756511091,0.006421668799553894
0.375,0.47542642864349377,0.3623819905047824,0.16219158085172375,0.0068766939142395275,0.006789852868182508,0.005106980152980704
0.5625,0.36817503926019196,0.5496776898177111,0.08214727092209695,0.006889045666521914,0.00711642812929363,0.0038363040097893555
0.75,0.2573628239488069,0.7290476195423169,0.013589556508876312,0.0063116115215036015,0.006498411521915112,0.0016111264815164598
0.0,0.6400656748133722,0.0,0.3599343251866279,0.006726294020802732,0.0,0.006726294020802736
0.1875,0.5537428092228224,0.17631275995930976,0.2699444308178678,0.00681164605717611,0.005305110115725207,0.006367061209710899
0.375,0.36061791198602816,0.3659834919851652,0.27339859602880656,0.006668595500590209,0.006834728220130254,0.006275848959481448
0.5625,0.3835409753734808,0.549465682114146,0.06699334251237317,0.006665969054790114,0.006847891378902025,0.003442029392151822
0.75,0.2560904732265556,0.728917151981076,0.01499237479236837,0.0060817338957862115,0.006297445095901976,0.0016559216762043443
0.0,0.6397693659619004,0.0,0.36023063403809963,0.0065782362431458285,0.0,0.006578236243145831
0.1875,0.5512291406599131,0.17562865595533356,0.2731422033847532,0.0071537462663632595,0.005466163541095834,0.006256697940735486
0.375,0.4552791053327865,0.36299333389269167,0.1817275607745219,0.006916441110840336,0.00681206293024142,0.0055870545837470725
0.5625,0.36813102409013787,0.5500223687157245,0.08184660719413767,0.006629119070493777,0.0070020869530802105,0.003987476666569983
0.75,0.26711978608037507,0.728375345329061,0.0045048685905639246,0.006448002456159627,0.006521047663673045,0.0009572329456635548
0.0,0.517830743318818,4.0165121755036386e-07,0.4821688550299644,0.007046613070746145,8.973161025669702e-06,0.007046314410218781
0.1875,0.4406519461675786,0.17619544009822846,0.38315261373419296,0.007018937019446827,0.005110628307268473,0.00697872883231508
0.375,0.44741585878154616,0.3648714357378246,0.1877127054806293,0.007164288583849752,0.006851927778438662,0.005464961359207505
0.5625,0.3671892298279354,0.5510403542386488,0.08177041593341573,0.006527542075605459,0.006705156730702614,0.0038388129143889145
0.75,0.25557613923860506,0.7282955371036723,0.016128323657722484,0.006146502749991496,0.006328370348917748,0.0017739649477752754
0.0,0.6402741142223787,0.0,0.35972588577762127,0.006678215401398679,0.0,0.006678215401398671
0.1875,0.5423387371425227,0.1747166697811066,0.2829445930763707,0.006997992791763196,0.005244422054605209,0.006340685120270061
0.375,0.46359989479796854,0.3626918379796031,0.17370826722242838,0.007196005839589772,0.006867003469690291,0.005416754191671984
0.5625,0.36475698009042856,0.5493701867459538,0.08587283316361764,0.006981708280863649,0.007269632521327606,0.004121039357417266
0.75,0.2656638968995424,0.7284793854271686,0.005856717673289065,0.006267151044633596,0.006346646900521422,0.0010946437348244038
0.0,0.6397492380170713,0.0,0.36025076198292855,0.0067970873579074635,0.0,0.006797087357907463
0.1875,0.557681456121941,0.17593104852126026,0.26638749535679873,0.006997975363366038,0.005379509716817768,0.006146692569483125
0.375,0.443990907947849,0.36358628943206406,0.19242280262008693,0.00693421132327203,0.0067020193736285144,0.005521355147385924
0.5625,0.36751178359283515,0.550246130628653,0.0822420857785119,0.006936638641056931,0.006868449238877016,0.0037764637085667147
0.75,0.26029134659345793,0.7290237774948509,0.010684875911691104,0.006282168305666449,0.006319460616613471,0.0014819936496201377
0.0,0.6402554186761142,0.0,0.35974458132388565,0.0068948492719981425,0.0,0.006894849271998142
0.1875,0.5615702197858967,0.1764010100212986,0.2620287701928047,0.007111371166812766,0.005376170382147287,0.00616159827454884
0.375,0.45308831116642956,0.36368900904220114,0.18322267979136933,0.006998358758036646,0.006918031350543901,0.005421169712968508
0.5625,0.36850632669158356,0.5498784660381516,0.08161520727026483,0.006767027441968462,0.00712959511702421,0.0038576700953571455
0.75,0.2554329430110743,0.7293856602067956,0.015181396782130043,0.006126281129439913,0.006239687694580008,0.0016955874722409522
0.0,0.6397186746619096,0.0,0.36028132533809043,0.006936612691462047,0.0,0.006936612691462048
0.1875,0.5584913915803007,0.17590041291730754,0.26560819550239173,0.007034763278004335,0.005265994374997329,0.006174035277270319
0.375,0.4259288177329777,0.36381576960495954,0.21025541266206277,0.006937975670686023,0.006725769989307694,0.005751435432969208
0.5625,0.36262664900453767,0.5495994899888592,0.08777386100660317,0.006596621616720389,0.006919871143179113,0.00397742822661825
0.75,0.2631331931067361,0.7284369373164289,0.00842986957683502,0.006428895025156093,0.0064855899256668695,0.0013181754514856767
0.0,0.6397969742539699,0.0,0.36020302574603,0.006751700964733918,0.0,0.006751700964733921
0.1875,0.5557424495516539,0.17542875854556372,0.2688287919027823,0.0071866515660412075,0.005436101448184919,0.006336412445375898
0.375,0.45207524563407164,0.3643151327705999,0.18360962159532848,0.007163411466351484,0.006826386068954333,0.005316975661491209
0.5625,0.3126832019244391,0.5507535528807507,0.13656324519481022,0.006570947552782015,0.007016237362675139,0.004742412221262805
0.75,0.25826167135164746,0.7286233403625222,0.01311498828583046,0.006218926948353625,0.006331159849182597,0.0016555238711972171
0.0,0.6395449318779715,0.0,0.36045506812202854,0.006807451611127739,0.0,0.006807451611127739
0.1875,0.5517750239092074,0.17509920657606534,0.2731257695147273,0.007032406154694495,0.005376030630353813,0.0062627759852167935
0.375,0.3317575769008656,0.3647015059360513,0.303540917163083,0.006518044154774214,0.006949486387321071,0.006232313597333497
0.5625,0.368241355979916,0.5500284807457858,0.0817301632742982,0.006661409424808081,0.00685040217710593,0.003906759000562454
0.75,0.2559654061770445,0.7289310997629004,0.015103494060055164,0.006086982831945506,0.00616760872703226,0.0017682658906971324
0.0,0.640140370955196,0.0,0.3598596290448038,0.0069591036650308025,0.0,0.006959103665030804
0.1875,0.5579077190346516,0.17615941455578643,0.2659328664095619,0.006986934091690443,0.005550747028646401,0.006282205330506668
0.375,0.46636641805402373,0.363245608185829,0.17038797376014725,0.006915928322630499,0.006829178477386693,0.005324763326397735
0.5625,0.36552962923430066,0.5513233728622312,0.08314699790346812,0.006692691666151115,0.007062983969843378,0.003812589063330931
0.75,0.2551598692885439,0.7292279696011896,0.015612161110266356,0.005903899595930217,0.0059794611601798305,0.0017960621380307031
0.0,0.6399175397741783,0.0,0.3600824602258216,0.006709727666767226,0.0,0.006709727666767234
0.1875,0.42282105524351754,0.18095286100981112,0.3962260837466713,0.006984489705387568,0.005491109230703397,0.007073752625029086
0.375,0.3265291231260293,0.3648389278845319,0.3086319489894389,0.0067340900996981975,0.006739096401726958,0.006467342759118177
0.5625,0.3682874250393827,0.5500420353667734,0.08167053959384378,0.006872606530964949,0.007038791562089611,0.004000546140326038
0.75,0.19935843255677713,0.731968682600183,0.06867288484303984,0.005618347196903474,0.006173609405046514,0.003520988842701114
0.0,0.6403365828465797,0.0,0.35966341715342043,0.006529501915016927,0.0,0.006529501915016926
0.1875,0.42363076512737546,0.18187455450432233,0.3944946803683022,0.007136961513994952,0.005353002398827925,0.006988952313060413
0.375,0.45401794169667203,0.3639978385781312,0.18198421972519674,0.007007095831052158,0.00668152845644185,0.0053856799528777845
0.5625,0.3729361178498441,0.5481064699298054,0.07895741222035049,0.006781428672465663,0.007027974735996808,0.003914441706970148
0.75,0.25536844533395897,0.729262559190628,0.015368995475413063,0.006096185088239016,0.006160622272234832,0.0017218291102985622
0.0,0.5771754819952551,3.010821956302001e-06,0.42282150718278855,0.0070036526501691355,2.4399776901601585e-05,0.00700293157964376
0.1875,0.559912747774645,0.1760043184807102,0.264082933744645,0.006621026380418455,0.005179962422555775,0.006104399964248761
0.375,0.46613199021037394,0.36234422473356015,0.17152378505606594,0.007199344999691472,0.006860712934004992,0.005401944060317151
0.5625,0.25899491156338317,0.5498778777556614,0.19112721068095537,0.0061918819756258915,0.007035874255310631,0.005547060271991229
0.75,0.2678738248762812,0.727894757875661,0.004231417248057736,0.006012390476791096,0.006018620984195514,0.0009047039400992007
0.0,0.6398276520746097,3.9687273262682825e-07,0.36017195105265787,0.006803467557210986,8.86643554751445e-06,0.006803181028555514
0.1875,0.42291984480131833,0.18116518153897074,0.395914973659711,0.006833362258423403,0.005371246657119907,0.00702708083336812
0.375,0.45922086490096553,0.3625697020899803,0.17820943300905417,0.007054676405645024,0.006998432723604155,0.0052871692551689385
0.5625,0.3680334671747445,0.5497394339546473,0.08222709887060818,0.0064395482248878096,0.006784919613461347,0.003984920005095895
0.75,0.26055500608954957,0.7282405639686929,0.011204429941757585,0.006244736401439055,0.006301264619910885,0.001472846999740423
0.0,0.6400636879899236,0.0,0.3599363120100762,0.006570747180508832,0.0,0.0065707471805088345
0.1875,0.4145689619431654,0.18062269037097628,0.40480834768585827,0.006621813126525718,0.005402428800924713,0.006910286050533796
0.375,0.46484794154378883,0.3626882332095943,0.17246382524661685,0.006898171992590085,0.00670420188959353,0.0052479060905022724
0.5625,0.36839877473658994,0.5486345132846967,0.08296671197871335,0.0067289850816140305,0.0069294687318293595,0.003927247897118087
0.75,0.2556188115784426,0.7291644127634948,0.015216775658062665,0.006296511368840231,0.006468011785658353,0.0017658722310534304
0.0,0.6396950970035189,0.0,0.3603049029964812,0.0069106673498995404,0.0,0.006910667349899543
0.1875,0.5089286614231642,0.1784667598403938,0.31260457873644193,0.00705838638716105,0.005406613684415771,0.006538034311973655
0.375,0.45261435906026926,0.3639134348109546,0.18347220612877613,0.0068649831825523715,0.006846039563015095,0.005415371835199079
0.5625,0.3676543903120562,0.5503521798333604,0.0819934298545832,0.007009565314318975,0.007045597630171826,0.003704050248933796
0.75,0.1992001806020296,0.7313676331577176,0.06943218624025281,0.005657501916778692,0.006286202055555902,0.003620922801124298
0.0,0.639704718071543,0.0,0.36029528192845683,0.006729853589770655,0.0,0.0067298535897706525
0.1875,0.5610751459081537,0.1762176912609104,0.26270716283093587,0.00702152274332703,0.005350378584065763,0.006033566097830257
0.375,0.44806969494388216,0.3644919980565642,0.1874383069995536,0.007227798220113699,0.006695926781690614,0.005524395906798552
0.5625,0.36810980404603455,0.5501736014880245,0.08171659446594096,0.007083549628664457,0.0072556989749773815,0.003948625250474804
0.75,0.25153068507285437,0.728770536098449,0.019698778828696608,0.006224793136970078,0.006332979055202332,0.001931494134521402
0.0,0.6398995233461227,0.0,0.3601004766538774,0.00652007921271161,0.0,0.006520079212711611
0.1875,0.5573400612775986,0.17558838445639333,0.2670715542660081,0.007174264652223175,0.005180067151816579,0.006478399341134462
0.375,0.45382151680144867,0.36358766728168246,0.1825908159168688,0.007221513892058339,0.006853934542869361,0.005480874278150242
0.5625,0.29429178522428157,0.5520034880698818,0.15370472670583663,0.006363569675478723,0.006848467057855827,0.005034436254430029
0.75,0.25616802468093247,0.7288902732743339,0.014941702044733596,0.006166539626299681,0.006285843823557725,0.0017120888886158904
0.0,0.6397826194467069,2.0092425155716296e-07,0.3602171796290415,0.006628873522806548,6.350605034872055e-06,0.006629094598580542
0.1875,0.4244190466960015,0.17977593429141125,0.3958050190125873,0.0073258035211668385,0.005829316899190984,0.0071669756454855954
0.375,0.36216489571195565,0.36619357950449627,0.271641524783548,0.006721186378737239,0.006891075913594951,0.006368793247102229
0.5625,0.36811751456694175,0.5496755557441888,0.08220692968886942,0.0065987709029521335,0.00695931555810891,0.003933680800430118
0.75,0.19951150307044277,0.7316842872317284,0.06880420969782879,0.005618421001788304,0.00638982281282898,0.003551179922917278
0.0,0.6394562295336551,1.9964064683569575e-07,0.3605435708256981,0.006811141168372647,6.310034190169337e-06,0.0068112023953119894
0.1875,0.5553952287966972,0.17550431814099451,0.26910045306230834,0.007059760429383092,0.005343472981419927,0.006426582562215024
0.375,0.45275911810349856,0.3631517840720745,0.18408909782442692,0.0070206442836481635,0.006835185505904391,0.005501545297021548
0.5625,0.37771885403572913,0.5493028522496937,0.07297829371457723,0.006777412922378375,0.006974060172433134,0.0036826826033721114
0.75,0.2527122144810153,0.7281640438137991,0.019123741705185743,0.006081529400087169,0.006172147713502076,0.001954728205177358
0.0,0.6401697177052998,0.0,0.3598302822947001,0.006786098403038315,0.0,0.00678609840303832
0.1875,0.5499343433078643,0.17615667554700426,0.2739089811451314,0.007141876913914641,0.005179107328435918,0.006411788084576158
0.375,0.4690725893261357,0.3632868803928077,0.16764053028105655,0.006964718708266791,0.006567946305802793,0.005353785860218044
0.5625,0.24883670320911744,0.5507624638557019,0.20040083293518043,0.0062073409245505095,0.006983624966625915,0.005679393666781419
0.75,0.26517784398622635,0.7282320141180902,0.006590141895683484,0.006402901688586501,0.00641953428037831,0.001140037574161577
0.0,0.6400874358046013,0.0,0.3599125641953988,0.006920581598811395,0.0,0.006920581598811398
0.1875,0.5450496782854464,0.17502115930766843,0.2799291624068851,0.006756672523126706,0.005508956727317639,0.006403289610179855
0.375,0.3417740814958285,0.365509554496091,0.29271636400808043,0.006851990707747121,0.006695465088896835,0.006501367179359809
0.5625,0.36761997193309365,0.5506407009506081,0.08173932711629812,0.006653884347799496,0.006751771636270335,0.0038908166395592997
0.75,0.256304579836359,0.7286335189723573,0.015061901191283594,0.006296189873029616,0.006451010007593982,0.001707580666501692
0.0,0.6398552717935071,0.0,0.3601447282064929,0.00690216867046167,0.0,0.006902168670461673
0.1875,0.5481214952947505,0.17455712229039486,0.2773213824148546,0.00695320990071441,0.005215982421952457,0.006091047180674997
0.375,0.4667219432117191,0.3625273551240007,0.17075070166428014,0.007041129746106954,0.006692759917219048,0.005020324402190835
0.5625,0.3670734689349192,0.55108483780429,0.08184169326079073,0.006685797507271025,0.007149184108578974,0.003920663591980929
0.75,0.2648998551165951,0.729424986124282,0.005675158759122905,0.006373042071012214,0.0064195395413477125,0.0010523050448373425
0.0,0.4517807175822037,7.62249410087081e-05,0.5481430574767876,0.007040889587867063,0.00012200786419037197,0.007040957034872366
0.1875,0.4242978885941727,0.1797178435638486,0.39598426784197865,0.00708074556440134,0.005658010083696461,0.006858681847942194
0.375,0.4272197406843691,0.36761679140041836,0.20516346791521256,0.006957405187154461,0.0067512595947233165,0.005538408381273144
0.5625,0.27445532161795516,0.5510205364500645,0.17452414193198013,0.006598742053342704,0.007248895751737167,0.005491833249377097
0.75,0.26929813626313465,0.7276370330700871,0.0030648306667782023,0.006193469999602433,0.006267681446387073,0.000796046767144181
0.0,0.6402590273585043,0.0,0.35974097264149574,0.006844878912194389,0.0,0.00684487891219439
0.1875,0.5459077926362477,0.17508638682065036,0.27900582054310186,0.006884166818106122,0.005346217454391455,0.006171034968395033
0.375,0.36199398723866283,0.36608984027673963,0.2719161724845976,0.006722097406036951,0.006758535819431144,0.0062703921065356515
0.5625,0.3207322951062032,0.550805194680925,0.12846251021287167,0.006498136493648135,0.006850527218730582,0.004610930010512011
0.75,0.26932843985768,0.728457241896557,0.0022143182457631397,0.006304085627649858,0.006286664004917023,0.0006832700463814071
0.0,0.5767617679945797,0.0,0.4232382320054203,0.00686271272443108,0.0,0.006862712724431085
0.1875,0.5572859505069742,0.1765082197122196,0.26620582978080626,0.007126625078895507,0.0055043482843070935,0.006320976003180991
0.375,0.44871064793791593,0.36412542314655094,0.1871639289155331,0.006952929269446049,0.006806308922631377,0.005393987120219689
0.5625,0.36860878187451057,0.5496752310590678,0.08171598706642155,0.007095741701365614,0.007285191296500662,0.0036885450030654642
0.75,0.255272859914272,0.7289513716141927,0.01577576847153531,0.005998133772021228,0.006085479857971143,0.0017543823547999098
0.0,0.6395736986752827,0.0,0.3604263013247173,0.006891055401882306,0.0,0.006891055401882308
0.1875,0.5580805432851289,0.17643133685970322,0.26548811985516785,0.006920603779646348,0.005433241182613505,0.006160354656679125
0.375,0.3577441425298632,0.3648563664637374,0.2773994910063993,0.006692359730152847,0.006918778090289126,0.006215833914422333
0.5625,0.36805049478548596,0.5498815722574238,0.08206793295709022,0.006850558719978603,0.006994186476474718,0.0037997673068829664
0.75,0.253718958618094,0.7291576979666438,0.017123343415262077,0.006205289871221442,0.006323155118228179,0.0018660108359823103
0.0,0.6403310526731739,0.0,0.35966894732682614,0.006923080930217613,0.0,0.00692308093021761
0.1875,0.5592453488057768,0.1756436992701588,0.2651109519240645,0.006979514300416497,0.005284049429342113,0.006168345251804108
0.375,0.3612266145770852,0.365532187370488,0.2732411980524268,0.0068033008805949225,0.007002103170815482,0.006611029547687108
0.5625,0.36747172262531447,0.5508462192471321,0.0816820581275536,0.006607584237198981,0.006926669933365148,0.003857497199710998
0.75,0.2543414795648792,0.7294715641181826,0.016186956316938166,0.006095066388961062,0.006243932906969054,0.001750870471523267
0.0,0.6400108370736622,0.0,0.35998916292633765,0.006866369902615289,0.0,0.006866369902615287
0.1875,0.5585175563743223,0.17565587214498998,0.26582657148068756,0.00693381846606801,0.005239751587959909,0.006253274689879491
0.375,0.4526423636403008,0.36366643852128255,0.1836911978384167,0.007129859213016754,0.006946837827704827,0.005477208226870824
0.5625,0.3732019335516296,0.549330384866211,0.07746768158215936,0.006729795260507058,0.007000576062180536,0.003716694611837266
0.75,0.26963008871393923,0.7282184253419487,0.002151485944112115,0.006212936502848264,0.006241600925583523,0.0006669437770039215
0.0,0.576152075720002,0.0,0.42384792427999796,0.006807056969047913,0.0,0.006807056969047912
0.1875,0.556802572564645,0.1753684959523902,0.2678289314829647,0.00689613725219669,0.00536139612460764,0.0059959121586907905
0.375,0.4675731126393696,0.3627695526066584,0.16965733475397196,0.006975941233090063,0.006823477940508819,0.0050756663555587755
0.5625,0.28211364801628025,0.5512396705120225,0.16664668147169712,0.006380165795396836,0.007017363879118058,0.005093453052989783
0.75,0.263876522882047,0.7282498327652541,0.00787364435269879,0.0062063297412690045,0.006335743063547018,0.0011971259199783466
0.0,0.45186497758436867,0.0005010851512967004,0.5476339372643346,0.007189504982166588,0.0003169089535595236,0.007203996229006633
0.1875,0.4214828474059689,0.1795300094278482,0.3989871431661829,0.006659886115244655,0.00571624084691519,0.006719211936994749
0.375,0.4569323880471952,0.3634440146490048,0.17962359730379998,0.00722705283807986,0.00663200837395925,0.005304448106566573
0.5625,0.36790651614234743,0.550285866490453,0.08180761736719966,0.006841759370415641,0.006973196661572625,0.0038153885197287764
0.75,0.252749997431108,0.729015098694956,0.018234903873935907,0.0062168105682180825,0.00632042642898425,0.0019310006173708072
0.0,0.5768607936464798,0.0,0.4231392063535202,0.006853226827406333,0.0,0.0068532268274063305
0.1875,0.5596200275656328,0.17577614791866453,0.26460382451570275,0.007023103602843172,0.005505311673875875,0.005938704969886731
0.375,0.45935961615738435,0.3638623071128004,0.1767780767298153,0.007130894460571625,0.00694626030609017,0.005516373550879321
0.5625,0.38457934993574805,0.5489546010798286,0.06646604898442333,0.006762526559945013,0.007021552952832819,0.003442114303675229
0.75,0.25629953374139036,0.7287282489803851,0.01497221727822448,0.006102435472793471,0.006265156518224393,0.001736588340697512
0.0,0.45127107507187564,0.00016667227753590556,0.5485622526505883,0.006897931854853815,0.0001772200545431234,0.006892666140356197
0.1875,0.5557555761095438,0.17599933777685414,0.2682450861136018,0.0072055267894834485,0.0056675029984979515,0.006420605317369836
0.375,0.3498173670243294,0.363971808621447,0.28621082435422357,0.006796442874677655,0.006772922427472961,0.006626326727713614
0.5625,0.3684560610221683,0.5499186537152154,0.08162528526261621,0.006841783329348173,0.007094350520524674,0.003872571061817794
0.75,0.2560337871429912,0.7289986812480411,0.014967531608967626,0.006278532854096689,0.006401497946136681,0.0017501343601407245
0.0,0.5763277255893224,0.0,0.42367227441067745,0.007083649048876799,0.0,0.007083649048876802
0.1875,0.5611811362355464,0.17575158054934367,0.26306728321510986,0.00705047547211948,0.005421699301519107,0.005872900045026086
0.375,0.36129971185514986,0.36556679697858124,0.27313349116626895,0.006861632275327197,0.006734438137838637,0.006162514519878384
0.5625,0.2935346734921518,0.5515443339196406,0.15492099258820746,0.0065543196779852,0.007067720782285107,0.00475635538084849
0.75,0.2631784185975877,0.7285889765713425,0.008232604831069822,0.006361899317910277,0.006440005359599076,0.001364505858631421
0.0,0.5767610759877421,1.987281399046105e-07,0.423238725284118,0.007007634052228892,6.281192618950363e-06,0.00700790026471348
0.1875,0.5535967830900895,0.17516003123938811,0.2712431856705224,0.007018105316738822,0.005341260687781091,0.006199837445801675
0.375,0.35842069039160973,0.36536233139113505,0.2762169782172551,0.006876415569597401,0.006762635844603174,0.006345840622949832
0.5625,0.28935654273172384,0.5495642526208698,0.16107920464740624,0.006289658216770748,0.007015597545809059,0.005315450076652776
0.75,0.2559187685018207,0.7283803011246388,0.015700930373540558,0.005918730345890723,0.005968921163723097,0.0016811066568891172
0.0,0.5767870964775184,1.9833399444664816e-07,0.42321270518848714,0.006886539220772868,6.26873487873031e-06,0.006886718228682696
0.1875,0.559114863537136,0.17543303890155612,0.26545209756130783,0.007244928479439907,0.005312721383223696,0.006224592208701019
0.375,0.4572582271282285,0.36462773445651475,0.1781140384152567,0.007114881647112259,0.007071509582889455,0.005214395800993515
0.5625,0.3678566473927458,0.5502394343818167,0.08190391822543747,0.0071150319791666175,0.007361225698058233,0.004018761038107212
0.75,0.2559905769958874,0.7284289070586727,0.01558051594543992,0.006333613498700206,0.006408918793378779,0.0017233181634790163
0.0,0.5766201211551254,3.935082329355049e-07,0.42337948533664166,0.006876939107426915,8.790320387556407e-06,0.0068774644843154304
0.1875,0.3786537130831001,0.18088289184265696,0.440463395074243,0.006964593768792117,0.005491351903531762,0.0071604031287634375
0.375,0.35940933090504623,0.3667070571703936,0.27388361192456023,0.006860899395184148,0.006738312835616409,0.006401848584394767
0.5625,0.3853074257013459,0.5483975883584595,0.06629498594019459,0.0065633730176963495,0.006763110527062745,0.003470618284130379
0.75,0.17395940147232147,0.732305887411944,0.09373471111573446,0.005499203118778064,0.006223482613533629,0.004059420840646038
0.0,0.6401510835568518,0.0,0.35984891644314826,0.006817534822802464,0.0,0.0068175348228024625
0.1875,0.561469070621498,0.17602950912853124,0.2625014202499708,0.00693477410777112,0.005298548487992823,0.006174051464116976
0.375,0.453672331730049,0.3631573750962068,0.18317029317374417,0.006766440327192275,0.006767675526104665,0.00558001365390116
0.5625,0.367714840201415,0.5507460359457778,0.08153912385280729,0.0068865887239840775,0.007150939475231411,0.003821217415859533
0.75,0.25557186906676865,0.729477567251798,0.014950563681433217,0.006200492317383537,0.006252403200369292,0.0017175467151050643
0.0,0.6396313492458519,0.0,0.36036865075414815,0.0068092642544480934,0.0,0.006809264254448096
0.1875,0.4231393310228615,0.18117638161925242,0.3956842873578861,0.0070516267900682566,0.0053322750097124245,0.007206607632672473
0.375,0.4593510461647183,0.36252901938721194,0.17811993444806978,0.00703680699651513,0.006540609695947485,0.005260047252553169
0.5625,0.36204127449272594,0.5503450342270831,0.08761369128019088,0.006771395818260182,0.006996487114354457,0.0038337718024884396
0.75,0.26779243157586413,0.727687292493338,0.004520275930797939,0.006469403176260332,0.006509832348133199,0.0009598455637589608
0.0,0.6400281389829162,1.9972039145196723e-07,0.35997166129669245,0.006593287088530935,6.312554675166411e-06,0.00659302015641644
0.1875,0.4231842151639853,0.18186261313678007,0.39495317169923466,0.007163907481994863,0.005446922977801979,0.0068595829627451695
0.375,0.4634900838058852,0.3623508388608985,0.17415907733321626,0.00702484778503437,0.006658784156265494,0.005158473294462458
0.5625,0.3817940091989786,0.5491907533376962,0.0690152374633252,0.00694197331618724,0.006954340347507332,0.0035056074063242043
0.75,0.2549644691897193,0.7290373775232972,0.015998153286983494,0.00629006072332491,0.00645699043591199,0.0017123908901522742
0.0,0.6402911986787522,0.0,0.3597088013212479,0.007016462057889377,0.0,0.007016462057889375
0.1875,0.5596545001301361,0.17639174650978912,0.26395375336007487,0.006968871231111816,0.005403375196244057,0.005992275152738213
0.375,0.4562756515956502,0.36256741186153857,0.1811569365428112,0.006973849585753384,0.006797809970410431,0.005275807895943533
0.5625,0.3674764064009344,0.5490296586212382,0.08349393497782737,0.006962878667112834,0.007199288951474736,0.003800587787094572
0.75,0.2560550282389615,0.7290971674083018,0.014847804352736773,0.0060466040353077686,0.00615098358873889,0.001733645919544617
0.0,0.4520696375563665,0.00019788343120382223,0.5477324790124296,0.006846577414647653,0.0002001888548083021,0.006849662450354825
0.1875,0.553104586633289,0.17492449823504058,0.2719709151316705,0.007170528561841809,0.005460928420678699,0.0064133981738703294
0.375,0.452758347377059,0.3638299929887505,0.18341165963419045,0.007143170606039997,0.006970618808390925,0.005630286015181143
0.5625,0.3683190189554811,0.5500906362268493,0.08159034481766972,0.006934229945479937,0.006940938584627266,0.003908720633150189
0.75,0.2699880379246145,0.72777455741717,0.0022374046582153777,0.006072808212763082,0.006082435525814527,0.0006590245783659728
0.0,0.6402968784939771,0.0,0.35970312150602285,0.0069433737676541304,0.0,0.006943373767654126
0.1875,0.5597354744230327,0.1762503465239938,0.2640141790529734,0.00695104222604416,0.0056511646587905084,0.006218468011042928
0.375,0.47121565163762136,0.3634615528191084,0.1653227955432702,0.006836817964360369,0.00675947254196121,0.005149315688615984
0.5625,0.368663220271328,0.549656402749801,0.0816803769788709,0.006621285247738608,0.007000826319905526,0.003885612016097239
0.75,0.25534671244994583,0.7292215326459983,0.01543175490405585,0.006237325735876208,0.0063917569283465795,0.001806601848115566
0.0,0.4515181128721299,0.0002171595751369951,0.5482647275527331,0.00690817778149512,0.00020951197501771726,0.006896052513510956
0.1875,0.5572504965809444,0.17551095970688466,0.26723854371217093,0.0068741234842480195,0.0053241918258656465,0.0059776163967285335
0.375,0.44876737636643244,0.3651414442973198,0.1860911793362477,0.007019450578143292,0.007055229766486291,0.005364603723958008
0.5625,0.36783848510779726,0.5502427344412888,0.08191878045091396,0.006646932007450568,0.006808929255426079,0.0038783342528512636
0.75,0.2495445741147838,0.7287940175176798,0.02166140836753641,0.006332437775946347,0.006470018651311071,0.0019983518128211604
0.0,0.45180936130342003,0.0005204892587171569,0.5476701494378629,0.007429589485877585,0.0003309603424750723,0.007435409997281666
0.1875,0.5552902296360706,0.17433891779608027,0.27037085256784926,0.0069448655398908895,0.005387983547820076,0.006174470506681397
0.375,0.4156241947886914,0.3675489799783316,0.216826825232977,0.006572562011180803,0.0066429279553403215,0.0058082165466341405
0.5625,0.2903783388485365,0.5518186515291127,0.15780300962235067,0.006429578397735188,0.007108478854230833,0.0049773590385949916
0.75,0.25351586512594837,0.7292018399743887,0.017282294899662945,0.006457436160459178,0.006577212433119057,0.0017712729861069632
0.0,0.4519511971291529,0.00017785173158668774,0.5478709511392604,0.006905666577144668,0.00019122476070899993,0.006896803164464207
0.1875,0.4221532636395007,0.17878034252815478,0.3990663938323445,0.007065859757573868,0.005417866522259132,0.007139304083934936
0.375,0.3589082579044589,0.3652832704357959,0.27580847165974526,0.0067536603732049946,0.006884492576913548,0.006404227381659684
0.5625,0.37654267873294434,0.5486077753419863,0.07484954592506929,0.006629355274771714,0.006984591312690107,0.0037403183185251506
0.75,0.2560856332678154,0.7289812657384543,0.014933100993730186,0.0062355538241418915,0.006411613323207899,0.0017548254750132774
0.0,0.6399662443721595,9.938289549890007e-07,0.36003276179888555,0.0069006289829453525,1.4020174449219984e-05,0.006900405434089178
0.1875,0.4492025861332817,0.17667000357103996,0.3741274102956783,0.007095513748325917,0.00545821650065304,0.006900886563266072
0.375,0.46310369892318615,0.36240788978227406,0.17448841129453985,0.0070572164072496045,0.006859138446623623,0.0051216494409914645
0.5625,0.3663062630152691,0.5517439598989233,0.08194977708580757,0.006978338319562471,0.007043810947350203,0.003824956876558771
0.75,0.25595900169969027,0.7285928585013369,0.015448139798972886,0.006073213440009514,0.006182718581051437,0.0017709663433177199
0.0,0.576337253370099,0.0,0.423662746629901,0.007047894006517759,0.0,0.007047894006517759
0.1875,0.46102782065370834,0.1756572041074051,0.3633149752388866,0.0071951908329710304,0.005446538624250282,0.0069246035818078845
0.375,0.4737274385091061,0.36240280232364025,0.16386975916725366,0.0072398984323383715,0.006737460533175738,0.005148497103525756
0.5625,0.36901870283584753,0.5490403907611744,0.08194090640297796,0.0069594231209876845,0.007108026493402579,0.003793195594275487
0.75,0.1998147618309452,0.731471232091045,0.06871400607800965,0.005549789981133043,0.00618709076897606,0.0036985143285138784
0.0,0.6398823885126201,0.0,0.3601176114873798,0.006902364277421161,0.0,0.006902364277421157
0.1875,0.5580639282884201,0.17524018062804303,0.26669589108353686,0.007186557598244537,0.00580214252842954,0.0062239035499560445
0.375,0.4601469119441463,0.363948990181803,0.17590409787405065,0.006950225501340358,0.006759837964273194,0.0054575975722085165
0.5625,0.36882562565541493,0.5494596536300714,0.08171472071451362,0.006748447834020276,0.006968584229907513,0.003943204103143122
0.75,0.26713707992892305,0.7283837789608582,0.00447914111021868,0.00648652098148565,0.006542132354599186,0.0009701617587230568
0.0,0.6400440332732782,0.0,0.35995596672672187,0.006417819497345643,0.0,0.006417819497345645
0.1875,0.5086288674741105,0.17782945932267824,0.3135416732032112,0.007068007047370764,0.005606550738416105,0.006611380157844671
0.375,0.45884467579697896,0.3628434303825991,0.17831189382042192,0.0068935764288555225,0.006670450500678304,0.0055711580744605945
0.5625,0.36832418865801037,0.5493935750339833,0.08228223630800639,0.006786004021172064,0.006922217856554256,0.0038985411678323437
0.75,0.25605492372425387,0.7290782492762419,0.014866826999504226,0.006223351854965563,0.006391661250091753,0.0016733355727774138
0.0,0.6399795969094164,2.0000000000000002e-07,0.3600202030905835,0.006540468871268238,6.3213922517116425e-06,0.006540503128755854
0.1875,0.5563743213302951,0.17543294980829377,0.26819272886141104,0.007086843767297506,0.0053138087307730494,0.006241100505187403
0.375,0.36121191002209235,0.36562815354011946,0.2731599364377882,0.006888128747901864,0.006900768851984934,0.0064490357908037615
0.5625,0.36525660506385316,0.5499885029829323,0.08475489195321455,0.006545730761514051,0.006732910962986979,0.0038264156716455093
0.75,0.269048966979987,0.7285057875066563,0.0024452455133567507,0.006219606758490413,0.006206480456095736,0.0007182024348966862
0.0,0.5177115826007759,4.0115728970218135e-07,0.48228801624193457,0.006987468543722963,8.961557180905151e-06,0.006987143540431019
0.1875,0.561304149716313,0.17636962225355182,0.2623262280301351,0.006981922706797576,0.005581900777459925,0.006097691654705978
0.375,0.44963560197700336,0.3647366720995817,0.1856277259234148,0.006967042020989602,0.0066818752155018285,0.005506871485414403
0.5625,0.3694319845387613,0.5491310941875727,0.08143692127366595,0.006912923949126596,0.00696020808013563,0.003932726407666802
0.75,0.19884630215145238,0.7315653863863225,0.06958831146222506,0.0055798665364281295,0.006207505402141876,0.0035728542551017126
0.0,0.6402930097916498,0.0,0.35970699020835006,0.006523352333149018,0.0,0.0065233523331490175
0.1875,0.4230267830293751,0.17938845114500584,0.3975847658256191,0.0070535189265205035,0.005444009690106325,0.007117474902573666
0.375,0.4669064764463344,0.3636417935866029,0.1694517299670627,0.007074216696485167,0.0066973034007011285,0.005214538924629445
0.5625,0.2820650155264193,0.5514461957674257,0.166488788706155,0.006279465694398854,0.006975751745181153,0.00512056907164895
0.75,0.262974702442345,0.7283456658399139,0.008679631717741105,0.006339549279656276,0.0063966884782554745,0.0013339452427068824
0.0,0.639831542791549,0.0,0.360168457208451,0.006877887827610375,0.0,0.006877887827610373
0.1875,0.5527386027830115,0.1748648827476838,0.27239651446930463,0.006940998911059998,0.0053332606213278245,0.006158217964796887
0.375,0.47305174853642895,0.3623826771132751,0.16456557435029598,0.006803478009536402,0.006728028848713778,0.005050641600259271
0.5625,0.3675440281690931,0.5503941453012383,0.08206182652966869,0.006945969868173381,0.006833797357640686,0.003758922726448252
0.75,0.2551483540178969,0.7288804241837092,0.015971221798393966,0.006081464599828865,0.00624286151259122,0.0017700418055664122
0.0,0.6398578192323973,0.0,0.3601421807676028,0.006778865473519059,0.0,0.006778865473519054
0.1875,0.4378736112685203,0.17732008373350733,0.38480630499797236,0.007193813795218864,0.005660590765644618,0.006878191608324078
0.375,0.4549596863739346,0.3634062063184609,0.1816341073076046,0.007081538684081576,0.006798977713971355,0.005661303159464781
0.5625,0.3683938879767886,0.5502238369096363,0.08138227511357522,0.006716874598088756,0.007112614618380738,0.004074317717399937
0.75,0.23385508458598878,0.7293517743819532,0.03679314103205805,0.0063582640691974505,0.006481791211162297,0.0026698506927485864
0.0,0.4928420835424669,4.279298108416912e-05,0.5071151234764489,0.006991672202505334,9.304225352081638e-05,0.0069929984927665145
0.1875,0.557712315103654,0.1757393386160653,0.2665483462802807,0.0070203720790222995,0.005342572196520091,0.006291878941769654
0.375,0.35500190811858234,0.363671646924736,0.2813264449566816,0.006773697223383195,0.006689612975661713,0.006329366973709898
0.5625,0.36721954043150096,0.5506857989051471,0.0820946606633519,0.006694044234991615,0.006927533351362188,0.0037340357340200454
0.75,0.255648262640166,0.7286336931217954,0.01571804423803861,0.006461646975380844,0.0066466956892958845,0.0017553880646878134
0.0,0.6397677705013889,0.0,0.3602322294986112,0.0068685472907125955,0.0,0.006868547290712597
0.1875,0.5529586632404084,0.17726788343781966,0.26977345332177183,0.007125024712846795,0.005342298415557379,0.006541768953845407
0.375,0.3640405615103819,0.36623836225500983,0.26972107623460834,0.00678621571709561,0.00665913035845987,0.006468607329474211
0.5625,0.3667984039655398,0.5513746605934332,0.08182693544102691,0.006931269993957202,0.0071106386293697775,0.0038058336213354104
0.75,0.2560888471421366,0.7288101673016071,0.015100985556256344,0.00625844721983513,0.006341264013494546,0.0016781519413005843
0.0,0.5766714289675338,0.0,0.42332857103246624,0.007037671752742514,0.0,0.0070376717527425095
0.1875,0.5333604600200899,0.1777400250221073,0.28889951495780286,0.006911454285569153,0.005244331075221238,0.006360624887996305
0.375,0.4656291222083644,0.3622674478810004,0.17210342991063524,0.007140433964597134,0.006902416637752945,0.005198608438084201
0.5625,0.38144386718913437,0.5497243386287569,0.06883179418210877,0.00679850863147107,0.006988616364410204,0.003487151759947721
0.75,0.2556505076080203,0.7291368582538685,0.01521263413811109,0.006106971073466504,0.0061360312436473385,0.0017916384404294608
0.0,0.639858316197916,0.0,0.360141683802084,0.006758865466037036,0.0,0.006758865466037041
0.1875,0.5301493512830211,0.17502980833739745,0.29482084037958156,0.007113903614015003,0.0055058716217695975,0.006617733077907977
0.375,0.36061154336843937,0.3659431244578103,0.27344533217375033,0.006554493090359833,0.006727392745033694,0.006122773425268188
0.5625,0.2814124352371967,0.5515488144766129,0.16703875028619047,0.006613717307019179,0.007322597508639062,0.005244822208182604
0.75,0.1968444486819249,0.7326044833292128,0.07055106798886233,0.005649865997784122,0.006077396637891411,0.0035529898482460566
0.0,0.6397287888384746,0.0,0.3602712111615253,0.006715618398019229,0.0,0.006715618398019229
0.1875,0.46730025506266326,0.17391581836300685,0.3587839265743299,0.007138187762864202,0.005441983402411377,0.006730689803641454
0.375,0.3599007120372223,0.36559273391404257,0.2745065540487351,0.006735810092236289,0.006845253548045284,0.006322402806485948
0.5625,0.37429132630976897,0.5486565886849814,0.07705208500524978,0.006797817129774266,0.006867680005753029,0.0036919053317113755
0.75,0.2557594542212456,0.7291636027750552,0.015076943003699217,0.00618488688866599,0.00632931899511726,0.0016955764201089744
0.0,0.6398558314454323,0.0,0.3601441685545676,0.00680743117393023,0.0,0.00680743117393023
0.1875,0.5209378891144805,0.17918692794387686,0.2998751829416428,0.007146686163555118,0.005408911576861634,0.006465777535571347
0.375,0.32910194158887907,0.3647941190589179,0.3061039393522031,0.006913631325145573,0.007049046193809763,0.006461253131499779
0.5625,0.36772119019138927,0.5494785856436577,0.08280022416495314,0.006719137634748537,0.006958495974679832,0.003898714093687714
0.75,0.2536935805842859,0.7291648275519839,0.017141591863730134,0.006296090485121886,0.0064171864357991356,0.0018334010453744526
0.0,0.45200003631380803,0.0003371794144301291,0.5476627842717618,0.006838729145486861,0.0002672549813331003,0.006828766562963932
0.1875,0.5354081260943906,0.17551198499627624,0.2890798889093332,0.00686295556407471,0.005454742176983618,0.00622684789131318
0.375,0.3398816497203778,0.3655980835464574,0.2945202667331648,0.0070117514404213176,0.006924688731915331,0.006727522832916266
0.5625,0.3665752714354657,0.5518474161410984,0.08157731242343595,0.006929768318317653,0.007089201270379735,0.003920489232045513
0.75,0.2554421249750695,0.7290932136704618,0.015464661354468676,0.0061477354312645454,0.006272355339051147,0.001690695051511138
0.0,0.5770842227760246,0.0,0.4229157772239754,0.007017724944653518,0.0,0.00701772494465352
0.1875,0.5510941720840651,0.17496626358576484,0.27393956433016997,0.007206833782000598,0.005273964708077344,0.006451007957374328
0.375,0.45712753325888106,0.36329917722211724,0.17957328951900176,0.00706327198201168,0.006580818447257831,0.0053974595353339415
0.5625,0.33920501998494756,0.5518160950036178,0.10897888501143461,0.006790876140647718,0.007304534693618847,0.004405835916219751
0.75,0.266872054129047,0.7278724466362543,0.005255499234698691,0.006248421233061775,0.006261688245731377,0.0009901761966180458
0.0,0.6402778434334461,0.0,0.359722156566554,0.006895666175134543,0.0,0.0068956661751345405
0.1875,0.4521872736797365,0.17553509889442334,0.3722776274258402,0.006968989115138329,0.005364498121157581,0.006836168945106186
0.375,0.4746896060158644,0.362528863364943,0.16278153061919262,0.007055388637521457,0.006837676896721196,0.005167795759269329
0.5625,0.36799239517735216,0.5503535266740869,0.08165407814856096,0.006952451921296906,0.007059935397615264,0.003909216113372255
0.75,0.25531090320065264,0.7291466064395533,0.015542490359793971,0.006036452389978027,0.006228033906768353,0.0017763848084362552
0.0,0.492563633545747,1.4117480324669836e-06,0.5074349547062206,0.007164151470310284,1.681642603880807e-05,0.007163817039780963
0.1875,0.42442099981873355,0.1797073764104775,0.39587162377078894,0.006876642512862617,0.005313849796367322,0.006776306999407403
0.375,0.4552488777645174,0.3639489780460541,0.18080214418942858,0.007009542723178893,0.006575704060797467,0.005115320316910865
0.5625,0.3666261002924648,0.5501296247171792,0.08324427499035598,0.006917127640498575,0.007062425334238305,0.003935262402118186
0.75,0.2622811390841446,0.7284823310654996,0.009236529850355741,0.0062395871011764375,0.0063251868126710355,0.001362148570800279
0.0,0.6400128178864707,0.0,0.35998718211352937,0.006903949753792739,0.0,0.00690394975379274
0.1875,0.5176395665267353,0.179035945125838,0.3033244883474267,0.007257791513682309,0.005650507481556731,0.006897941683161245
0.375,0.4671162993294521,0.3637453476718158,0.16913835299873203,0.007032560568245275,0.006690491058952401,0.005308368006372888
0.5625,0.36749966716386345,0.5506113602636609,0.08188897257247561,0.006755356085615304,0.0070499988392298835,0.0038401886794441854
0.75,0.21853456378443412,0.7313871008017387,0.050078335413827176,0.005855470446166166,0.0062246831486398105,0.0031238658194276204
0.0,0.6395632935774948,0.0,0.36043670642250525,0.006863817091811709,0.0,0.006863817091811706
0.1875,0.5542378730219476,0.1756007101913991,0.2701614167866533,0.006784485440944524,0.005323513247494015,0.006050953372343463
0.375,0.4505895531277863,0.36438814034342737,0.18502230652878632,0.007164645100469531,0.006751336207247966,0.0056437732054282095
0.5625,0.3681231408012294,0.5501540896320057,0.08172276956676487,0.006743819274327599,0.0069830340803053205,0.0038041114214852783
0.75,0.25324589179826545,0.7282315013957417,0.01852260680599283,0.006226010013132567,0.00634743905069457,0.0019150432610574152
0.0,0.6399996522039453,0.0,0.3600003477960547,0.006888345680544878,0.0,0.006888345680544878
0.1875,0.5589026254630841,0.17617550135027416,0.2649218731866418,0.006928651689404522,0.005378076043006125,0.006291356000147302
0.375,0.34385853187113435,0.3651042552865481,0.2910372128423175,0.006815969342737466,0.006923655363872396,0.006407019740899566
0.5625,0.3693228405292326,0.5491445431855193,0.08153261628524812,0.006685544691365353,0.006852335709113829,0.0038757488020147715
0.75,0.2561643919346788,0.7287173552255942,0.015118252839726882,0.006258764673772452,0.006346153103292668,0.0017834014140877437
0.0,0.6398415661031549,0.0,0.36015843389684493,0.006833785164032249,0.0,0.006833785164032248
0.1875,0.4247464301359481,0.17992617889222212,0.39532739097182973,0.00704163738904425,0.005719572100445418,0.006929136363088517
0.375,0.3517263331169073,0.36468558788240285,0.28358807900068994,0.0067943721356531666,0.006901303915303039,0.006336851195226933
0.5625,0.37724463832103755,0.5495168486205789,0.07323851305838355,0.006821893734714466,0.007152332461242576,0.0036099893447747453
0.75,0.25987378060644273,0.7282152658297844,0.011910953563772959,0.0061864185728161296,0.006315131003057469,0.001557056123347186
0.0,0.45194665294718095,0.0005377076322722529,0.5475156394205467,0.007310900841321301,0.00031436001816451933,0.007330888383976477
0.1875,0.42284020616094703,0.18133168189698762,0.39582811194206535,0.007279446289623965,0.005453024097103779,0.007112061746737929
0.375,0.45177219495434245,0.3631735490392776,0.18505425600637984,0.007209513910789751,0.006931819297871235,0.005438578674918279
0.5625,0.37017575269952524,0.5496193555294075,0.08020489177106727,0.00664007117653518,0.007094772934839592,0.0038836170463433205
0.75,0.2564969511919314,0.7287607814112725,0.014742267396796046,0.006324789643132648,0.006466125613493674,0.0017192723860779198
0.0,0.6399440948403983,0.0,0.36005590515960173,0.007039940344745077,0.0,0.007039940344745078
0.1875,0.5572859951565206,0.17551628194295943,0.2671977229005199,0.00733201567171772,0.005649713330566771,0.006280238366106142
0.375,0.45044211591671945,0.3643399406394127,0.18521794344386786,0.007118791105041971,0.006680033476914417,0.005572286096223137
0.5625,0.3684344630662889,0.5495095359755601,0.08205600095815095,0.007003795331077977,0.007007404265341422,0.0039096950232288515
0.75,0.2563399824644951,0.7284549326601364,0.015205084875368655,0.006111759104144114,0.006302306770137667,0.001718553493859868
0.0,0.4515728169823422,0.0004538230157141484,0.5479733600019436,0.007058328254947432,0.000299718593251251,0.007072119153114453
0.1875,0.4239086832076659,0.17977601598717902,0.39631530080515504,0.0069401415133889055,0.00530497445154904,0.006888707857310231
0.375,0.35823802284926476,0.3647246541651428,0.2770373229855923,0.006786888876502832,0.006996966381460243,0.006429924349407819
0.5625,0.3670180562151434,0.551156285626977,0.08182565815787964,0.006660867647806243,0.006864712634135049,0.003907202590940257
0.75,0.15561358640872236,0.7329445966234925,0.11144181696778505,0.00518018340984673,0.006367817245898366,0.004481736842300563
0.0,0.6396218865446575,0.0,0.36037811345534243,0.006770872823851399,0.0,0.006770872823851402
0.1875,0.5545114524730056,0.17534782371578717,0.27014072381120713,0.006973023887279427,0.005212174197685106,0.006350745616116414
0.375,0.47064229837089294,0.362543788058042,0.16681391357106506,0.007238788485599482,0.006862032528397698,0.005234471675460691
0.5625,0.29570117354181696,0.5520328272518773,0.15226599920630565,0.006067897677574379,0.006709188578794315,0.00501470623708121
0.75,0.2551340340830279,0.7288193125267625,0.01604665339020954,0.0060819913134866005,0.006220001591050937,0.0017845990904077397
0.0,0.640291904286795,0.0,0.3597080957132049,0.006559880990633635,0.0,0.006559880990633629
0.1875,0.5544707584335323,0.17536125867578115,0.2701679828906865,0.007018191343262174,0.005420308573049962,0.006203276106053033
0.375,0.462858410256424,0.364068837443882,0.17307275229969393,0.006936023057392346,0.00662280138024724,0.0053488274941008015
0.5625,0.27210626157285506,0.5507816932172582,0.17711204520988674,0.006322971935655265,0.007370204107312678,0.00548722353563676
0.75,0.26929331411346846,0.727965914447552,0.002740771438979632,0.006432314380294785,0.006414598688301844,0.0007777892236156568
0.0,0.517794722593076,1.3803470807563332e-05,0.4821914739361164,0.0069950672306905185,5.1483221962172886e-05,0.006996428180540564
0.1875,0.5555141625846551,0.17658263639650437,0.26790320101884046,0.006928288702999102,0.005317528155339287,0.006033720088543235
0.375,0.35890346251358574,0.3655433858900327,0.27555315159638166,0.006929343231708467,0.006890534945509535,0.006457432209634403
0.5625,0.3764408782967098,0.5491237724814982,0.07443534922179187,0.006993850552312178,0.007122996936773114,0.003750644435289939
0.75,0.2637246058624681,0.7278537861322426,0.008421608005289377,0.006377953500428894,0.006413008439097195,0.001270384310973326
0.0,0.6398767328423266,1.9904458598726115e-07,0.3601230681130873,0.006694056289698595,6.291194518025122e-06,0.006694066699107423
0.1875,0.5615877402461156,0.17609461126729536,0.26231764848658895,0.007125434024586991,0.0053139164367037115,0.006114775222180264
0.375,0.46057380678120036,0.36261194863950513,0.17681424457929446,0.0070531936436927095,0.006843326226622344,0.0053792019935162754
0.5625,0.3411371997541474,0.5505390314343761,0.1083237688114765,0.006500938220295958,0.006859880963136144,0.004293786598885623
0.75,0.2557789307066174,0.7293199636555807,0.01490110563780184,0.006418944585716952,0.006500157801867276,0.0016816798956208225
0.0,0.4514895992998762,0.00010994167368612794,0.5484004590264376,0.006932181576765127,0.0001467687436969207,0.006919291256891357
0.1875,0.4243334951988473,0.17994675419231748,0.39571975060883524,0.006948358650525262,0.005503260230220404,0.006696093685400286
0.375,0.46359428654651874,0.3629667316831645,0.1734389817703167,0.006895145669431545,0.006514071687234029,0.005512799324302183
0.5625,0.36830392553300395,0.5497377530735891,0.08195832139340706,0.006870512065107225,0.007095422983475322,0.003963299893577444
0.75,0.2563360604376056,0.7286831253068613,0.014980814255533147,0.006154938394670202,0.006262344868419581,0.0016965280712832901
0.0,0.6399091167326363,0.0,0.36009088326736366,0.006932987058488833,0.0,0.006932987058488837
0.1875,0.5518321282777555,0.17636201616160246,0.2718058555606419,0.006837738202982821,0.005197848234832644,0.006100411002371927
0.375,0.3693723985113263,0.36777396982180105,0.2628536316668726,0.006706949827771169,0.007116623235691465,0.006142538462436166
0.5625,0.3672736114976815,0.5506414671889167,0.08208492131340177,0.0070032958416584275,0.007100822228782405,0.003922998069275935
0.75,0.26272475610836304,0.7286687160653115,0.008606527826325408,0.006520844217043864,0.006570809052660485,0.0013024674223367596
0.0,0.45164979554929663,0.0003803657873915712,0.5479698386633117,0.006878241718120531,0.0002827062870580743,0.006895226692413826
0.1875,0.4130165208129278,0.1770205269001242,0.40996295228694807,0.00721056284541543,0.005455892063487553,0.007073205207692226
0.375,0.46369611713456854,0.36386877446043936,0.17243510840499202,0.007245971383803071,0.006852959925483482,0.005107532118174505
0.5625,0.29089241878484096,0.5511279823438687,0.15797959887129026,0.006494846750917513,0.007172522741315374,0.005189363447307677
0.75,0.20064844460641976,0.7318142534447998,0.06753730194878034,0.005332395302781118,0.005894492154557845,0.003462694060293637
0.0,0.5765540472956013,4.0318519965287304e-07,0.42344554951919905,0.006837320145631005,9.006475544652931e-06,0.006837540250913225
0.1875,0.42528865502694135,0.17925321971138222,0.3954581252616764,0.007017940721805111,0.005287854289279276,0.006790677640029687
0.375,0.458416243750576,0.36312443966357133,0.17845931658585265,0.007111500583695122,0.006963091433371364,0.005257743172124
0.5625,0.36921309241770106,0.5493880870948508,0.08139882048744818,0.006892894588252503,0.007167652122820449,0.0038078767969743493
0.75,0.25352762192243394,0.7287278884360664,0.017744489641499522,0.006214640494996415,0.006453943295338457,0.001965556149117438
0.0,0.42960292281536827,0.00839317529260197,0.5620039018920298,0.007009250964664849,0.0012493628713644916,0.007007654996748985
0.1875,0.4228187731902272,0.1796697272461372,0.3975114995636356,0.006920186100841025,0.005409531732342065,0.006716569862751719
0.375,0.46754852566980676,0.3625576504435248,0.16989382388666854,0.006770501509874642,0.006646741067014934,0.0051855685657972335
0.5625,0.3260605333049015,0.5525495778273528,0.12138988886774571,0.006635383465544917,0.006971250261474318,0.00474697136282003
0.75,0.2692910493125823,0.7283397325507559,0.0023692181366618405,0.0062333884813338646,0.006288174053396207,0.0006774384039617275
0.0,0.6397305259234309,0.0,0.36026947407656906,0.006823086162433996,0.0,0.006823086162433996
0.1875,0.5572065391790265,0.1759023219765397,0.2668911388444337,0.0069224281888964605,0.005216369531707758,0.006186036714058586
0.375,0.4657373776917617,0.3627412820446485,0.1715213402635898,0.006852383659483962,0.006758795581180027,0.005223652462635883
0.5625,0.3515178963906954,0.5515353354645057,0.09694676814479888,0.007021021040511558,0.007046228443765223,0.004219107098096781
0.75,0.26518123326683474,0.7279854452704596,0.006833321462705566,0.006337553784775248,0.006337630587860567,0.0011561613740132318
0.0,0.4518179908102904,0.00020727202239352672,0.5479747371673162,0.007043285357077566,0.00020180894366804528,0.007032104081106691
0.1875,0.5581723278996243,0.17625086682837696,0.26557680527199873,0.007026007319091853,0.005558473788020133,0.006128032675463032
0.375,0.45761940540946605,0.3638333128329714,0.17854728175756263,0.0072027301226246605,0.006785608806883752,0.005573904796984665
0.5625,0.3671359250467482,0.5507328336131148,0.08213124134013709,0.006678386902669881,0.006901017767341932,0.003942355580642846
0.75,0.25988003330045395,0.7285122908754774,0.011607675824068683,0.006369722472342155,0.006359717694163188,0.001528969726664624
0.0,0.45160488045090835,0.00014309511069293985,0.5482520244383986,0.007152793183140983,0.0001696192271617022,0.007155631707919667
0.1875,0.5605643674822349,0.17617403544456897,0.2632615970731961,0.0071573590748861,0.005387593143389887,0.0061471334729278244
0.375,0.4674437463648833,0.36253895764583954,0.17001729598927715,0.007229416694633777,0.006889568319035969,0.0055632510033324775
0.5625,0.3661447049208922,0.5514196458099602,0.08243564926914769,0.00675797722383025,0.007029413588238048,0.003840008446216234
0.75,0.25577219138422463,0.7288065086043236,0.01542130001145181,0.0062231962102677636,0.00634714381429414,0.0017131744938280946
0.0,0.6400513484501589,0.0,0.35994865154984107,0.007209454346141691,0.0,0.007209454346141696
0.1875,0.5570717443559466,0.1758530483653475,0.2670752072787058,0.006976091314103889,0.005262846163588842,0.0061882748079093814
0.375,0.452609430513892,0.36362921868913595,0.18376135079697206,0.006856038786930278,0.006655032709001173,0.00534984149113662
0.5625,0.2865555956794187,0.5500257644706519,0.16341863984992935,0.006393352738185341,0.007067838483643805,0.00513876243827238
0.75,0.1979178065801258,0.731601281302442,0.07048091211743224,0.005797710109585296,0.006319686297362166,0.0036502999832912137
0.0,0.6395947312828152,0.0,0.360405268717185,0.0066617161108642,0.0,0.0066617161108642
0.1875,0.5576132853362863,0.17516057427909873,0.26722614038461495,0.007094269027255368,0.005451892005316492,0.006156823549518257
0.375,0.4384038117475577,0.3658766054708328,0.19571958278160953,0.006873737882421746,0.006634917463207522,0.005480762476941398
0.5625,0.3747204165728315,0.5499769864745787,0.07530259695258983,0.0067504408864576945,0.006934752661980946,0.003612514807539071
0.75,0.2010039561788434,0.7312374919542901,0.06775855186686641,0.00572058978909302,0.0063008727476801685,0.003631617926049418
0.0,0.6398896413046673,0.0,0.3601103586953327,0.006692649151377878,0.0,0.006692649151377882
0.1875,0.5649797805135605,0.17674668216337563,0.2582735373230639,0.00682006456465471,0.0054382127425801246,0.006000345717466799
0.375,0.46536068280367615,0.36346070125077984,0.17117861594554404,0.007237901877398653,0.006804626618477487,0.005306327553197302
0.5625,0.36514901507343883,0.54989822221957,0.08495276270699119,0.006726247045066567,0.007112342972148883,0.004004088323524859
0.75,0.21118581798461047,0.7313774068220396,0.057436775193349984,0.005757726365409945,0.0063432639735421445,0.0032596489532883506
0.0,0.5567379687517253,0.00010571581144458328,0.44315631543683004,0.007342646981837616,0.0001465783237149122,0.007339367585619097
0.1875,0.5549902632784818,0.17553137268724187,0.2694783640342764,0.007116141151285077,0.005291697015030723,0.006211278087958813
0.375,0.46138921261279137,0.3619665442689408,0.17664424311826776,0.007018353291668652,0.006819560310091637,0.005526802113919243
0.5625,0.36896484230964516,0.5495826521701908,0.08145250552016407,0.0068857865291470964,0.007072704930307331,0.0037655043666892482
0.75,0.25563274678413583,0.7289150284940165,0.015452224721847568,0.005828196861242708,0.006057156472677363,0.0017991582473349654
0.0,0.6399686569767971,0.0,0.36003134302320294,0.006715120503164953,0.0,0.006715120503164952
0.1875,0.4638030580982428,0.17447329690153407,0.3617236450002232,0.007173080186313196,0.005338943712901672,0.0070150947838417115
0.375,0.4639190166694925,0.3626377931637644,0.17344319016674312,0.00724724126880113,0.006931518841849858,0.005442370217324701
0.5625,0.36885791176316085,0.549478208129802,0.08166388010703712,0.006551383614210837,0.00672124333451148,0.0037359952209599237
0.75,0.2541724123730075,0.7286044881857776,0.017223099441214803,0.006146510353681936,0.006243002134810708,0.0018068815720133373
0.0,0.5182593516679249,0.0,0.48174064833207514,0.007256130541154985,0.0,0.007256130541154989
0.1875,0.42521051639340884,0.1797791789111779,0.39501030469541326,0.006977277393453416,0.005260037607012153,0.006747125196125699
0.375,0.44954169261768484,0.3624866766763113,0.18797163070600387,0.006854856700442359,0.006437990592757666,0.005405652518858871
0.5625,0.3679929746148199,0.5497066826742875,0.08230034271089261,0.006689977731762721,0.0069746293125095464,0.00406423165513011
0.75,0.19948521706529004,0.7320399363446711,0.06847484659003879,0.005703981149733959,0.006365448043975228,0.0035074682065134415
0.0,0.6395409102130375,0.0,0.3604590897869625,0.0069085360715888675,0.0,0.00690853607158887
0.1875,0.42866769311996095,0.17836434902293416,0.3929679578571048,0.006701561970657334,0.005304713309954092,0.006931192694201671
0.375,0.46316005324092463,0.3628890411511065,0.1739509056079689,0.007084781063467882,0.007109389756430859,0.005302941382153139
0.5625,0.36730445710402243,0.5501108234396047,0.08258471945637291,0.00681890178859939,0.00706540202387713,0.003954675544074472
0.75,0.25496747530982494,0.7295285475110354,0.015503977179139742,0.006150144286206484,0.006183002303870319,0.0017949278815251684
0.0,0.6399790303130234,0.0,0.3600209696869766,0.006689540970857436,0.0,0.006689540970857434
0.1875,0.41287536431539407,0.17727804646281903,0.40984658922178696,0.006969791566423369,0.005507596349893875,0.007210999783233025
0.375,0.4773500914830195,0.36279529977586106,0.1598546087411195,0.0069584637274586365,0.006442658153800459,0.005232846012345886
0.5625,0.3827623098075305,0.5500265563556409,0.06721113383682852,0.007066059591517381,0.007248613409696635,0.0034465280410360764
0.75,0.26230969227157425,0.728478791476495,0.009211516251930741,0.006169269224957598,0.006221155674693342,0.0013791462643750383
0.0,0.6398305176122302,1.9920318725099604e-07,0.3601692831845826,0.006390392364946207,6.296207422023549e-06,0.00639043303970211
0.1875,0.5565234658199788,0.17576715585528566,0.26770937832473546,0.006890792393086052,0.005247596275578433,0.006129851740532381
0.375,0.46483113984235275,0.3625364272069164,0.17263243295073083,0.006994654535785043,0.006920859454560564,0.005401479806189099
0.5625,0.3677104721340869,0.5500027682316578,0.08228675963425536,0.006706097727865895,0.006805008975856772,0.003931703111325327
0.75,0.25438767359745684,0.7289759633574018,0.01663636304514136,0.006285652159617997,0.006391388545600622,0.0017947165877598746
0.0,0.6399436174892663,0.0,0.3600563825107336,0.006628083696709078,0.0,0.006628083696709073
0.1875,0.43731150268849045,0.1760567592115146,0.38663173809999496,0.006895636308658717,0.005481522346322345,0.007168921532580132
0.375,0.47254941421264335,0.3632002909320103,0.1642502948553464,0.006855759276163021,0.006993445141051794,0.0050703163796169395
0.5625,0.2947514794391907,0.5512786292258097,0.1539698913349995,0.006558618217063025,0.007183560986091435,0.004997477781159398
0.75,0.25628446140144123,0.7288488824492202,0.014866656149338525,0.006368930022451058,0.0064441794361255215,0.0017443301341791692
