fixed rate,success rate,failure rate,error rate,success std,failure std,error std
0.0,0.6394010798773363,6.954639916850759e-06,0.3605919654827468,0.015138977499798733,8.28462958400066e-05,0.015138711111189569
0.1875,0.50856159027309,0.18419192412113308,0.3072464856057769,0.01597154645056094,0.012857957430896263,0.01482279599626704
0.375,0.38445235275013,0.3689187195454847,0.24662892770438538,0.01571520184320096,0.015262225144054873,0.01421129188140333
0.5625,0.305581150202826,0.557703500869193,0.1367153489279811,0.01500080920553887,0.01644118199760006,0.011014141951895344
0.75,0.23843286839052472,0.7391887545123973,0.022378377097078066,0.013260540362479999,0.013657839320680803,0.004716552769712315
0.0,0.6272917856196208,0.00011787925910164196,0.3725903351212776,0.01554802961546463,0.00034395946441100316,0.015552087920525154
0.1875,0.5139182106887937,0.1876839600311413,0.29839782928006503,0.015219947401683613,0.012328806783488524,0.014165293829203139
0.375,0.3700378059691858,0.37277218242629523,0.257190011604519,0.0160451167557403,0.01558997223455323,0.014376502177838792
0.5625,0.3199143600103283,0.5600026367335825,0.12008300325608912,0.015128324335979345,0.016254682848662775,0.010234323693735664
0.75,0.2412615274583951,0.7410581900262755,0.0176802825153293,0.013789700399208505,0.013926964850541403,0.004101368120572225
0.0,0.62931093304554,9.86341934632584e-06,0.37067920353511374,0.01504223122853747,9.816653475275939e-05,0.015042019317539129
0.1875,0.49272866120740183,0.18333979110062515,0.3239315476919731,0.016149258114081036,0.012106635805208602,0.014578029979641116
0.375,0.36514418475455357,0.37261716447338133,0.26223865077206504,0.014939511378877742,0.01568935739143177,0.013755492514682301
0.5625,0.32358126096614565,0.5597678560835029,0.11665088295035149,0.01490095342049183,0.01585044739473628,0.010507942732684057
0.75,0.23303076446486157,0.7381686580246388,0.028800577510499564,0.013436695066214558,0.013901568961757515,0.0055268903705542995
0.0,0.6395753132142084,0.0,0.3604246867857916,0.015133658640291411,0.0,0.015133658640291406
0.1875,0.5344404812823941,0.18197151884902465,0.2835879998685812,0.016007015240822795,0.012126541836706509,0.01424363308590853
0.375,0.3892849793100905,0.3744847356659232,0.23623028502398632,0.015500613015253444,0.01512040443338123,0.013072195541120286
0.5625,0.3076781804873209,0.558741327795241,0.13358049171743813,0.014411618477342559,0.015370919490588877,0.01103790545618488
0.75,0.22244634182366058,0.7433107556553727,0.03424290252096665,0.013074881792626432,0.013693010115668577,0.0059644106216107965
0.0,0.6116459861498134,1.4785994325884004e-05,0.38833922785586084,0.015581115451242153,0.00011988259874873636,0.015587236069552557
0.1875,0.514463067725134,0.18095107993508514,0.30458585233978097,0.015326197427043192,0.012337060213268693,0.014739227123913472
0.375,0.36758137139913766,0.3677979060885052,0.26462072251235713,0.015471929216629186,0.015425920571131976,0.01397935056638033
0.5625,0.33009375372116484,0.5555046251097548,0.11440162116908033,0.01481201348969665,0.015662276057988984,0.010116648315219308
0.75,0.2310060419765074,0.7404510930775889,0.02854286494590378,0.013232380423732782,0.013785552078339659,0.0052421606980472615
0.0,0.6371123201209927,9.718172983479105e-07,0.36288670806170875,0.015310074135774843,3.0716191699279127e-05,0.015311425689930986
0.1875,0.5193308387125005,0.1802052969155371,0.3004638643719624,0.01526387758911287,0.011619094998360502,0.014023415746786536
0.375,0.39062712815276857,0.37127668537756703,0.2380961864696643,0.015746014949873058,0.015820635329753193,0.013373748815487242
0.5625,0.3485225393515624,0.5559584978482501,0.0955189628001875,0.015066945943721106,0.015931847171545346,0.009923319027598463
0.75,0.23883519112138554,0.7390649006091101,0.022099908269504285,0.013730771757929817,0.014099840730086083,0.004727494830469831
0.0,0.6128541047707846,2.9810029604949926e-06,0.3871429142262549,0.015760846147973313,5.436045820195886e-05,0.015765060417338925
0.1875,0.49621796618897834,0.18392243914028272,0.31985959467073893,0.015446450767318699,0.012066710849276858,0.01424721111243303
0.375,0.34604925154300614,0.3698320293575583,0.28411871909943553,0.014983306355141347,0.015579373275644437,0.014107694245063182
0.5625,0.2213682910373115,0.5617344334219677,0.2168972755407207,0.012964688462832432,0.01612525836848515,0.012882621677881371
0.75,0.22228693231265936,0.7421870631963744,0.0355260044909662,0.012325570314557381,0.012910080334718943,0.0060678561184814035
0.0,0.6402082895447154,0.0,0.3597917104552846,0.015234269407200329,0.0,0.015234269407200329
0.1875,0.52769101453205,0.18241391522190945,0.2898950702460405,0.015393126063480011,0.012352389399397905,0.014282647213677224
0.375,0.42043751375580485,0.36964438087449963,0.20991810536969552,0.01511490444811692,0.01565460689644205,0.012875271978232407
0.5625,0.33404602898454444,0.5591175248178472,0.1068364461976084,0.014644832528592345,0.01543066750921991,0.009762994445190801
0.75,0.23529483546484106,0.7426255199667965,0.022079644568362443,0.013322044642577765,0.013964876174288009,0.004741188665844677
0.0,0.6126776374708397,4.999310202861829e-06,0.38731736321895743,0.015545061581267616,7.064099661335678e-05,0.015546237944660079
0.1875,0.5167380025401156,0.18297692650330322,0.3002850709565812,0.015490597722700533,0.012143953292760424,0.014650364110477907
0.375,0.41827284473099763,0.3707091498425711,0.21101800542643126,0.015679414533154343,0.014563154898565116,0.012783299244300396
0.5625,0.3377103029175092,0.5573719222528332,0.10491777482965756,0.015151666071673729,0.015605403198431166,0.009913831592039212
0.75,0.24143827845260984,0.7421639976342301,0.016397723913159985,0.013045733379474992,0.013414771980807535,0.004088812287038556
0.0,0.613184647506023,6.707643709109543e-05,0.38674827605688583,0.015776217241219002,0.00025833754232610354,0.015774322197368417
0.1875,0.5078113745878674,0.18238336255155577,0.3098052628605768,0.015456857288956382,0.012271869358720626,0.014545364065364497
0.375,0.40527474338051905,0.3696347673616874,0.2250904892577936,0.015801239916814903,0.014583888401768247,0.013009396184312091
0.5625,0.31957645566301274,0.5588954966422732,0.12152804769471408,0.014775555581243414,0.015642736356488635,0.00994042799946026
0.75,0.22925987125791217,0.7399172801119546,0.03082284863013321,0.013388120853938265,0.013730169516660614,0.005104249864698407
0.0,0.6286239213131612,5.954980153529665e-06,0.3713701237066851,0.014822964928489966,7.667068198388928e-05,0.014824471036904522
0.1875,0.46166885141179537,0.18221070240831602,0.35612044617988864,0.016461145609919122,0.012607637124477005,0.015515468075345418
0.375,0.4080132177461708,0.3727267933167652,0.21925998893706403,0.015182799259181843,0.014688050808692949,0.012975018358227983
0.5625,0.20561690981497197,0.5641018823028991,0.23028120788212883,0.012503863984198012,0.01623187940431005,0.013637239167914636
0.75,0.2292118235252943,0.7408222448061869,0.029965931668518842,0.013196859721723424,0.013712667056889987,0.005262171592682713
0.0,0.6394782093416854,4.054360647533328e-06,0.36051773629766704,0.015544219999550593,6.399007966972992e-05,0.015547734836436783
0.1875,0.49328394978629536,0.18207813266597855,0.32463791754772603,0.015459728339596922,0.011868423415836268,0.014874839864251537
0.375,0.38918040430074846,0.36666251259091837,0.24415708310833314,0.016164825377207988,0.015198688858796132,0.013692237901001051
0.5625,0.3207613978828459,0.5577732314865932,0.12146537063056093,0.014702700054950618,0.016072688491756,0.010721822932853542
0.75,0.2239697987157353,0.7426244496983686,0.03340575158589607,0.013123204839168822,0.013823923533595338,0.00598345709138708
0.0,0.6402960138782005,0.0,0.3597039861217995,0.015729635076440582,0.0,0.01572963507644058
0.1875,0.4682326260186196,0.1833695870951642,0.3483977868862162,0.015395697122579906,0.012048424298107213,0.014848552979078743
0.375,0.40403835288005097,0.36949861461730305,0.22646303250264604,0.015940373183192132,0.015165359823280109,0.013022700287849619
0.5625,0.2500139908017079,0.5542472471185336,0.19573876207975854,0.013763185387731698,0.01601443686063043,0.012640486851702134
0.75,0.2364379868761372,0.7398251798081086,0.023736833315754186,0.012970109506434626,0.013182338362663778,0.004928446447770562
0.0,0.6271441265736103,3.99384645817e-06,0.37285187957993166,0.014545272810466517,6.311873412330133e-05,0.01454767702455604
0.1875,0.5203254442828639,0.18293487617242205,0.29673967954471414,0.015158247478612013,0.011801608825435477,0.014062430825126853
0.375,0.4313095201604513,0.3686082520677552,0.20008222777179346,0.015543373454657687,0.01569256894654558,0.012586391059298669
0.5625,0.33418993616016135,0.5568368256532449,0.1089732381865937,0.014896453130841604,0.015951204166057418,0.009693072210949708
0.75,0.23949213673877523,0.7393329609432914,0.021174902317933415,0.013539430225053,0.014112978729887598,0.00450821638247957
0.0,0.612265469342769,1.9675361376288143e-06,0.3877325631210933,0.015562001571597723,4.395143338166116e-05,0.015560960596656062
0.1875,0.5369981895890914,0.17982140411081332,0.28318040630009517,0.016191436864944283,0.01206463693860339,0.014610622139079816
0.375,0.36595934721181256,0.3721930778586595,0.2618475749295279,0.015452436258724656,0.015261118231492753,0.013799920804155747
0.5625,0.3463651664039878,0.5591423997429781,0.09449243385303398,0.014751374583536455,0.015651135383592606,0.00953426146275509
0.75,0.23594254455464148,0.7415820759012732,0.022475379544085305,0.01302017037424376,0.013451346594703475,0.004586365038086936
0.0,0.6123346682505342,4.086671335402793e-05,0.3876244650361119,0.016123876022614867,0.00019774640941402547,0.016136069827898426
0.1875,0.5215692775641242,0.18202463209429862,0.2964060903415773,0.01601519282485259,0.012464737839368847,0.014351362201992993
0.375,0.39820470586548384,0.37500360191170273,0.22679169222281342,0.014934878553924962,0.01518970825676202,0.013714833437543492
0.5625,0.3239676858268554,0.5561554550910244,0.11987685908212023,0.015106465965360466,0.016110910908659983,0.009983510927185113
0.75,0.22515370717148206,0.7400726535635465,0.03477363926497142,0.013626193685758762,0.014350176594114803,0.005875045046777401
0.0,0.6287916062521651,9.643201542912246e-07,0.3712074294276806,0.014944084592526493,3.0479229757529616e-05,0.01494454771021732
0.1875,0.5014021976797788,0.18583749615674455,0.31276030616347666,0.016268324091619345,0.01257162858437335,0.014214026509782367
0.375,0.4351822493480495,0.36706205463614106,0.1977556960158094,0.015242553404473337,0.015162442624146446,0.012191891244484897
0.5625,0.2967408497605517,0.5551186978701643,0.148140452369284,0.014300941843734753,0.01561468394910312,0.011231931475023216
0.75,0.2374123106902714,0.7423458939165121,0.020241795393216536,0.013756766940822772,0.014106445914596383,0.0044069717107433105
0.0,0.6400751885188217,6.616564166614838e-05,0.35985864583951216,0.015535209461170131,0.00025357110750373596,0.015530819529356166
0.1875,0.5082434464697223,0.18084736492884562,0.31090918860143196,0.015916554603654917,0.012573563867184135,0.014906562621049982
0.375,0.40212285129073155,0.3717499185805435,0.22612723012872493,0.015235967383427695,0.015017285151090616,0.013254549447359383
0.5625,0.32273295611956737,0.5568819079732675,0.1203851359071651,0.014385742407997306,0.015243362098044251,0.01023289577174414
0.75,0.21522404697694378,0.7407099421639809,0.04406601085907527,0.01361151644407237,0.014440743119513598,0.006457663734073942
0.0,0.6381809620226484,9.891196834817012e-07,0.36181804885766816,0.015412243321322378,3.126306751588351e-05,0.015411500503909499
0.1875,0.5328620016150106,0.18324281320271432,0.283895185182275,0.015813873909176785,0.01258727967954106,0.014235815040378458
0.375,0.35637611380074363,0.367292551841272,0.27633133435798435,0.014797972042877649,0.014869088883804475,0.014066456124617885
0.5625,0.3274874944075053,0.5590773883790287,0.11343511721346596,0.015527844685362748,0.016517794267967317,0.009987094146696863
0.75,0.21969789025824463,0.7418348188492555,0.038467290892499915,0.013075568663429214,0.013890682489168898,0.006141161129192606
0.0,0.6285114924834434,0.0,0.37148850751655654,0.015113279776310974,0.0,0.015113279776310976
0.1875,0.4895240210152322,0.18617782389716916,0.3242981550875986,0.015780914334048345,0.011961821724133825,0.015020175634504066
0.375,0.3782856073420957,0.37013169066218304,0.2515827019957213,0.0154087207026794,0.015065990055406316,0.014076652906859902
0.5625,0.24957420503668795,0.55551677874737,0.194909016215942,0.01321911030265579,0.015776787565487903,0.012381551521363941
0.75,0.2393568011190842,0.7404945221327809,0.020148676748134895,0.012904448694869298,0.013175205248660402,0.00453116155806413
0.0,0.6279499419665604,2.9395797191626638e-06,0.37204711845372046,0.015359104479709116,5.361846161752524e-05,0.015357189688189995
0.1875,0.5096655839223934,0.1830213800980221,0.30731303597958465,0.015754464635595152,0.012422955613327158,0.014552845662878209
0.375,0.4073316874874333,0.36930235459966954,0.22336595791289715,0.015839267227354657,0.015371276276150867,0.01318782150915868
0.5625,0.24149696695051198,0.5574983774662818,0.20100465558320615,0.01346376545002917,0.016011478786703778,0.012318152104071826
0.75,0.22715944948007183,0.7412707355432734,0.03156981497665477,0.013567954155328528,0.014577391528806348,0.0057106779863790235
0.0,0.6125122801737787,5.05376141202638e-06,0.38748266606480924,0.015634724457863385,8.474146538760307e-05,0.015640209075031643
0.1875,0.51048362592744,0.18169600456395488,0.30782036950860503,0.015697845078192014,0.012111698576764581,0.014565544362561734
0.375,0.3610420009041602,0.36932450071980916,0.2696334983760306,0.015422810003800717,0.015869356771219405,0.014558883900617678
0.5625,0.3489778672579905,0.5549448601254898,0.09607727261651948,0.015147140891560718,0.015421613229178148,0.009682635075254341
0.75,0.21923234455883633,0.7422933607129244,0.03847429472823926,0.0133801628852775,0.014224584053578963,0.006284065910486794
0.0,0.6259386303209855,8.951428451350271e-06,0.374052418250563,0.015531572401075864,9.395231044738729e-05,0.015528463825554412
0.1875,0.5116797653500665,0.18417786810802994,0.30414236654190346,0.016371938912241597,0.01225614494196089,0.014397530191347579
0.375,0.4142052837270043,0.37113642093587706,0.21465829533711864,0.015149992592621852,0.015156648910365632,0.01291107374506399
0.5625,0.31990606839288127,0.5525024369307989,0.12759149467631978,0.015026732536731075,0.01630564617323456,0.010307302978455724
0.75,0.23024114338179583,0.741662703446468,0.028096153171736207,0.01299136834147446,0.013626238103013515,0.005342134476695271
0.0,0.6127657000602887,1.6872184284357326e-05,0.3872174277554269,0.015741530404841088,0.00012835630463306017,0.0157357841932061
0.1875,0.5018237218992309,0.18445730242073374,0.31371897568003543,0.015470086327008387,0.012196040425050932,0.014996459971626814
0.375,0.4044491920194549,0.37064330429219167,0.2249075036883534,0.01509844521829746,0.015342093468164307,0.013158845440490308
0.5625,0.3247682298680806,0.5598871945365078,0.1153445755954116,0.01473668052390008,0.015998770602633196,0.010647493786380606
0.75,0.22914326711115746,0.7416101059917346,0.029246626897107858,0.013367125696759016,0.013953956909392823,0.005295970677548457
0.0,0.6291644904369766,4.012447423495165e-06,0.3708314971155999,0.014531732770947154,6.332670974029409e-05,0.014530251318046647
0.1875,0.5238490380096855,0.18247992225561713,0.2936710397346974,0.016335734000999812,0.012216714320847746,0.014496848930533173
0.375,0.2906124796068166,0.36824043915634136,0.3411470812368421,0.014069857009868993,0.015231327154327609,0.015544398546878266
0.5625,0.23775201752585362,0.5578795610677196,0.20436842140642678,0.013099199687185275,0.016460925746119653,0.013071457301261833
0.75,0.23175116499427578,0.7416832900080663,0.026565544997657852,0.012793732365952685,0.01317788287334359,0.005022867935687141
0.0,0.6131410228671375,0.0,0.3868589771328625,0.014997890715612625,0.0,0.014997890715612628
0.1875,0.5077154527816571,0.1854020618681671,0.3068824853501758,0.0152426218810403,0.012422687589928214,0.014515835898119375
0.375,0.4203053968640166,0.37328851798744395,0.20640608514853945,0.015636738829768126,0.015001014615994523,0.012666307139990523
0.5625,0.3297410340438395,0.5545784851624951,0.11568048079366551,0.014830193962911844,0.01547913117744733,0.010075781995738973
0.75,0.2257181198698897,0.7419198913684513,0.032361988761658904,0.013772232645555244,0.014099186130968245,0.005684920792697465
0.0,0.628640783917281,2.628695294540196e-05,0.37133292912977367,0.015406064064296355,0.00016096593361506755,0.015407700685685742
0.1875,0.5113440325245316,0.1829859144498718,0.30567005302559663,0.01537027285527587,0.011802835818357641,0.013989385063576925
0.375,0.40970118069301564,0.3736636014227235,0.21663521788426085,0.015920873925930064,0.01513833781233808,0.013095520296366072
0.5625,0.33555385146545214,0.5584035553199707,0.10604259321457721,0.015011622331901847,0.015771424145505204,0.009539763844369513
0.75,0.23140814459249112,0.7407593871871996,0.027832468220309357,0.013369338724757429,0.013653021080486001,0.0052902786294845286
0.0,0.6399817719667508,0.0,0.36001822803324923,0.015153761512948588,0.0,0.015153761512948592
0.1875,0.5092873095856404,0.1819175554484726,0.308795134965887,0.015975188674155674,0.012130815149462534,0.01440131631040391
0.375,0.3879568856758178,0.369363158384007,0.24267995594017516,0.015818108309702757,0.015414645373132618,0.014014915520696622
0.5625,0.3137488225525259,0.557125940271666,0.12912523717580826,0.01474459327219281,0.015480921000264781,0.010311139314337437
0.75,0.23897844717315314,0.7395596335359125,0.021461919290934373,0.01317388685789222,0.013487310577642075,0.004571053320406393
0.0,0.6397383709009927,3.99036511761663e-06,0.3602576387338895,0.015913907328684022,6.298544269062153e-05,0.015919969113774742
0.1875,0.5056183781436149,0.18466586435012525,0.3097157575062598,0.015173237969812728,0.012063065416460702,0.014603010282744562
0.375,0.33397458152433257,0.36934521598637443,0.29668020248929305,0.01502398422332845,0.015478833821111478,0.014587825988504223
0.5625,0.33127726929758944,0.5567095867446117,0.11201314395779882,0.0144626322577821,0.015097218998464845,0.009941035219498703
0.75,0.21578666375821695,0.7417676579805871,0.04244567826119592,0.012908354927033122,0.013777602645598349,0.00630558903663247
0.0,0.6405379857560617,0.00010695241844307704,0.35935506182549515,0.01523166090058063,0.000339780682364731,0.015257617051526328
0.1875,0.514600672631676,0.18345468003755258,0.30194464733077153,0.015988285255988624,0.012125128923512491,0.014462571647583381
0.375,0.31622420029579873,0.3709093443385253,0.31286645536567603,0.014237575258865032,0.01530104678667384,0.015058632447583608
0.5625,0.3279428484405516,0.5593304076827829,0.11272674387666558,0.014764289659098727,0.015511976520935446,0.010180596271270782
0.75,0.2247862890252706,0.7418041841432741,0.03340952683145529,0.013372848595405893,0.013952918137964634,0.005808352499168764
0.0,0.6388387671076489,1.0362694300518134e-06,0.36116019662292104,0.015284026131869903,3.275332772907586e-05,0.015283465453793079
0.1875,0.49976789252595394,0.18229344892732807,0.31793865854671793,0.015815896396642635,0.012320479242273428,0.014820680647429505
0.375,0.4136551126730708,0.3706086003090744,0.21573628701785474,0.015902506951301354,0.01524268460131555,0.01338643771297905
0.5625,0.2936678860178413,0.5548157492490008,0.15151636473315808,0.014099881981755606,0.01589221153770526,0.011352251406646266
0.75,0.2329922304302194,0.740685761602011,0.026322007967769474,0.013604688677838766,0.014087014693297357,0.005089370990058406
0.0,0.6397315039846116,9.737098344693282e-07,0.3602675223055538,0.015292219013980897,3.077600901514919e-05,0.015291753715423613
0.1875,0.485440892908395,0.1823676509711753,0.3321914561204297,0.015574645891505657,0.012492207137436548,0.014917478503161786
0.375,0.28910096882065944,0.37289601283782986,0.3380030183415107,0.014266943415502782,0.015439929374631704,0.015134376348836466
0.5625,0.28762576142048735,0.5597341943256957,0.15264004425381691,0.013685527382662911,0.01578434813431129,0.011442579187238943
0.75,0.23529328388542053,0.7406383649098405,0.024068351204738922,0.013334084635861564,0.013827182874138793,0.004874611569853045
0.0,0.6268380237800767,2.81194689108361e-05,0.37313385675101246,0.015431694313393064,0.0001713887088837935,0.015426714497267058
0.1875,0.5246998577338796,0.18348874539509535,0.2918113968710251,0.015603130567539661,0.011679976073001084,0.01375395472185091
0.375,0.3913713880476642,0.37281888890206166,0.23580972305027414,0.015456901272668517,0.01531334636581499,0.013389805228340395
0.5625,0.314202221618857,0.5582802866621127,0.12751749171903023,0.015021167322765754,0.015999603025294826,0.010809813934571212
0.75,0.22832575368160565,0.7434887441296041,0.028185502188790287,0.0132243650316922,0.01348222552476276,0.0050681273176283416
0.0,0.6256634038814607,8.9677269839002e-06,0.3743276283915553,0.015246850944884363,9.417133280643423e-05,0.015249826201532734
0.1875,0.49271191605262576,0.18486470788635392,0.32242337606102023,0.01593154470475591,0.012439564252104273,0.014735826398950618
0.375,0.4246867626703353,0.3708459772179087,0.20446726011175598,0.01628418494479605,0.015355110802159053,0.01337552196712431
0.5625,0.33029850586309,0.554656064924277,0.11504542921263303,0.015211963470787626,0.015575923325620245,0.010009631294002013
0.75,0.23346244968887925,0.742590640523711,0.02394690978740966,0.013212773571343883,0.013638885898571464,0.004711917279114128
0.0,0.6399745900000976,0.00010700790196500055,0.3599184020979373,0.015870789006618927,0.00032231271124482004,0.01587909969432439
0.1875,0.5310315977852171,0.18487513119894328,0.28409327101583953,0.015549314546779835,0.012527574316019603,0.014777302301023122
0.375,0.419051861310507,0.3713358979247231,0.20961224076476992,0.015464021885263472,0.015487757201514908,0.013156667241894123
0.5625,0.2530718955932728,0.5589484206204944,0.18797968378623284,0.014144828062168052,0.015519145994347899,0.012839245397414833
0.75,0.22533733791593455,0.7436843930887317,0.03097826899533387,0.012922097853570777,0.01353784193016886,0.005532324378999145
0.0,0.6403014274278062,2.9364990097742693e-06,0.3596956360731841,0.01589648325184156,5.3533512868958664e-05,0.01589906480026364
0.1875,0.4960723615591905,0.1845264930440714,0.31940114539673814,0.015365205343328626,0.012204596263900953,0.014492362404013208
0.375,0.3850453847782376,0.3702966067678836,0.24465800845387878,0.01525232494396167,0.014435629940635008,0.013895208728941039
0.5625,0.3366660600534919,0.5587190067407782,0.10461493320572984,0.015295219235788762,0.015804340491409653,0.009608048611693423
0.75,0.21154134456880336,0.7406651831573754,0.0477934722738211,0.01329863047156804,0.014241426305188301,0.006790102645364268
0.0,0.6403527514389005,3.0130361663758166e-06,0.35964423552493313,0.015450405037440024,5.495500706563031e-05,0.015450098264181667
0.1875,0.5269897982152557,0.18191385155343948,0.29109635023130487,0.015750069766251814,0.012145663029443267,0.01429483545717683
0.375,0.4270624337148101,0.3650937050733307,0.20784386121185913,0.015886201280175583,0.015489833006402769,0.012321455163320212
0.5625,0.3499220608174511,0.5543263170088157,0.09575162217373309,0.015239327974353487,0.015721526157210744,0.009259574754098629
0.75,0.20909168791610547,0.7411590953501973,0.049749216733697206,0.012582529043233523,0.013590811392970087,0.006709982158676703
0.0,0.6391026490402505,1.0384215991692628e-06,0.36089631253815035,0.015011860855830205,3.282135125499296e-05,0.015013444193264098
0.1875,0.5024000211798001,0.18165875067976736,0.31594122814043246,0.015348869119808085,0.01230404793054037,0.01442162457397263
0.375,0.40002964379052197,0.3723162193428757,0.22765413686660235,0.015423008099740879,0.014826985620379195,0.013168958506466755
0.5625,0.31371162905046307,0.5551869572001082,0.13110141374942866,0.014136647726843093,0.015096410262150266,0.010435410496851798
0.75,0.2245876901341232,0.742383817113471,0.033028492752405735,0.01299182573975173,0.013459258672585501,0.005875171020073073
0.0,0.6396420961720467,0.0,0.3603579038279534,0.014958038216474614,0.0,0.014958038216474612
0.1875,0.5128043863682832,0.18124760939464016,0.30594800423707663,0.015832851316751637,0.01249209520029213,0.015162982185098827
0.375,0.35430841149190023,0.37076843462064757,0.27492315388745214,0.01527346150638547,0.015413723102027882,0.014110289707632152
0.5625,0.3036831455687927,0.5583808386179469,0.13793601581326037,0.014476692494048987,0.015653736222995297,0.010625813338127569
0.75,0.23249388472527546,0.740312060812794,0.02719405446193045,0.013686331968421667,0.014265337050608866,0.005279687896366403
0.0,0.6404300676404084,0.0,0.35956993235959156,0.015249963846628849,0.0,0.015249963846628849
0.1875,0.5081939943079253,0.18243220406172497,0.3093738016303496,0.015860137000233008,0.012306404052888428,0.014753620595946981
0.375,0.2983455933774876,0.37495857298989466,0.32669583363261767,0.013437397044323934,0.015138683141189848,0.015513963685207105
0.5625,0.33920445704426866,0.5578099271451231,0.10298561581060818,0.015111887302298439,0.016062451388310823,0.009585667382210459
0.75,0.22520143526394307,0.7428919936591311,0.03190657107692587,0.01298360931747995,0.013517040529562558,0.005612414394260765
0.0,0.6392767011673514,0.0,0.3607232988326487,0.0156287823713832,0.0,0.015628782371383206
0.1875,0.521489478157109,0.18234386975884256,0.2961666520840483,0.015886804318514088,0.0120184001617897,0.014336491926682602
0.375,0.41518395945871056,0.36553990619868204,0.21927613434260734,0.015212740682193708,0.015821588458382222,0.013178145890818957
0.5625,0.33457179774934936,0.5564114320433692,0.10901677020728151,0.015184130892734073,0.016069489794794903,0.010076205255525775
0.75,0.2340288431610764,0.7407376435653997,0.02523351327352384,0.013662224386201162,0.014337504112440003,0.004997674603696432
0.0,0.6127688897138994,2.0064136814471135e-06,0.38722910387241916,0.015277090463574781,4.482431405706388e-05,0.015277593588287366
0.1875,0.5089300401173983,0.18203790742683043,0.30903205245577137,0.015112389811372494,0.011898650689714968,0.014235070855068074
0.375,0.3868187920429574,0.37137514655524534,0.2418060614017972,0.015974156165073507,0.015540280702290186,0.013504196811742027
0.5625,0.27154119913387653,0.5595483449351009,0.16891045593102255,0.013734776337970073,0.015357642738456242,0.012265906933601854
0.75,0.21337377108468172,0.7418211932862082,0.04480503562911008,0.013517607762473495,0.014155910987556898,0.00644388285436587
0.0,0.639343657140892,0.0,0.36065634285910797,0.015328529664007206,0.0,0.015328529664007204
0.1875,0.4896726221558034,0.18246619838049227,0.32786117946370436,0.016110122579415232,0.012196983055622456,0.01451087580305194
0.375,0.3917100479326669,0.37613658929753235,0.23215336276980075,0.015357528110341166,0.015132419066521095,0.013225938719702072
0.5625,0.3021614909238826,0.5569482759079379,0.14089023316817942,0.014295586781346356,0.01572253091952324,0.010906442861017501
0.75,0.22795304003658864,0.7420465149040378,0.030000445059373573,0.013108214300413016,0.013674660214602393,0.005441582262853035
0.0,0.6280707634328913,0.00027029284464686736,0.37165894372246183,0.01556097555344322,0.0005271310694219749,0.01555894130584361
0.1875,0.5292717063464631,0.1802724589639289,0.29045583468960795,0.015546022265868221,0.012470377106652247,0.014524034810313322
0.375,0.3545551507351937,0.3727377939536644,0.2727070553111419,0.01526954975464143,0.015268732902749412,0.014144893651940908
0.5625,0.33071134309063666,0.557150334360048,0.11213832254931541,0.015104619209914245,0.015521928247764718,0.010196192592100558
0.75,0.22722185258230126,0.7423852431185717,0.030392904299126982,0.012679939623083308,0.01304213409632769,0.005244819753356509
0.0,0.6389926190125704,2.884876051483735e-06,0.3610044961113781,0.015243205349787821,5.259370129129165e-05,0.01524324922306314
0.1875,0.5346747620108565,0.18092083409613754,0.28440440389300603,0.01616608732196277,0.012198916355186546,0.014242972184713888
0.375,0.42779562161006224,0.36864497259649864,0.20355940579343912,0.015493462273836507,0.015895207348049334,0.013132354590992067
0.5625,0.3062051961493125,0.5575568265749784,0.13623797727570894,0.014831816815111597,0.015475183273207816,0.011120103633761116
0.75,0.2278718908393934,0.7422496323240901,0.029878476836516447,0.013229630156562103,0.013716159033262572,0.005497692428102574
0.0,0.6281374736375929,1.3938889961361773e-05,0.37184858747244587,0.015739789048830624,0.0001170446283843282,0.015730883898856057
0.1875,0.5276666123709554,0.17980801730350288,0.29252537032554166,0.015150006843306772,0.012496838141664806,0.014037909328150609
0.375,0.34100606257470234,0.3744803989435113,0.28451353848178634,0.014941822306540016,0.015055523321755842,0.013438895259966019
0.5625,0.3317465357321224,0.55899268095021,0.10926078331766756,0.014815112324692422,0.01572125247910269,0.00998703515291268
0.75,0.22612622653507503,0.7399871595626278,0.03388661390229704,0.012818609015089454,0.013769676740906397,0.005582015459631916
0.0,0.6295530855516801,5.763133557191446e-05,0.370389283112748,0.015760723937242187,0.00023631657955433573,0.015758347646394687
0.1875,0.5131435182467179,0.18250033512399352,0.30435614662928856,0.015864838651080345,0.011799762198853843,0.01450897833857269
0.375,0.3865766920601126,0.37477121471087865,0.2386520932290087,0.015005154553959697,0.014927707227958244,0.012780822361217338
0.5625,0.2389593194052341,0.5582707750017737,0.20276990559299204,0.013187369485626438,0.015538579260750175,0.012957061402215949
0.75,0.23176849080476694,0.7402155012272399,0.028016007967993167,0.01310873916860602,0.013722939725801133,0.005097037656886179
0.0,0.6275779939483437,1.0330578512396695e-06,0.37242097299380506,0.014690423503112454,3.2651819481981625e-05,0.014690859666633568
0.1875,0.516019081075094,0.18490843078078123,0.2990724881441248,0.015863951821657486,0.01226764892142148,0.01416004522158706
0.375,0.3252530738055794,0.36913572352752544,0.3056112026668952,0.013653229464808453,0.014681477543674756,0.01447880807218802
0.5625,0.31294218495421855,0.5612310162557029,0.1258267987900785,0.014804479552638835,0.01598464256786692,0.010056725149995345
0.75,0.2210561101819936,0.742013883452909,0.03693000636509734,0.013155523821484615,0.013813448366989115,0.005845344926712621
0.0,0.6392153554059041,2.984552565725282e-06,0.36078166004153,0.015048356062802592,5.4421661543470374e-05,0.015049884099469689
0.1875,0.5234511818182422,0.18453974604959036,0.2920090721321673,0.016147090036514083,0.012660499470115478,0.014280570828172148
0.375,0.35458870820877114,0.3722810149595402,0.2731302768316886,0.015261367443815151,0.015590810094347065,0.014191890879664668
0.5625,0.3387880659645582,0.5587551579469369,0.102456776088505,0.014782760423551283,0.016098711661080282,0.009369984445780256
0.75,0.21185479393964807,0.7430858264139574,0.045059379646394546,0.012560028963178262,0.01361844679207495,0.006744793834543175
0.0,0.6400038302137507,9.871668311944719e-07,0.35999518261941804,0.015035068208502277,3.120134378929735e-05,0.015034885145121286
0.1875,0.5357328578787551,0.1819278534459015,0.2823392886753434,0.01594907835448634,0.012324720433270462,0.014172940839470351
0.375,0.4224961523955576,0.37016662799437283,0.2073372196100695,0.015635962142058164,0.015022147326303062,0.013146418378442963
0.5625,0.31688368661877053,0.5558552242708079,0.1272610891104216,0.015161248947410534,0.01561874103893997,0.010566873822275917
0.75,0.23362669373105063,0.7413323017962576,0.025041004472691718,0.01265017450152599,0.013169223915190055,0.005058916268684344
0.0,0.6286983805563948,2.8508168704145454e-06,0.3712987686267348,0.014776648016960488,5.197050890035001e-05,0.01477908010899535
0.1875,0.43022651259179373,0.184070174008298,0.38570331339990827,0.01621832304753426,0.01213648446066771,0.01610374227305685
0.375,0.39353151665748687,0.3715404809258467,0.23492800241666642,0.015999590664898106,0.015264640212400652,0.01308872583969224
0.5625,0.32700810039706474,0.5595930027220481,0.11339889688088702,0.01494396982449939,0.015990093265341544,0.010242476787662092
0.75,0.2418692913314915,0.7393091457893064,0.01882156287920209,0.013930525426691445,0.014018101038649696,0.00433003103803225
0.0,0.6397638691767431,0.0,0.36023613082325695,0.01520455136509616,0.0,0.01520455136509616
0.1875,0.48828768059381605,0.1829232747381755,0.32878904466800846,0.016560370111429728,0.012493101798637824,0.015100627975742182
0.375,0.3359355273322559,0.37160150186388896,0.29246297080385514,0.014406366502465587,0.015200514981332007,0.01416531431992926
0.5625,0.32199974544461496,0.559405633481204,0.11859462107418116,0.01488573144555052,0.015438565937598996,0.010450733192319065
0.75,0.23190562314795124,0.7389335702739531,0.029160806578095576,0.012986214669635069,0.013454142570560006,0.005359785900749342
0.0,0.6387322028387636,2.0110542328095773e-06,0.3612657861070035,0.01514080275511893,4.494607773079736e-05,0.015141581728389752
0.1875,0.5149122992454824,0.18202408819965366,0.30306361255486386,0.01639475116330176,0.012136253764572823,0.014927822559226023
0.375,0.3980656474189627,0.37198719159699295,0.22994716098404439,0.015558100754713842,0.015671436433614884,0.013696266996573466
0.5625,0.309804946171288,0.5557914657054481,0.1344035881232639,0.014474461886248487,0.015393543959914659,0.010419403532131302
0.75,0.24217321965289929,0.7390376147708305,0.01878916557627017,0.01392627602932474,0.013848796589698995,0.004121840601879499
0.0,0.640180858549699,0.0001379047356398969,0.35968123671466107,0.015750251064591277,0.00036738246638499933,0.015738414299230192
0.1875,0.5256314901084197,0.18114934085032422,0.2932191690412561,0.016229184299894277,0.01207613136173591,0.014486556628853228
0.375,0.3138088009572242,0.370663310485312,0.31552788855746383,0.01438448147878268,0.015124123316540094,0.01433654076170548
0.5625,0.31559910240009825,0.5599969831001469,0.12440391449975488,0.014453600414989966,0.01570309623311353,0.01039616532960975
0.75,0.2510703745820851,0.7385905639218484,0.010339061496066445,0.013169011589468926,0.013457246137350713,0.0031517670597878064
0.0,0.6399418206830317,4.022215413975169e-06,0.3600541571015542,0.01489845589077551,6.34783877696436e-05,0.014895609076215338
0.1875,0.5004585515042415,0.18504902062592696,0.31449242786983167,0.01563700256279861,0.012274327406370873,0.015048948807342834
0.375,0.35541370038317505,0.3714795902871322,0.2731067093296928,0.014699058788782273,0.014937059799703212,0.013391809355820518
0.5625,0.3271620433564132,0.5560160043883954,0.11682195225519147,0.014691260265259198,0.015622385722294466,0.00986262724340191
0.75,0.23201823288190815,0.74208354627759,0.02589822084050183,0.013340000943905988,0.013963600421064882,0.0050356485795543734
0.0,0.6394593025163913,7.841591067011477e-06,0.36053285589254175,0.01495723959625884,8.734934075323931e-05,0.014958489699245762
0.1875,0.5393743685769992,0.18264778957511543,0.27797784184788543,0.016265137714856246,0.012623566261033758,0.01378821602978094
0.375,0.42395962348953714,0.3719803537007358,0.20406002280972702,0.015650205664674795,0.014845542845848448,0.012631489098312187
0.5625,0.30988437728739915,0.5574194218635661,0.13269620084903466,0.014720170015429235,0.015225029620201712,0.01068527662226249
0.75,0.14230773848378372,0.7431373365079021,0.11455492500831432,0.011061202708817634,0.013897328511311724,0.010069591745478505
0.0,0.6402660060671332,2.055604850635907e-06,0.359731938328016,0.015779912834374486,4.591992475929791e-05,0.015780412547274615
0.1875,0.5165931955251847,0.18247608856082467,0.3009307159139906,0.01529985121254835,0.012028486039500207,0.014179189304551379
0.375,0.38488982422927454,0.36925566146560085,0.2458545143051246,0.015335481580166442,0.015186069689662345,0.014243865530898802
0.5625,0.31331933806514917,0.5522334118158125,0.13444725011903824,0.014425917205820494,0.01542542923318806,0.010684527574014686
0.75,0.22611465493036334,0.7417336066769731,0.03215173839266356,0.012851561589679478,0.0137216459536602,0.005495833208741145
0.0,0.5980660457410272,8.887533043290598e-05,0.40184507892853993,0.015507727764650968,0.0002945802256596986,0.015491431853933353
0.1875,0.5174046359232368,0.1806597707932051,0.30193559328355796,0.015507459290323381,0.012174138503544344,0.013965315563267433
0.375,0.3199546226638216,0.36706826291016525,0.3129771144260133,0.014639281445534702,0.015148015772948296,0.014830509525803073
0.5625,0.330562173548725,0.5618439606518709,0.10759386579940416,0.01579283250930717,0.01660525065490589,0.009899613333691527
0.75,0.19789441872045382,0.739642780441439,0.06246280083810708,0.012540114034452923,0.014184726741781426,0.0077472766048212
0.0,0.6251100540241786,3.0252779638740773e-06,0.37488692069785734,0.015628322250419147,5.516088276345606e-05,0.015629677878215734
0.1875,0.4810683184305042,0.18320476389317922,0.3357269176763165,0.016348984152849078,0.012474357974360886,0.015335511590492575
0.375,0.4227218573941002,0.3700217513243665,0.2072563912815333,0.015341705575842225,0.014454235231028472,0.012635158805946688
0.5625,0.2519847300844808,0.5600531856701914,0.18796208424532782,0.01316404049317975,0.015423279960510967,0.012366486640059104
0.75,0.23583833923390649,0.7402142935128811,0.023947367253212483,0.013322243730946365,0.013560343059547758,0.004821645232731207
0.0,0.6274904616477549,5.1039511895974824e-05,0.3724584988403492,0.015010171015456599,0.00022984667640922485,0.015026256325551561
0.1875,0.5177853484863242,0.1829737708777866,0.2992408806358893,0.015380036036294177,0.012114135992705189,0.014167719648963637
0.375,0.35358116987788,0.37041398192121366,0.2760048482009063,0.015056085230394518,0.015325547678140681,0.014906691072681465
0.5625,0.30351397246577344,0.5592457509962251,0.13724027653800142,0.0148051447490056,0.01538897238619483,0.0108392200714715
0.75,0.23179875148639867,0.7413851992415533,0.026816049272048077,0.013490636058060635,0.013956265278341075,0.00491437998767263
0.0,0.6272655672388119,1.0582010582010582e-06,0.37273337456012984,0.015537956137023272,3.344651985032615e-05,0.015538729662493967
0.1875,0.5289558088880228,0.18148468885720312,0.28955950225477395,0.015782005261172093,0.012025412863845938,0.014738487419712704
0.375,0.4180190012071007,0.37042674250954133,0.21155425628335794,0.015416035886766037,0.0157381856252876,0.012824824502128596
0.5625,0.31441444279731445,0.5555818113759788,0.13000374582670668,0.014667861524677944,0.015561055846208647,0.010816948027762438
0.75,0.2333742238698942,0.7399298231566533,0.02669595297345233,0.013712784221423883,0.014129341266147842,0.005098438966136099
0.0,0.5988661975860092,7.985095023972361e-05,0.4010539514637511,0.015638375719313494,0.0002856554672537312,0.01563751305568461
0.1875,0.4904982242223768,0.1830195895242466,0.3264821862533765,0.015312705925211263,0.011961313783697775,0.014456020666883874
0.375,0.36773934479177783,0.371086400822762,0.26117425438546,0.015482856647953807,0.01491981937255808,0.013919968665210216
0.5625,0.30801152992212694,0.5623064949006884,0.12968197517718455,0.014843965595206237,0.015822294132663818,0.010364004549296053
0.75,0.22193483188159996,0.7410026685557481,0.03706249956265179,0.012898550363003445,0.013826850451265648,0.005986301793691976
0.0,0.612944804887771,2.0646959367678883e-06,0.3870531304162921,0.015855218832841755,4.61297862692138e-05,0.01585494001490102
0.1875,0.5469588024304699,0.18648949820947466,0.2665516993600555,0.016193400764060114,0.012260045540953945,0.01396920921051602
0.375,0.38587211759471585,0.3656990597409666,0.24842882266431746,0.015725104513121473,0.014842216784379813,0.01355248991763669
0.5625,0.3316599063592472,0.5560375225005189,0.1123025711402338,0.014281193735022067,0.015403075689700126,0.010153142763233952
0.75,0.2263417039454547,0.741821390799468,0.03183690525507721,0.013207180773831217,0.013624818191550167,0.005727146720008998
0.0,0.6404179288246508,9.329810532782773e-05,0.35948877307002136,0.01526558605649989,0.00029493544090155346,0.015283693741298104
0.1875,0.5218487136263963,0.17957250235694788,0.2985787840166558,0.015510194039334837,0.011894742123927366,0.01422762440281178
0.375,0.4221831893340061,0.36979897136792533,0.20801783929806864,0.015833891307309465,0.015786957343403473,0.012718554308037304
0.5625,0.3303477711045635,0.556945944011378,0.11270628488405862,0.014275019612404268,0.015457174401355172,0.009586533806975935
0.75,0.2235076951192473,0.7414045200081003,0.03508778487265234,0.012523995320903475,0.0133304879508746,0.005761368935473867
0.0,0.6393030282348588,0.0,0.3606969717651411,0.014922978049323434,0.0,0.014922978049323429
0.1875,0.522569588796883,0.1822406845042306,0.2951897266988865,0.015868947372929623,0.012156358533478424,0.014223325698540564
0.375,0.4058796288626806,0.3710477509166616,0.2230726202206577,0.015602950217524206,0.01536054167295481,0.013183773310036168
0.5625,0.3321848564257067,0.5582556548636508,0.1095594887106426,0.014454211007223574,0.015021472072865935,0.009488914717513898
0.75,0.22755652836554763,0.7387725815269385,0.033670890107513944,0.01315958355976498,0.013860449833586894,0.0057466911780645865
0.0,0.6393270382864105,0.0,0.36067296171358953,0.014872666081122017,0.0,0.014872666081122018
0.1875,0.5274175629224505,0.1800062014392633,0.2925762356382862,0.01630756232072434,0.01200077780157749,0.014722015197090889
0.375,0.3904111778886533,0.36732784573326754,0.24226097637807908,0.01564989545467924,0.014950349772968784,0.013511057684457154
0.5625,0.23635107675445877,0.5572454572294006,0.20640346601614062,0.013590156319182875,0.015644467799143493,0.012654475856699952
0.75,0.2390089147192702,0.7399452385482904,0.021045846732439366,0.01343380110621474,0.013587428908101874,0.004448246266665348
0.0,0.6281710642096063,3.981047442248498e-06,0.3718249547429513,0.015311115314524663,6.282737775666097e-05,0.015308065924480719
0.1875,0.5141647446740663,0.18340823043444734,0.3024270248914863,0.015502906779276298,0.012695032824382212,0.014474366150033835
0.375,0.3118624984655194,0.37279301442047724,0.3153444871140034,0.014573792173476414,0.015475088633966586,0.014492115495093827
0.5625,0.2610458979643486,0.5543517342019962,0.18460236783365513,0.01421105549596118,0.015839790316368632,0.0121266128598855
0.75,0.2388189161049242,0.7378961892026561,0.023284894692419768,0.013313941184396211,0.01369126303665262,0.004904167291460552
0.0,0.6295005260682178,3.0274948734759327e-06,0.3704964464369087,0.014754905443720611,5.5212514455111784e-05,0.014756591632411834
0.1875,0.5235026459676754,0.18347009726375993,0.2930272567685647,0.01606309826321819,0.01208845645227527,0.014299630661354949
0.375,0.4050284831396129,0.3718725271579767,0.22309898970241038,0.01533984342842985,0.015342169504521571,0.013083874524016765
0.5625,0.25968425089157343,0.5608163414761834,0.17949940763224315,0.0132905775651993,0.015997093930164404,0.011678031805421091
0.75,0.16799680092159994,0.7401617517867359,0.09184144729166402,0.012408065784826172,0.013961404104269149,0.009057971741340038
0.0,0.6395015455748672,4.5060394153890135e-05,0.36045339403097887,0.015158016332069977,0.00021275151821049552,0.015153659053122147
0.1875,0.49249923881046004,0.18336717024066046,0.3241335909488795,0.015835960708085114,0.012429252162564087,0.015055446625103922
0.375,0.3977205322810448,0.37123694599253837,0.23104252172641676,0.01568224458898238,0.015884987507829764,0.013515605303802141
0.5625,0.3171359581907067,0.5589905413610383,0.12387350044825497,0.014738869654127454,0.015561553947031891,0.01047253813585198
0.75,0.23650485753887154,0.7413947374221384,0.022100405038989936,0.013719103718463728,0.014241794028297734,0.004578427044348113
0.0,0.6249577630187715,2.4155802446213906e-05,0.37501808117878216,0.014977220004892444,0.00016058939723673297,0.014976797570187599
0.1875,0.5036932627495996,0.18801372412605782,0.30829301312434254,0.015661984419528468,0.011966668045273245,0.014385875301498856
0.375,0.4153393978554215,0.3727259607861496,0.21193464135842888,0.015789927555918036,0.015307736776761314,0.013005097720690936
0.5625,0.2980813822016162,0.55628426904121,0.14563434875717382,0.01423220917008913,0.01517246641879129,0.01080573120339273
0.75,0.2369824389090503,0.7417010865333504,0.021316474557599073,0.013608937351627586,0.014193676699318505,0.004632871320775257
0.0,0.6404485143536904,9.98003992015968e-07,0.35955048764231756,0.015496087091751414,3.1543873511535144e-05,0.015497936180676334
0.1875,0.3984730559157491,0.18488408680751917,0.41664285727673167,0.014515619818949652,0.012513496416007462,0.014711071050545003
0.375,0.32618893834185325,0.3711611787584346,0.3026498828997121,0.014566571777749678,0.015686457981864712,0.014929519567374136
0.5625,0.23267902143337876,0.5570933907464337,0.21022758782018747,0.012890568710045881,0.015165716550572224,0.012187356205420264
0.75,0.21537759243023816,0.7430420972569362,0.04158031031282567,0.012978774962437512,0.013994318443936874,0.006599250945843938
0.0,0.639011230199205,6.053833472329509e-06,0.3609827159673226,0.015647486178278377,7.798020756944873e-05,0.015650178745737365
0.1875,0.5228021642020804,0.18381030283652464,0.29338753296139497,0.01571813887317504,0.011862180998106204,0.014364566815737896
0.375,0.40170689121049225,0.36866067935583147,0.22963242943367623,0.015112316421539767,0.015315984377706354,0.01400977329744185
0.5625,0.325798264528765,0.5571602158119854,0.11704151965924961,0.014777388160471767,0.015615920844689535,0.010010731538409118
0.75,0.23121867617206895,0.7382719111023668,0.03050941272556432,0.013591561868508528,0.014135230584164953,0.0055439050654161205
0.0,0.6120025731278403,8.074854457173958e-06,0.38798935201770246,0.015328028964012566,8.99416760442274e-05,0.015328956999528506
0.1875,0.5067445232094002,0.183882986749384,0.30937249004121575,0.01600885766789617,0.012581506919349682,0.014425115969507234
0.375,0.40109610733137185,0.37257200650508443,0.2263318861635438,0.015492238606833813,0.01573552493857248,0.013327837206733039
0.5625,0.29515519287435743,0.5600942186007948,0.14475058852484773,0.014391332348183898,0.01581320099082978,0.011026294439978254
0.75,0.2297784871223193,0.7388685973757476,0.03135291550193307,0.01348239630065305,0.014037679314665711,0.0054698359019021234
0.0,0.6391024024412361,1.293203703427039e-05,0.36088466552172965,0.014996499062233474,0.00011275977846434905,0.015001823384075188
0.1875,0.43573328954795715,0.18314634962609386,0.3811203608259489,0.015529316117320448,0.012064384704398776,0.014782646850423525
0.375,0.40255108259207223,0.3714093702714562,0.22603954713647156,0.015397813113061775,0.015245229316536605,0.01311588533188579
0.5625,0.2831273604805846,0.5591361111676617,0.15773652835175353,0.01414723731398726,0.01576319665523936,0.011445856671151588
0.75,0.22778800496232093,0.7398502778904688,0.0323617171472102,0.012981190458544007,0.013739028691931351,0.005429460313853576
0.0,0.6258704884352071,5.310838595306643e-05,0.37407640317884,0.01555111277165936,0.0002420864817539955,0.015550613577560886
0.1875,0.5010827872872062,0.18243824184682195,0.3164789708659719,0.01550180062986143,0.011812972732566752,0.014710737442618587
0.375,0.374811107283182,0.3728815704836147,0.25230732223320324,0.01527028177860008,0.014724431335408657,0.013589371235990489
0.5625,0.3023075457338554,0.5606750981023849,0.13701735616375976,0.0145648149689844,0.015582455552012726,0.010749464169147432
0.75,0.22784989690304155,0.7404464618915939,0.031703641205364556,0.013223491965021624,0.013866061354657486,0.005693344778398827
0.0,0.6396997088355083,4.877283301161698e-06,0.36029541388119046,0.015092446478107546,6.883806482978846e-05,0.015089638610467861
0.1875,0.5233971642745548,0.18402966554652414,0.2925731701789209,0.015510232967998118,0.012260645243211127,0.014553660980708105
0.375,0.35760710638927234,0.36775199626693833,0.2746408973437893,0.014618868251114608,0.014953324658883754,0.014219410668834016
0.5625,0.3406295824141804,0.5607970189340772,0.09857339865174242,0.014968318669186853,0.01585002497577503,0.009128861332896242
0.75,0.2443024215651957,0.7421427112195612,0.013554867215243138,0.014053682032443006,0.014525492748189393,0.003533574563842675
0.0,0.6117348624036779,3.120622904136662e-05,0.3882339313672808,0.015245006868380928,0.00017454901905481702,0.015244201846694205
0.1875,0.4891581768516853,0.18503341198370493,0.32580841116460985,0.015642801528282447,0.012442514965603292,0.015340669882029949
0.375,0.36733519963010847,0.374810165824793,0.2578546345450984,0.014636500565587629,0.01576573991157533,0.013458437740190694
0.5625,0.31713471794369685,0.5560290634879999,0.1268362185683032,0.014315477143866362,0.015956409994565574,0.01087953206379869
0.75,0.2010370028365906,0.7443109248200094,0.05465207234339995,0.012401058717201274,0.013435152419232372,0.007195640751696538
0.0,0.6397927993721079,2.0006482100200464e-06,0.3602051999796821,0.015483092948960652,4.469834960013751e-05,0.01548261644349009
0.1875,0.519057712691073,0.18305134696566677,0.29789094034326025,0.015565719832842818,0.011981623654727958,0.014262442470476476
0.375,0.42914658359680685,0.367580149152242,0.20327326725095105,0.015319337159267574,0.015059827474195969,0.012968130031509617
0.5625,0.22475679534804824,0.5616404936161045,0.21360271103584738,0.012327256057390185,0.01521758963532171,0.013469505721347034
0.75,0.2268022580648847,0.7421950725602423,0.031002669374872886,0.01342409914885929,0.013891838082865914,0.005537542307829409
0.0,0.6398789387881882,0.0,0.3601210612118117,0.015480891675856506,0.0,0.015480891675856505
0.1875,0.4987509357935749,0.18239955409697456,0.3188495101094505,0.015587752410572121,0.012283507354700005,0.01406416877994382
0.375,0.4096732139749263,0.37327296734838616,0.21705381867668758,0.014700832768130665,0.014575781403925953,0.012841550433731171
0.5625,0.31497693996042037,0.5546467622582323,0.13037629778134735,0.014752242282713655,0.01563862627029063,0.01066006401776833
0.75,0.23765013302710034,0.7414551229452866,0.020894744027613113,0.013418532670275719,0.013619479862359757,0.00462122936633047
0.0,0.6392838552776766,6.029708639728611e-06,0.36071011501368366,0.01487062647842144,7.764449461166661e-05,0.014871179919583767
0.1875,0.5120917668333564,0.1814010260281635,0.30650720713847995,0.015569239590963417,0.012311901004788609,0.014740171117379667
0.375,0.3999681623976413,0.3740037985538963,0.22602803904846241,0.015414098287486864,0.014827945349991887,0.013470862291585122
0.5625,0.32163565901539154,0.5566518786074496,0.12171246237715883,0.013742011484883776,0.015563597218396777,0.010141371469745036
0.75,0.21782017736428405,0.7437346504322622,0.038445172203453774,0.013207593539329097,0.014203655625914151,0.0062338211703632344
0.0,0.6136125283360016,3.0086156808602213e-06,0.3863844630483176,0.014919950454508866,5.486185786047427e-05,0.014920141801112249
0.1875,0.5093515422953064,0.18427600280092973,0.3063724549037638,0.016550537816773358,0.012458383874960134,0.015087835437489483
0.375,0.4330325362899257,0.3723949663837656,0.19457249732630866,0.01564015325401727,0.014833341253218528,0.012368706859232376
0.5625,0.33930211698058793,0.5593987682076093,0.10129911481180273,0.015119129722072504,0.015712587380754414,0.009573917941864258
0.75,0.22050066647117572,0.7411898202201777,0.038309513308646556,0.013452491060702263,0.013941443666246498,0.006218971232463251
0.0,0.6278876935230672,3.195885968718571e-05,0.37208034761724557,0.015433970313221771,0.00017586785800290054,0.015440336293597711
0.1875,0.4946685567549356,0.18386218644791155,0.3214692567971529,0.015593526227230373,0.012452227326053797,0.015368422056768782
0.375,0.3088918817514425,0.372543765593935,0.3185643526546225,0.01533909584153545,0.015291074646378286,0.014947152519525135
0.5625,0.35830296710440035,0.55645469465129,0.08524233824430957,0.014919052010700668,0.015568627014196817,0.008643351489722772
0.75,0.22255737608715684,0.739058314871547,0.03838430904129613,0.012872640126168131,0.013595533015387922,0.006189808449403481
0.0,0.5981282748755261,4.005583191074842e-06,0.4018677195412829,0.015660572722397563,6.322710136670707e-05,0.0156611120153214
0.1875,0.5158531780653102,0.1834599993362743,0.30068682259841556,0.015815962191587287,0.012224078668742233,0.014542592291088839
0.375,0.3968739454688063,0.36732944009827073,0.235796614432923,0.015482953660369631,0.015359985151583088,0.013453741180190744
0.5625,0.3088898826145335,0.5599294669266894,0.131180650458777,0.014208385043089014,0.015315176516480488,0.01058532553813659
0.75,0.23068833856464324,0.7423471384428573,0.02696452299249945,0.012746028593268167,0.013472869222393167,0.0051363152815603235
0.0,0.6110829453877065,0.00012550996073904504,0.3887915446515544,0.015652922154553658,0.0003485056855877121,0.015657110141233763
0.1875,0.5172420582499581,0.18514821775443935,0.29760972399560254,0.01567828982411263,0.012284623086523346,0.014427293800022976
0.375,0.39375922525309986,0.367154478290694,0.2390862964562061,0.015044817731299965,0.015416286559903694,0.01307308641053484
0.5625,0.3059891168600013,0.5563030216896844,0.13770786145031433,0.014240510121073172,0.01574664323519661,0.010608542733698092
0.75,0.22218256681140372,0.7427596750245139,0.03505775816408242,0.013471485209669384,0.014347781751102268,0.005928471972044122
0.0,0.5983703234130388,0.0001857624238148144,0.40144391416314645,0.014836558779361585,0.0004357352761201262,0.014853344308954089
0.1875,0.5120509455614701,0.18383646876757537,0.30411258567095434,0.01643295065766832,0.012533752894577886,0.01478758948824611
0.375,0.389518122293691,0.3711539682524678,0.23932790945384122,0.01527549160210349,0.015200938830973142,0.013782918458809081
0.5625,0.3309511462414797,0.5565248587411612,0.11252399501735909,0.015142023441005655,0.01592554034412893,0.009734548540209186
0.75,0.22584153923016503,0.7409510114478863,0.033207449321948586,0.013549291556644902,0.014089786544219808,0.0058299695803098305
0.0,0.6273594949742717,0.0,0.3726405050257283,0.01494942012303551,0.0,0.01494942012303552
0.1875,0.49679135506087013,0.18008703469933401,0.3231216102397958,0.016090943264104225,0.012117713395963193,0.014961732319695874
0.375,0.42234088778200374,0.36859572469279006,0.20906338752520623,0.015650574408441528,0.014944382932797786,0.012808055374974208
0.5625,0.301326939118052,0.556292131878683,0.14238092900326496,0.014371028049317182,0.01569308955666128,0.01121136327939317
0.75,0.22915749565464325,0.7405716088580414,0.03027089548731545,0.013672285447980591,0.014158823100567514,0.005500564179574866
0.0,0.4518864552471014,0.0019067095010510417,0.5462068352518475,0.015960754244794914,0.0014005625842852273,0.015890849250760324
0.1875,0.46582639568239775,0.18269186981000785,0.35148173450759435,0.016647103183431718,0.012553683030427405,0.015034519875473351
0.375,0.41230430251961425,0.3683291521944281,0.21936654528595767,0.0151010787919046,0.01558971906175492,0.013332365778529047
0.5625,0.32206470480679866,0.5574595908275303,0.12047570436567097,0.014633274368819062,0.0157558824644343,0.010384621257482166
0.75,0.2317386370589065,0.7412252545655001,0.027036108375593434,0.01380413871353791,0.014520612139109367,0.005257783736134144
0.0,0.6395761990936569,1.9706748056506916e-06,0.3604218302315375,0.01492207141393588,4.402413085770104e-05,0.01492180450347613
0.1875,0.5159414869511239,0.1805147310732839,0.3035437819755923,0.015570527439038603,0.012117889555392744,0.014336885507351526
0.375,0.4073985685660367,0.3718497122884,0.2207517191455633,0.015778721138146642,0.015017347233142898,0.013199647572848444
0.5625,0.2984232501469359,0.5545080401498177,0.1470687097032464,0.014516439989964911,0.01581286097227095,0.011414455468499118
0.75,0.2272597695034379,0.7403630023925932,0.03237722810396885,0.013113350809241846,0.013650092785325694,0.005367911738008581
0.0,0.6279833408475468,6.105520684228019e-05,0.3719556039456109,0.01518390367348586,0.00024791272225707536,0.015188452383342751
0.1875,0.4896499950367421,0.18089045828767836,0.3294595466755795,0.015550887326181796,0.011634094205578266,0.01460065067511864
0.375,0.41354104573392214,0.3686016892924213,0.21785726497365648,0.01575512666527049,0.01537791200287966,0.013399102598553545
0.5625,0.2860705586218277,0.5579309024036816,0.15599853897449087,0.014078092224622616,0.01562603433649516,0.011118792050158362
0.75,0.22476205808706645,0.7435123135477463,0.03172562836518724,0.012932743078231793,0.013459993893472784,0.00534385632347206
0.0,0.638613666003194,2.201664939565028e-05,0.36136431734741037,0.015103324808382017,0.00014689692260456855,0.015103265271341513
0.1875,0.509218710558803,0.17936079828788234,0.3114204911533146,0.015630560926263002,0.012098214399001796,0.015028862394826693
0.375,0.396242760887934,0.3692950981874366,0.23446214092462944,0.015465124921678541,0.015546508053726189,0.013034407982067304
0.5625,0.21863570415635766,0.5631167141587807,0.21824758168486166,0.012898447533575842,0.01561241100576103,0.013097056491047976
0.75,0.23593372852246625,0.7433779734018378,0.020688298075695975,0.012775105472292998,0.013096973204726869,0.004536805103359004
0.0,0.6410760924415679,3.918927932695762e-06,0.3589199886304994,0.015080611405175113,6.184914036965412e-05,0.01508002345124704
0.1875,0.4968546843138616,0.18467118989760517,0.31847412578853324,0.015532860458442021,0.012162114786098561,0.01519850752209102
0.375,0.3891354266292718,0.37045337208792334,0.24041120128280477,0.015262372936205526,0.015465353543912607,0.012976218828101132
0.5625,0.31844133713832784,0.5563521242968595,0.12520653856481256,0.014478120793327385,0.01596769491735826,0.01055743592963369
0.75,0.23060444687630974,0.7411422594381454,0.028253293685544797,0.01325942824550376,0.01377580311200334,0.005354448724700353
0.0,0.6122342511268928,2.009010841609384e-06,0.38776373986226564,0.015428900211967694,4.4922627713010125e-05,0.015428006834501002
0.1875,0.5272957181351344,0.18489519233560606,0.2878090895292596,0.015596638017063284,0.01250506096114034,0.014091733362344518
0.375,0.41529454879269173,0.3694922635329139,0.2152131876743944,0.0154293295172862,0.015154537071885596,0.013348461632297606
0.5625,0.32758251382143994,0.55666523534296,0.11575225083560002,0.01522365130156703,0.01628197893338756,0.01023436911199069
0.75,0.2360898032987716,0.7415234529183126,0.022386743782915754,0.012995513039898657,0.013790644680843785,0.0048818020517297535
0.0,0.6123663676542673,9.894609583367044e-06,0.38762373773614917,0.014692165148211908,9.85083242400472e-05,0.014691859280600461
0.1875,0.508709235267701,0.18047069251292852,0.3108200722193705,0.015919497137800866,0.012148042424109903,0.0145601523509203
0.375,0.40106143981134995,0.3717231999427818,0.22721536024586825,0.01575282375641759,0.015476824199068116,0.013631374231815218
0.5625,0.2865351844207333,0.5604161995490083,0.15304861603025835,0.014531722943166634,0.016105357201517505,0.011740651454518587
0.75,0.23224539239447012,0.7422752431571499,0.02547936444837999,0.01339731264260168,0.013999450932666717,0.005054429640507231
0.0,0.6392698015866033,3.933404569993715e-06,0.36072626500882665,0.015642389938123114,6.207019760773637e-05,0.01564635048891778
0.1875,0.48936900788896115,0.18378018802166143,0.32685080408937733,0.016434709635688965,0.01252446514882353,0.01533332430130334
0.375,0.33409369769465075,0.37362460863138786,0.2922816936739614,0.015310584413601103,0.015327657008524809,0.014358011995707291
0.5625,0.33516066387324894,0.5570868902413122,0.10775244588543874,0.014678167001078006,0.01537402469400341,0.010079105131181569
0.75,0.20707421065428092,0.739470913129152,0.05345487621656709,0.012779546308934272,0.014037277943474966,0.00704393172147706
0.0,0.6129313099775636,2.9762217208085908e-06,0.38706571380071564,0.01505585813714388,5.4256842997315186e-05,0.015054742542303422
0.1875,0.5016329556081782,0.18327392849506197,0.3150931158967598,0.016130189254823783,0.012736687216957076,0.014818581564551098
0.375,0.425480240523315,0.37115445290364163,0.2033653065730433,0.015242449790925093,0.015234126035906658,0.012218291086974933
0.5625,0.31159227593813904,0.5617682244447174,0.12663949961714357,0.014785697930252981,0.016649588528011128,0.010536737191563448
0.75,0.23705339805113543,0.7409796456483159,0.021966956300548596,0.013124740462189076,0.013509049742418077,0.004490732163633385
0.0,0.6269382711116825,0.00014447439261220543,0.3729172544957053,0.01546040639957167,0.00039122140805071575,0.01545944323465029
0.1875,0.49446839713250634,0.18145554585553797,0.32407605701195563,0.016391688362602335,0.011955038398016116,0.014666903517344641
0.375,0.4282774718216094,0.3708461591595719,0.20087636901881867,0.0153276567010131,0.014776768693448183,0.012520411145590597
0.5625,0.3477113780708593,0.5573274861807881,0.09496113574835263,0.014898957042546365,0.015345991858192859,0.009379777649109926
0.75,0.23548261302903262,0.7408192397142649,0.023698147256702426,0.012846919560974022,0.013175826892465086,0.004679813582598249
0.0,0.6129200041045965,7.916291377378722e-06,0.38707207960402606,0.015280635155413622,8.816491994013945e-05,0.015276145405893659
0.1875,0.5038961235547447,0.1836378273274546,0.3124660491178007,0.015817535532918002,0.011852624071026913,0.014399825205593875
0.375,0.3379514750385122,0.36883277578921536,0.29321574917227244,0.014762770625830953,0.015378073191657748,0.014035487371506974
0.5625,0.32716043890586183,0.559502221845653,0.11333733924848513,0.015040272266130934,0.0159605883023467,0.010324256304804304
0.75,0.2310573130814739,0.7408849442049513,0.028057742713574817,0.013003819659590703,0.013540082102964604,0.005478551290201977
0.0,0.6258552699979121,0.0002615501280629301,0.37388317987402514,0.0157074816915467,0.0005263094723151585,0.015723259772984575
0.1875,0.48752317032624537,0.18311591734543345,0.3293609123283212,0.016092248730011093,0.012230360467206474,0.015311915829049956
0.375,0.3960513688105403,0.36846812634878895,0.23548050484067068,0.01544736286292382,0.01490254938494261,0.013160056612061289
0.5625,0.2614831132392317,0.5585011370350944,0.18001574972567388,0.013919173941255126,0.015578918416546435,0.011794805268892991
0.75,0.19800346592897664,0.7430996429069626,0.058896891164060855,0.012755419301488486,0.013762479435459338,0.007369661506069584
0.0,0.6266656350574028,0.00010288121418570957,0.37323148372841136,0.015517158227638137,0.0003193421982663945,0.015516776842509317
0.1875,0.5086387920573208,0.1826341321975632,0.30872707574511604,0.01566607377628214,0.012992975079606355,0.014656613145699795
0.375,0.4152989842007695,0.37574237529009374,0.2089586405091368,0.015500421180547877,0.015424300959918515,0.013431306843506293
0.5625,0.3242925891386402,0.5551804331258348,0.12052697773552509,0.014616897504075712,0.015582458142890016,0.010493606665006133
0.75,0.23201618382562558,0.7404155255469362,0.027568290627438107,0.013707984693545644,0.014337924587517176,0.005258946347762634
0.0,0.5989104283997883,0.00039598285759855897,0.4006935887426132,0.015197704027874707,0.0006205654129789686,0.01519496819638947
0.1875,0.49611152998999897,0.18280534046890293,0.3210831295410981,0.01579792164342996,0.012275703998384535,0.014829459030939095
0.375,0.43826543109031785,0.37057973767429436,0.1911548312353878,0.01529519803159596,0.014987191923175,0.012688071280611167
0.5625,0.3272777581965165,0.5616765551168237,0.11104568668665984,0.01543651242918651,0.016014499201453793,0.009830983705427879
0.75,0.23516650894789734,0.7408817915865088,0.023951699465593862,0.013339578956540595,0.013528984443966207,0.004676008594569872
0.0,0.6241411215857409,0.0,0.37585887841425913,0.006973911010067851,0.0,0.006973911010067848
0.1875,0.47097963218072864,0.18343457536462665,0.34558579245464466,0.0071296916665394994,0.005259610399966521,0.006890668067431785
0.375,0.4485583130372862,0.37026627064941975,0.1811754163132941,0.007049045900038558,0.006897388208233617,0.005551764717997117
0.5625,0.34637342081170086,0.5580566415639285,0.09556993762437052,0.00679858792307113,0.006920808199263007,0.004271212183746114
0.75,0.23902186011161727,0.740523670030262,0.02045446985812069,0.005898637181724362,0.00609652829288066,0.0020297465896793195
0.0,0.6238637884178947,0.0,0.37613621158210525,0.006869035526415033,0.0,0.006869035526415036
0.1875,0.5409231490722444,0.18251504376902228,0.27656180715873335,0.007101030808432797,0.005521227465873601,0.0064877022602739635
0.375,0.4382543346405222,0.37019990530018126,0.1915457600592965,0.006731447719228866,0.006969711497463399,0.005701741366013658
0.5625,0.3399909918321505,0.5571559724715144,0.10285303569633511,0.006841098767091386,0.007128317824453096,0.0043377908647882395
0.75,0.24380272882441192,0.7411745668767585,0.015022704298829574,0.006308054353222061,0.0063799199473819545,0.0017494235254838474
0.0,0.6399072096314371,0.0,0.3600927903685629,0.0068628015279903025,0.0,0.00686280152799031
0.1875,0.5228515039521049,0.18284832306103374,0.2943001729868615,0.006902226136770577,0.005341450488446238,0.006492859679482528
0.375,0.4082711353366962,0.37056386585386236,0.22116499880944146,0.0070332410824868775,0.006847666448844656,0.005847636834802687
0.5625,0.3481612939323287,0.5576575811243163,0.09418112494335505,0.0069242135279064575,0.007064897831517718,0.004120268902423964
0.75,0.23860900968791576,0.740568447851311,0.020822542460773242,0.005830746194540286,0.006058573200468319,0.002109939726838584
0.0,0.595072508478145,0.0,0.40492749152185503,0.006741981881184994,0.0,0.006741981881184996
0.1875,0.5508106295519093,0.1830345260071033,0.2661548444409874,0.006988026754164824,0.0055366179319317295,0.00607063208124384
0.375,0.4269142032250568,0.37066536874018213,0.20242042803476107,0.007222908318292787,0.007095629828994625,0.005742734999338612
0.5625,0.34088155341146525,0.5578210248013398,0.10129742178719504,0.006872541443305269,0.0071486950906956455,0.0044012144856809335
0.75,0.22361235187330142,0.7421892901774793,0.034198357949219355,0.005769447320597336,0.006121901061958912,0.002536122308030358
0.0,0.6237359885701881,0.0,0.3762640114298119,0.006701675219674284,0.0,0.0067016752196742855
0.1875,0.5326323362457438,0.18248363215901947,0.2848840315952367,0.006896927745076409,0.005589297404669542,0.00627910455362458
0.375,0.4252573383712943,0.3712280625236305,0.20351459910507513,0.00704586993761757,0.0066309572741054855,0.0056888450803105495
0.5625,0.3670967834000222,0.5568877591090012,0.07601545749097659,0.006784350507166409,0.007068789356297146,0.003754394357325684
0.75,0.24082999157815835,0.7408659360928553,0.018304072328986266,0.006107927512440868,0.006180895322821588,0.0018788683121490415
0.0,0.6395998333174134,0.0,0.3604001666825865,0.0066940375768097665,0.0,0.006694037576809767
0.1875,0.5533989963192898,0.18266323212241803,0.26393777155829207,0.006851755352854216,0.005416131632774116,0.006004878424125097
0.375,0.42446598722518314,0.3707767647171793,0.20475724805763754,0.006935437080661416,0.006928863564759071,0.005661658996532171
0.5625,0.35951360398064014,0.5569244427535461,0.0835619532658136,0.006949248426637391,0.0071115981628921895,0.004058103786231728
0.75,0.2564655402941811,0.7403566940489404,0.003177765656878322,0.006014992066980379,0.006009768813350368,0.0007946134311217959
0.0,0.6398695492831014,0.0,0.36013045071689853,0.006779212878606792,0.0,0.006779212878606794
0.1875,0.5338232916643155,0.18249257008430264,0.28368413825138167,0.006920218314488054,0.005500013702705606,0.006247397145069906
0.375,0.42631889205314777,0.3705917959889568,0.20308931195789542,0.006847666621937301,0.006806894453346396,0.005466291469162387
0.5625,0.34525674148796415,0.5574202088341297,0.09732304967790623,0.0068110322626712015,0.006941411851059294,0.004211824783432568
0.75,0.24081629374000288,0.7408376615342215,0.018346044725775664,0.006207261735774009,0.006374980543382393,0.0018994011342203033
0.0,0.6398279386234786,0.0,0.36017206137652136,0.006399120868262255,0.0,0.006399120868262257
0.1875,0.5501885230789268,0.18254431647953862,0.26726716044153453,0.007084897447970771,0.0054142768109934096,0.006026891824742133
0.375,0.44177297709697533,0.3707929822711156,0.18743404063190894,0.007008608790647952,0.0067954353031758705,0.005637386787160393
0.5625,0.35761104703683444,0.5575231508404545,0.08486580212271107,0.006638811084412052,0.0067700037194772305,0.004093448824937282
0.75,0.24270652709960303,0.7407707545639005,0.01652271833649647,0.006134839513066934,0.0061907014309714094,0.0017986601551701446
0.0,0.6247957575520378,0.0004664864359722679,0.37473775601199,0.006813159430118861,0.0003065394190874557,0.006818594014828427
0.1875,0.5340117423513558,0.18240484702999857,0.28358341061864567,0.007001495945465502,0.005449731496888434,0.006369944489451883
0.375,0.44974060135624505,0.3706047252167259,0.17965467342702904,0.007145740538607055,0.007145977003479341,0.005513154428263688
0.5625,0.3603692877981728,0.5568567706664834,0.08277394153534383,0.007081297092806921,0.007274138396050938,0.004014774441389329
0.75,0.24285824350824534,0.7408808363732002,0.016260920118554272,0.006038064323246214,0.006189970722570042,0.0017955645002580665
0.0,0.595555338568163,0.0,0.4044446614318369,0.007089377053087282,0.0,0.007089377053087284
0.1875,0.5603411099659698,0.1829714366604999,0.25668745337353027,0.006853180003555182,0.005676838181372735,0.006264947253313778
0.375,0.41556675972370066,0.3703534514517417,0.21407978882455755,0.006891304949830271,0.0070756448615417935,0.005746471643460498
0.5625,0.35305244844280104,0.5577736649985484,0.08917388655865065,0.0066439184150090475,0.006975813978568149,0.004008545008973133
0.75,0.23743715205032348,0.7410664774751778,0.021496370474498663,0.005931982748077506,0.006138064143453867,0.002023884328137336
0.0,0.639892646239879,1.985308715505261e-07,0.3601071552292494,0.006884403325826378,6.274957565725275e-06,0.0068843710370664855
0.1875,0.5526039881653407,0.18300176183235958,0.2643942500022997,0.00696491102963988,0.005391443669745324,0.0060441291289994896
0.375,0.4451502320143418,0.3707588054037512,0.184090962581907,0.0071748342277544825,0.006858178566437204,0.0054881906739907855
0.5625,0.3562472496651321,0.5570275813249206,0.08672516900994734,0.006466378893000442,0.0068708035702839875,0.004030362313655405
0.75,0.24562733558329472,0.7410383072978127,0.013334357118892555,0.005995187143634037,0.006160489975493701,0.0016628577803496495
0.0,0.6252641018995646,0.0005492352039558777,0.37418666289647956,0.00664618307422287,0.0003349037556600889,0.0066418765086795565
0.1875,0.5185829101995657,0.18273693176415534,0.29868015803627906,0.006963307237733594,0.005230553474069529,0.006590462891237578
0.375,0.4416831133937289,0.3698450024713733,0.18847188413489777,0.006935632398679179,0.006613400482921805,0.005632832653645007
0.5625,0.35256978655554255,0.557834362101773,0.08959585134268448,0.007030520146353653,0.00733716563529067,0.004247687093581788
0.75,0.24880546347390184,0.7397927438815176,0.011401792644580513,0.006099598725405387,0.006230845586888855,0.0015801233489244546
0.0,0.6401155198481686,0.0,0.35988448015183133,0.0066539664607125045,0.0,0.0066539664607125105
0.1875,0.5357826874609243,0.1836308106972881,0.28058650184178763,0.007060315054308111,0.005476474841476847,0.006284265458117986
0.375,0.43239274969327085,0.3699550620791557,0.1976521882275735,0.007007385315684398,0.006936644897735517,0.00573663421731725
0.5625,0.34641278167072226,0.5576019404939663,0.09598527783531145,0.006827189291061472,0.00708810339492079,0.004309795706907502
0.75,0.2395803343488749,0.7407655613958314,0.019654104255293733,0.006029146872775894,0.006150820564068584,0.002024972200336237
0.0,0.6400040467146156,0.0,0.3599959532853844,0.006441047571136061,0.0,0.0064410475711360595
0.1875,0.5173642968215161,0.1837615157453852,0.29887418743309874,0.006947187349221393,0.00546785570202466,0.0063785118531693155
0.375,0.4350579982033128,0.369722609446182,0.19521939235050514,0.006899904514995707,0.006982437544729772,0.0057861339559478215
0.5625,0.3561387326344731,0.5565288591614191,0.08733240820410762,0.007086383127298564,0.00726555437266055,0.004173991035718969
0.75,0.23950179399645594,0.7406835119902051,0.01981469401333892,0.0058037185710192755,0.005981568238996027,0.001912470539319066
0.0,0.6235832582388721,0.0,0.37641674176112794,0.006924619763866379,0.0,0.0069246197638663754
0.1875,0.5293992963737916,0.18338402392272773,0.2872166797034807,0.006560129799825208,0.005182904607665453,0.0061556742666067366
0.375,0.44468825896919234,0.3701009161202843,0.18521082491052335,0.007068273728836975,0.006801083044739016,0.0055802369104963265
0.5625,0.3464502690716746,0.5569137550455735,0.09663597588275197,0.006652237988983772,0.00683232088811451,0.004137514977379213
0.75,0.24020908295272894,0.7406986479336302,0.01909226911364094,0.005906805065963545,0.00603759549745044,0.0020047802411912266
0.0,0.595102490362875,1.9665683382497543e-07,0.40489731298029125,0.006947993167395349,6.2157249279367184e-06,0.006947767194626506
0.1875,0.5358519330441536,0.1829753075202979,0.2811727594355484,0.006811151256349963,0.005302593107134301,0.0061635328775856354
0.375,0.4556255812569739,0.3701335266851989,0.17424089205782725,0.006904608226366351,0.006901340587245519,0.005369041918089206
0.5625,0.3585556096580103,0.5569816078199114,0.08446278252207827,0.006592089133623848,0.006934829007425754,0.003933400602409273
0.75,0.2427974615600056,0.7405895765145215,0.01661296192547287,0.006179217304449088,0.006300327972451555,0.001835518910817908
0.0,0.6398189645634923,0.0,0.36018103543650765,0.006886240565253754,0.0,0.006886240565253755
0.1875,0.5471328753295173,0.1827964649270337,0.270070659743449,0.006792499792783764,0.005190098871578934,0.006326772064978231
0.375,0.453470301641211,0.3696357476291135,0.17689395072967554,0.007057358297563294,0.006779995598275074,0.005389171788344763
0.5625,0.3543813899755896,0.5564294856573663,0.08918912436704411,0.006628308991347708,0.006924954906377228,0.0040689703170296646
0.75,0.23782075616599177,0.7399402496970208,0.022238994136987347,0.006100497966811631,0.006323261706092367,0.0020277077465275946
0.0,0.6402627450784822,0.0,0.35973725492151776,0.006851632305380058,0.0,0.006851632305380057
0.1875,0.5269827439145709,0.18377369318146675,0.28924356290396236,0.006905117351420287,0.005287775482611177,0.0062682895403010554
0.375,0.42104579755643823,0.3701018386716148,0.208852363771947,0.007066756179071815,0.006843559918120245,0.00569070824860173
0.5625,0.3573469023817481,0.5574703694020677,0.08518272821618408,0.006809894592410794,0.007025499358675031,0.0039003042474657842
0.75,0.24347320403988276,0.7405011631835653,0.016025632776551904,0.006129379116734948,0.006249320220032182,0.0017888985447187802
0.0,0.6400579654694308,0.0,0.35994203453056917,0.006848245671549253,0.0,0.006848245671549253
0.1875,0.5423758311318079,0.18253446758712386,0.27508970128106824,0.007191983839601946,0.005528322269430976,0.006307148433840283
0.375,0.41085303932101497,0.37061817420212323,0.2185287864768618,0.006795447403500249,0.00696712403392501,0.005587871823166909
0.5625,0.35335039854548667,0.5574997262204006,0.08914987523411287,0.006979164356186127,0.0071147014149037045,0.003976116603324027
0.75,0.23860484817217686,0.7404717881788604,0.020923363648962637,0.006071172495587094,0.006223289566501272,0.001990533140626026
0.0,0.6401890670755229,0.0,0.35981093292447713,0.006645305842800776,0.0,0.006645305842800776
0.1875,0.552708823284762,0.18290785724701236,0.2643833194682255,0.0072349559000164715,0.005691062547013289,0.006310786943724129
0.375,0.4354346638628891,0.3709118724787496,0.19365346365836128,0.006928870396840319,0.006710035880542568,0.0057171802553153215
0.5625,0.3303441992156266,0.5577682884408431,0.11188751234353037,0.006693659278482319,0.00691343688321258,0.0044436070340842316
0.75,0.2425815735360789,0.740959288022596,0.016459138441325,0.005895858911159972,0.005901646052104346,0.001792591468263932
0.0,0.6399732834616434,0.0,0.3600267165383565,0.006673952800613028,0.0,0.006673952800613023
0.1875,0.5431282093277415,0.18288126856502884,0.2739905221072297,0.006980190829191278,0.005479508676079371,0.006322843848584992
0.375,0.4226157379575664,0.3706235075099422,0.20676075453249132,0.0069701474619747635,0.006860827368425134,0.0057988229599745655
0.5625,0.35706252830248264,0.5580549847081416,0.08488248698937567,0.0064828051641780664,0.0067578923044533884,0.003932747475977933
0.75,0.24489139579684394,0.7413032200269547,0.013805384176201325,0.00602972523453187,0.006143733483110008,0.0017081081605708497
0.0,0.5950135478879859,0.0,0.4049864521120143,0.006857883986953162,0.0,0.006857883986953164
0.1875,0.5310518006761724,0.18272176600677353,0.286226433317054,0.006930206792731797,0.005306605839705671,0.006368174263539801
0.375,0.43687795541242214,0.3710998799941053,0.19202216459347257,0.006688238485802416,0.006988193224443231,0.005611897296256021
0.5625,0.3646932672005885,0.5572865714848715,0.07802016131454012,0.00686924375622345,0.007034387112988715,0.003742503081059337
0.75,0.24668557527086363,0.7406504678384123,0.012663956890724077,0.006111510257962711,0.00620752280905475,0.0016101699436197252
0.0,0.5957107851046548,0.0,0.40428921489534514,0.00717331050444258,0.0,0.007173310504442577
0.1875,0.5227656605829255,0.1829051585781151,0.29432918083895926,0.007174454056575142,0.005608436253765928,0.006360718576167124
0.375,0.4337308446910874,0.37178203823047895,0.19448711707843358,0.006943391697866146,0.006709030856082953,0.0054814908455388545
0.5625,0.34753790569471565,0.5576373634938934,0.09482473081139091,0.006556809469007657,0.006902526548193529,0.004063426673929312
0.75,0.24480498596624498,0.7405871985972279,0.014607815436527212,0.0063062469237178415,0.006445971119146638,0.0016779012020204092
0.0,0.5954898277331482,1.3974555743706495e-06,0.40450877481127745,0.007090936118951678,1.6646224206635994e-05,0.00709100960071608
0.1875,0.5252816515402696,0.18338301338048876,0.2913353350792415,0.006874024432841403,0.005327151769431421,0.0065421822743012975
0.375,0.4267053869175217,0.37024550046112803,0.20304911262135028,0.007061794274635759,0.007006664713878672,0.005781696874191572
0.5625,0.35589291270995854,0.5569276205058062,0.0871794667842353,0.006588709512067936,0.006742614849579571,0.0040109322037227045
0.75,0.25579714935932746,0.740317796464279,0.0038850541763934794,0.0059282239887651685,0.005977285408561339,0.0008552539657457091
0.0,0.6400320592585332,0.0,0.3599679407414668,0.0069478758502948,0.0,0.0069478758502948025
0.1875,0.5378223953954651,0.18241640298261041,0.2797612016219245,0.006812521211778286,0.005381339934241667,0.006411602517559084
0.375,0.4438464324712623,0.3701127958757955,0.18604077165294217,0.0071676014125585516,0.006589331698196506,0.005551756055432427
0.5625,0.35074748171096737,0.5572778931982473,0.0919746250907854,0.006907808390200123,0.007184588912296456,0.004002584489821857
0.75,0.2431620392537622,0.7408703198394522,0.015967640906785645,0.006390233802828881,0.006487830042269793,0.001794790719423742
0.0,0.6399659329220629,0.0,0.360034067077937,0.007101177975761255,0.0,0.00710117797576126
0.1875,0.4935817327000592,0.18283307270908702,0.3235851945908538,0.007246907737396263,0.005666216156469594,0.00664991166950034
0.375,0.4465097490216407,0.37107646011625967,0.18241379086209966,0.006954741769266129,0.006903295307799069,0.005321494965284399
0.5625,0.3556828995048847,0.5577822430078688,0.08653485748724646,0.006567056537748984,0.007095951664141154,0.004136599092948268
0.75,0.23907710678602528,0.7408880982464132,0.020034794967561467,0.006197601679661981,0.0063886993183870835,0.0019053227044306192
0.0,0.6398457953851994,0.0,0.3601542046148007,0.006980288068043616,0.0,0.006980288068043615
0.1875,0.5333471188212577,0.18275091501729532,0.28390196616144703,0.007349261863247358,0.005731785753151471,0.00671310833656838
0.375,0.4449012582342932,0.37112857489163703,0.18397016687406975,0.007387893900357146,0.00683419696561001,0.005334050179423791
0.5625,0.324096858548341,0.5569420135885695,0.11896112786308936,0.006491285731082004,0.006801244043860324,0.004664738993035209
0.75,0.2431665362031168,0.7405272815546879,0.016306182242195277,0.005970714753521629,0.006184284376410944,0.0017905662934547919
0.0,0.6403868233253327,0.0,0.35961317667466725,0.00705174581526649,0.0,0.007051745815266491
0.1875,0.5292034586592804,0.18237399495531587,0.2884225463854037,0.006916956244497835,0.005446274276039838,0.006381648257656052
0.375,0.4468653556374866,0.37003461805908855,0.18310002630342484,0.0070382905793565645,0.006883487006025828,0.0054146853719434125
0.5625,0.35620131070052147,0.5575215948890458,0.0862770944104327,0.006653828209587004,0.00688632257074186,0.004055531123105256
0.75,0.24529337315101074,0.7408474471140913,0.013859179734897942,0.006136394408262882,0.006218607001834697,0.0016442539672073837
0.0,0.640046676973027,0.0,0.3599533230269731,0.006767906589735754,0.0,0.006767906589735748
0.1875,0.49662561264799715,0.18293757884067846,0.3204368085113244,0.0070633883278528415,0.005600346768025404,0.006536370926919243
0.375,0.4361582213625994,0.37114572799485074,0.19269605064254983,0.006869354309551559,0.006618978908996745,0.005561813622336154
0.5625,0.3763502564419165,0.5570795438427837,0.06657019971529982,0.006794021636570528,0.0069871786114751285,0.003603465623772898
0.75,0.24400695219266097,0.7411835477213826,0.014809500085956337,0.006176187044816359,0.0063471335107134486,0.0017168288946914371
0.0,0.5838186637478937,0.002712191404301252,0.41346914484780517,0.007033108570977703,0.0007224898257899444,0.006975314534229073
0.1875,0.5285840450630453,0.18307340558453009,0.2883425493524245,0.006954966892507012,0.005494793029016959,0.006283366336816943
0.375,0.4512673438689699,0.36974499256675303,0.178987663564277,0.006774474085933961,0.006931102915638496,0.005402294077554354
0.5625,0.35620991973068383,0.5574160186337194,0.08637406163559688,0.006592403769898216,0.006883981975127287,0.003951647447336193
0.75,0.23881460523325443,0.7410492807880358,0.0201361139787098,0.0061558477169351665,0.006216224665270917,0.001963568057564591
0.0,0.6235684931360779,0.0,0.37643150686392207,0.006943972054632732,0.0,0.006943972054632726
0.1875,0.5317373882733284,0.18320956366873942,0.285053048057932,0.007186924175184749,0.00546549314488106,0.0064512172573117895
0.375,0.45433333801005255,0.36992143594537574,0.1757452260445717,0.006956954693258344,0.006944324925451562,0.005399052180272432
0.5625,0.35012346424381735,0.5579869639029494,0.09188957185323325,0.006648723836845281,0.006865740625369629,0.003980157509841627
0.75,0.24399629651174137,0.7411122895376436,0.014891413950614994,0.0061352276690407655,0.006294792787646096,0.0017675407182850245
0.0,0.6402362356382595,3.9812879860920024e-07,0.359763366232942,0.006828708122537327,8.89352373279881e-06,0.006829030388059372
0.1875,0.5268952239457132,0.18410652467284325,0.2889982513814435,0.0069501896545793975,0.005566648875178535,0.006367923538597089
0.375,0.4442604528865983,0.3706623716837165,0.18507717542968513,0.0069928002993455305,0.007009326449382958,0.005475301374502181
0.5625,0.3606305345451648,0.5575286004863512,0.08184086496848389,0.006948165020872128,0.007227782670440269,0.0038624163559423217
0.75,0.24490570815287965,0.7410377413663064,0.014056550480813933,0.006080975292792247,0.006213669248657724,0.001647601389181992
0.0,0.6234316247856373,6.012237585425634e-07,0.3765677739906041,0.006746442562180135,1.096051069152143e-05,0.006746875616894356
0.1875,0.548898029504503,0.1824961742554449,0.2686057962400522,0.007251154742713469,0.005440787978517948,0.006402125711166127
0.375,0.4388449914412434,0.3700306248968483,0.19112438366190826,0.007110713032994431,0.007300679644875319,0.005605993667794773
0.5625,0.3620194097881105,0.5570632288240058,0.08091736138788372,0.006730518512888908,0.00677075027630785,0.0037218054186806447
0.75,0.242419415706472,0.7403591128878065,0.01722147140572151,0.006267418423469048,0.006472694137550763,0.0018434108138151773
0.0,0.64013409885282,0.0,0.3598659011471799,0.006691579749158097,0.0,0.0066915797491580945
0.1875,0.5457854870981343,0.18235958571467067,0.2718549271871949,0.0069576733843416064,0.005369444432601724,0.006215767782501347
0.375,0.4342282282536669,0.37097152837858,0.194800243367753,0.006921545552859277,0.006782297532037538,0.0057400565523436755
0.5625,0.35393016321184906,0.5580817607157524,0.08798807607239843,0.006598596585139491,0.006958236053175591,0.004143656598131118
0.75,0.25330268924406657,0.7408853892301157,0.005811921525817661,0.0061598743628100356,0.006197770324499806,0.00106979202502213
0.0,0.6397255786482642,0.0,0.36027442135173576,0.006992951946395784,0.0,0.006992951946395781
0.1875,0.5334721469661647,0.18304088597924079,0.2834869670545946,0.007064114118122516,0.00538775444222486,0.006622393768306757
0.375,0.45967957653870845,0.3701516861177315,0.17016873734356006,0.007004036323226308,0.006749264784153753,0.005525244798367709
0.5625,0.3438459571752975,0.5571998362324598,0.09895420659224263,0.00690227351113741,0.007209835822551886,0.004196325990968897
0.75,0.24489509616616026,0.7410331674550478,0.014071736378791921,0.006288794942322299,0.006418357751377411,0.0016463527641938304
0.0,0.6394981652417779,0.0,0.3605018347582221,0.006727828524882526,0.0,0.006727828524882525
0.1875,0.5565582198035035,0.18284264448848683,0.26059913570800963,0.007193695162050846,0.00535272281881486,0.006302865509860259
0.375,0.4471983321925887,0.3702421931524435,0.1825594746549678,0.006781431074050507,0.006674850483611708,0.005516003320035894
0.5625,0.3528882111736896,0.5580056009925463,0.08910618783376406,0.006843947011624889,0.007009111785954415,0.003992109921378368
0.75,0.24365523442442902,0.7411501838189426,0.015194581756628363,0.006050479410605368,0.0061776885503864445,0.001686860612254567
0.0,0.6396746629795298,4.0209101880721325e-07,0.36032493492945145,0.0068873362402737896,8.982034620409597e-06,0.006887298248458144
0.1875,0.548362845410289,0.18341261954451576,0.26822453504519533,0.007155990021510833,0.005312992073799942,0.0062594558331293525
0.375,0.4395619696582881,0.37035589355540044,0.19008213678631147,0.007155538646043541,0.006669962256479625,0.005619420186639869
0.5625,0.3631442552062273,0.557273826531309,0.07958191826246386,0.0066902039375210465,0.006910964205930668,0.0036843659903945977
0.75,0.24440119728881207,0.7412343917870344,0.014364410924153543,0.0061460659281700305,0.0062815916942548095,0.0017127331551214636
0.0,0.640100544574798,2.051702913418137e-07,0.3598992502549106,0.006760778088785828,6.4848094498478055e-06,0.006760483262089752
0.1875,0.5562443560710124,0.18352924825409872,0.260226395674889,0.00691722529029867,0.005410477409857555,0.00612249809034306
0.375,0.4432594536871368,0.37032233419032573,0.18641821212253745,0.006714002419947885,0.006422790949294817,0.005623932519528407
0.5625,0.3522035932536272,0.5569952035755072,0.09080120317086554,0.00664696016099437,0.0068246829732848905,0.004049973914357591
0.75,0.2377941886066422,0.7399935153771028,0.022212296016254986,0.005960886196525664,0.006123137533445408,0.002103027274034624
0.0,0.6403289580057344,0.0,0.3596710419942656,0.006990216769739778,0.0,0.006990216769739784
0.1875,0.5286446908445728,0.18276569194035097,0.28858961721507626,0.007097201758101203,0.00572326536860196,0.006469046992417029
0.375,0.41694696836459366,0.37154214114411027,0.21151089049129604,0.007031582227282827,0.006793723055209845,0.0057583154688253015
0.5625,0.3501809180460631,0.5571866811388342,0.09263240081510268,0.006858775085313943,0.0070056147441863335,0.004181432506494357
0.75,0.2295051317012617,0.7417035647598587,0.028791303538879688,0.005768363576756536,0.006053106929549011,0.0023976229253127018
0.0,0.6391385764026054,1.977066034005536e-07,0.36086122589079117,0.006726298058886949,6.248904954242428e-06,0.006726209359433375
0.1875,0.5333185474820763,0.18274224610996298,0.28393920640796066,0.007010526360822741,0.005413317206909625,0.006560597760660017
0.375,0.4375544855164562,0.37099531370881134,0.19145020077473238,0.007301515616205972,0.006836968640545994,0.005673319438218292
0.5625,0.339181040114346,0.55763224991598,0.10318670996967395,0.006428801122562516,0.006745533337519376,0.004376782331206358
0.75,0.2407656975386334,0.7415423097203817,0.017691992740984923,0.005879806197636938,0.006070821570933729,0.0018842787687525333
0.0,0.6242399289368409,0.0,0.3757600710631591,0.006883709340943417,0.0,0.00688370934094342
0.1875,0.5409277650180967,0.18299566744993742,0.2760765675319659,0.007239504200837786,0.00546948228466023,0.006307185758113814
0.375,0.43538322255289913,0.3704804121885685,0.19413636525853234,0.007056340144697413,0.006731431368047211,0.005546808460650813
0.5625,0.35094717397104386,0.557814507319026,0.09123831870993016,0.0067808775111919415,0.007064295683649702,0.004214944227791767
0.75,0.2413860762436358,0.7408635137574476,0.017750409998916503,0.006028994763916786,0.006102271099803768,0.0018990061766154668
0.0,0.5959403504417369,0.00044656289122977445,0.4036130866670333,0.006974345798674586,0.000310530283056879,0.006996639551909875
0.1875,0.5333850581000259,0.1833595073507596,0.2832554345492145,0.007109076728365201,0.005508867018644511,0.006196707942203535
0.375,0.4330438467713551,0.3713126445135548,0.19564350871509004,0.0069581827312125534,0.006798318082736503,0.005663474006755917
0.5625,0.36018015674421305,0.5572989624769816,0.0825208807788053,0.006750993151561419,0.006861495082672582,0.003949519882835332
0.75,0.2396207175097739,0.7407020246596887,0.019677257830537323,0.00605859236905526,0.006243564748283479,0.0019167428530230883
0.0,0.6394836731050312,0.0,0.3605163268949688,0.006675549951399168,0.0,0.006675549951399175
0.1875,0.554002659062491,0.18280147760985027,0.26319586332765865,0.0072122292536959485,0.005247308387509419,0.006309831289845096
0.375,0.4466034363684337,0.3699266945835258,0.18346986904804055,0.006954684432998409,0.006801832269511492,0.0054088725437561845
0.5625,0.35207842980505355,0.5573727814712051,0.09054878872374142,0.006626467753377486,0.007060872718055544,0.004143379885219475
0.75,0.2436386147169003,0.741542061797636,0.014819323485463684,0.006072689625179719,0.006099924808672531,0.0017033025522642617
0.0,0.6245642004840977,0.00022035760872109224,0.37521544190718126,0.006720016100514762,0.00020427378245544922,0.006704274951720194
0.1875,0.5024105982342584,0.1840943501294225,0.3134950516363191,0.007037442794803885,0.005485468989975685,0.006554499835015906
0.375,0.4389849199375244,0.3705167412480115,0.19049833881446415,0.006800189082979919,0.006374104283192747,0.005423676488506289
0.5625,0.3520029317974609,0.5571888221785298,0.09080824602400929,0.0067141486915967,0.0069678678466322625,0.0041080659267328816
0.75,0.24904542433147386,0.7406338897165872,0.010320685951939001,0.0061262980956405975,0.006183615042722396,0.0013965040107791417
0.0,0.5957961942776242,0.0,0.4042038057223758,0.00688884828828418,0.0,0.006888848288284178
0.1875,0.5407736906034408,0.18262251787352266,0.2766037915230365,0.007080140687600411,0.005406461286896412,0.006349521947935916
0.375,0.4275060767327649,0.37065418327761473,0.20183973998962035,0.006826721574036192,0.006865388157942672,0.005932572050466318
0.5625,0.3702537269345829,0.5573636712515795,0.07238260181383754,0.00688412177136005,0.007005577738268671,0.0036510678591325715
0.75,0.24094917170114752,0.7412457373699148,0.01780509092893769,0.0061595847121439715,0.006248988841239578,0.0018976176989364294
0.0,0.6400028643648975,0.0,0.35999713563510244,0.006907149149968223,0.0,0.006907149149968225
0.1875,0.5103600259828791,0.18447307789999104,0.3051668961171299,0.0068301905974269325,0.005366120310595892,0.006332773953309889
0.375,0.41335004444322465,0.3712629548554198,0.21538700070135558,0.00689524556634624,0.006794411883394252,0.005906909911116491
0.5625,0.3565424950717863,0.557563716044646,0.08589378888356763,0.006779970283670617,0.007028483388527126,0.004005585718326558
0.75,0.23805997454015496,0.7405784011273097,0.021361624332535228,0.006193214495023477,0.006331740477930046,0.002031618753370174
0.0,0.6237008937467915,3.812664530167419e-06,0.37629529358867836,0.0070357504864364505,2.739793161746859e-05,0.007035833325424148
0.1875,0.5596466681746738,0.18319388668294723,0.25715944514237904,0.006723430272373975,0.004963254219449827,0.005938242495025187
0.375,0.4341508094303249,0.3708097411700287,0.19503944939964635,0.00701722205054139,0.0070679745637583224,0.005747496389836763
0.5625,0.3598586453675439,0.5577702815618942,0.0823710730705619,0.00680936429225485,0.00714300679972927,0.0038648440931818755
0.75,0.23857275984462095,0.7406280720490056,0.02079916810637344,0.005686716429763864,0.005836633954056649,0.002002485395801377
0.0,0.623918876872318,0.0,0.376081123127682,0.0067287990408333425,0.0,0.006728799040833343
0.1875,0.5339250261501253,0.1827908331936755,0.2832841406561991,0.007120450288898715,0.00553463079021644,0.006090128377403056
0.375,0.4204777770708068,0.370297029930261,0.20922519299893222,0.0069798402667267416,0.006854091583907113,0.005698773718644563
0.5625,0.3365956048201604,0.5573534546893945,0.10605094049044525,0.006742155935563481,0.007185093817996132,0.004354258737467084
0.75,0.2488643389539071,0.7400508424313055,0.011084818614787394,0.006146582517823398,0.00626194114947624,0.0014334780771496677
0.0,0.5981171943313089,0.0018652131010473223,0.40001759256764363,0.00685377476136139,0.0005965889115264571,0.006843741164642803
0.1875,0.5531049651591361,0.18296513265718262,0.26392990218368123,0.007152096052503936,0.0054262028156281256,0.006271933813124523
0.375,0.42248160129777024,0.3706162122666658,0.2069021864355639,0.0068799338234389615,0.006668495856494734,0.005789678868434728
0.5625,0.3590767746798954,0.5573844305639091,0.08353879475619562,0.006610326216709527,0.006738879551546314,0.003803742970040478
0.75,0.23834749605950578,0.7412748549670246,0.020377648973469577,0.005837764225593865,0.005870922168273511,0.001978580801981071
0.0,0.5957295426252937,2.0420665713702266e-07,0.40427025316804915,0.006982141138447488,6.454351900869556e-06,0.006982070734651973
0.1875,0.5480716991506251,0.18282645968416394,0.269101841165211,0.007179718638921088,0.005558483777152088,0.006341694572565679
0.375,0.4448935093908501,0.3709763094938786,0.1841301811152713,0.006922619741330219,0.0067112151686275255,0.005475289154939128
0.5625,0.3452005931952918,0.5574837395683497,0.09731566723635846,0.006577585175740368,0.006851899399105003,0.004174837865393891
0.75,0.23885485627214645,0.740795454875446,0.02034968885240757,0.006028230541012435,0.006245488721872952,0.0019472410788760473
0.0,0.639933292011326,0.0,0.360066707988674,0.006610755835973732,0.0,0.006610755835973732
0.1875,0.5348367120804792,0.18246807632946344,0.2826952115900574,0.006897267301882136,0.005527983457539257,0.006147821001956631
0.375,0.4385815776764118,0.3700328678012303,0.19138555452235792,0.006947384505546489,0.0069399794831317895,0.0055600405682860975
0.5625,0.3562874311568263,0.5571575757886887,0.08655499305448487,0.006737216506264997,0.007014462282446212,0.003975457498283716
0.75,0.25521094268179606,0.7407695008879478,0.0040195564302561715,0.006003177835792561,0.006040595754333658,0.0008682729740240499
0.0,0.6401553649303346,0.0,0.3598446350696654,0.00683182429321178,0.0,0.00683182429321178
0.1875,0.5340998243536375,0.183205070754108,0.28269510489225447,0.006961142569219755,0.0054974718225419775,0.006438121732992132
0.375,0.4351840781593225,0.3699922989851476,0.1948236228555299,0.0069477903980681875,0.006716924186894494,0.005635343356819909
0.5625,0.3555431252997963,0.5573284755713639,0.08712839912883964,0.006370173146796613,0.0066824242376020615,0.003910527236523145
0.75,0.23767911528764876,0.7404706768267706,0.021850207885580532,0.005765626449135104,0.006102137306852315,0.0020855779818233634
0.0,0.639870088326356,0.0,0.3601299116736441,0.006665431914256993,0.0,0.006665431914256995
0.1875,0.5516426490609682,0.1834133768074247,0.2649439741316071,0.007010429766124381,0.005559992778643058,0.006313086984623931
0.375,0.4422457420362688,0.37093619475720413,0.18681806320652708,0.0069877143188417385,0.006860787758209911,0.005554708638488905
0.5625,0.3472226063406506,0.5579850481409689,0.09479234551838038,0.0067921420728915,0.007086933541692697,0.004223052826162913
0.75,0.23920221401095734,0.7410960338283545,0.019701752160688143,0.005977879952126442,0.006185069096260934,0.0019508230097407496
0.0,0.6400198826420201,0.0,0.3599801173579799,0.0066284676434805005,0.0,0.006628467643480504
0.1875,0.539540423639381,0.1824362039019514,0.2780233724586675,0.0070565536963310355,0.005548589084897371,0.006455893824298815
0.375,0.4412565369902334,0.37006170861708243,0.18868175439268423,0.007195812530183466,0.006840919940956551,0.005822009363723225
0.5625,0.3628925226770964,0.5574888791039125,0.07961859821899102,0.006737133344992799,0.006948296474475421,0.003822043575717785
0.75,0.23797377321510205,0.7414191784826397,0.02060704830225822,0.006102892306773924,0.006287418729602803,0.0019754664077966427
0.0,0.6401304707558622,0.0,0.3598695292441378,0.006672561439167582,0.0,0.006672561439167583
0.1875,0.546472347625986,0.18261324809104168,0.2709144042829723,0.006862921515428517,0.005341168779911105,0.006226265850845082
0.375,0.4650225970212645,0.3697810833862905,0.165196319592445,0.007245480890302073,0.0067970225158535255,0.005374423283349438
0.5625,0.3437002184711349,0.5570071463962795,0.09929263513258546,0.006624618757958338,0.006966067893530648,0.004167962542130794
0.75,0.24831742437071266,0.7407007557152048,0.010981819914082562,0.006144993162336713,0.006189816954957902,0.0014896756003435958
0.0,0.5954486747793428,0.0,0.4045513252206572,0.0067552841441582915,0.0,0.006755284144158289
0.1875,0.4603445025353826,0.18217801302961473,0.35747748443500266,0.007052681010769609,0.005302091076287402,0.006620273407073135
0.375,0.4274865015690208,0.37035692396041336,0.20215657447056584,0.007383949737344009,0.0068579113259720405,0.005727749730847784
0.5625,0.37186495744883463,0.55661885002761,0.07151619252355525,0.006711734106710906,0.006964397294483627,0.0036171100818867233
0.75,0.23933568932303154,0.7407589527801061,0.019905357896862454,0.005826520926785484,0.00607709278348087,0.001947565803859415
0.0,0.6402761681820511,0.0,0.3597238318179489,0.006895095221212443,0.0,0.006895095221212451
0.1875,0.5451095719762669,0.18253074248965362,0.27235968553407963,0.006929204455017169,0.005496491360797595,0.006098603272457355
0.375,0.415024455858144,0.3706594285910391,0.2143161155508169,0.006998883593501317,0.006780503797335342,0.005764507441135684
0.5625,0.3678113491966269,0.5572058397654791,0.07498281103789389,0.007045974243796771,0.007161702492518678,0.003748034820868064
0.75,0.23906204293696282,0.7408093452163335,0.020128611846703778,0.006231378034817833,0.006393093859296781,0.002064226244551682
0.0,0.639744218911881,0.0,0.36025578108811895,0.007021928951821867,0.0,0.007021928951821867
0.1875,0.5485733182336123,0.18273865238775897,0.26868802937862857,0.007340649400017576,0.005730464881773849,0.006421239030488359
0.375,0.4418871945158439,0.37051942006199523,0.18759338542216086,0.006981076094192452,0.006848330096066036,0.005682555135279573
0.5625,0.35566052588332514,0.5571783842321693,0.08716108988450558,0.007104916894892853,0.007327188555770804,0.004143557912197638
0.75,0.228017003805634,0.7414210362462794,0.03056195994808662,0.0060030539086228735,0.00627934216371176,0.0023866672594640894
0.0,0.6403565035607897,1.2036514020275276e-06,0.3596422927878083,0.0069463973709634735,1.549316709732488e-05,0.006946774655785386
0.1875,0.5404712494525774,0.1824661246743572,0.27706262587306546,0.007211088847478953,0.005461170429020779,0.006552552844980319
0.375,0.42881730959622133,0.36991516760435983,0.20126752279941876,0.006902454333877363,0.006920603377553164,0.005476588512665728
0.5625,0.3511157497185582,0.5573576810742231,0.09152656920721873,0.006909062268637072,0.007134186339182149,0.003963384019119024
0.75,0.2391913099575135,0.7405638425818745,0.020244847460611955,0.006196823580528662,0.006233401104989839,0.0019578603953177617
0.0,0.6375721928082745,0.001237924407217026,0.3611898827845084,0.006757271861558885,0.0004913628483001549,0.0067461236439062015
0.1875,0.5466911447516234,0.1824348534560087,0.270874001792368,0.00725475472892288,0.005557969651087977,0.006551716458664381
0.375,0.369779118106031,0.3715827238094132,0.2586381580845558,0.0068240464028283265,0.006762912596410438,0.006348943668050054
0.5625,0.34942893527847363,0.5569328821186359,0.09363818260289045,0.006522923256828536,0.006887375776057294,0.004052272698301996
0.75,0.2384136738234802,0.7412029759037427,0.020383350272777035,0.006193627828622185,0.0064184106937209785,0.0020262202113718224
0.0,0.6395073931315398,0.0,0.36049260686846013,0.0067820135526597495,0.0,0.006782013552659755
0.1875,0.5386137383502141,0.18264893596357787,0.278737325686208,0.006873516464014303,0.005418743415591202,0.006223960526858269
0.375,0.4205705737077646,0.3710641649564334,0.20836526133580202,0.0070024702648815084,0.0067319340908421135,0.0056752714676729715
0.5625,0.35646424552158856,0.5574023658797337,0.08613338859867768,0.006687620301639162,0.0068737193925218895,0.003779514104662457
0.75,0.2378129136412324,0.7407432187591789,0.021443867599588714,0.0062113403155300674,0.006366896757045268,0.0021519950280559446
0.0,0.623725450321525,0.0,0.376274549678475,0.006628240357346652,0.0,0.006628240357346653
0.1875,0.5582315503358637,0.18312416498087847,0.2586442846832578,0.007074337851855058,0.005569019609130075,0.006478725360813298
0.375,0.44578361755086565,0.36965455248551404,0.1845618299636203,0.006842758669069417,0.006957146297536952,0.005702148117874778
0.5625,0.3793096900512831,0.5570014354985268,0.0636888744501901,0.006749430003802543,0.006859180102958287,0.003434520769446319
0.75,0.24446538876662638,0.7411229025721172,0.014411708661256444,0.005736971267513636,0.005877876549198666,0.0016313166701365576
0.0,0.5953892612779526,1.9984012789768184e-07,0.4046105388819196,0.007043113193211132,6.31633918036735e-06,0.0070431935492015875
0.1875,0.5324930180416783,0.182853740260094,0.28465324169822775,0.0072253138766269175,0.005645229460836644,0.006384852242758063
0.375,0.41208601192419964,0.37118639813453425,0.2167275899412661,0.006881344310343175,0.006913161949803369,0.005774352117052709
0.5625,0.3464648745020229,0.5575387402494973,0.09599638524847973,0.006774758226805593,0.0070710539451168935,0.004108300006977992
0.75,0.24049790053520548,0.740263956710865,0.019238142753929578,0.0059752327856222535,0.006209380091964633,0.0018634390404396873
0.0,0.6404186923589377,0.0,0.3595813076410624,0.0067914119629746235,0.0,0.006791411962974627
0.1875,0.5346842098600775,0.18295733286105167,0.28235845727887093,0.0071697555319784395,0.005497521285561811,0.006325149363978129
0.375,0.4306729060343527,0.370642352888185,0.19868474107746226,0.007238951706020306,0.007117764410041888,0.005570010770479015
0.5625,0.37202400106866235,0.556527741251076,0.07144825768026167,0.006876059080779498,0.007203670673096743,0.003672432628588487
0.75,0.24358962631341144,0.7414869676396136,0.01492340604697491,0.006020413712328511,0.0062632419368936825,0.0017148689015680993
0.0,0.6399335034800536,0.0,0.3600664965199463,0.006808163287536845,0.0,0.0068081632875368414
0.1875,0.5547831460777928,0.1827786376074179,0.2624382163147893,0.0070977787775711315,0.005596724828679399,0.006124474016603266
0.375,0.4644813986892509,0.37121357447313974,0.16430502683760936,0.007126036957249593,0.006807049204249085,0.005408147395416718
0.5625,0.3459157573238337,0.5573435787097609,0.09674066396640545,0.0066108817562970015,0.006947374504045177,0.004155030199022502
0.75,0.24328187177871996,0.7404703666567617,0.016247761564518334,0.005961012800211322,0.006173987319026265,0.0017546398661789436
0.0,0.6399719067562137,0.0,0.3600280932437863,0.006673816102958218,0.0,0.006673816102958213
0.1875,0.5490550474378131,0.1833016871912867,0.2676432653709003,0.007084927122801943,0.005599257134577499,0.006207336534751643
0.375,0.4208839418000426,0.3703535581005556,0.20876250009940175,0.006841243231270525,0.006879066938520182,0.005686981059604091
0.5625,0.34233336100079415,0.5581903403028284,0.09947629869637745,0.006968254134830579,0.007233171882300712,0.004295311862486209
0.75,0.24105377158285096,0.7406121716949227,0.018334056722226322,0.005985718356839628,0.006144632113332245,0.0018773474552435316
0.0,0.6400126476338005,0.0,0.35998735236619955,0.006772328765457814,0.0,0.006772328765457814
0.1875,0.5597763879967718,0.1828451273972234,0.2573784846060049,0.006998772810687931,0.005115633173602138,0.005994261327652707
0.375,0.4495795022557993,0.3704744571801483,0.17994604056405233,0.007446775703034824,0.007084964901880698,0.005419941570050232
0.5625,0.33253675048380005,0.5571787965482958,0.11028445296790393,0.006755220373439035,0.007083995604728544,0.004472090430490404
0.75,0.24420138325307092,0.7412938534096707,0.014504763337258407,0.006178358020297217,0.006300134343684473,0.0016820311116684853
0.0,0.6233599426980558,4.015662089997111e-07,0.3766396557357351,0.00691479007216776,8.970310752703364e-06,0.006914228650632707
0.1875,0.5542606391691041,0.18284895471694446,0.2628904061139515,0.007076699283335181,0.005455332893716509,0.006061794792360433
0.375,0.4289570910215316,0.37021370218019034,0.20082920679827798,0.0070168651785229175,0.006951925743354749,0.005670396025467368
0.5625,0.3522473163777607,0.5579997393696798,0.08975294425255952,0.006946089751711921,0.007239426189253959,0.004129826488339367
0.75,0.24117167241644563,0.7406916615748093,0.018136666008745153,0.006159948597194705,0.006301481409448137,0.00195732995967237
0.0,0.640021927928612,0.0,0.3599780720713879,0.006821212813841275,0.0,0.006821212813841269
0.1875,0.5401803628958355,0.1828783312701288,0.2769413058340356,0.007169868903998865,0.005220721805921172,0.006456801230986936
0.375,0.44780929852288853,0.3704976859785137,0.1816930154985978,0.006860610445310471,0.006825692327134055,0.005373031323186425
0.5625,0.34617185312197296,0.5561015828838739,0.09772656399415315,0.006830737160262153,0.007137357634676616,0.004171098354553425
0.75,0.23894653525125767,0.740883452541581,0.02017001220716145,0.006086917596180273,0.00633816530629409,0.0020098124906483814
0.0,0.640401429280551,0.0,0.35959857071944895,0.006619996339219933,0.0,0.00661999633921993
0.1875,0.518369318175533,0.18359586535947128,0.29803481646499586,0.006963314969070592,0.005482906459986699,0.006348753094124727
0.375,0.45548236582485185,0.3697810831151162,0.174736551060032,0.007193117941885821,0.006824152316915481,0.005301820472726395
0.5625,0.3429265492447551,0.5578398173830169,0.0992336333722281,0.0067666483031596425,0.006884044989745709,0.004201284484116274
0.75,0.24433957861039118,0.7409363342669053,0.014724087122703504,0.006017190104609273,0.006128840852935735,0.00175503500227547
0.0,0.5632428681051245,0.0,0.4367571318948756,0.0070876455940794975,0.0,0.0070876455940794975
0.1875,0.5478268158025981,0.18276318632541977,0.2694099978719821,0.006909939954267997,0.005473393289252309,0.006150013883465412
0.375,0.43594821775069464,0.37051853962715414,0.19353324262215124,0.006687233809537301,0.006680379058148987,0.005647044020360825
0.5625,0.3631450287654776,0.5573894956743461,0.07946547556017626,0.006963220964957734,0.007119138565921229,0.0038591894578455074
0.75,0.2439068045459129,0.7410386619340166,0.015054533520070511,0.005928327159484673,0.005971827063268151,0.0017083708460363303
0.0,0.6234109194435935,5.795740141847396e-06,0.37658328481626463,0.006994452531512968,3.3538472390349355e-05,0.0069938917339211065
0.1875,0.5341288494444462,0.18261475341799155,0.28325639713756234,0.006928824822732143,0.005276890697121124,0.0063831246678817365
0.375,0.4502819838948159,0.3704677898846849,0.17925022622049933,0.007206449510088409,0.0068920273121650935,0.005259654501090443
0.5625,0.35665755114488956,0.5576675161965768,0.0856749326585337,0.007130767672312112,0.007590932149213693,0.0038094133494966115
0.75,0.24423291533849045,0.7407044821482522,0.015062602513257226,0.006153991429120564,0.006309277837697244,0.0017327380866380344
0.0,0.6396665109928676,0.0,0.36033348900713236,0.0070727498139500754,0.0,0.007072749813950076
0.1875,0.5470036963086546,0.18253918679657136,0.2704571168947739,0.0070790297597018315,0.005476288171536969,0.0061032086271345515
0.375,0.43696191592526523,0.37022942294676314,0.19280866112797157,0.007078933051681455,0.007056147394258294,0.005482428259707031
0.5625,0.34965830305062523,0.5572106199288643,0.09313107702051034,0.006823076072829949,0.007205456205211725,0.004078720970436599
0.75,0.25367375584747376,0.7408470080007422,0.005479236151783995,0.006165582595599486,0.006293731566519133,0.0010520482064504963
0.0,0.6252448136644566,0.0005494426177269166,0.3742057437178164,0.006929807238971015,0.0003342484483961821,0.006938902106585563
0.1875,0.5558971970519733,0.18286096501758675,0.2612418379304399,0.007094329731887642,0.0055605463078227165,0.006429250799621512
0.375,0.43766117450341985,0.3705411280375872,0.19179769745899294,0.006924216406677593,0.0067820696274361785,0.00547421209108005
0.5625,0.3549559563357893,0.5570482953237702,0.08799574834044051,0.006703995672822683,0.007141117154377344,0.0041691044879482555
0.75,0.2271583206045752,0.7409669971597729,0.03187468223565198,0.005847159564037865,0.006295849392863319,0.0025139421653646364
0.0,0.6399837111544437,0.0,0.36001628884555625,0.006641929714193062,0.0,0.006641929714193066
0.1875,0.5328078186949493,0.18357206274018228,0.28362011856486835,0.007129534284862979,0.005587109823058513,0.006432338176782316
0.375,0.43647526344372634,0.370440993384423,0.1930837431718506,0.00693826838351079,0.006719024255765227,0.005549541324606349
0.5625,0.3580290271063401,0.5571575350718431,0.08481343782181679,0.006637414799243413,0.0067495863937403104,0.003942058494774486
0.75,0.24401083254106132,0.7406687538520778,0.015320413606860815,0.006259219505772743,0.006372917263681746,0.0017089643171104385
0.0,0.5953737166891379,0.0,0.4046262833108621,0.007044950794338219,0.0,0.007044950794338219
0.1875,0.5105412116865586,0.18282752272308136,0.3066312655903599,0.007134447921912936,0.005450897442998686,0.006415425340628906
0.375,0.4522554913701829,0.37046986052848674,0.17727464810133034,0.007011814244247838,0.006708512253527667,0.00529860942355383
0.5625,0.3231705309369909,0.5576855784228948,0.11914389064011435,0.006763556384044314,0.0072649611408322325,0.004585874679565082
0.75,0.23898153703519423,0.7409699095197593,0.020048553445046413,0.006161363153735172,0.006249403413886289,0.00194315507822831
0.0,0.5953477165669865,0.0,0.4046522834330135,0.006844976520795981,0.0,0.006844976520795984
0.1875,0.5409335807850871,0.1824310077186448,0.27663541149626814,0.006874813808318986,0.005441500803992439,0.006177778313331128
0.375,0.43671128681439897,0.3702026168283518,0.1930860963572492,0.006973416572240394,0.00680307677827407,0.005561748898390824
0.5625,0.34307718870906956,0.5574279723840045,0.099494838906926,0.006391805361400905,0.00663810413778908,0.004015561742085068
0.75,0.24545511085911573,0.7411287905800288,0.01341609856085556,0.005994816064500844,0.006070818774840433,0.001705963094227085
0.0,0.6238903404828771,0.0,0.37610965951712283,0.007171497071543134,0.0,0.007171497071543132
0.1875,0.5340122509205384,0.18318187886032558,0.28280587021913606,0.006788650068604251,0.005345576907999462,0.006375332377623767
0.375,0.4406032444976676,0.3703784197016628,0.1890183358006696,0.007031009388694105,0.006697209840308247,0.005386720504441585
0.5625,0.3509861198948719,0.5579711121558937,0.09104276794923437,0.006928814343708095,0.006985777738190215,0.003942928158921294
0.75,0.24535766246193105,0.7407858042765352,0.013856533261533747,0.006242883781769114,0.006371631219053977,0.0016928621389124723
0.0,0.6397555759957443,0.0,0.36024442400425577,0.006807539109849777,0.0,0.006807539109849778
0.1875,0.5224199939598325,0.18241632335108177,0.2951636826890856,0.007164862133140662,0.005593478091408286,0.006353621739569741
0.375,0.4391398416489861,0.37085690059294035,0.19000325775807353,0.00712063234240101,0.006977581077876843,0.005594569867835762
0.5625,0.33809878339001637,0.557102339942523,0.10479887666746049,0.00676852039002397,0.007046097610707356,0.004369543735544437
0.75,0.23904045583431624,0.741373694869196,0.019585849296487712,0.006067051627471673,0.006174839228535708,0.0019701514653812716
0.0,0.640030861968291,0.0,0.359969138031709,0.006737336162184765,0.0,0.006737336162184769
0.1875,0.5046999169276007,0.18353495907689074,0.3117651239955085,0.006974252740165793,0.0054914207185506585,0.00630772232425491
0.375,0.43673662759679227,0.37090044427231456,0.19236292813089317,0.006901953486340268,0.006949072974060956,0.005606173009971622
0.5625,0.34904418863803255,0.5576855860096844,0.09327022535228306,0.006763636874183237,0.00700397437567238,0.0040747441842842284
0.75,0.24251691814168047,0.7398807560577831,0.01760232580053637,0.0061703360889681785,0.0063636489375879434,0.0018291905396987515
0.0,0.6237092918540753,0.0,0.37629070814592464,0.006735286273859283,0.0,0.006735286273859287
0.1875,0.4355280309643743,0.1829060687205096,0.3815659003151161,0.007135714333465116,0.005557421945656869,0.0070125736813264564
0.375,0.419580109846735,0.3703194813999422,0.21010040875332275,0.007052383932560386,0.006941982229486778,0.005931336418884535
0.5625,0.3415123465010154,0.5579099484978838,0.1005777050011008,0.006890524816188296,0.007147948155803337,0.004216864007730952
0.75,0.24324405152470163,0.7405997386170812,0.016156209858217235,0.006081959853854315,0.006253074189923884,0.0017931325199371181
0.0,0.6399700562292232,0.0,0.36002994377077663,0.0068948946984487905,0.0,0.006894894698448792
0.1875,0.5472049820018908,0.18292784419173166,0.26986717380637754,0.007061575467298125,0.005399074165191776,0.006308045559104172
0.375,0.4579454997868116,0.3700615107170878,0.17199298949610065,0.007042927265519806,0.007052487116838034,0.0052803500871359335
0.5625,0.35463034430184076,0.5576516784473188,0.08771797725084048,0.00664470426183144,0.006986752731059368,0.0040024055998333806
0.75,0.2419799075915945,0.7408021484973822,0.01721794391102327,0.006176025549242206,0.006409916779185927,0.001798051787225424
0.0,0.5950557538300959,0.0,0.40494424616990415,0.007044862571044272,0.0,0.007044862571044278
0.1875,0.5224365593429616,0.18203441696000197,0.2955290236970365,0.0070980376464592765,0.005545642051642687,0.006388626752375824
0.375,0.4341934072021921,0.37145360801264754,0.1943529847851603,0.007075294447868313,0.007024118960976591,0.005611713901509906
0.5625,0.3695552827886886,0.5572395024134582,0.07320521479785314,0.0067213722728193,0.007023119722482218,0.003639140989599217
0.75,0.24024105503655016,0.7407957886246713,0.018963156338778497,0.006008983942322523,0.006100894761446193,0.0019354534665096904
0.0,0.6401212380119682,0.0,0.3598787619880318,0.006606879007258867,0.0,0.006606879007258868
0.1875,0.5306876335004935,0.1823481167336158,0.2869642497658906,0.006967548706220239,0.0056618198947908415,0.006338261135359704
0.375,0.4494968549899653,0.3705951085470931,0.1799080364629416,0.007185713191321354,0.006864413517574644,0.0053814154606918645
0.5625,0.36074797173065853,0.5573411989787289,0.08191082929061241,0.006914396468681293,0.006983401121860532,0.003737963129581651
0.75,0.24709071347651443,0.7403044502640773,0.012604836259408234,0.006025957872371439,0.006010602319040329,0.00155236915676914
0.0,0.6396485558466889,0.0,0.36035144415331116,0.006365271569618706,0.0,0.006365271569618708
0.1875,0.5487451868322393,0.18224508063706166,0.269009732530699,0.006936164490475418,0.005427130594064423,0.006374742586409686
0.375,0.3512950452279487,0.3714664337003602,0.2772385210716911,0.006885583993118288,0.006838101262276096,0.006397329823808018
0.5625,0.35489371429136485,0.557353321538118,0.08775296417051699,0.006906182495138222,0.007099911031793201,0.004106296559041838
0.75,0.24026751791785847,0.7404260335762654,0.019306448505876147,0.006064728259742988,0.0061808943857136825,0.001870567047360768
0.0,0.6240868068935573,0.0,0.37591319310644256,0.0069882561105765045,0.0,0.006988256110576503
0.1875,0.5330764716904299,0.1826493618458959,0.28427416646367415,0.007031095099350575,0.00557837114793554,0.006388674033444273
0.375,0.4672358670277448,0.37035635353248275,0.16240777943977247,0.00685292639008161,0.0065385163660751375,0.005223520063072462
0.5625,0.33430510990893814,0.5574420633933391,0.10825282669772265,0.006784409549386058,0.007260990332511024,0.00448579353622019
0.75,0.24580468512083853,0.7406284094184038,0.01356690546075762,0.0059945779386169715,0.006165065563326154,0.0016692737098333197
0.0,0.6400867167068407,0.0,0.35991328329315925,0.006800998726471055,0.0,0.006800998726471057
0.1875,0.5546428659370822,0.18380371759203507,0.26155341647088276,0.007019144440877822,0.0055874146409681654,0.006243493870801535
0.375,0.44331067175488814,0.3695864234044682,0.18710290484064374,0.006939695121007281,0.006703550139784283,0.005388330063586531
0.5625,0.3559899798582079,0.5579941611783518,0.08601585896344034,0.006819923984755061,0.00705947585797592,0.003915132358835675
0.75,0.23909464355646645,0.7407392627543156,0.02016609368921796,0.006075249316531067,0.006241708515134153,0.0020104452241752908
0.0,0.6238183366951104,0.0,0.3761816633048895,0.006622901071536949,0.0,0.006622901071536948
0.1875,0.5577565147183791,0.18279530029010416,0.2594481849915168,0.007077372089758708,0.005467135327005894,0.006413204874869413
0.375,0.43907037420359457,0.3709323162587477,0.18999730953765773,0.006874399585086847,0.006796175369687464,0.005551199272713262
0.5625,0.3526645715210412,0.5570834330656139,0.0902519954133448,0.006878470828215587,0.007168372993676551,0.00400841837065487
0.75,0.2456070081285861,0.7408386976702466,0.013554294201167329,0.005923989230861756,0.0060419118075206,0.0016957897087877011
0.0,0.6398058860707044,0.0,0.36019411392929557,0.00672590780752486,0.0,0.006725907807524861
0.1875,0.541800882165983,0.1829648195391212,0.2752342982948957,0.007126634389640912,0.005475771986790773,0.00627821033556942
0.375,0.4410506183774923,0.3709323313896762,0.1880170502328315,0.007082866184700515,0.00685183348302386,0.005285172926167304
0.5625,0.352848092518796,0.5569775255633276,0.09017438191787619,0.0067864018642080975,0.0070761940384808,0.0039034954198158183
0.75,0.24992033747967304,0.7407353703592069,0.009344292161120095,0.006222419947433155,0.006327656416525798,0.0013952225381541818
0.0,0.6243667048054102,0.0,0.3756332951945897,0.006925626117202686,0.0,0.006925626117202686
0.1875,0.5344173588577562,0.1828109098475583,0.28277173129468547,0.006657593675937521,0.0051972861610274,0.006111947762984772
0.375,0.4399218706785901,0.37010113854740573,0.18997699077400415,0.0072228015300176635,0.006850673932234253,0.005588445289262196
0.5625,0.3538446956895757,0.5571311420971402,0.08902416221328406,0.006649557745169208,0.006979633487602376,0.004047448193551076
0.75,0.24511095278422254,0.7403690451167027,0.014520002099074704,0.006152715905274206,0.006176612538707926,0.0016596034340010735
0.0,0.6399751744929408,0.0,0.36002482550705917,0.006625430919231035,0.0,0.006625430919231033
0.1875,0.5353364336666662,0.18257851546529436,0.28208505086803937,0.007308420242809885,0.005386649641077864,0.006219274529484968
0.375,0.4400559073639297,0.3714749664085667,0.18846912622750361,0.0071028430078924724,0.00697792934569757,0.005670205121792047
0.5625,0.3603998632327111,0.5574191454043241,0.08218099136296465,0.0067511838006818516,0.0069752560151898945,0.0039096883084206455
0.75,0.22580412153873092,0.7411997593775208,0.03299611908374825,0.006104388946648587,0.0062717368195042535,0.002561832088316327
0.0,0.6395867112239911,0.0,0.36041328877600876,0.006880958486818317,0.0,0.006880958486818316
0.1875,0.509793387855251,0.1828833753609022,0.3073232367838467,0.007340677182766629,0.005544879804840731,0.006605261848027762
0.375,0.4366939426542415,0.3703819654660963,0.19292409187966222,0.006710180498640166,0.006686643390645551,0.005494573085005595
0.5625,0.3484542470922675,0.5573465670010931,0.09419918590663942,0.006794815417953897,0.0069340036370534805,0.0041751447244369345
0.75,0.2434384418580947,0.7409684296086364,0.015593128533268878,0.0061383446428891165,0.006287612420177857,0.0017597023618185852
0.0,0.6398205552793269,0.0,0.3601794447206732,0.007093221240827422,0.0,0.007093221240827425
0.1875,0.5317218377521742,0.18240268815103872,0.28587547409678715,0.007225029538573493,0.005395739302599312,0.0063805448266902424
0.375,0.4266961631844575,0.3705680541881872,0.2027357826273553,0.006826048861944434,0.006830482593668902,0.0055856529804419715
0.5625,0.35476978654731034,0.5575221818930408,0.08770803155964882,0.00681919371610771,0.006995435271989186,0.004004853227373374
0.75,0.24570367886372008,0.740715787226228,0.013580533910051923,0.00593324892825023,0.006049079604455351,0.0016556390870493595
0.0,0.6278063800058117,0.000420942951022795,0.3717726770431656,0.006882889691217014,0.0002918989573509033,0.006872838959870635
0.1875,0.5114833998873801,0.1825888713134001,0.30592772879921976,0.007248392443844308,0.005305364509114941,0.00670963666368951
0.375,0.4421412176992518,0.37124487671357803,0.18661390558717028,0.00719008317540609,0.006812975477244166,0.005461861532558898
0.5625,0.3317534005246027,0.556744089735512,0.11150250973988511,0.006637731219094686,0.007078755173662649,0.004417144459483615
0.75,0.2432648575750483,0.7413590784667559,0.015376063958195917,0.006233450682517562,0.006293997247164222,0.0017499221835261137
0.0,0.6399051998348944,0.0,0.36009480016510564,0.006888287117784865,0.0,0.006888287117784865
0.1875,0.5414391675651196,0.18365874886450864,0.2749020835703719,0.007104258862100492,0.005678508494102319,0.006521348336826247
0.375,0.45354650498700244,0.3704980808449966,0.17595541416800103,0.007127520997247706,0.006942520332147104,0.005256145837800503
0.5625,0.36466683058352395,0.5570681414827544,0.0782650279337216,0.006645553223832528,0.006975817194777796,0.0038119103541018576
0.75,0.23881333428750548,0.7411644731187896,0.020022192593704802,0.005886771045288895,0.006109969984887665,0.0020117610130697544
0.0,0.6400296216858924,0.0,0.35997037831410766,0.006734683512631682,0.0,0.006734683512631682
0.1875,0.525971913584938,0.1830405918354735,0.2909874945795885,0.006738464748654886,0.005480457510999128,0.0062198963354620695
0.375,0.429610988624264,0.37129602535280776,0.1990929860229282,0.007017952039240968,0.006710482119736755,0.0056338443330795065
0.5625,0.35978919651353375,0.557664208845352,0.08254659464111427,0.006572290926730931,0.00681293678767082,0.0038903009281341053
0.75,0.23918488675413677,0.7405693681999128,0.020245745045950406,0.00577351375132883,0.006028918884604976,0.001999270235645114
0.0,0.6239554661787842,0.0,0.37604453382121583,0.0066886329479781325,0.0,0.006688632947978131
0.1875,0.55064215763871,0.18325544482572922,0.26610239753556075,0.007155430761108037,0.005411280807893073,0.006385977166696298
0.375,0.44139348704176323,0.37008549655068534,0.18852101640755148,0.007129202094323106,0.006951428391323641,0.0055750714395476995
0.5625,0.3343922957966872,0.5581683824696546,0.10743932173365815,0.0065174514415489585,0.007259987096844293,0.004472153018406845
0.75,0.24517304805232504,0.7409999441371814,0.013827007810493591,0.00606254171331727,0.006160218545303768,0.001623934055183195
0.0,0.6397986880574178,4.0397362854278085e-07,0.36020090796895365,0.006798045866573137,9.024253294514497e-06,0.006798051109880056
0.1875,0.5528471271452708,0.18306953080358557,0.26408334205114353,0.007400249814838723,0.005519046225354937,0.006406078909213805
0.375,0.4444878669812329,0.3700267299195523,0.18548540309921485,0.0071321194135573794,0.006829015625728452,0.005374806659266426
0.5625,0.34199009029366007,0.5575897625667443,0.10042014713959566,0.006888964406177407,0.007026950289485289,0.004214229458183149
0.75,0.23765276019427892,0.7409415832862567,0.021405656519464297,0.005980748246389991,0.006186947687222866,0.0020931485033051575
0.0,0.6398018109051986,1.3957555990062638e-06,0.36019679333920224,0.007168746109391251,1.886907508233155e-05,0.007169197506741885
0.1875,0.47405786326783844,0.18456192369398033,0.34138021303818117,0.00691645802087424,0.005385044984920572,0.006634448255150902
0.375,0.43247704386364366,0.3704089576499548,0.1971139984864015,0.00690539872786901,0.006999731577559875,0.005601229043698727
0.5625,0.3543586960689856,0.557150358825091,0.08849094510592347,0.006594339164642267,0.006856753679327732,0.003986180889067511
0.75,0.24265841952334385,0.7408887515285444,0.01645282894811168,0.006039114428302125,0.006195746202215325,0.0018167080683820468
0.0,0.595337945355359,1.958863858961802e-07,0.404661858758255,0.007017535443635699,6.191373410099551e-06,0.007017449592534596
0.1875,0.53990486714052,0.18303842075844157,0.2770567121010385,0.007118254940426451,0.005609852116791726,0.006422034764827881
0.375,0.44421647684964716,0.3705772685484802,0.18520625460187262,0.006814831491859293,0.006978456632742654,0.0056408718711262636
0.5625,0.342244290791891,0.5575641971016927,0.1001915121064163,0.006832368209604524,0.007054269065829813,0.004406900537441356
0.75,0.2381935245404456,0.74139880274625,0.020407672713304358,0.005859839554349475,0.006074556939407346,0.002001715829387631
