fixed rate,success rate,failure rate,error rate,success std,failure std,error std
0.0,0.7397231380559063,0.0,0.2602768619440939,0.014418777855779823,0.0,0.014418777855779821
0.1875,0.6246125505424039,0.16392323525214994,0.21146421420544606,0.015667747311692244,0.011925794255327042,0.012867318667081037
0.375,0.5332406405696749,0.35471331283973895,0.11204604659058612,0.015488627778604583,0.01495874061985563,0.009722348802138056
0.5625,0.4155836644116503,0.5405535130066714,0.04386282258167825,0.015681931778980477,0.015736870459069116,0.006639245167465121
0.75,0.2663576433622065,0.7217703557777798,0.011872000860013523,0.014047074930201695,0.014357914950167066,0.0035305868914849185
0.0,0.7397147339852645,0.0,0.2602852660147354,0.013587354664547696,0.0,0.013587354664547698
0.1875,0.644272684783715,0.16903607767079354,0.1866912375454914,0.015801935447381146,0.01166077267391466,0.012471361843183766
0.375,0.5345317455826355,0.35390375509070743,0.11156449932665706,0.015652464684817347,0.015547833395603311,0.010152845053208313
0.5625,0.41624753159464245,0.5390017361313478,0.04475073227400985,0.015098021926615121,0.0152428929267312,0.006596314645696637
0.75,0.279290441960846,0.7188757977972492,0.0018337602419047836,0.014133853705045248,0.014150371390992024,0.0013311010504448992
0.0,0.7412132861172791,1.2083914000892176e-05,0.25877462996871986,0.013523442011776443,0.00011784733183743966,0.013524998586831552
0.1875,0.6248229385258498,0.16494873708761576,0.21022832438653427,0.015657262986029482,0.011584595976165315,0.012827239459108915
0.375,0.5343368368159124,0.3539538487445488,0.11170931443953871,0.015419823136618849,0.014530816011106288,0.01008106918898773
0.5625,0.41456809754511936,0.5390614765833138,0.04637042587156684,0.015596675635479468,0.015784936514339556,0.006604096967705413
0.75,0.2662489921937047,0.7220008224313362,0.011750185374959034,0.01321886770851517,0.013376494808779971,0.0034637226050346463
0.0,0.7405994817750213,0.0,0.25940051822497867,0.013871126366219635,0.0,0.013871126366219635
0.1875,0.6443347681694365,0.1671825814450844,0.1884826503854792,0.015236608628597504,0.01210945240309499,0.01322680616251014
0.375,0.5005791792438086,0.35566393327120666,0.1437568874849848,0.015489848109742865,0.014820143284034911,0.011182397617214691
0.5625,0.39005277063626564,0.5422826194028071,0.06766460996092735,0.015834825765408265,0.01620361132458425,0.008067315356029135
0.75,0.266727341547626,0.7213040165128656,0.011968641939508444,0.014448586863565736,0.014544755974858398,0.00343309347805572
0.0,0.7400198757740879,0.0,0.25998012422591193,0.013956796843964413,0.0,0.013956796843964414
0.1875,0.6244819684480889,0.1651414637470098,0.21037656780490124,0.015651240980612807,0.011910108134080957,0.013206924144992744
0.375,0.5329958649114921,0.35389694304720215,0.11310719204130576,0.015488292430058809,0.014779686492939674,0.009713502793171737
0.5625,0.4134965482863581,0.5379954099566213,0.04850804175702061,0.015320012216200152,0.01585606498194062,0.006771858432086383
0.75,0.2786633719372684,0.7195179576016548,0.001818670461076787,0.014166168207165139,0.01411068822921682,0.0012981789670430885
0.0,0.7404095796278898,1.0330578512396695e-06,0.25958938731425896,0.013845543984233086,3.2651819481981625e-05,0.013846375110324745
0.1875,0.6445838655196217,0.16819792903728087,0.18721820544309747,0.014835855047385806,0.011489184706476025,0.012302283396883622
0.375,0.5199005648361522,0.35512137500479546,0.12497806015905223,0.01570656081690029,0.015143980764312944,0.010076615419958022
0.5625,0.4158431235062192,0.5404398945859897,0.04371698190779108,0.01592089804446299,0.016257481969263448,0.006560076284154454
0.75,0.27744733463815907,0.7199290232147417,0.002623642147099251,0.014285977952765724,0.014333684551487967,0.0016214815865689617
0.0,0.7399549641734113,0.0,0.26004503582658867,0.013335570425916541,0.0,0.013335570425916541
0.1875,0.6243381290947891,0.1652585355831758,0.2104033353220351,0.014919602073315216,0.011641957231397842,0.012656250672296532
0.375,0.5335876805928376,0.35202939130203054,0.1143829281051319,0.016027701924559417,0.015175717760518067,0.009809172241395124
0.5625,0.4136787819552317,0.5406167942552559,0.04570442378951245,0.015801508321372486,0.01592749257290625,0.006774787313558862
0.75,0.26659063475931943,0.721476404670145,0.01193296057053566,0.014322775733517848,0.014319885715693254,0.0033161253336437112
0.0,0.7398738480585894,0.0,0.2601261519414107,0.013621525743353846,0.0,0.01362152574335385
0.1875,0.6461318665749683,0.16688848547047327,0.1869796479545583,0.015444073376182152,0.012045325461061544,0.012420860916181836
0.375,0.5010012030112945,0.3550252689159759,0.1439735280727296,0.01579396933862972,0.014791416033547014,0.01051616469121655
0.5625,0.41523124135983935,0.540340019537051,0.04442873910310955,0.015169751466608861,0.01570188341401558,0.006346643621047205
0.75,0.2780462846746987,0.7196344352691223,0.002319280056178999,0.013908871399146852,0.013942347789563535,0.0014697537114636196
0.0,0.7399776685010707,0.0,0.26002233149892917,0.014016373891994779,0.0,0.01401637389199478
0.1875,0.6441631390254611,0.16900292213554097,0.18683393883899793,0.015510932752529445,0.012141312143506501,0.012870721549100766
0.375,0.534863614838696,0.353010305468551,0.1121260796927529,0.015601634787482837,0.014755334224666255,0.010020305940082382
0.5625,0.4105709454783797,0.5397238172916339,0.04970523722998635,0.015666936725111495,0.016283781860790873,0.006924377641784674
0.75,0.2777907982026301,0.7199834592463329,0.0022257425510369237,0.014329631222727414,0.014308306400874321,0.0014496063428969682
0.0,0.7397498162080751,0.0,0.26025018379192477,0.01379548173722946,0.0,0.013795481737229463
0.1875,0.6457219643546648,0.16902116432702957,0.18525687131830568,0.015167181023926234,0.011870808916078597,0.011923045537878322
0.375,0.5018097640818043,0.35543989599830433,0.1427503399198912,0.0152842552030154,0.014870923112406842,0.010887369209809428
0.5625,0.3904684526667401,0.5418865179864851,0.06764502934677472,0.015712172979093917,0.015460791631393097,0.007967728324658023
0.75,0.2665371643593128,0.7215827535741962,0.011880082066490957,0.013815887767839619,0.013827537042379132,0.003376968466264896
0.0,0.7406255207874629,4.8959621904990105e-06,0.25936958325034654,0.01396673015396228,6.907779085341233e-05,0.013966951108286094
0.1875,0.6452492053797516,0.16771919684242495,0.18703159777782327,0.015018232929161043,0.011229861875359187,0.012678206752106864
0.375,0.5077997777065478,0.3548852670309178,0.1373149552625344,0.01528736858461384,0.014946645052315136,0.011039072834564526
0.5625,0.3960635323358882,0.5403289994041258,0.06360746825998591,0.015292464208928788,0.015517165733502545,0.007563009435912867
0.75,0.2673868096642701,0.7208762071884928,0.011736983147237073,0.013861016255242612,0.014138079203392686,0.0034726129019694244
0.0,0.7403844429929332,0.0,0.2596155570070669,0.014117540370057172,0.0,0.01411754037005717
0.1875,0.6448175667064217,0.16832624214449943,0.1868561911490789,0.015266005840578105,0.011974098052975328,0.012007841797232138
0.375,0.5340482784573161,0.3551276738084003,0.1108240477342836,0.01603040392398692,0.014671415604968896,0.009899960817138604
0.5625,0.4161535106442626,0.5385489408007961,0.045297548554941156,0.01601953565900455,0.016087486261932724,0.006663729857872825
0.75,0.26657667385858075,0.7216031358082976,0.011820190333121516,0.013741403678748225,0.013853345725841916,0.0034064184705950343
0.0,0.7394841778182669,0.0,0.26051582218173314,0.014022843612813557,0.0,0.014022843612813559
0.1875,0.6448743260394509,0.1687445238525074,0.1863811501080417,0.015102484144116303,0.011928875173529738,0.01256112660286245
0.375,0.534535780497447,0.3539519817393119,0.11151223776324107,0.015789212669277564,0.015140071430913253,0.010047455090551235
0.5625,0.3909544278487998,0.5414054370768603,0.06764013507433986,0.015178048882506161,0.01578204690588817,0.007858999909805063
0.75,0.2672180349609612,0.7205589781447865,0.012222986894252304,0.014095388158764008,0.014265300609570182,0.0033824930732760145
0.0,0.7399474596833695,0.0,0.2600525403166305,0.013477782162953129,0.0,0.01347778216295313
0.1875,0.6178151325184453,0.16262190137357935,0.21956296610797524,0.014533025410381671,0.011588364787563712,0.013148019443806183
0.375,0.5351242596156711,0.35405769768358475,0.11081804270074411,0.016020170135097798,0.015086129665059254,0.009869272779742713
0.5625,0.39351711169683723,0.5417086738039331,0.06477421449922975,0.015570084770707829,0.015833509204605398,0.007848822592651416
0.75,0.2663059531396351,0.721156183983486,0.012537862876878835,0.013795983238252716,0.01376557852130813,0.00348989518118222
0.0,0.7403032855367808,1.601261158420039e-05,0.25968070185163505,0.013630437881797115,0.00012561615998427696,0.013623134463039208
0.1875,0.6458066344942966,0.16804294883728169,0.1861504166684216,0.01452948327178164,0.011650130177703354,0.01242450917882651
0.375,0.5348258558861049,0.3552737485395011,0.10990039557439397,0.015665251035431097,0.014989904230636055,0.009914941897178182
0.5625,0.39045227319770404,0.541853972427238,0.06769375437505784,0.014771990519795579,0.015383189177328789,0.008075473539774749
0.75,0.2661230038969149,0.7219309216083188,0.01194607449476631,0.014381355209362894,0.014494088919036875,0.0033512710757053386
0.0,0.7400386819153162,0.0,0.25996131808468387,0.014346689825270148,0.0,0.014346689825270154
0.1875,0.6457415425616089,0.16746275411249986,0.18679570332589115,0.015143310188941893,0.01164340459291677,0.012215167195000381
0.375,0.5330225167170236,0.35320524716234103,0.1137722361206354,0.01563984481875324,0.014990681871951577,0.0098228184905692
0.5625,0.41233538743704423,0.5383120200138459,0.04935259254910988,0.015512627293830352,0.015565711036550666,0.007275108419009013
0.75,0.2777905429764993,0.7199551103251208,0.0022543466983798023,0.014241869618960727,0.014318160176684545,0.0015603963728257023
0.0,0.7403187697391056,0.0,0.25968123026089446,0.013516533986597305,0.0,0.013516533986597306
0.1875,0.6239806532348812,0.16513709828694592,0.21088224847817288,0.016008937030099864,0.011591029962919091,0.0128632332835109
0.375,0.5352753580870226,0.35304057042305265,0.1116840714899247,0.015718053653533806,0.015020895763340739,0.010091745993448727
0.5625,0.4153664627312074,0.5397419520439166,0.044891585224876025,0.015383979353505137,0.015782600154435188,0.006635033487000725
0.75,0.27719692888467035,0.7206728335124907,0.0021302376028389104,0.014141601785603567,0.01410283556288617,0.001420420121263363
0.0,0.7406791418391309,1.1933046539723717e-05,0.25930892511432946,0.013351728005429378,0.00010835313016950112,0.01335174239187355
0.1875,0.6246803564181261,0.16445125419906656,0.21086838938280733,0.01508465064897383,0.01174542309251585,0.01274233050659448
0.375,0.5325244924658697,0.3548031252939818,0.11267238224014826,0.01566324583079029,0.01440081106654988,0.00984026245775209
0.5625,0.3890635517183501,0.5435763508643913,0.06736009741725862,0.015568899466400395,0.0164005871685541,0.007839808206291632
0.75,0.26651529036906657,0.7215820526319997,0.011902656998933728,0.013730857926395616,0.01382563118179198,0.0033816759297920444
0.0,0.7400810775634106,0.0,0.2599189224365895,0.013939558657347296,0.0,0.013939558657347296
0.1875,0.6266976157669485,0.16606376820831928,0.2072386160247321,0.015690101908780896,0.011861997678557466,0.013374338744544849
0.375,0.5320144862544314,0.35442600835664645,0.11355950538892223,0.01562684767364174,0.015097169899994304,0.01030007781890985
0.5625,0.38345182740811545,0.5387812111971657,0.07776696139471886,0.015278544959125171,0.015599225064358612,0.008970252952938872
0.75,0.26732624331435667,0.7203789331790249,0.012294823506618485,0.013580060414551568,0.014128011274539413,0.0034611144238322396
0.0,0.7402079567509539,0.0,0.2597920432490461,0.013532161916231559,0.0,0.01353216191623156
0.1875,0.6438732910653252,0.16904701072823333,0.18707969820644135,0.01490961535179953,0.012216354163747544,0.012476878344227078
0.375,0.5348455587290102,0.3535860967056092,0.11156834456538064,0.015425804419263918,0.014735780816775802,0.009906429751093232
0.5625,0.3910616822070461,0.5421735122582167,0.0667648055347371,0.015634544922199085,0.01585150733656987,0.00799294940017424
0.75,0.26629617608429246,0.7216053305546027,0.012098493361104858,0.014190940917257644,0.01440216601584262,0.003516822061371664
0.0,0.740261995415197,1.0416666666666667e-06,0.25973696291813625,0.013515353943418905,3.2923917977664806e-05,0.013515582589647902
0.1875,0.6180918489843944,0.1617408216097238,0.2201673294058818,0.014850715935819507,0.011007737201537074,0.012774113667528416
0.375,0.5327148147891058,0.3536804293226622,0.11360475588823211,0.015604737912765149,0.015195426170738682,0.010098231642213431
0.5625,0.40347972791385983,0.5397586726629727,0.0567615994231674,0.015759683504418972,0.016227713781372777,0.007504441552258558
0.75,0.2788168391567416,0.7187802878810405,0.0024028729622179125,0.014047003796114548,0.014077205860441033,0.0015117224039688597
0.0,0.7396013839907537,0.0,0.2603986160092464,0.014048394879840697,0.0,0.0140483948798407
0.1875,0.646084955999067,0.16806880708732763,0.18584623691360533,0.0148853316234273,0.011794035401839221,0.012151668333011628
0.375,0.5035111549738588,0.3548402466377099,0.14164859838843122,0.01574940050101675,0.01477091625477943,0.01112343955398232
0.5625,0.4041316326888371,0.5390511133464708,0.056817253964692095,0.01580827350480233,0.01580097410722071,0.007171939086514686
0.75,0.2775655734098705,0.720201266592853,0.002233159997276411,0.014713665390204625,0.014725217118735921,0.0014467244610039673
0.0,0.7395281363980107,2.2317433990944425e-05,0.26044954616799837,0.014442281126934495,0.00014885112930543924,0.014435098841834585
0.1875,0.6170815750262713,0.16253067635215335,0.2203877486215753,0.015520131689991742,0.011562678435894105,0.012979764586476898
0.375,0.5352168437233757,0.3537542406290153,0.11102891564760886,0.01612059031491033,0.015084198115165396,0.009909202379089592
0.5625,0.4150462631999544,0.5399157598650355,0.04503797693501012,0.01601817706278538,0.015923932928268932,0.006410667022288259
0.75,0.26598919045302194,0.721930616788432,0.012080192758546023,0.013761187196128307,0.01410498525894076,0.003522623654487559
0.0,0.7402822790311625,0.0,0.2597177209688374,0.013449530297975472,0.0,0.01344953029797547
0.1875,0.6179566307292779,0.16231138140201312,0.21973198786870896,0.01571467058033221,0.011842047074546704,0.01312019265998654
0.375,0.5354647237239322,0.3541814650533123,0.11035381122275541,0.015979011467628396,0.015409586944543736,0.010081903318202325
0.5625,0.38848032540509053,0.5437608873519355,0.06775878724297385,0.016049341240738684,0.016299665306863404,0.007906711806915514
0.75,0.27872300630384694,0.7189245195972551,0.002352474098897987,0.013947308567640575,0.013961133063274902,0.0015905190675307283
0.0,0.741017501066699,0.0,0.25898249893330105,0.013583679541095984,0.0,0.013583679541095984
0.1875,0.6169518243783272,0.16289341534631444,0.2201547602753584,0.015178032395482845,0.011581103678517338,0.012749137570148252
0.375,0.5315461535541354,0.3534240560716321,0.11502979037423253,0.01584595721375102,0.015114482940910126,0.010135625172955971
0.5625,0.4029902210143983,0.5381838475947331,0.05882593139086858,0.01556807521246677,0.015785165630182275,0.0075104801038469796
0.75,0.2663878228773153,0.7218077044222214,0.011804472700463375,0.01419899512356024,0.014296973333969447,0.003416981855856618
0.0,0.7403118543929622,0.0,0.2596881456070377,0.013702309441390234,0.0,0.013702309441390233
0.1875,0.6469279626320013,0.1672721858075904,0.1857998515604083,0.015031580551913348,0.011419188548550166,0.012314486604366199
0.375,0.5021454401579981,0.3543432884905931,0.1435112713514087,0.014955615398921962,0.014350092372413869,0.011148641331727147
0.5625,0.4133798494342203,0.5383760236109834,0.048244126954796226,0.015788722833466846,0.015644488682414078,0.006895593331221107
0.75,0.26625058026866494,0.7218601736997995,0.011889246031535534,0.013724535753317522,0.014087289502787044,0.0034702982939267576
0.0,0.7405900578593301,0.0,0.25940994214067,0.013944425816567439,0.0,0.013944425816567442
0.1875,0.6247603612288346,0.16457058045954517,0.21066905831162025,0.015289467344211627,0.011734276596777152,0.012842915693193058
0.375,0.5323020937433849,0.35434548328428234,0.11335242297233271,0.015724580874671667,0.014848132088486435,0.009933396031436156
0.5625,0.39578889045676346,0.5400734046938808,0.06413770484935566,0.015575902812968018,0.01632923463862026,0.007754617472964877
0.75,0.26680487901135996,0.7211105115429198,0.012084609445720105,0.014191188478137263,0.014166527444462788,0.003508295370629297
0.0,0.7396086676070893,1.502195140212494e-05,0.2603763104415086,0.013606434669267116,0.00012178872846390708,0.01360803171155511
0.1875,0.6446884862555554,0.1681462429608018,0.18716527078364273,0.015138998283857348,0.01179907951880869,0.01215506875960646
0.375,0.5322263364469035,0.3548751020969317,0.11289856145616467,0.015555945124419625,0.014919475741480339,0.010056318233469221
0.5625,0.4151130404556357,0.5393268620560607,0.045560097488303614,0.015340180483009102,0.015555796665703264,0.00679768481109559
0.75,0.27653174863328606,0.72113953151448,0.002328719852234061,0.014296048341985427,0.01430901646165653,0.001498958533396302
0.0,0.739945740997364,0.0,0.26005425900263607,0.014066513790152169,0.0,0.01406651379015217
0.1875,0.6454344330305062,0.167720889620972,0.18684467734852184,0.014901181068432672,0.01175867482668457,0.012155209377250401
0.375,0.4959991066522309,0.32332268228832745,0.18067821105944165,0.015617200130474384,0.015133474637254764,0.011526410998527682
0.5625,0.41616748267220943,0.5375821452292232,0.046250372098567374,0.015497625725764803,0.01568152307686731,0.006571884757922964
0.75,0.2665389538465165,0.7216715650997692,0.011789481053714287,0.014475292776052926,0.01458686523528606,0.0035334915916260252
0.0,0.7394698463293846,1.6215063300006743e-05,0.26051393860731537,0.01376978279250286,0.0001272187943767303,0.013764378973181831
0.1875,0.643851744655423,0.16802281273594238,0.18812544260863462,0.015288536712580722,0.012276494322531533,0.012321510597197228
0.375,0.501949919866772,0.3547473156260211,0.14330276450720686,0.01590771001910829,0.014798298145836412,0.01118130282687927
0.5625,0.3990416597748634,0.5389758293286545,0.06198251089648211,0.01613795182820453,0.016160864539614725,0.007564025193327372
0.75,0.26596361142652436,0.7221005544238512,0.011935834149624342,0.013933202892225707,0.014104852918636841,0.003354289478331656
0.0,0.7399955195422938,4.637946719399685e-05,0.2599581009905123,0.013744667987284326,0.0002211950610304708,0.013740941396822302
0.1875,0.6240989722329963,0.16446770724372367,0.21143332052328004,0.014747646990331955,0.01129800121810578,0.013205470383354716
0.375,0.5343193974606443,0.35421456293679127,0.11146603960256457,0.015657027060002132,0.015232293494653333,0.010146445346233718
0.5625,0.4163025739907388,0.5380064654318114,0.04569096057744982,0.015730771926620857,0.016006341528741263,0.006871799836019889
0.75,0.27757970974789425,0.7203291467276078,0.0020911435244979114,0.014168744062752007,0.014149939550948842,0.0014037463348304335
0.0,0.7400042082748235,0.0,0.25999579172517645,0.014144392014156175,0.0,0.014144392014156177
0.1875,0.624249899222397,0.16577241291454806,0.20997768786305482,0.015577798752837147,0.011720025417752179,0.012796467284542685
0.375,0.5339004736125573,0.35346484977499787,0.11263467661244474,0.015762786608471482,0.015108106490642197,0.010008853754326412
0.5625,0.38958508720920926,0.542488970549335,0.06792594224145576,0.015302785313761757,0.015844068403445672,0.008324481157691913
0.75,0.26723589702112155,0.7209773109325731,0.01178679204630531,0.014755736585611964,0.015047098715037817,0.003469341672721906
0.0,0.7403405010073488,0.0,0.2596594989926512,0.013989653849529243,0.0,0.013989653849529247
0.1875,0.6231107788310719,0.16487471461111342,0.21201450655781473,0.014284122801127739,0.01110456043586813,0.012521356242064938
0.375,0.5327060890927299,0.3536673695706078,0.11362654133666246,0.016535986740692343,0.016041364990662076,0.010069467236945752
0.5625,0.3900485861075349,0.5425559831771791,0.06739543071528604,0.015807654473235594,0.01618997367786853,0.00819580093407151
0.75,0.2778676426142032,0.7197737138973721,0.002358643488424728,0.013948485573837387,0.013969759114791612,0.00152285799533421
0.0,0.740331483523629,7.090746068093163e-06,0.2596614257303028,0.014120767025891027,8.447551660456446e-05,0.014119385252710474
0.1875,0.6449462464936548,0.16789924012574073,0.18715451338060443,0.015458936785192182,0.011949899055536093,0.011841045791025202
0.375,0.500853447296518,0.3551560702410021,0.14399048246247986,0.015967949017043268,0.015544841142416697,0.010997970920965069
0.5625,0.3873725575099112,0.5397341260527097,0.0728933164373792,0.016023109228164342,0.015968814972814348,0.008368760507261954
0.75,0.2662347434533781,0.7213019790009696,0.01246327754565219,0.014272801082609329,0.014484295850000476,0.003730771706484503
0.0,0.7397712830238845,0.0,0.2602287169761156,0.01383376605055656,0.0,0.013833766050556567
0.1875,0.6450756473208605,0.16756297572349518,0.18736137695564428,0.014640655289826885,0.011570155746565525,0.012227577676024488
0.375,0.5209451445319617,0.35417914310578613,0.12487571236225213,0.015798270535006768,0.014647979092140138,0.01042637668520764
0.5625,0.3893205271756358,0.5428175171710102,0.06786195565335394,0.016295250788024053,0.016485168396286186,0.007815114067372675
0.75,0.27716013397505446,0.7204010083534425,0.002438857671503019,0.014552106322241064,0.014673968789293368,0.0015892340607368209
0.0,0.7395468057096914,0.0,0.2604531942903086,0.014104854066217488,0.0,0.014104854066217492
0.1875,0.6449751796807454,0.16717523788194444,0.18784958243731018,0.015532086886402282,0.011996062753290456,0.012702032199456412
0.375,0.5358501403376392,0.3551305218802558,0.10901933778210494,0.01568465315757599,0.014965806198329984,0.009814570842397074
0.5625,0.389877345376009,0.5421894806809742,0.06793317394301693,0.015084255511463257,0.015674525958715227,0.007899287133716496
0.75,0.26659389502837033,0.7215308678950039,0.01187523707662569,0.013987805831597474,0.014090072719425903,0.0033549042532606084
0.0,0.7402998743102029,2.304704759494546e-05,0.2596770786422021,0.013786635959221418,0.00015029581686053732,0.01378956415533138
0.1875,0.6229742732943233,0.16517558538582033,0.21185014131985638,0.015422539102122861,0.01174232118106883,0.01255026621753695
0.375,0.5348047351860881,0.35513732495643285,0.11005793985747908,0.015585612251580037,0.015380686148660285,0.010032847950335426
0.5625,0.4135334425639009,0.5400147234747529,0.04645183396134616,0.015573225567239647,0.01574701323922793,0.006577454612262102
0.75,0.27888919885486607,0.7192218492141729,0.0018889519309610607,0.014282206563637625,0.014324685856164192,0.0013375554597162091
0.0,0.7413448202290053,2.054967208082308e-06,0.2586531248037866,0.013463068766694971,4.592215958010086e-05,0.013462024289605704
0.1875,0.6447143669096093,0.16901504147578816,0.1862705916146026,0.015400345102820312,0.011869517667265428,0.012450520048162488
0.375,0.5318836419494877,0.3539623499476404,0.11415400810287192,0.01583670384368965,0.014705112620620096,0.010274376001827523
0.5625,0.39005946475340125,0.5418270250575733,0.06811351018902534,0.015300042372013364,0.015316407380188156,0.008210490069993285
0.75,0.2653471118161325,0.7223462322462064,0.012306655937660964,0.013667108401115851,0.013913342588856292,0.003497801153573031
0.0,0.7401007961147925,0.0,0.2598992038852075,0.013531642118134003,0.0,0.013531642118133999
0.1875,0.6431937143537452,0.16843974988372065,0.1883665357625343,0.015496523122448813,0.01181005087063564,0.012603350993790568
0.375,0.5348206658174374,0.35425755119276325,0.11092178298979957,0.015935151834268132,0.014784397205123184,0.0099365107689089
0.5625,0.403919412929289,0.5380633524139817,0.058017234656729234,0.015693752522993935,0.015974854168352256,0.0073250704882219094
0.75,0.26644849652298475,0.721541845925811,0.01200965755120424,0.014074836036228604,0.014150843147396458,0.0034257692788196483
0.0,0.7397235916331563,0.0,0.26027640836684374,0.014029257080442505,0.0,0.014029257080442505
0.1875,0.6446292792934607,0.16708539471894654,0.1882853259875927,0.014864854151920548,0.011744360116364752,0.01245153004933688
0.375,0.532264446021864,0.3546885514624391,0.11304700251569699,0.01583202882419637,0.015382756219726113,0.009930131793486879
0.5625,0.40286557259825817,0.5391042972556763,0.05803013014606546,0.01590150451780156,0.01617399053022713,0.0074418664650686165
0.75,0.26698236539474546,0.7208038996315285,0.012213734973726142,0.013704025301885308,0.014005310831926335,0.0035692389484086122
0.0,0.7400790776724201,0.0,0.2599209223275799,0.014053447396110733,0.0,0.014053447396110735
0.1875,0.6447347305914809,0.16759308863876998,0.1876721807697491,0.0156279922995264,0.011866341429198849,0.012964602083674651
0.375,0.5367417628760175,0.3534827135738876,0.1097755235500949,0.01610722422145001,0.015019000950865953,0.009798798622239091
0.5625,0.41588742550689595,0.5387269972316651,0.04538557726143893,0.015797882171449906,0.01601869888044549,0.006402863280031175
0.75,0.27754771261356925,0.7203676706556443,0.00208461673078624,0.014399043449306245,0.014390697035299186,0.0014645100786359927
0.0,0.7400306055692739,0.0,0.25996939443072614,0.013864888942830807,0.0,0.013864888942830807
0.1875,0.6248995290878228,0.16493090521708165,0.21016956569509548,0.016012568166156718,0.012191001461318685,0.013144357088824606
0.375,0.5025564440456292,0.35422913845065646,0.14321441750371428,0.015878346651974136,0.014674183523369244,0.011149478875743244
0.5625,0.3893806203706257,0.5434784991268948,0.06714088050247945,0.015485712943019817,0.016292382990012882,0.007927868818306375
0.75,0.2788201182457769,0.71918733871048,0.0019925430437430277,0.014443428913461362,0.01444805643414825,0.0013741805332474339
0.0,0.7397542329195799,0.0,0.26024576708042024,0.013708585801427068,0.0,0.01370858580142707
0.1875,0.643578548164256,0.16867898753120136,0.18774246430454272,0.015803420253800854,0.011969177199019345,0.01262331259807856
0.375,0.5319727611295952,0.35437743427968177,0.11364980459072302,0.01609959109308534,0.015150148148381025,0.00991470706256715
0.5625,0.38992496078293226,0.5425974339494556,0.06747760526761212,0.015981887494877823,0.016432387919947902,0.008073561734620703
0.75,0.26593052069843887,0.7213703871330918,0.012699092168469409,0.01449139679730644,0.014657195692232956,0.003599102391783466
0.0,0.7397614172048674,0.0,0.26023858279513257,0.014015656159079879,0.0,0.014015656159079879
0.1875,0.6447277832485975,0.16815171736901346,0.18712049938238912,0.014863486302985382,0.011581852285525876,0.012629145563548709
0.375,0.5328035201358755,0.3533515034629809,0.11384497640114356,0.015300924923796958,0.01490146747373295,0.010676325209143469
0.5625,0.3895666014562353,0.5430596894277705,0.06737370911599408,0.015013147850164102,0.01544059318902929,0.007696211684302213
0.75,0.2659665588169609,0.7213360398887774,0.012697401294261723,0.014001952986923031,0.014061961453784527,0.0034628834121415444
0.0,0.739967077343231,9.9601593625498e-07,0.2600319266408328,0.013763635454877193,3.148103711011775e-05,0.013764829910503798
0.1875,0.6468776424725351,0.16750786485646582,0.18561449267099903,0.015151284232351925,0.012021556758986042,0.012507087796313847
0.375,0.5335366987508253,0.35322796662262107,0.11323533462655361,0.015280354429812178,0.014665076771352877,0.009896961730685258
0.5625,0.4147115656574151,0.5400728747169165,0.045215559625668374,0.015430174807545051,0.015333333840709402,0.006624312807490428
0.75,0.2661827125019642,0.7217080843830596,0.012109203114976177,0.014079949758733761,0.01430356604615468,0.003432347764082173
0.0,0.7405749005502771,2.500447407117569e-05,0.25940009497565175,0.013681457624790975,0.0001562323108794188,0.01368368104008111
0.1875,0.6459342357555868,0.1670972536641125,0.1869685105803007,0.014912752694625027,0.01176408454802522,0.012616013806998951
0.375,0.5337809636418797,0.35321586903010577,0.11300316732801463,0.015204852152024427,0.014910871301510937,0.009976172877031427
0.5625,0.4943403011148239,0.3241141593612507,0.18154553952392546,0.015991283461937286,0.014457037424329026,0.012284498655074685
0.75,0.2665160458654506,0.7216482562650881,0.0118356978694612,0.014226669701930197,0.014473480191490305,0.0034075650599808657
0.0,0.7399690457548704,6.1400939879844685e-06,0.2600248141511416,0.013682975870367204,7.90568599663152e-05,0.013678787370900716
0.1875,0.6447877098637707,0.1679449836452825,0.18726730649094692,0.0151340778919006,0.011868453962426966,0.012363358504106678
0.375,0.5011940138730272,0.35445032674333643,0.1443556593836363,0.01621779274521567,0.01529639804684601,0.011240109025756232
0.5625,0.414647914218439,0.5391866426394701,0.04616544314209085,0.015051224024478563,0.015269483176856552,0.00661475340448828
0.75,0.26626572623277933,0.7218420695153618,0.011892204251858806,0.014487558246500104,0.01467142839273661,0.003397642069814916
0.0,0.7405464250186672,0.0,0.2594535749813328,0.014105364117898072,0.0,0.014105364117898075
0.1875,0.6180114800859626,0.1621665235242837,0.21982199638975355,0.015368199894104793,0.012235694693092398,0.013224182168551302
0.375,0.5188325426953005,0.35264649732408904,0.12852095998061056,0.015964232753759636,0.015048614107427714,0.01075330369342593
0.5625,0.4146044801666741,0.5396238924266152,0.04577162740671068,0.0157861610339029,0.015973853190005764,0.00671548068400379
0.75,0.2773901337370169,0.7203975217844991,0.002212344478484107,0.013743003701819058,0.013803856491049631,0.0015118257708483633
0.0,0.7391314940022576,1.4897715673013615e-05,0.2608536082820693,0.014535951244110909,0.00012845506859621893,0.014528927142908198
0.1875,0.6455134293636801,0.16761197908166184,0.18687459155465805,0.015503731837786796,0.011942898630538837,0.011964947820349023
0.375,0.531351277929126,0.3540666568056061,0.11458206526526804,0.015361077954807926,0.014432654551474276,0.010528688201613833
0.5625,0.39688859528343623,0.5400127755014965,0.06309862921506722,0.016218927460601256,0.01635188818329103,0.007566023248006566
0.75,0.2653864568630014,0.722765139151699,0.011848403985299473,0.01388158294285422,0.014129130388899078,0.0032900238207435703
0.0,0.7399868622155872,0.0,0.26001313778441276,0.013830771738439697,0.0,0.013830771738439695
0.1875,0.6171306050505387,0.16319463772524948,0.21967475722421173,0.015520229125163095,0.011824097990342248,0.01262528350175734
0.375,0.5032468881681313,0.3550593135715926,0.14169379826027598,0.015409178466061015,0.014771568830858032,0.011083513043364275
0.5625,0.41313366026158665,0.5370143912627872,0.049851948475626164,0.01534608707178656,0.01566732261165489,0.007104804890634614
0.75,0.26638230518481637,0.7218219450325224,0.011795749782661218,0.014575340662947363,0.014831521396373585,0.0035266369294868977
0.0,0.7400715487495135,9.813542688910695e-07,0.25992746989621757,0.013481013046341226,3.101762635776076e-05,0.013481253546680592
0.1875,0.6454055491475771,0.16792173103198946,0.18667271982043349,0.015355994943383475,0.012030775885121893,0.012821697229942804
0.375,0.5328391847198629,0.3529629152369681,0.11419790004316892,0.015974839410309055,0.014557983551388563,0.010255040771957694
0.5625,0.40505179999087865,0.5379307021133787,0.05701749789574272,0.015657612315536352,0.016263278794596592,0.007425333503378694
0.75,0.2666749205658257,0.721281659830674,0.012043419603500439,0.014116505392351143,0.014450382739258354,0.0033915307263096316
0.0,0.7406578085812064,0.0,0.2593421914187935,0.014135474543389823,0.0,0.014135474543389821
0.1875,0.6263147060486794,0.16449884798053693,0.20918644597078362,0.015203034844137042,0.01184980238646784,0.012879740107693955
0.375,0.5330682638396123,0.35424546093625536,0.1126862752241324,0.01630203868273604,0.015879862678970163,0.009519233554152932
0.5625,0.4128445845066598,0.5385566628765928,0.048598752616747426,0.014950349735717728,0.015321224737409144,0.006833285103124871
0.75,0.2685033189026076,0.719080942858387,0.012415738239005467,0.013890146194566405,0.013944061199091749,0.0035018627438803203
0.0,0.7405675380584482,0.0,0.25943246194155184,0.01334798035669703,0.0,0.01334798035669703
0.1875,0.6239596103598563,0.1655628190521866,0.21047757058795719,0.015250376071435293,0.011336486550067474,0.012573935351043605
0.375,0.533467976509119,0.35340362444602463,0.1131283990448563,0.015354287463899139,0.01457032687444709,0.009653264072845759
0.5625,0.4145711889844557,0.5399464233100317,0.04548238770551251,0.015100615124292003,0.015430552715255568,0.0066790761648747
0.75,0.26678273006875597,0.7213149609442255,0.011902308987018615,0.014146356644631455,0.014343500359748981,0.0034671590776931068
0.0,0.739663382591284,0.0,0.26033661740871605,0.014283156618816175,0.0,0.014283156618816177
0.1875,0.6251477326701185,0.16503341078476602,0.20981885654511556,0.015074296074852982,0.011754047745044937,0.013217296687221243
0.375,0.5332668090215889,0.35169248970385375,0.11504070127455725,0.015405555042426222,0.014659120094237272,0.010181628387777983
0.5625,0.41355409304141527,0.5390154057822466,0.047430501176338014,0.0157423396227374,0.01595365501800911,0.006838804801027253
0.75,0.266330647375697,0.7217555595741565,0.01191379305014649,0.014587211503919709,0.014721803575622932,0.00332458663331266
0.0,0.7402977455890273,3.616097770327607e-05,0.25966609343326935,0.014186607939254225,0.00019278520790803785,0.014173623059925198
0.1875,0.624197801946499,0.1645380869626055,0.21126411109089546,0.014580629133893342,0.011991518385929746,0.012693300195128888
0.375,0.5342505835114723,0.352194139925619,0.11355527656290888,0.01576484872333688,0.015096892815707431,0.009861194302590796
0.5625,0.4163376989320224,0.5403145618952112,0.04334773917276645,0.01593937400192152,0.016239873026692123,0.006319612913034682
0.75,0.26642660655569855,0.7215799334380183,0.01199346000628316,0.014024362318586482,0.014030132853539457,0.003286899108904153
0.0,0.7399111713048064,0.0,0.26008882869519356,0.013622702450149751,0.0,0.013622702450149755
0.1875,0.6463213050368585,0.16813728430722938,0.18554141065591215,0.014824904194535648,0.012059419139915976,0.012154105909833445
0.375,0.5334500649469687,0.3537711092136474,0.11277882583938395,0.01594004380307253,0.015175990148432508,0.010036441025694832
0.5625,0.415298447071351,0.539722691854199,0.04497886107445004,0.015703741143963112,0.015681931510880633,0.006508222066083328
0.75,0.26739277970679654,0.7208406615774697,0.011766558715733766,0.014179049205867999,0.014357882737172482,0.0034954677705240035
0.0,0.7407210190085741,4.598712163167357e-05,0.2592329938697943,0.013881109915945143,0.00021413941273245896,0.01386989022225974
0.1875,0.644465338971627,0.16806434686267444,0.18747031416569854,0.014955396925427864,0.011598021876329419,0.012397522289770552
0.375,0.533345887628419,0.35627862728587856,0.11037548508570248,0.016458265613820727,0.015598726831020607,0.009875801145750946
0.5625,0.4170472588116463,0.5384991228842245,0.04445361830412926,0.015725196577357718,0.01564113186453398,0.006462446431093391
0.75,0.2761456121554031,0.7205237014319992,0.003330686412597761,0.014186169277897492,0.014214862691004384,0.0018640714266286958
0.0,0.7405021492775061,0.0,0.25949785072249404,0.013845642017564625,0.0,0.013845642017564623
0.1875,0.6461107976737746,0.16783272879344022,0.18605647353278526,0.015044190883310323,0.011596064744203594,0.012497363975985469
0.375,0.5351052925760257,0.35460719723010314,0.11028751019387113,0.01565677322971703,0.015531186601596492,0.010058600446560644
0.5625,0.4141810484998288,0.5399879512010014,0.04583100029916994,0.015797173986712598,0.015998980445552098,0.006536983390282464
0.75,0.27891238395852647,0.7191871531990519,0.0019004628424215844,0.013969435888959577,0.013993496947903536,0.001353586408199731
0.0,0.739138022463556,0.0,0.2608619775364439,0.01441277477845703,0.0,0.01441277477845703
0.1875,0.6446704668213556,0.1691418242655315,0.18618770891311287,0.014721426134915049,0.01164569693321375,0.012116601681438684
0.375,0.5313011792246461,0.3542997142953618,0.11439910647999205,0.01571710449398571,0.014964922102747108,0.009777919098159015
0.5625,0.4142579293109048,0.5405706458252099,0.0451714248638853,0.01597023306192605,0.016193382645046515,0.006388592594133084
0.75,0.2769265625854262,0.7210095219160929,0.00206391549848082,0.014060147535199656,0.014107261104620447,0.0014344003765241519
0.0,0.7409747364346031,1.6027036217209032e-05,0.25900923652917984,0.013666294995077967,0.00012575137156839444,0.01366765811052647
0.1875,0.6250309689494156,0.16561412293983774,0.2093549081107467,0.014671739237993553,0.011907261615710645,0.012886588936894277
0.375,0.5349066986460916,0.35248379296730775,0.11260950838660051,0.016025172440247724,0.015707236138728726,0.010044619517615405
0.5625,0.4156884377095681,0.5397291374983397,0.04458242479209225,0.015612223779210418,0.015902090450988192,0.006247163411364426
0.75,0.2774568913379592,0.7203868029239346,0.0021563057381062106,0.013968308061262234,0.01391212534104331,0.0015038467456589648
0.0,0.7394234585592618,2.9099038535726385e-05,0.26054744240220246,0.014130964185552675,0.00016844406011637899,0.01412918954653312
0.1875,0.6439950749530255,0.16830669963114114,0.18769822541583336,0.015606284528406315,0.012200959641753014,0.012384820962817596
0.375,0.531377470304711,0.354138616892908,0.11448391280238096,0.015592578003431463,0.014813637553955646,0.010116749935696608
0.5625,0.38976853309129444,0.5426408373411391,0.06759062956756656,0.015851194502909303,0.01624354721596906,0.008030125471968684
0.75,0.26640242994742674,0.7215266211464564,0.012070948906116801,0.013965993811487346,0.014067620237834482,0.0035896019885070583
0.0,0.7409728988937205,0.0,0.2590271011062795,0.013951534683175943,0.0,0.013951534683175941
0.1875,0.6455716862480264,0.16878507987616947,0.18564323387580417,0.015196021328882658,0.012229951533613847,0.012116203985857481
0.375,0.533226907471573,0.3542074314942551,0.11256566103417176,0.015740107902465557,0.014890628968606599,0.009727945960366429
0.5625,0.41520459538048626,0.5403325465835501,0.04446285803596385,0.01585780473845113,0.015833804815876398,0.0065268324203760905
0.75,0.2659570371515128,0.7221739771927593,0.011868985655727858,0.013789125701088851,0.014070844733598537,0.0034710509395102216
0.0,0.7401992638477234,1.1999756908161204e-05,0.25978873639536837,0.014440130658850178,0.00010890986925108438,0.014440925475258118
0.1875,0.628974899648845,0.1656487160074778,0.20537638434367717,0.01460570413391983,0.011860318778658598,0.012700716432022266
0.375,0.5339966436466425,0.3549075260076425,0.111095830345715,0.01591701247826567,0.015639635463644986,0.010009124320775872
0.5625,0.4117710726655988,0.5410526906454122,0.04717623668898901,0.01575536735688925,0.015673337161378923,0.0067902845732668105
0.75,0.2659512233145641,0.7221332777044412,0.011915498980994522,0.014340579151489891,0.0145467107925603,0.003427393469082516
0.0,0.7404248436644916,9.212225483161713e-06,0.2595659441100252,0.013522745373253663,9.669155000723716e-05,0.013522490139184348
0.1875,0.6450444283876253,0.16825056389282794,0.18670500771954673,0.015043383744492211,0.011646359067729073,0.011911264369527073
0.375,0.5332017145999994,0.35340978489352926,0.1133885005064712,0.016478932980358175,0.015428820992394877,0.009969055105301631
0.5625,0.41324091033886823,0.5371300758717987,0.04962901378933315,0.015628217690291938,0.016208994549726845,0.006892628348067074
0.75,0.2657693497227173,0.7223484825181317,0.011882167759151073,0.014149336241094464,0.014208651614504363,0.003318003290919525
0.0,0.740269666690034,0.0,0.2597303333099659,0.014191497731194422,0.0,0.014191497731194422
0.1875,0.6455563547940337,0.16906945530803058,0.1853741898979356,0.015061062808538955,0.011686855188491399,0.012257229838222089
0.375,0.5317459505458912,0.35352810242072474,0.11472594703338396,0.015980807754169973,0.015130244551138072,0.010358903015172265
0.5625,0.4132007628424936,0.5388544474815555,0.04794478967595086,0.01570688403157686,0.016072823038779376,0.006698148693861968
0.75,0.26660746138336683,0.7216167338660476,0.011775804750585504,0.01442594562169423,0.014566841418623253,0.0034792458231499837
0.0,0.7394602295785087,0.0,0.2605397704214913,0.013786642301612778,0.0,0.013786642301612782
0.1875,0.6450438055864788,0.16818314908416038,0.1867730453293608,0.015569446358356194,0.012201081053790643,0.012541098812596537
0.375,0.495641720626022,0.3231730574456469,0.18118522192833103,0.015966656516812318,0.014403193649581087,0.012246657353322228
0.5625,0.4133553713083558,0.5401137453177433,0.04653088337390094,0.016050871049422467,0.01650312349415261,0.006709914917392054
0.75,0.2778969266616035,0.7194727638784157,0.002630309459980734,0.014256817291994794,0.01425406978482849,0.0016206616194999995
0.0,0.7406319360143375,0.0,0.2593680639856624,0.013520546710225493,0.0,0.013520546710225493
0.1875,0.6453134377716642,0.1669887698760348,0.187697792352301,0.015327413028754787,0.012155192010839384,0.01227141419126505
0.375,0.5020179486301117,0.3545394824871466,0.14344256888274162,0.01556230485550806,0.015442587496613088,0.011188152443213773
0.5625,0.38958677122943075,0.542831733891016,0.0675814948795532,0.015937629914768346,0.015994244643923745,0.008324180263017596
0.75,0.2780814720820886,0.7196826612357277,0.0022358666821838133,0.013695548327773777,0.013659579307901697,0.0015278808568165883
0.0,0.7404834822328528,0.0,0.2595165177671472,0.01373697668901586,0.0,0.01373697668901586
0.1875,0.6383400360585212,0.16693707977101116,0.19472288417046765,0.014907726043228701,0.011165508678210003,0.012668918023656661
0.375,0.5330533578144455,0.3534531705941627,0.11349347159139188,0.016325855597548768,0.015781048525052944,0.010180001958562477
0.5625,0.4135103688908217,0.5377683592318467,0.048721271877331544,0.015624408717641649,0.015693237239997694,0.0064486921750270525
0.75,0.26755237108984276,0.7203147474541425,0.012132881456014724,0.013748813810845344,0.013978541002240146,0.003433162825638377
0.0,0.740026538242393,6.932514664711497e-06,0.25996652924294245,0.01444419640878505,8.261626596912617e-05,0.014446329909365459
0.1875,0.6455973093555853,0.16762185233773108,0.18678083830668357,0.015574694759761719,0.011441012618557496,0.012593437359283652
0.375,0.5326172127792673,0.3528047446879692,0.11457804253276345,0.016421475769246508,0.0157855324601321,0.009806516520006487
0.5625,0.41596166161752723,0.5389312758598219,0.045107062522650794,0.016222001083552554,0.01632286058490244,0.006489079606200497
0.75,0.2664377270314189,0.7214410461080814,0.012121226860499764,0.013419425762835653,0.013556480002599753,0.00362795391575269
0.0,0.7405728768540294,1.0548523206751055e-06,0.25942606829365,0.013749972945033013,3.334067643307828e-05,0.013748065934875492
0.1875,0.6359255382935383,0.16578432389645098,0.19829013781001073,0.015398812541187745,0.011808965562314833,0.012666347636958411
0.375,0.5307222784470446,0.3552470456681652,0.11403067588479023,0.01572491672170988,0.015101995070755221,0.010057646068928894
0.5625,0.41473345079758267,0.5381261941796035,0.047140355022813725,0.015196915573004248,0.015378744210467667,0.0068651305798135415
0.75,0.2663966504660208,0.7217701347718412,0.011833214762138031,0.014392303034882882,0.014734769239708652,0.003573276077684555
0.0,0.740366194423706,0.0,0.259633805576294,0.01424813858482272,0.0,0.01424813858482272
0.1875,0.6455622885489499,0.16747691068643636,0.18696080076461374,0.015114210179362432,0.011412268765542988,0.012390181891071224
0.375,0.5340327732498552,0.3524016017477455,0.11356562500239933,0.016246095526306015,0.015169694482093375,0.009915723457222282
0.5625,0.41493248351037243,0.5380715813382014,0.046995935151426166,0.015671083875993013,0.016188600047963967,0.006677466068299903
0.75,0.27793402569736425,0.7197826947555952,0.002283279547040552,0.01415641649835039,0.014180475497028652,0.001518504167425671
0.0,0.7404575215790863,0.0,0.25954247842091377,0.01396924895505582,0.0,0.013969248955055821
0.1875,0.6442017289409969,0.1684989473667179,0.18729932369228522,0.015309855086057134,0.011646969929910192,0.01255544471227869
0.375,0.531728859673209,0.35384256161695055,0.1144285787098404,0.015431547301197966,0.014705695881240216,0.009889073687697533
0.5625,0.41280017964844673,0.5390370538560441,0.04816276649550927,0.015326693509481983,0.0155319719488128,0.006760813554961094
0.75,0.2663604375046596,0.7217825185579195,0.011857043937420802,0.014071891193833007,0.014279851363164703,0.0033642613756207315
0.0,0.7398192337084131,1.0351966873706004e-06,0.26017973109489956,0.013777030023012673,3.271942159271037e-05,0.013775383558332764
0.1875,0.6412991711413393,0.1682560242333593,0.19044480462530153,0.015614249229615376,0.012323701022192803,0.012717504632439878
0.375,0.5336731067688251,0.3541171056625284,0.11220978756864658,0.016553481365473955,0.016355801720989663,0.01000429865373642
0.5625,0.39751763175033794,0.5398949431525426,0.06258742509711934,0.014843073103938443,0.015114793490399044,0.007409547786016697
0.75,0.26576768965469105,0.7223158147703289,0.011916495574980044,0.013755512562996087,0.01392970427329494,0.0034177811992690994
0.0,0.739980590086166,0.0,0.260019409913834,0.013929742506412561,0.0,0.013929742506412563
0.1875,0.6436227122664699,0.16817842007329253,0.18819886766023758,0.015198032028863271,0.011465144872828957,0.012558393519391585
0.375,0.5347867364537364,0.3543530905179616,0.11086017302830188,0.01567300989843313,0.014687817801365391,0.010307337269034917
0.5625,0.41511800902476986,0.5387005491872199,0.046181441788010306,0.015720954957286624,0.01612384107083759,0.006536294548419038
0.75,0.278808390597027,0.7189022728075631,0.002289336595409866,0.014499289782257504,0.01457544749075631,0.0015304017868676338
0.0,0.7406651227667833,5.980746712530095e-06,0.2593288964865042,0.013844330798676025,7.70154775056741e-05,0.013848801655673319
0.1875,0.6454644162522714,0.1693114297784991,0.18522415396922953,0.015532082793116155,0.01205258435948573,0.01268962429084653
0.375,0.5331819569355157,0.35351375027152987,0.11330429279295438,0.015573479788294244,0.015317774900833473,0.010161983411607945
0.5625,0.4127600732186422,0.5399442119527016,0.04729571482865611,0.01603034414446432,0.016542461554096357,0.006844967869033305
0.75,0.26655313921841217,0.7214948442215479,0.011952016560039939,0.01386833756107153,0.014211564954320521,0.0032419248529714055
0.0,0.7406198415549575,4.4951797204300136e-05,0.25933520664783816,0.013958415686582685,0.00020724193917317216,0.013960151083765063
0.1875,0.6459360077271662,0.1666365831100406,0.18742740916279327,0.015090765947389501,0.011742064505448145,0.012247512282759023
0.375,0.5325651178997097,0.3528855672594186,0.1145493148408716,0.01578940900975031,0.015290073957692791,0.010030219754242094
0.5625,0.41090616437053906,0.5373855796216159,0.051708256007845094,0.016458526275197786,0.016749424398171547,0.007037733324659464
0.75,0.27769974656290575,0.7198585987256727,0.0024416547114216006,0.01407259026504658,0.014206581065729543,0.0016019185054607647
0.0,0.7393445523022474,0.0,0.2606554476977526,0.01370496938279735,0.0,0.01370496938279735
0.1875,0.6247142533505637,0.16392525415602544,0.21136049249341096,0.01543331718112444,0.011291569804555313,0.013260136844154917
0.375,0.5331817052313461,0.35550503594390853,0.11131325882474549,0.015695310706719593,0.015165254481505222,0.01015362830732674
0.5625,0.40345100511107895,0.538177761117932,0.05837123377098903,0.015983499981454312,0.01602215884164908,0.0073723089299288095
0.75,0.26603954105203576,0.7220300913141416,0.011930367633822712,0.013823614518189068,0.013933639601184725,0.0034533186319790315
0.0,0.7405339740963983,0.0,0.2594660259036017,0.014073249781508087,0.0,0.014073249781508085
0.1875,0.6446412592219217,0.16838853221479516,0.18697020856328322,0.014500023274213876,0.011580173945167783,0.012354179208555036
0.375,0.5330505145705833,0.3552342160215655,0.11171526940785126,0.01643952700465301,0.01553138436378853,0.009943478904061961
0.5625,0.41505839466193056,0.5383600243386227,0.046581580999446856,0.015726183996563368,0.015878477257366644,0.006837600318167996
0.75,0.27667115694638883,0.7203182011560529,0.0030106418975582045,0.014211110404781431,0.014250300205411586,0.0017458672466098525
0.0,0.7402720689894186,0.0,0.2597279310105814,0.01411902608351378,0.0,0.014119026083513784
0.1875,0.644740992162124,0.16768670197599075,0.18757230586188528,0.015325071877084763,0.011661902029980645,0.012549601845031602
0.375,0.5023696090741687,0.3536178932029016,0.1440124977229296,0.015764318794914998,0.01466362045812534,0.010987317365676048
0.5625,0.3899504998641126,0.5421175958151823,0.06793190432070514,0.015764223051532408,0.01608996396385089,0.008353854894256838
0.75,0.2774270702287106,0.7196180915392794,0.002954838232009989,0.01384700168076563,0.013966514735785564,0.0016271308520435358
0.0,0.7403813378257867,0.0,0.25961866217421325,0.014175352513337597,0.0,0.014175352513337597
0.1875,0.6237155560930777,0.16563723614451134,0.21064720776241092,0.015492243975608904,0.011682850808807295,0.012966890939913368
0.375,0.5357094604153728,0.3531247698059178,0.11116576977870937,0.015617563098843058,0.014821665021099528,0.009926627574308164
0.5625,0.4075718349215008,0.537055051665343,0.05537311341315626,0.015607584787622196,0.015933808682419448,0.007304002512766084
0.75,0.26645848321583,0.7209679608364608,0.012573555947709236,0.01419181018273653,0.014297758010764654,0.0036071484734331153
0.0,0.7400994156054503,0.0,0.2599005843945496,0.013711551593383097,0.0,0.013711551593383095
0.1875,0.6236254210157365,0.1650737103871354,0.21130086859712816,0.015818698324420965,0.011970656135921924,0.013110552901674248
0.375,0.5331565426387769,0.35326261329496844,0.11358084406625467,0.01592859921731298,0.014978827813902073,0.009918122764396095
0.5625,0.3899092671708071,0.5414270363667437,0.06866369646244923,0.015276562505668808,0.015458368493038981,0.007660957287136222
0.75,0.2662666721483222,0.7218786371578062,0.011854690693871475,0.013896579185420062,0.014132629373541226,0.0034682675272826704
0.0,0.7401547723391063,0.0,0.2598452276608937,0.014193725372398682,0.0,0.01419372537239868
0.1875,0.6379963363762056,0.16663978294276177,0.19536388068103266,0.015370905952839312,0.011410932169344168,0.012537083702084487
0.375,0.495660613816439,0.3233178032029908,0.18102158298057008,0.016268824781125662,0.014824718733258838,0.012485343279584093
0.5625,0.41258680040802076,0.5397753085252195,0.0476378910667597,0.015594143770631926,0.015705667834301714,0.006960337162416744
0.75,0.26619415341479535,0.7218929223619045,0.011912924223300096,0.014283628880114835,0.014448978343037959,0.003489892867832093
0.0,0.7402775925227846,0.0,0.25972240747721537,0.013883535933880968,0.0,0.013883535933880965
0.1875,0.6452235390538722,0.16725144297927,0.18752501796685783,0.014993894393842534,0.011912221314194397,0.011729383123879408
0.375,0.5334295951901129,0.3554350194836761,0.11113538532621099,0.015832825361717446,0.015599212419641028,0.009653757523126041
0.5625,0.41583423813392156,0.5396570662202909,0.0445086956457875,0.01564487255194066,0.015644957389595832,0.006530082188610371
0.75,0.2785737787260604,0.7192597481958608,0.002166473078078916,0.014731786011913828,0.014730853109387687,0.001501455056231133
0.0,0.7393328063163388,0.0,0.26066719368366115,0.014177231501663877,0.0,0.014177231501663883
0.1875,0.6265722049707602,0.16585069832885257,0.20757709670038724,0.015255839904200244,0.011834678377105258,0.013228057374839746
0.375,0.533340620435706,0.3555812255066497,0.11107815405764426,0.015832956987707487,0.01555799648614868,0.010079648164999152
0.5625,0.3888562202175909,0.5437958046896074,0.06734797509280155,0.01498351524674761,0.015627635989466846,0.007663103023065818
0.75,0.27870131674343973,0.719234594330265,0.0020640889262952484,0.014444087809880398,0.014473611807321105,0.001422423647246787
0.0,0.7401320655713737,0.0,0.25986793442862627,0.013950352715495721,0.0,0.013950352715495724
0.1875,0.6449638074702766,0.16729131607512454,0.18774487645459884,0.015159022080780312,0.011996241770750796,0.012596105254824786
0.375,0.5322972251956228,0.3547331247418683,0.1129696500625089,0.015526479216334993,0.014770011311918213,0.009922056184372247
0.5625,0.41424446128208836,0.539412961723518,0.046342576994393626,0.01502429969071335,0.015138286316616234,0.006730827915763814
0.75,0.26658917612391747,0.7213668592705766,0.012043964605505797,0.013563168771423283,0.013571101621541305,0.003381950109546172
0.0,0.7394647819811884,2.8150606544824132e-05,0.2605070674122668,0.01346752495301388,0.000165956843217818,0.01347583219594877
0.1875,0.6251863823274124,0.1646895073387809,0.2101241103338067,0.01547318037450597,0.011829906305494983,0.012781367792339453
0.375,0.5020173217450258,0.3550229390563444,0.14295973919862978,0.015112851407467391,0.014910021970311771,0.010508726071776223
0.5625,0.39745089472224787,0.539053757309641,0.06349534796811104,0.01534265241415552,0.015297672907380587,0.007920720973228358
0.75,0.26642707190327825,0.7214812473646288,0.0120916807320928,0.013681432232688584,0.013912547881405257,0.0033523426286931734
0.0,0.7399980745784491,6.971122771866845e-06,0.2599949542987789,0.01382597276614539,8.304610031101678e-05,0.013828238636017594
0.1875,0.6437597793142449,0.16752953192376793,0.1887106887619872,0.014685237628162576,0.011877707813621595,0.012172211050237797
0.375,0.5337575254304672,0.3546566426884633,0.11158583188106959,0.015943174369559256,0.014770186827353876,0.009614558428299919
0.5625,0.38898669658949175,0.5435067906938005,0.06750651271670773,0.014983470216579461,0.015468707343444823,0.007830766301094508
0.75,0.26741848673261154,0.7207107479550984,0.01187076531229008,0.013833422531444158,0.0140146549151251,0.0034131986428098736
0.0,0.7402964755785697,0.0,0.25970352442143035,0.013682212448587788,0.0,0.013682212448587786
0.1875,0.6236076761935323,0.16442439575311227,0.21196792805335554,0.015771694639002937,0.011661540789070167,0.012801258176939377
0.375,0.5316587953026376,0.3544506109202994,0.11389059377706309,0.015959391841113547,0.015318460409846314,0.010158078637462301
0.5625,0.41359610077437614,0.5401564584272269,0.04624744079839694,0.015804844421456438,0.015874123802240868,0.006621699105639814
0.75,0.2765463390467762,0.7211357485586128,0.002317912394610943,0.01387864459091449,0.013942120403946342,0.0015048025728568223
0.0,0.7400261140746838,1.493701277705527e-05,0.2599589489125392,0.013732981516525128,0.00012107779400742005,0.013733189963720858
0.1875,0.6451716694788638,0.16852236149279096,0.18630596902834518,0.015384342960735832,0.011748684565569054,0.011998121043744217
0.375,0.5338397417524195,0.35370569447261163,0.11245456377496883,0.015105807824397435,0.01525433965730564,0.009832787337402627
0.5625,0.4114915362427489,0.5374949436969656,0.05101352006028544,0.015947715274818704,0.0161499787853836,0.0069645463895802295
0.75,0.26634418156078843,0.7218010680445516,0.011854750394659906,0.013774789683577031,0.01393610239406354,0.003541138176747661
0.0,0.7405643495444385,0.0,0.2594356504555614,0.014162289994330987,0.0,0.014162289994330987
0.1875,0.6449068888785192,0.16780138192483127,0.18729172919664955,0.01538050833123084,0.012203844476956405,0.012487881008033403
0.375,0.5016772519877893,0.3546002598459366,0.14372248816627411,0.016041664412348063,0.015465064221840812,0.011176387950903508
0.5625,0.4114972536100317,0.5399254824318168,0.04857726395815152,0.015533191516112153,0.01578854990193368,0.006838578014152942
0.75,0.26667847039318593,0.7214321418355503,0.01188938777126372,0.01344415034603486,0.01347237170088513,0.0034166242396298178
0.0,0.7401597983600532,0.0,0.2598402016399468,0.014269896697334486,0.0,0.014269896697334486
0.1875,0.6452586552304503,0.16782347060541974,0.18691787416412975,0.014947298915119266,0.01172066116053555,0.012594933299392827
0.375,0.49581791619282,0.323355842203121,0.1808262416040589,0.0158590305054383,0.014966310283580059,0.012627274606149175
0.5625,0.41575579736629953,0.5391475744011724,0.04509662823252812,0.015438990354837735,0.01580807719746135,0.0063395015276903255
0.75,0.2669983538730187,0.7209431383678501,0.012058507759131207,0.013938682404096353,0.014289046170904348,0.003421130690974036
0.0,0.7404236164895917,0.0,0.2595763835104084,0.01405059936768484,0.0,0.014050599367684841
0.1875,0.6245460011054903,0.1655939601649392,0.20986003872957054,0.015119494109451778,0.011500150923466717,0.012607843414731121
0.375,0.5213210627292738,0.35462290728067875,0.12405602999004745,0.015692879014963863,0.015192395970674994,0.010533302288632222
0.5625,0.38943726957497904,0.5429613243622164,0.0676014060628045,0.015394174676084834,0.015721870148272695,0.007966116458669218
0.75,0.2650711133962049,0.7216470160002264,0.013281870603568785,0.014273662596988682,0.014690183133649604,0.003625481289970214
0.0,0.740103452483139,0.0,0.25989654751686103,0.01413250966307215,0.0,0.014132509663072152
0.1875,0.6229404007578341,0.165721484070009,0.21133811517215706,0.01584272259235016,0.01180434946367865,0.012816904297534269
0.375,0.5223833730245945,0.3548633835429669,0.12275324343243858,0.016311209452909273,0.015666685955098694,0.010309074153219633
0.5625,0.41171488168269377,0.5380307793184715,0.050254338998834615,0.0153220102994308,0.01563496852528541,0.006648538857455075
0.75,0.2663096565596044,0.7217493095205453,0.01194103391985037,0.014147138607477837,0.014334965379067144,0.0033726526929907393
0.0,0.7398032039331887,0.0,0.26019679606681134,0.014435041498913892,0.0,0.014435041498913894
0.1875,0.618469100949884,0.16255198949757943,0.21897890955253654,0.015186957918606277,0.01182398633751613,0.012847779037559785
0.375,0.5317056615100448,0.35312494219249335,0.1151693962974619,0.01525443398895382,0.014591263479422318,0.010075430944928509
0.5625,0.4123500947918504,0.538286454209995,0.049363450998154645,0.01562765250669,0.0159054555391305,0.006834451036951375
0.75,0.26618690810313883,0.7215033253037942,0.012309766593066936,0.013756825221769199,0.013936659069643325,0.0034250683681463
0.0,0.7406624708691115,0.0,0.2593375291308885,0.013849502699380048,0.0,0.013849502699380052
0.1875,0.6439314473446943,0.16793564361981303,0.18813290903549273,0.015372121083952793,0.01172219141497919,0.012297897224701182
0.375,0.5321685330228108,0.3527060077768583,0.11512545920033095,0.015561030208139946,0.014906604292025633,0.009783445995202351
0.5625,0.41457358508214653,0.540470736140621,0.04495567877723248,0.014858940782531811,0.015370290324590157,0.00656546508240171
0.75,0.2666319900487519,0.7213631408244316,0.01200486912681648,0.013510415448904762,0.013631748301334899,0.0033829102720049358
0.0,0.7404127797929482,3.799711020720376e-05,0.2595492230968446,0.013031799078147922,0.00019697610993213782,0.013039013147244038
0.1875,0.6451265969554835,0.16758933666854706,0.1872840663759694,0.015075587908303106,0.011746595648864074,0.012597175912058028
0.375,0.5361707510437959,0.3527100452764113,0.11111920367979287,0.01590652804985971,0.01569673273010704,0.009987605183272474
0.5625,0.39829874939487875,0.539928474733249,0.06177277587187222,0.015177250585356086,0.015959107556029743,0.007393026724973578
0.75,0.26655065542952233,0.7214730357547436,0.011976308815734096,0.01358010814300595,0.013778417812929792,0.00347823974867073
0.0,0.7404624526450148,0.0,0.25953754735498524,0.01380725601752702,0.0,0.013807256017527025
0.1875,0.6243338174545684,0.1648167093083078,0.21084947323712375,0.015022101275867927,0.011548063520520409,0.013070576726652381
0.375,0.5341636535975682,0.3537341380784085,0.11210220832402328,0.01607601245923757,0.014930129431289251,0.010189377338520666
0.5625,0.4051988543803054,0.5386665601488049,0.05613458547088976,0.015893649669795718,0.015883710300635647,0.00718590429814223
0.75,0.2659926207213876,0.7219415212881575,0.012065857990454969,0.013832437423585945,0.014110057859746379,0.003441166954163335
0.0,0.7402901563082568,0.0,0.2597098436917432,0.013701761991117981,0.0,0.013701761991117983
0.1875,0.646022269268077,0.16768785915313708,0.18628987157878588,0.015397050615261969,0.012403436586739078,0.012088202571754325
0.375,0.531479803867482,0.3532496632697789,0.11527053286273914,0.01599516150932012,0.015252848244684519,0.010036215457408085
0.5625,0.40546095335088383,0.5377359686983407,0.05680307795077549,0.01565385207994828,0.015745788063784735,0.007506750000447189
0.75,0.26512976343943895,0.7223030471918687,0.012567189368692316,0.01439980950742835,0.014695992643373122,0.003447657448695464
0.0,0.7398037278820382,0.0,0.2601962721179618,0.013799118064329405,0.0,0.013799118064329404
0.1875,0.6236628454756229,0.16493894757441036,0.21139820694996672,0.016100993008509073,0.011919832924949378,0.013519912058339875
0.375,0.5351705030354251,0.3538352733188751,0.11099422364569975,0.015597155216980857,0.014964031953477515,0.010131008516197177
0.5625,0.41087835298432346,0.5391840515086072,0.04993759550706943,0.015378364591130561,0.015521351724419822,0.006883653774417267
0.75,0.2663298528228956,0.7216436097503176,0.012026537426786653,0.014073079516192756,0.014199604260020612,0.0034535686856376415
0.0,0.7403865739358363,0.0,0.2596134260641637,0.013924792208794128,0.0,0.013924792208794131
0.1875,0.6455125634793162,0.16859891579897818,0.1858885207217056,0.014983501558734463,0.012076932341455111,0.012678884502059078
0.375,0.5326413035686314,0.35484460888201097,0.11251408754935747,0.015801580447140934,0.015194325453172945,0.010239330674898675
0.5625,0.4144558856264264,0.5396471062454581,0.04589700812811557,0.01571570428486305,0.016355220314745636,0.006744112223527247
0.75,0.2665664377556544,0.7215218701383896,0.011911692105955841,0.013850428024383634,0.014055277487960602,0.0032654186538674077
fixed rate,success rate,failure rate,error rate,success std,failure std,error std
0.0,0.7406640620179141,0.0,0.2593359379820859,0.013377126101577683,0.0,0.013377126101577683
0.1875,0.6240215690160507,0.16434279378774239,0.211635637196207,0.014806666922480368,0.01143559190026656,0.012477073113996321
0.375,0.5337475670811591,0.35493941164140846,0.11131302127743237,0.015555893533050055,0.014979208474513872,0.01021349917737791
0.5625,0.4157193189767237,0.5405986306776561,0.04368205034562012,0.015432922611147521,0.015389734297269411,0.006137371013648769
0.75,0.2664124872836254,0.7217497561252247,0.011837756591149877,0.013961962323548462,0.0142541043029151,0.003317298066767861
0.0,0.7399932989115691,0.0,0.260006701088431,0.013563599714580593,0.0,0.013563599714580593
0.1875,0.6445526523949701,0.16853115011765563,0.18691619748737429,0.01487645784022682,0.011699801443898403,0.012277128945628168
0.375,0.5344827705357379,0.35435977024687315,0.11115745921738888,0.015540801694997892,0.014790747645679225,0.009688690102044338
0.5625,0.4163544199875964,0.5387064101120398,0.044939169900363805,0.015739719755063,0.01581589021155169,0.006701412014535482
0.75,0.279314871829396,0.7187514830707223,0.0019336450998816573,0.014096099796413825,0.014135612284327127,0.0014016403552757884
0.0,0.7399378614372002,5.951186821833472e-06,0.26005618737597797,0.013912602010945069,7.660993512617159e-05,0.013912026143666417
0.1875,0.6237773615597001,0.1653985530363894,0.21082408540391037,0.014711975296255548,0.012280819247937138,0.013080157777378873
0.375,0.5343825947718456,0.3537967080513347,0.11182069717681968,0.015181496795635544,0.015041399304499822,0.009671996301627869
0.5625,0.41438851668990384,0.5391273730459918,0.04648411026410433,0.015354330451524303,0.015309931019102862,0.006811030060920958
0.75,0.26695813813269337,0.7211313180953542,0.011910543771952404,0.014346843148606108,0.014568756236067128,0.0032486149130179862
0.0,0.739981638230611,0.0,0.260018361769389,0.013897938627954425,0.0,0.013897938627954425
0.1875,0.6436466711986345,0.1670588745444928,0.18929445425687272,0.014823788650572964,0.012011189375208321,0.012122429062108876
0.375,0.5019533546366636,0.3545527105606931,0.1434939348026433,0.015784974032564406,0.014873048267265898,0.011141324961010774
0.5625,0.38893036751400073,0.5438343469085347,0.06723528557746453,0.015044598224710314,0.015762410654216512,0.007607701778761158
0.75,0.26631756954923996,0.7217483540715455,0.011934076379214467,0.013836694728713024,0.014049843148418922,0.0033889514246719936
0.0,0.7397963161281533,0.0,0.2602036838718466,0.013707611688625195,0.0,0.013707611688625197
0.1875,0.6235367565757798,0.16594393451692127,0.21051930890729892,0.015401402711593385,0.011787941135423245,0.012902368253177242
0.375,0.5327153256315947,0.3543368231864813,0.11294785118192399,0.015372693157592683,0.015170814850443774,0.0098588714128331
0.5625,0.41374549465601285,0.5377240535700453,0.04853045177394177,0.01563129882439351,0.015263475371964708,0.006939684030204471
0.75,0.2777615708432471,0.720318996686645,0.0019194324701078654,0.014320997668479206,0.014307267988004765,0.0013371649137145602
0.0,0.7396025502318004,0.0,0.26039744976819945,0.013474127975669664,0.0,0.013474127975669664
0.1875,0.6445589504025487,0.1682156639898106,0.18722538560764068,0.014846078102765864,0.012063532974973569,0.012044323034252555
0.375,0.520922647081623,0.35428140347636783,0.12479594944200915,0.015398070804949171,0.015029455257180191,0.0097493467219349
0.5625,0.4173189500179532,0.5383927468449226,0.044288303137124244,0.014964299941933993,0.015575135998213491,0.0064653208427445765
0.75,0.27801220442647345,0.7193371426879831,0.002650652885543496,0.01439901069941629,0.014371997520700095,0.0016345806864473736
0.0,0.7396935435933683,0.0,0.2603064564066317,0.013299854936880403,0.0,0.013299854936880405
0.1875,0.6241074729350673,0.1653257501218427,0.2105667769430899,0.015526042969829823,0.011985707501245361,0.013309500784883122
0.375,0.5330850546777606,0.3528161168683063,0.11409882845393318,0.016289638788589758,0.015635202169046337,0.009812330735287953
0.5625,0.41504269915687864,0.5390070759441287,0.04595022489899272,0.015278367933575704,0.01585192432788757,0.006671261717565192
0.75,0.26679061806121857,0.7212161178813253,0.011993264057456174,0.013855534598383738,0.014195278752637373,0.003651531499023235
0.0,0.7405696857571119,0.0,0.25943031424288815,0.013711126014560267,0.0,0.013711126014560274
0.1875,0.646224305452987,0.16733646288542264,0.18643923166159035,0.015449815391682845,0.011880623698356517,0.011921698829403358
0.375,0.5017620148778702,0.35402427803596254,0.1442137070861673,0.015637657091287557,0.015057110645184772,0.010733148314949075
0.5625,0.41548613219664765,0.5399004410133712,0.04461342678998123,0.0159170651112258,0.01592028410123379,0.0066192791171046945
0.75,0.27827828303683044,0.7194405954787817,0.0022811214843878234,0.014115562292662972,0.01419976339355086,0.0014894327077010104
0.0,0.7404404032665054,0.0,0.2595595967334947,0.014457523696711284,0.0,0.014457523696711288
0.1875,0.6445764514299326,0.1684347534672956,0.18698879510277192,0.014772437738855695,0.011786069459443375,0.012252538231851755
0.375,0.5347861230413825,0.3533677228907112,0.11184615406790617,0.015377509971026607,0.015020955989174564,0.009842070321568275
0.5625,0.41142271541840486,0.5390995004027904,0.04947778417880468,0.014623069416738618,0.014730278600491795,0.006718714647454306
0.75,0.27761530152765285,0.7202278433013147,0.002156855171032452,0.014215309274055555,0.014275739894722186,0.0014680997036359326
0.0,0.7389856386706621,0.0,0.26101436132933775,0.014179993599836266,0.0,0.014179993599836271
0.1875,0.6462898779037328,0.16841621877446986,0.18529390332179727,0.015158096959156639,0.011967176955235439,0.012191565998842059
0.375,0.5030586072416738,0.3543212792456394,0.14262011351268672,0.01618973293695486,0.015688285946823362,0.011011919832805387
0.5625,0.39033741669609157,0.5416366735957181,0.06802590970819042,0.015276880132407186,0.015745845676209444,0.008401048080491155
0.75,0.26610627324245933,0.7219539494876642,0.011939777269876408,0.014215114720807115,0.014412259456090338,0.0033938135394663243
0.0,0.740377646480234,7.015219418441987e-06,0.25961533830034755,0.013963240530643524,8.357913223099477e-05,0.013962733950078979
0.1875,0.6457988238619412,0.1679814140793421,0.1862197620587167,0.01561081067941696,0.011792806262626679,0.012301583713312365
0.375,0.5072408999592058,0.3551557258346084,0.13760337420618565,0.015711857243984433,0.014423290221461636,0.01054987705203099
0.5625,0.3953978759411699,0.5410528581678107,0.06354926589101936,0.01545802927168147,0.015646435875859583,0.00765448639669369
0.75,0.26712412239471506,0.7208367760679388,0.012039101537346084,0.01401769826058049,0.014114351904676248,0.0034406597001068085
0.0,0.7398325070561819,0.0,0.26016749294381797,0.013244117984856182,0.0,0.01324411798485618
0.1875,0.6447326590489886,0.16832119319924818,0.18694614775176321,0.015537693618064147,0.012140190389295655,0.012228642477267087
0.375,0.5329793351846481,0.3553010087926599,0.11171965602269195,0.015911362080177835,0.015227176723859,0.009584924661710934
0.5625,0.4148542919120691,0.5399960861973842,0.045149621890546936,0.01570893091295395,0.01573093875024962,0.006548635097469504
0.75,0.26706296487336395,0.7211121037760714,0.011824931350564592,0.014014989592428966,0.01428210617648006,0.0033840876070533946
0.0,0.7399646186600441,0.0,0.2600353813399559,0.013621823230281813,0.0,0.013621823230281816
0.1875,0.6440042892339475,0.16867661538643863,0.18731909537961383,0.014933011334426493,0.011919398860652821,0.011880434029128657
0.375,0.5342745886824148,0.3545108685581891,0.11121454275939607,0.01562421290838808,0.015567724094381119,0.010167099811873815
0.5625,0.3902932911227715,0.5422749404788854,0.06743176839834322,0.015559252475954796,0.015966819906928092,0.007839055928305722
0.75,0.2660717331029001,0.7216375202116497,0.012290746685450164,0.01398816457140275,0.014286922224149276,0.0035333094624715126
0.0,0.7404116543759464,0.0,0.2595883456240537,0.013695598468539094,0.0,0.013695598468539096
0.1875,0.617695513016405,0.16218286441745042,0.22012162256614456,0.015523533327731818,0.011375995757388319,0.012951155085276658
0.375,0.5354662041890953,0.354188929191572,0.11034486661933267,0.015390340897252747,0.014965565354608253,0.00963999354677564
0.5625,0.3935806187099507,0.5413032145558829,0.06511616673416618,0.01539497589104319,0.015937782140839976,0.007870986910397684
0.75,0.26581650805284723,0.7213419013836334,0.012841590563519406,0.013859825023781722,0.014008214781327898,0.003486696638960125
0.0,0.7402839790061684,1.2954604121332578e-05,0.2597030663897103,0.014068827823525008,0.00011292532779731969,0.014067475943770856
0.1875,0.6455292267135402,0.168359271171685,0.18611150211477478,0.014807114495542638,0.011558261001049949,0.011939771745955853
0.375,0.5343250052899955,0.35570944491737805,0.10996554979262654,0.016049612340056592,0.015169738818566307,0.010123071401289905
0.5625,0.38988642700743426,0.542554635132667,0.0675589378598987,0.015490141136706591,0.015607346587500175,0.007834059821226372
0.75,0.26644410120197504,0.7216623487620564,0.011893550035968498,0.013887718583209707,0.013985328962422234,0.0034844509707408666
0.0,0.7400330278231845,0.0,0.25996697217681547,0.014135368782687964,0.0,0.014135368782687964
0.1875,0.6447244096858149,0.1684152122852851,0.18686037802889996,0.015260915635934364,0.011917199602401903,0.012175486433769547
0.375,0.5331360224336668,0.3530624499009906,0.11380152766534257,0.014932324599426585,0.014395588926899214,0.010075252084379566
0.5625,0.4126201069500294,0.5375027436290375,0.04987714942093315,0.014963619671737198,0.015469820879782862,0.007089391471661522
0.75,0.2776440737941939,0.7200284335320613,0.002327492673744781,0.013500019259680076,0.013485132193592838,0.001549181198957501
0.0,0.7391283835996624,0.0,0.2608716164003377,0.013777283440249302,0.0,0.0137772834402493
0.1875,0.624480687641966,0.16510097748890412,0.21041833486912984,0.015470803104647842,0.012609384103069294,0.01306224229713935
0.375,0.5342753291653984,0.3528454869658359,0.11287918386876566,0.015359580845791187,0.015241015806798706,0.009762241197441733
0.5625,0.41430591030851327,0.5410539579182722,0.04464013177321456,0.015709863791267337,0.01582703993752212,0.0064640427066010395
0.75,0.27791788786792904,0.7200479534264933,0.0020341587055775863,0.014164361320065828,0.01414573444762268,0.0013883724402417405
0.0,0.7401017627354698,7.865797373424709e-06,0.25989037146715666,0.013599350649298967,8.765422286066567e-05,0.01359668241718854
0.1875,0.6240457395499002,0.16423070699993275,0.21172355345016702,0.01561474091222755,0.011889578572093086,0.013042685607505045
0.375,0.5331749793707237,0.3545610862349604,0.1122639343943159,0.015883031267063235,0.015040896987907379,0.009850235795334355
0.5625,0.38969131139805585,0.542984122531046,0.0673245660708982,0.015030129234799681,0.015221542981359859,0.007950826131001608
0.75,0.2667966474123319,0.721179428847244,0.012023923740424127,0.01441339992156046,0.014558003218267028,0.003281979917953233
0.0,0.7406159396421929,0.0,0.25938406035780714,0.014160800503377083,0.0,0.01416080050337708
0.1875,0.6269727071695091,0.16644098009720332,0.20658631273328742,0.015959754270545367,0.01198276466021538,0.012859451521454722
0.375,0.5317600120509073,0.3540547372390192,0.11418525071007347,0.01582969334984116,0.015345879089152322,0.0097350599571909
0.5625,0.3829632687168821,0.5392818463566522,0.07775488492646579,0.015209067867307606,0.015871621088252887,0.00860089359243486
0.75,0.26653223026433026,0.7214060230055034,0.01206174673016637,0.014107405034489812,0.014460156285911616,0.003365688057434702
0.0,0.7405404699175361,0.0,0.259459530082464,0.013975719900762388,0.0,0.01397571990076239
0.1875,0.6447898418188256,0.1682751377248238,0.18693502045635063,0.015725468896052672,0.012272501135238081,0.012342699138271011
0.375,0.53480310780485,0.3538173053281463,0.1113795868670037,0.015705017597946586,0.01481151439168721,0.009698406299778943
0.5625,0.39099139784721954,0.5426006796237527,0.06640792252902779,0.015136150876048506,0.015600821121683124,0.007795199612344974
0.75,0.2667963924852772,0.7211696524468182,0.012033955067904703,0.014308498541026716,0.01439032529301661,0.003510361009677647
0.0,0.7400302597852281,1.0050251256281409e-06,0.2599687351896463,0.014567935626936155,3.1765790209606244e-05,0.014568086042064866
0.1875,0.6176715748205911,0.16275471078492385,0.2195737143944851,0.015419795012148223,0.011477346029774979,0.012891026074574676
0.375,0.5338558587875121,0.3525329358083552,0.11361120540413283,0.01611537562716907,0.014845344958929191,0.010417227463697153
0.5625,0.4038850945416507,0.5395773134300023,0.05653759202834696,0.015636041680998886,0.01577779645968391,0.0072384895905309825
0.75,0.27910016237889534,0.7184911197752218,0.002408717845882801,0.014060591091663865,0.014074394166341186,0.001536393877726623
0.0,0.7395620022748101,0.0,0.26043799772519,0.014369011503745524,0.0,0.014369011503745525
0.1875,0.6451066182509254,0.16810177427223955,0.18679160747683504,0.015116639974298896,0.011680342561714945,0.011976859384118382
0.375,0.5027255373602653,0.35523986654536305,0.14203459609437166,0.015829349557261826,0.01595063760515598,0.01142049065685382
0.5625,0.4046129750082924,0.5388255808717674,0.056561444119940275,0.01550853418240598,0.015489759636996857,0.007360755071978187
0.75,0.2778657196113977,0.7199593238539876,0.0021749565346147574,0.01378766003253673,0.013894349697596797,0.0014220218450214622
0.0,0.7407104705010576,2.4846101886626234e-05,0.2592646833970556,0.013839589329902214,0.0001552180683261205,0.013831590174045994
0.1875,0.6175776381026685,0.1623965125459071,0.22002584935142436,0.014750687915156904,0.011538546517536535,0.012769974297427196
0.375,0.534763008947647,0.3539634877724454,0.11127350327990754,0.01570991346242903,0.014842634876459624,0.010192069469642916
0.5625,0.4158395807303868,0.5392383692098923,0.04492205005972093,0.015663715744394534,0.015957810710222054,0.006617408094863654
0.75,0.26629934299066965,0.721779363376088,0.011921293633242503,0.014162173681762426,0.014363711807233432,0.0035931568473822626
0.0,0.7402009994487507,0.0,0.2597990005512493,0.014230064089537612,0.0,0.014230064089537614
0.1875,0.61887565343562,0.16164838383213156,0.21947596273224837,0.015278250858444293,0.011399081887999521,0.012968084922287565
0.375,0.5359723485087886,0.3533374222982269,0.11069022919298438,0.015244550275298854,0.014531727127823581,0.00961896363173144
0.5625,0.38911642869682067,0.5433388901502999,0.06754468115287945,0.015470482372332828,0.015900821290945034,0.007825233931598308
0.75,0.278689795978079,0.7189424204569478,0.0023677835649732197,0.014657597697521904,0.014739312175017456,0.0016256340558261193
0.0,0.7405710688914949,0.0,0.2594289311085051,0.013158813829265162,0.0,0.013158813829265165
0.1875,0.6179155185829563,0.1621622640036374,0.21992221741340615,0.016013976054955643,0.011779845218723021,0.012938980588807611
0.375,0.5311362707738426,0.35352031925113603,0.11534340997502142,0.01571255232606934,0.015150956629597001,0.010218346711396712
0.5625,0.4029208660873163,0.538108729390631,0.05897040452205259,0.01541082983472531,0.01589466205411409,0.007592045305860158
0.75,0.2672978962350712,0.7208258458936542,0.011876257871274585,0.014101674499050199,0.014388380204994165,0.0035312807041874197
0.0,0.7401703088050907,0.0,0.2598296911949094,0.013910164170050482,0.0,0.013910164170050483
0.1875,0.6465135676539584,0.16759445173491536,0.18589198061112622,0.01597449394720393,0.012245855818689453,0.012727441557602385
0.375,0.5019913829548094,0.3548972585229045,0.14311135852228596,0.016141976283604503,0.015347184784199604,0.011612801227787488
0.5625,0.4122023647088052,0.5395561180995375,0.04824151719165714,0.015615739528783316,0.015694112278728748,0.006815580384319982
0.75,0.26552996061563194,0.7226978303941298,0.011772208990238238,0.014258242346944587,0.014484246610212451,0.0033806693272224143
0.0,0.7399512999654944,0.0,0.2600487000345056,0.014204246476730702,0.0,0.014204246476730704
0.1875,0.6242923340137763,0.16462540463499997,0.2110822613512238,0.01593017305939578,0.011818404412865259,0.012978482840953593
0.375,0.5335930728509258,0.3537111287171708,0.11269579843190333,0.01581599945005058,0.014721879069905535,0.009758236348544242
0.5625,0.39621124080333836,0.5403087425145628,0.06348001668209881,0.015173607101488759,0.015773259750062274,0.007876297268119045
0.75,0.266455794833398,0.7214903628656371,0.012053842300964986,0.013530173591778953,0.013772393191699686,0.0033005833529522782
0.0,0.7403821212681116,1.010133105091462e-05,0.25960777740083746,0.013942559786274105,0.00010057049314562565,0.013941984177136614
0.1875,0.6456665397232366,0.16692305437688074,0.18741040589988261,0.01469055774057645,0.011758385960804408,0.011405207332363377
0.375,0.5330550127249895,0.3539573586304472,0.11298762864456335,0.015258897034929853,0.015027992398259868,0.010440969563287232
0.5625,0.41585563926052316,0.5389390084012391,0.04520535233823783,0.015219678565217344,0.01534137240885496,0.006686747085390603
0.75,0.2771431342354402,0.7205324364696323,0.002324429294927513,0.014251902713443341,0.014203434653229383,0.0014692880078725414
0.0,0.7402868128099847,0.0,0.25971318719001535,0.014174086544637478,0.0,0.014174086544637482
0.1875,0.6453740994194297,0.16836110053467399,0.1862648000458962,0.015008235407839032,0.011724900577580346,0.012591953084131056
0.375,0.4970341331305316,0.3227207309223798,0.1802451359470886,0.015698765636941753,0.0147948796097724,0.012031006674017028
0.5625,0.41531279731768417,0.5383519119272557,0.0463352907550601,0.0154623578138499,0.015509863975970114,0.006767588317591185
0.75,0.26612724834572427,0.722077516943826,0.011795234710449675,0.014055476561124153,0.014215616882659597,0.00339611663220618
0.0,0.7397491302895703,1.3118084301384272e-05,0.2602377516261282,0.013473321159009377,0.00011435122766924239,0.013476197643268354
0.1875,0.6432157624814419,0.16807934802932942,0.18870488948922864,0.015337285488006907,0.0124504633484398,0.012421762432166672
0.375,0.5021237530776336,0.3540753683575836,0.14380087856478294,0.015405020044943585,0.015267011302027055,0.011136163888360539
0.5625,0.3990936640959187,0.5390411971123074,0.061865138791774,0.015369605272158542,0.01561345482934756,0.0072977764943635
0.75,0.2656225182448333,0.7221577856762529,0.012219696078913881,0.013720338120147987,0.014031935026259743,0.0034702691906346437
0.0,0.7407186955959125,3.208375963815341e-05,0.25924922064444933,0.013236109590152558,0.00017652315770385113,0.013218921988291813
0.1875,0.6245547827267555,0.16406739256339758,0.211377824709847,0.015582975442055228,0.011842815664399904,0.012825297302880826
0.375,0.5336540608159437,0.35446383033832596,0.11188210884573042,0.01538968509065018,0.014785658105047384,0.00993295252109164
0.5625,0.4153559719618785,0.5383906066716765,0.04625342136644504,0.014741274903035,0.014539415741700238,0.00678872717841756
0.75,0.27825541241137364,0.7196360435395368,0.0021085440490895327,0.014092152416779464,0.014095006753795812,0.0014577516941087737
0.0,0.7403227434008572,0.0,0.2596772565991428,0.013480977551162702,0.0,0.013480977551162699
0.1875,0.6244742007203257,0.16544131941459675,0.21008447986507747,0.015532946606435831,0.01172972794687312,0.013403569285076567
0.375,0.5328772440468224,0.35474400483655916,0.1123787511166185,0.01656432670472088,0.01591304441552353,0.010527217301702951
0.5625,0.390201079758084,0.541901040086227,0.06789788015568891,0.015380519799735634,0.015798499618977977,0.007912182858953199
0.75,0.2672255866927563,0.7209149505371268,0.011859462770116708,0.013823652308671134,0.014042848878732063,0.0033733474272333802
0.0,0.7404140984901558,0.0,0.2595859015098441,0.013740065666220356,0.0,0.013740065666220361
0.1875,0.623570849870406,0.16518169372415634,0.21124745640543757,0.0157956778229343,0.01179958202028922,0.013165094681294898
0.375,0.5340728949173154,0.35311674346393895,0.11281036161874564,0.01522378782407328,0.014659559477715018,0.01004937777605698
0.5625,0.3900196911154744,0.5425448666102811,0.06743544227424436,0.01481333584501828,0.014988889491188102,0.00783416356653726
0.75,0.277008274605362,0.7207008068472368,0.0022909185474011932,0.014254086634063775,0.014348657493964722,0.001487814736807511
0.0,0.7408999291658952,8.0708366427817e-06,0.25909199999746213,0.014341469041978621,8.991474453685862e-05,0.014346362272200236
0.1875,0.6452696662458204,0.16818209155042854,0.18654824220375102,0.015039079043996612,0.011810057549049966,0.01242635395808125
0.375,0.5014919065307322,0.35521268245032234,0.1432954110189455,0.01584763531173423,0.014608953040416617,0.011621736527286387
0.5625,0.38685720488178515,0.5401790822929841,0.07296371282523077,0.014875686112564982,0.015329879180510422,0.00825249078409468
0.75,0.2655705269060245,0.7223256350598103,0.012103838034165164,0.013792785777243917,0.014052074330215386,0.003481590786642314
0.0,0.7405043220756088,0.0,0.2594956779243912,0.013450790860090206,0.0,0.013450790860090206
0.1875,0.6454824554414668,0.16713667771195037,0.1873808668465828,0.01495975736768783,0.011329029029683111,0.012411637027966294
0.375,0.5214726615723915,0.35365368149882054,0.12487365692878805,0.015457541581527312,0.015052889294032203,0.009989965577203833
0.5625,0.390195568504683,0.5423396220432238,0.0674648094520932,0.015329076599862747,0.01615257305547732,0.007978958844333398
0.75,0.2769411342896054,0.7205539679231163,0.0025048977872782325,0.01397933786431003,0.013985792574426724,0.001588910200768833
0.0,0.7395875453430927,0.0,0.26041245465690743,0.013760652923600802,0.0,0.013760652923600805
0.1875,0.6445770650834405,0.16749472166358764,0.1879282132529718,0.014971257973790588,0.011589602512160265,0.011787685005637004
0.375,0.5359075090604591,0.3549861236840323,0.1091063672555086,0.015387758161062012,0.014998166777464066,0.009689790820900455
0.5625,0.3889417417318687,0.5435041342384388,0.06755412402969259,0.015445480190963614,0.01589984692262659,0.008037553580764337
0.75,0.26667058571202956,0.7214073809403776,0.01192203334759298,0.01423306494205886,0.014568747432407254,0.003445440452337858
0.0,0.7400833129576213,3.185329481975736e-05,0.2598848337475589,0.014083976629714138,0.000180509594693473,0.014082937211650014
0.1875,0.6232821716323479,0.16586136529549794,0.21085646307215428,0.015752755189493213,0.011656285103341957,0.012978919716434476
0.375,0.53511632764266,0.3551578194423228,0.10972585291501721,0.015903782003432853,0.015462191058810654,0.009866504029376886
0.5625,0.4145172337323072,0.5396241711085572,0.045858595159135554,0.01571490233832044,0.01593445403058534,0.006752538250941455
0.75,0.27866937418602655,0.7194082620666352,0.0019223637473382786,0.014526728722245426,0.014526719367879899,0.0013762096106805326
0.0,0.7402653581690755,0.0,0.25973464183092454,0.013970021011581003,0.0,0.013970021011581004
0.1875,0.6449546230560299,0.16835244412384087,0.1866929328201291,0.015437034154087918,0.011405545888494116,0.01282172005411753
0.375,0.5310713804131652,0.35427943938184536,0.11464918020498965,0.01507429514470537,0.014863087833859407,0.010026033341347487
0.5625,0.38999302204479463,0.5419139057884679,0.06809307216673735,0.015965348904216033,0.015841158221426826,0.007884915769363574
0.75,0.2657018022094545,0.7220871380940639,0.012211059696481591,0.013779607852149132,0.01386967524164055,0.003457238216765166
0.0,0.7395587799938399,0.0,0.26044122000616005,0.01419870479245549,0.0,0.01419870479245549
0.1875,0.6439766606026213,0.16870459716400837,0.18731874223337042,0.015164376427161215,0.011464151111121012,0.012709182484808521
0.375,0.535333737169783,0.35480978862352663,0.10985647420669026,0.015737997983766405,0.014924361375997338,0.009888043249171035
0.5625,0.40319982357949996,0.5384868934875002,0.058313282932999866,0.015235860969788375,0.015616950962443126,0.00744266217605639
0.75,0.2665106567818152,0.7215675720201188,0.011921771198066129,0.014071872096958546,0.01428474616319209,0.003353195808582717
0.0,0.7407482091544478,0.0,0.25925179084555217,0.014463217963107372,0.0,0.014463217963107376
0.1875,0.6444837906803516,0.16739853168167423,0.1881176776379742,0.015141690510096477,0.011657889726367113,0.012337920625660696
0.375,0.5331042675619189,0.3534106362480771,0.1134850961900039,0.015869444761087065,0.015235098687963529,0.010055405216602394
0.5625,0.4032974055435427,0.5390762374295635,0.05762635702689382,0.015645366050764588,0.015838819854459635,0.007463904572671701
0.75,0.2669752461671035,0.7209439287999418,0.012080825032954608,0.01388116683195171,0.013981014123998563,0.0034303444818955227
0.0,0.7406624937052575,0.0,0.2593375062947425,0.013243672451447929,0.0,0.013243672451447927
0.1875,0.6445781954097456,0.16748613248296992,0.1879356721072846,0.015354266047733997,0.011418611431533058,0.012684239959583598
0.375,0.5365668157912455,0.35415547376617734,0.10927771044257716,0.015877689558961544,0.015106827053637237,0.009852484921020775
0.5625,0.4161485710158562,0.5387969050455134,0.04505452393863051,0.015352422879549112,0.015159735281736482,0.0064838793254554305
0.75,0.278164915043308,0.719858448112901,0.0019766368437910816,0.014382260200588722,0.014425052292043342,0.0013791173056026884
0.0,0.7401694742569546,0.0,0.25983052574304544,0.013842393836685013,0.0,0.013842393836685014
0.1875,0.6251482678338018,0.1648625259291749,0.20998920623702322,0.01556649607123977,0.011954618249637977,0.013022741956744893
0.375,0.5020022477643461,0.35512677424166944,0.1428709779939845,0.01591778002966067,0.015350931334593651,0.011087918927437946
0.5625,0.39003909757396527,0.542946059695039,0.06701484273099576,0.01497666889505098,0.015424392103719521,0.007865379558229052
0.75,0.2779591150026742,0.7200943703300561,0.001946514667269676,0.014292141237112659,0.014340672354892873,0.0013282461538037104
0.0,0.7400469440218835,0.0,0.25995305597811647,0.013809353266639054,0.0,0.013809353266639056
0.1875,0.6438887352193746,0.16880770392242356,0.18730356085820168,0.015507176294504281,0.012025993032644795,0.012752421651612663
0.375,0.5326246368301786,0.35389381043941476,0.11348155273040654,0.015759560955914683,0.014920025404483568,0.00983192837611555
0.5625,0.39034498419030855,0.5422726226246123,0.06738239318507928,0.015390020796994048,0.01596606596824635,0.007854482834738816
0.75,0.26615432084181406,0.7215588644872796,0.012286814670906282,0.013724889603364019,0.014081747628313254,0.0033979612845014434
0.0,0.7404393041534533,0.0,0.2595606958465469,0.013526338239462686,0.0,0.013526338239462683
0.1875,0.6451206076385806,0.16770042620678333,0.18717896615463603,0.015646686515938972,0.011966982853584359,0.012835466027430673
0.375,0.5331001641986113,0.3534148588607978,0.1134849769405908,0.01590819304158373,0.015626893464972442,0.010446775832153823
0.5625,0.3891968329081437,0.5432915307359758,0.0675116363558805,0.015962133097001095,0.015930775346603678,0.008037573319035258
0.75,0.26643236287202215,0.7207657474503223,0.012801889677655566,0.01423732322616548,0.014440383105663578,0.0035550378530799184
0.0,0.7400487751219932,9.784735812133073e-07,0.25995024640442543,0.01378225412499353,3.092657657393173e-05,0.013780876503213807
0.1875,0.6466003633081953,0.1682132527159767,0.18518638397582804,0.015642128934306,0.01226953602249404,0.012444237947944439
0.375,0.5336672117769505,0.3531034794309174,0.113229308792132,0.015843157080750313,0.01562722403005127,0.010263936428170245
0.5625,0.4144285384972505,0.5402865100639473,0.04528495143880201,0.015443402778032416,0.015462180522343027,0.006469503063193299
0.75,0.2662018131388726,0.7217990000530708,0.011999186808056558,0.013910505697456416,0.014115551320815264,0.0034589454095560485
0.0,0.7402262552525312,2.406563791824759e-05,0.2597496791095506,0.013722134530473742,0.0001535569965939023,0.013728478293378957
0.1875,0.6451898679875319,0.16740535865789588,0.18740477335457223,0.015064649232423503,0.01152416592562396,0.012369214963383867
0.375,0.5343304239079004,0.35311611341889926,0.11255346267320036,0.01589692263208984,0.015249852910771394,0.009796267843894394
0.5625,0.49380161127111044,0.323650804785625,0.18254758394326445,0.0158845401889588,0.014546844128613267,0.011977435524559493
0.75,0.26615364224865423,0.7220122934271039,0.011834064324241765,0.014232953513270773,0.014366096677442146,0.0033741445353266644
0.0,0.74052154386831,4.9866928540914336e-06,0.2594734694388359,0.013426780406389782,8.363554201444705e-05,0.013425803949408614
0.1875,0.6457158395850588,0.16735463010381998,0.18692953031112122,0.015207332463373777,0.011355636896689943,0.012259113533202899
0.375,0.5009814058930707,0.3539371760166513,0.14508141809027789,0.015388883281019767,0.015495051195159912,0.011232026337041536
0.5625,0.41543891572217606,0.5382195016897766,0.046341582588047325,0.01599358499781354,0.01616881801533667,0.006623239780495218
0.75,0.2662676439914761,0.7218762165993242,0.011856139409199612,0.014090132521576287,0.014385307759497463,0.0033467114784958003
0.0,0.740185935068909,2.060323034899306e-06,0.2598120046080561,0.013833120512821548,4.604260249485591e-05,0.013832459139254585
0.1875,0.6180164181684026,0.16193604515570115,0.2200475366758963,0.015719258568398634,0.012254015642558581,0.012972149899428614
0.375,0.5196210614287378,0.3518567930125908,0.12852214555867145,0.01566503945123215,0.015088480994350603,0.01050652309493532
0.5625,0.413814429253166,0.5406020828575638,0.0455834878892701,0.01568616081769398,0.015982413827034234,0.006642921753334245
0.75,0.2776127671593691,0.720207369096578,0.002179863744052957,0.014273874899007116,0.014248780694646497,0.0014809514903755378
0.0,0.7403087997359491,1.704510026287125e-05,0.2596741551637879,0.014261637774783748,0.00012969856295885627,0.014265128007222875
0.1875,0.6459292651469412,0.16719068456201003,0.1868800502910489,0.015209693096470056,0.011855621721880216,0.012665581224872416
0.375,0.5303740133020348,0.3545674419338412,0.11505854476412401,0.015127721924788114,0.014802392621022275,0.010019506489756766
0.5625,0.39747626994544044,0.5391652851732069,0.0633584448813526,0.015186808070167132,0.015181761966711005,0.007496799061953883
0.75,0.26664158938651433,0.7215105192447246,0.011847891368761111,0.014573345996187469,0.014821076736747967,0.003428569296528615
0.0,0.739730653559228,0.0,0.2602693464407721,0.013946795574146137,0.0,0.01394679557414614
0.1875,0.6184829226171755,0.16181810273824854,0.21969897464457586,0.015497056505423901,0.011650666475534262,0.0132581397068442
0.375,0.5032732777999641,0.35484290276104913,0.1418838194389867,0.01610579274918804,0.015367265851327047,0.011249371249305872
0.5625,0.41367406535072654,0.5366929170134078,0.049633017635865626,0.01473738556212148,0.014987193785705927,0.0067397815902131356
0.75,0.26634200039608463,0.721897655514983,0.011760344088932466,0.014600165295902225,0.01467691152251346,0.0034015873313944663
0.0,0.739265587895446,0.0,0.26073441210455384,0.0143872552152568,0.0,0.0143872552152568
0.1875,0.6454201438879188,0.16796437920805188,0.18661547690402944,0.015005918232857294,0.011529072733038423,0.012352738740039821
0.375,0.532553061570404,0.3535041208928421,0.11394281753675378,0.01526658132136935,0.014502835071044475,0.01020347906892739
0.5625,0.4046397197320363,0.5383400177357394,0.05702026253222439,0.015315027869325577,0.01568641046286234,0.007509729549763639
0.75,0.26661640209869114,0.7211531321962401,0.012230465705068682,0.013328238896520553,0.0135661480129477,0.003292493523508927
0.0,0.7400110212848271,0.0,0.25998897871517296,0.013798775184955961,0.0,0.013798775184955961
0.1875,0.6256631808040386,0.1644359862075479,0.20990083298841344,0.015536362921323233,0.011536686467467376,0.012891118057453422
0.375,0.5321277052108192,0.35499280966617763,0.1128794851230032,0.015627345133405236,0.014934112763077543,0.010344837302150542
0.5625,0.4121527379958192,0.5389097742143087,0.04893748778987201,0.01504305480586506,0.015649285542193428,0.006495543036784121
0.75,0.2686243012736407,0.7188940528018759,0.012481645924483432,0.01357686481321855,0.01379330937057047,0.0035583559509946364
0.0,0.7402099429124822,1.0482180293501048e-06,0.2597890088694884,0.014401734367353146,3.3130986644191006e-05,0.014401836540564605
0.1875,0.6221793422149587,0.16541313433750376,0.21240752344753736,0.014929820517225204,0.011170539537883412,0.012576160380097645
0.375,0.5337907582638275,0.35294887442953166,0.11326036730664092,0.015749774715471367,0.015026817284963887,0.010074931780190345
0.5625,0.41606914222110775,0.5378241110573281,0.046106746721564104,0.01501195554756165,0.015164290876200432,0.006454482750137862
0.75,0.2667871165732572,0.7214902977732474,0.01172258565349533,0.013944390813420245,0.013871311684228489,0.0032919894257403834
0.0,0.7402387678431253,0.0,0.2597612321568747,0.013851655823629233,0.0,0.01385165582362923
0.1875,0.6243655802546023,0.1658482376092324,0.20978618213616532,0.014860430010425946,0.011793198016424604,0.01260479798905925
0.375,0.532903246005433,0.3514862925790786,0.1156104614154883,0.01613427820737037,0.015866446187705403,0.010307516371435586
0.5625,0.4138385218339819,0.5384338749133626,0.04772760325265553,0.015726506229868622,0.015441753850224556,0.006707950284056574
0.75,0.2668682191321278,0.7212534610536265,0.01187831981424564,0.013949320179316141,0.014159773106390331,0.0034564566733151767
0.0,0.7402297414243232,2.6100984360617897e-05,0.25974415759131625,0.013838293671668807,0.0001598340463266801,0.013838196981422617
0.1875,0.6247287925909816,0.1645858963812226,0.21068531102779578,0.015125553271370832,0.012075217968681528,0.012560273801122438
0.375,0.5344823348666016,0.3522131153970856,0.11330454973631277,0.014769604544138757,0.014785013758680438,0.010319229064741172
0.5625,0.4158092911662462,0.5404160258881364,0.04377468294561733,0.015210788333387083,0.015393237993432429,0.006565296144269658
0.75,0.2672595244387115,0.7208106053021752,0.011929870259113384,0.01402405022506077,0.01433467164567368,0.0034497206871593818
0.0,0.7404896089085752,0.0,0.2595103910914248,0.013718033934797529,0.0,0.01371803393479753
0.1875,0.6450351270288293,0.16834726680141274,0.186617606169758,0.015147493733716117,0.01206344407486632,0.012479324228873235
0.375,0.532991525099416,0.3544011573026253,0.11260731759795871,0.01644147514956944,0.015433195684806004,0.009974572029244514
0.5625,0.4152294268429821,0.5399405902651779,0.04482998289184,0.015616987848298182,0.015493972977123488,0.00682031700789307
0.75,0.26642774573541556,0.7215426596941926,0.012029594570391862,0.01362239927936437,0.014035426915895056,0.003490740671595598
0.0,0.7401163282237007,3.2789359543358804e-05,0.25985088241675597,0.013660041049169836,0.00018316415727858516,0.013660400259614023
0.1875,0.6452469162128223,0.16819767324313445,0.1865554105440433,0.015400248061151587,0.01218584392807362,0.012508495275951666
0.375,0.5335172634202388,0.3556853466913308,0.11079738988843033,0.015578135675967095,0.01471898207214405,0.009963352062482247
0.5625,0.41687595362248336,0.5385636328910305,0.04456041348648614,0.015658481369777672,0.01596971154883686,0.006472370304769553
0.75,0.2773180427661662,0.7192143485863299,0.0034676086475039056,0.014160276610103882,0.014158053130355522,0.0018655539981504473
0.0,0.7404922510618818,0.0,0.2595077489381182,0.014427086422385998,0.0,0.014427086422386
0.1875,0.6452817348630656,0.16784146312595744,0.1868768020109768,0.015241700390764857,0.011788843575534393,0.012592538431125684
0.375,0.5352016985725286,0.354676604312757,0.11012169711471446,0.01570234948914807,0.015316778045129022,0.009797995337472724
0.5625,0.4142506890670669,0.5399179601638284,0.045831350769104724,0.015249820926191635,0.015456368791293184,0.006698562958699567
0.75,0.27913792012317323,0.7189396306649032,0.0019224492119234522,0.014046746518187509,0.014078053825483307,0.0013932973891887708
0.0,0.7402127592042915,0.0,0.2597872407957085,0.013369795317523693,0.0,0.013369795317523695
0.1875,0.644299536824547,0.16863887238675276,0.18706159078870022,0.014939836414863203,0.011531204604313498,0.012521319305473665
0.375,0.531828921972787,0.3539596785903735,0.11421139943683942,0.01568754282111922,0.014833391426367025,0.010208757067594875
0.5625,0.41505185110590975,0.5398046970720254,0.04514345182206489,0.016124666294058846,0.016190001724929813,0.006560865627542852
0.75,0.27730599090006797,0.7205690645086982,0.0021249445912339543,0.014376707021159561,0.014442637160656155,0.0014845908115597671
0.0,0.7402430550915492,1.788860749987948e-05,0.2597390563009509,0.013569943889099536,0.00013223742489280424,0.01356845911577704
0.1875,0.6267368095999966,0.16409612684215297,0.2091670635578505,0.01515925762313463,0.011762489232509964,0.013295211464637297
0.375,0.5336329474997931,0.3540307134830279,0.11233633901717904,0.015783778363934943,0.014915501970375087,0.009884718650029016
0.5625,0.4154407831752279,0.5404140076388702,0.04414520918590188,0.01564687823131285,0.015566984635196358,0.006289031648293197
0.75,0.2783862232794952,0.7193833151930928,0.0022304615274120524,0.014325267905109346,0.014402498133083527,0.0015312760564427208
0.0,0.7398835456562565,3.1480509645797214e-05,0.2600849738340976,0.013412274784351927,0.00017821306077266558,0.013406871717826174
0.1875,0.6441523856119938,0.16839411404790858,0.18745350034009756,0.015251340599095897,0.01221789815213037,0.01209876855334931
0.375,0.5319880840772084,0.3535078548998454,0.1145040610229461,0.01607627016888072,0.015210039537253668,0.010015443486669214
0.5625,0.39044419235602795,0.5414055660319325,0.0681502416120395,0.016210901216069863,0.016759652886762292,0.008127228782330733
0.75,0.266135415488593,0.7217225399375453,0.012142044573861633,0.014147718179745727,0.014381736116439545,0.0034836522578093067
0.0,0.740594436682285,0.0,0.2594055633177151,0.013681188015133523,0.0,0.013681188015133522
0.1875,0.6455405185863103,0.16895351234432388,0.18550596906936578,0.015868938907582862,0.011926201464340695,0.012617057974995448
0.375,0.5331045535393131,0.35404733582836945,0.1128481106323174,0.01580461728745349,0.015728687760405344,0.010198108186547587
0.5625,0.41561289344186114,0.5398295035142768,0.044557603043862054,0.015710359193880037,0.016103016704061127,0.006364126949176021
0.75,0.26661253369064564,0.7215074648995746,0.011880001409779684,0.014353767247349396,0.014480699643903942,0.003614553934843667
0.0,0.7397527803749008,1.192034035860565e-05,0.2602352992847406,0.013613450839749587,0.00010821996404740305,0.01361211848197619
0.1875,0.6284826055029439,0.165599544749582,0.205917849747474,0.015610038689767751,0.01189006434950828,0.01330329454504578
0.375,0.5331624109165597,0.3560742143525073,0.110763374730933,0.015417645458112816,0.015300328590012733,0.01044045423911863
0.5625,0.4127948489681145,0.5403605448522663,0.04684460617961919,0.01537733599811275,0.015347287483768152,0.00655109113117033
0.75,0.2666829674473526,0.721585147677581,0.011731884875066429,0.013649700359151229,0.013843669936747403,0.0033262489458856844
0.0,0.7401460361061382,9.914054175150455e-06,0.2598440498396867,0.013855968753738929,9.868047853045452e-05,0.013854817334394079
0.1875,0.6462496907728799,0.1673864652998481,0.186363843927272,0.015532150419587713,0.011939356375903612,0.012483272354210616
0.375,0.5328828744260116,0.3531188408239703,0.11399828475001811,0.015518288880229365,0.015471718923554595,0.009872642614016415
0.5625,0.41335393466960046,0.5369688574791702,0.049677207851229366,0.015487264800680226,0.0156480597352725,0.006633127898627339
0.75,0.2671541123864269,0.7209904322655105,0.011855455348062533,0.0139692262667318,0.014232656834893524,0.003476057801276607
0.0,0.7401502170441798,0.0,0.2598497829558202,0.013556974980223797,0.0,0.013556974980223799
0.1875,0.6455715695564935,0.16906653378533526,0.1853618966581713,0.015555541372862783,0.012019557821627865,0.011912406821752434
0.375,0.5320992942590153,0.35267648944793634,0.11522421629304842,0.015863579264051804,0.015400558457314714,0.010035332805136575
0.5625,0.4139512525320388,0.5380680589958218,0.04798068847213952,0.015672070381033115,0.015923992075938337,0.006868959602583117
0.75,0.26724560032726646,0.7208894191043037,0.011864980568429922,0.013491632298065347,0.013630650980997527,0.003354981114967049
0.0,0.740147604051753,0.0,0.2598523959482469,0.013561603375612427,0.0,0.013561603375612423
0.1875,0.646463147238666,0.16716836838719973,0.18636848437413425,0.015313091290712066,0.01219294047199781,0.012914945869178478
0.375,0.4962133186420176,0.3233877208591041,0.18039896049887824,0.01550924785204973,0.015067343738503136,0.011761620599905896
0.5625,0.41436099345158206,0.5387636999612302,0.046875306587187776,0.015573777200962305,0.01578728541208577,0.007015207082095303
0.75,0.2783019463476761,0.7190210606842975,0.0026769929680265044,0.01363195814242631,0.013710493465250773,0.0016288396990125108
0.0,0.7405862780750265,0.0,0.25941372192497353,0.013521072331860114,0.0,0.013521072331860118
0.1875,0.645426582554758,0.16662492853300603,0.18794848891223587,0.015133354440644353,0.011551386972929152,0.012546912302774419
0.375,0.501336026967958,0.3550480868524241,0.14361588617961793,0.016075134923027635,0.015099371093294992,0.01118763817921518
0.5625,0.38989738470936164,0.5430019619279929,0.06710065336264565,0.01577856174161319,0.015938504075513366,0.00798821568196125
0.75,0.2772291468333598,0.720553515972327,0.002217337194313207,0.014199483955984044,0.014207349559882752,0.0015489304600728576
0.0,0.7407163438557843,0.0,0.2592836561442156,0.013379462373739623,0.0,0.013379462373739626
0.1875,0.6386436442051202,0.1671521420117661,0.19420421378311364,0.015869570839202377,0.01225861476511222,0.012664132222817058
0.375,0.532482121965508,0.35266898087626497,0.11484889715822699,0.015953312330147663,0.015497040171033231,0.01065497361768792
0.5625,0.4128671017996216,0.5380570404654125,0.049075857734965936,0.015858879625247402,0.016026129904867698,0.006668905683122867
0.75,0.26731912889710063,0.7204573119616324,0.012223559141266946,0.01373873660329362,0.014026454495662794,0.0035247288843889037
0.0,0.7395428090792003,5.933319234252285e-06,0.26045125760156546,0.0136497275524481,8.804699390550505e-05,0.013653343454179064
0.1875,0.6462268800087629,0.1674118280656362,0.18636129192560077,0.014964962874048573,0.012072684613349314,0.012031246118477206
0.375,0.5321270239688407,0.3530905413311361,0.11478243470002314,0.01637743549645608,0.015322239376448056,0.01006700654976992
0.5625,0.41525934135070375,0.5394199705568746,0.04532068809242161,0.015318250785534124,0.015142263334649946,0.006556734515557539
0.75,0.26657723719216625,0.7214249358451906,0.011997826962643178,0.014260748294636165,0.014245289674042025,0.0034195013865673616
0.0,0.7398774821131153,2.044227173492944e-06,0.26012047365971114,0.013929464748541355,4.5667735959668026e-05,0.01392954235972461
0.1875,0.6367368584615121,0.16585703744864452,0.19740610408984344,0.015324560219320892,0.011981507991333826,0.012986657766357525
0.375,0.531625529472281,0.3538609384687326,0.11451353205898628,0.01619064452124175,0.015331912224666325,0.010239924427900698
0.5625,0.41489289625243225,0.5385363112759357,0.04657079247163191,0.01585480028062697,0.015988852725361002,0.0066177378852332195
0.75,0.26557808458817794,0.722668753520474,0.011753161891348004,0.014584577530668486,0.014829199380690312,0.0034122722063331863
0.0,0.7399868276056927,0.0,0.26001317239430727,0.013923335051695738,0.0,0.013923335051695742
0.1875,0.6458797390981663,0.16739459517745162,0.18672566572438218,0.01504154374807198,0.011807207955982911,0.012617003002869167
0.375,0.5332953542961063,0.35261474451123614,0.11408990119265751,0.016003047075987105,0.014744814107064318,0.010181239499371855
0.5625,0.4147708846182838,0.5385624060119956,0.0466667093697206,0.01619000324763471,0.016238538527991973,0.006635278503119123
0.75,0.27845662473921484,0.7192585071147244,0.002284868146060891,0.013594109602365258,0.013651261688353952,0.0014775888019577248
0.0,0.7397697454137051,0.0,0.2602302545862948,0.014085026561415148,0.0,0.01408502656141515
0.1875,0.6444637993133376,0.16777315499135187,0.1877630456953105,0.015029441106860358,0.011891570007705148,0.012298295451023036
0.375,0.5320010778553926,0.353106103404852,0.11489281873975533,0.016337274963854648,0.01576167848358727,0.009946609036095974
0.5625,0.4134147166735019,0.5386854367887588,0.04789984653773929,0.016062998019260394,0.016423868531603956,0.006513114254350187
0.75,0.2662023697971418,0.7220040189597899,0.011793611243068295,0.01356005674584295,0.013753661303581499,0.0034325696699798866
0.0,0.7405264026928072,0.0,0.2594735973071927,0.013354609025574945,0.0,0.013354609025574943
0.1875,0.6410999051512027,0.16821164220241064,0.19068845264638662,0.015503453882760832,0.011821731963135844,0.012737136961163098
0.375,0.5329325158386276,0.35388632927687863,0.11318115488449376,0.015654427210393482,0.01528537808873398,0.009917283350771763
0.5625,0.3971024584451949,0.5396881589472072,0.06320938260759781,0.015269660514948376,0.015537436073073393,0.007613153068511691
0.75,0.2667524418624267,0.7212843713455693,0.01196318679200405,0.013796618658108805,0.013864956949208652,0.0034374419935300315
0.0,0.7401329661727338,0.0,0.2598670338272661,0.013920590233321886,0.0,0.013920590233321886
0.1875,0.6444827133175146,0.16704535209252044,0.18847193458996495,0.014694506695012675,0.011835018143508349,0.012155207058683759
0.375,0.5355037559251916,0.3535202259977091,0.11097601807709928,0.015950066753040577,0.014967906260736567,0.009517175550692387
0.5625,0.4146281095007162,0.5390471371505631,0.04632475334872057,0.01551141456203043,0.015350794204063102,0.006749696990952942
0.75,0.2778634189828793,0.7197977543461543,0.0023388266709663996,0.013849345944971309,0.01390544601924274,0.0014999519251786507
0.0,0.7394493513044909,8.997710398571834e-06,0.2605416509851106,0.014043314976982748,9.447922572183101e-05,0.01404386180340781
0.1875,0.6452895246250037,0.16916119768856458,0.18554927768643176,0.014857652920505712,0.011959623944800766,0.01242844179825896
0.375,0.5330044271013507,0.3530052468092972,0.11399032608935222,0.015976745828454025,0.015174057335107021,0.010193642472230069
0.5625,0.413054279254652,0.5396925162154421,0.04725320452990595,0.015274367103758698,0.015272860524401327,0.006755930305667162
0.75,0.26729984535958307,0.7208096208220914,0.011890533818325558,0.013933676420147985,0.014031649469087271,0.003479104628980015
0.0,0.7400489023877235,3.600200031285231e-05,0.2599150956119636,0.013503683365492628,0.0001863735065950467,0.013502340506602071
0.1875,0.644879537479628,0.16771102631038878,0.18740943620998332,0.015248499030456898,0.012007049381612922,0.0124079277836062
0.375,0.5326006936524358,0.35266519212285186,0.11473411422471233,0.015725849845533622,0.015070645169342119,0.010351215847182937
0.5625,0.41049875443556594,0.5385659546751059,0.0509352908893281,0.015485977500568961,0.01610110640419475,0.006862328266433155
0.75,0.2781031099372575,0.7195162902905622,0.0023805997721802357,0.014385844116358666,0.014380693459192856,0.0016072670968093835
0.0,0.7403411087416707,1.0649627263045794e-06,0.2596578262956031,0.014150622419022563,3.366023563211738e-05,0.01414936557667222
0.1875,0.6241906951810009,0.16556235311920364,0.2102469516997955,0.015494404407766428,0.011438125674369646,0.013034654670991509
0.375,0.5341363650758109,0.35503902055644937,0.11082461436773972,0.015823130284481773,0.015052022579571278,0.009645480364353492
0.5625,0.40445202423261767,0.537554463408905,0.05799351235847737,0.014938091456037614,0.015369722254746782,0.00721714850553603
0.75,0.26605999773828365,0.7220874465727395,0.011852555688976722,0.013814393596942464,0.014084229418601168,0.003535435105121886
0.0,0.7403730124489241,1.0741138560687432e-06,0.25962591343721986,0.01391744805517559,3.394947503604535e-05,0.013917134054881741
0.1875,0.6451658864601254,0.1682879549686927,0.18654615857118187,0.014888053171216569,0.01155349581953642,0.012616651246467934
0.375,0.5334651651312936,0.3551261905674163,0.11140864430129016,0.0157653569053694,0.015000312243617987,0.009778797874942676
0.5625,0.4148283232051131,0.5392728468809139,0.04589882991397299,0.0160854751789058,0.016318361399342448,0.006792173896028567
0.75,0.27659951972852853,0.7204324128439287,0.0029680674275427157,0.014065413384808795,0.014142227721323748,0.0017095725325090181
0.0,0.7409414553245308,0.0,0.2590585446754692,0.014134657646621142,0.0,0.014134657646621142
0.1875,0.6440725940610237,0.16825436639713587,0.18767303954184053,0.015044165139889407,0.011761104930301254,0.012366639515352214
0.375,0.501813376320038,0.3543393585900135,0.1438472650899486,0.01590715075686929,0.015296614527391242,0.011123067828892278
0.5625,0.3892023292125857,0.5429519162878844,0.06784575449952981,0.015283897269664394,0.015806987247355943,0.008126522941089195
0.75,0.27806891795781746,0.7190685290459529,0.0028625529962295914,0.01454532987293465,0.014500789236894044,0.0017222460126599753
0.0,0.7408310411462801,9.84251968503937e-07,0.25916797460175145,0.013713637671112118,3.11092138371636e-05,0.013712918180016704
0.1875,0.622690624371247,0.16531513002069587,0.21199424560805705,0.01539011763828653,0.012136940758120707,0.012850228459459833
0.375,0.5360767281390745,0.35341167758797243,0.1105115942729531,0.015437830444278922,0.015047442646948357,0.010214438777366691
0.5625,0.4075726125948445,0.5374842327087918,0.05494315469636364,0.015948394470851314,0.015963995750682275,0.0073361437863019826
0.75,0.26668445273150143,0.7207242604762326,0.012591286792265927,0.013736577372156814,0.013982284694222654,0.0034014755053396917
0.0,0.7394993573502457,0.0,0.26050064264975425,0.014327200117449349,0.0,0.014327200117449344
0.1875,0.6246013753195806,0.16469672833321056,0.21070189634720884,0.015332781489036752,0.011529344806290039,0.012634926030239553
0.375,0.5324330013768078,0.35410462102790446,0.11346237759528768,0.016026385931233417,0.015149853873137227,0.010276406737656485
0.5625,0.38918545545315153,0.5421743482348304,0.06864019631201818,0.01539796988799389,0.01611982241653695,0.007757002714932331
0.75,0.2660714485231325,0.722126371837185,0.011802179639682433,0.01409923196459375,0.014330012113605434,0.0033226338999277475
0.0,0.7403165195211504,0.0,0.25968348047884954,0.014282117287288468,0.0,0.014282117287288468
0.1875,0.6377040180852316,0.1672204416892569,0.1950755402255115,0.014985542134323048,0.01200188022598815,0.01248058926891054
0.375,0.49712692242350115,0.32241904067006055,0.18045403690643833,0.01599257591840088,0.01446899340081842,0.012125946936018416
0.5625,0.4128987088957449,0.5394715699270838,0.04762972117717126,0.015201294179046206,0.015528468795324064,0.0067156818547359455
0.75,0.26584756955781963,0.7223570250277854,0.011795405414394966,0.013811781604819148,0.014119817751874925,0.0032251658608217853
0.0,0.7413412037111616,1.040582726326743e-06,0.2586577557061121,0.014228800951551228,3.288965791733427e-05,0.014229110721273579
0.1875,0.6449613441593681,0.16723645173202406,0.18780220410860776,0.014484025996983112,0.01147380411528553,0.012477600219687576
0.375,0.5336424045493305,0.35512451748417545,0.11123307796649393,0.01618160538377588,0.015206036179486416,0.010260652040273524
0.5625,0.4160173183517064,0.5396672241234998,0.04431545752479388,0.01543433056489791,0.015870114968578732,0.0062667608124889924
0.75,0.27839740559112297,0.719471853844075,0.00213074056480195,0.014250953650032708,0.014295932804891012,0.0014473562942662016
0.0,0.7405010258855543,0.0,0.25949897411444556,0.014427337668751292,0.0,0.014427337668751296
0.1875,0.6264415714292575,0.16592422581827,0.2076342027524726,0.0149515881174758,0.011707577207825854,0.012710418625289306
0.375,0.5335260710824768,0.35639155300757364,0.11008237590994947,0.015334221200288722,0.014968310088986587,0.009728359850514828
0.5625,0.3893647091928316,0.543177205936372,0.0674580848707964,0.015893872563190033,0.01623924965016351,0.007687520247703788
0.75,0.2775905579612727,0.7203217502371785,0.002087691801548872,0.013673059611860149,0.013706662214066977,0.0014648016399805954
0.0,0.7397047750543347,0.0,0.26029522494566526,0.013598867212070322,0.0,0.013598867212070322
0.1875,0.644717220762128,0.16753179664005632,0.18775098259781564,0.015133998192172295,0.011566427159357814,0.012116072780294725
0.375,0.5317262532752335,0.3556482958160085,0.11262545090875802,0.01576616875322753,0.015417402494685577,0.009807074639485411
0.5625,0.41406935852080023,0.5393562040794941,0.04657443739970567,0.0154779331341792,0.016168644776579078,0.006906931480234399
0.75,0.26682863201364987,0.7212544843788113,0.011916883607538818,0.013309953928749677,0.013600109771298436,0.0035078995730630025
0.0,0.739352694679621,2.3850656038492428e-05,0.26062345466434056,0.014176238288441476,0.0001521509300348265,0.014177219969245756
0.1875,0.6251307770858076,0.16479215351668064,0.2100770693975117,0.015090144202045052,0.011514580723146926,0.012883908084101225
0.375,0.5023568246932957,0.3546326803520394,0.14301049495466492,0.015725429104928728,0.015164660704641415,0.011312682292532244
0.5625,0.3979536316129742,0.5387153908935475,0.06333097749347842,0.015444046648417156,0.015457756890448754,0.007685070274449202
0.75,0.26539638860577375,0.7228348525101702,0.011768758884056105,0.014012093752633547,0.014097618406626431,0.00348678630595498
0.0,0.7403256454392494,4.0086732826583925e-06,0.25967034588746807,0.013661691181663126,6.326918978203649e-05,0.013664290771168383
0.1875,0.6434510040405508,0.1673491859366576,0.18919981002279165,0.015236431637551333,0.011724466861383875,0.01255309788746721
0.375,0.5330916900857648,0.35505824135014236,0.1118500685640929,0.015298533485172995,0.014836090881413336,0.009672386519485904
0.5625,0.38860634141513345,0.5438892031051233,0.0675044554797432,0.01556422991877219,0.015517412291676611,0.007955581576437673
0.75,0.2665860662215142,0.7215497802200016,0.011864153558484218,0.013930969690948404,0.014142324541003004,0.003378320293842382
0.0,0.740266528517678,0.0,0.25973347148232195,0.014427582534176479,0.0,0.014427582534176482
0.1875,0.6240786836756099,0.16503257972446353,0.21088873659992657,0.014994731223976187,0.011209184865874742,0.012509164201955624
0.375,0.5317681206179632,0.35427377586359216,0.11395810351844463,0.015717205873014423,0.014865940590899933,0.010155365208881204
0.5625,0.4142795235389607,0.5393920501841305,0.0463284262769088,0.015360356903031674,0.015860603172029312,0.006444250414110723
0.75,0.2769997091228773,0.7205645270727727,0.0024357638043499517,0.014979281746271802,0.015043055192941494,0.0015192701762694286
0.0,0.7409610913090071,1.40678900401364e-05,0.2590248408009527,0.013349534559090138,0.00011812630488627092,0.013352828486727699
0.1875,0.6453426567586746,0.16809046128893182,0.1865668819523936,0.015923131543562178,0.01181546351581802,0.012623880031647047
0.375,0.5344827196818214,0.35328584168246185,0.11223143863571679,0.01607883342817898,0.015389671810291161,0.009677227970269067
0.5625,0.4126457934107986,0.5364782047047597,0.05087600188444162,0.015429802667284422,0.0154143204144087,0.007038172748029022
0.75,0.26584152607115413,0.7220698377155925,0.012088636213253354,0.013926236515707704,0.014268517140612873,0.0034253237458472517
0.0,0.7407216091732478,0.0,0.25927839082675225,0.014230165378086353,0.0,0.014230165378086352
0.1875,0.6452439172597628,0.1678452194105896,0.18691086332964743,0.014623215103511297,0.01217535720015439,0.011853116072890331
0.375,0.5007463882819894,0.35595364183141,0.14329996988660074,0.015620948717193533,0.015012432150968112,0.011446864469870857
0.5625,0.4128597805620933,0.5385955993937545,0.04854462004415221,0.01585787667331118,0.015983397529209454,0.0068593772271945365
0.75,0.26634095779264466,0.7218134547668043,0.01184558744055104,0.013364838637970828,0.013525424652678595,0.003400478010018861
0.0,0.7405382655991177,0.0,0.25946173440088216,0.014182371450578154,0.0,0.014182371450578154
0.1875,0.6451810363560406,0.16779488673464654,0.18702407690931278,0.015425082806072448,0.011656354276746625,0.012213523925087084
0.375,0.49656956780097594,0.3225605377514888,0.1808698944475352,0.015962353140727716,0.014863502326293545,0.012000901526308274
0.5625,0.4152464445054497,0.5396262392863155,0.04512731620823473,0.014986681299180571,0.015136018614063105,0.006483070177461862
0.75,0.2671428470981353,0.7209361957378856,0.011920957163979066,0.014556897124405187,0.014855103749397363,0.003579149399926221
0.0,0.739720592274005,0.0,0.26027940772599495,0.013997092323970993,0.0,0.013997092323970993
0.1875,0.6241561142781816,0.16502233142098732,0.21082155430083116,0.015089449338410122,0.01149789252393065,0.01265221575390787
0.375,0.5209223109691996,0.35410612992534957,0.12497155910545074,0.015117395493129262,0.01475436661684276,0.010098600676749905
0.5625,0.3894073566879001,0.5428608315578738,0.06773181175422609,0.01599943973559138,0.016506185885448842,0.008035839831960425
0.75,0.26484419905724405,0.7217947703378468,0.013361030604909117,0.013423885072944355,0.013835838032005382,0.0035782917548035824
0.0,0.7402828014138133,0.0,0.2597171985861868,0.013719020528812454,0.0,0.013719020528812452
0.1875,0.6230816768558148,0.16576443491819265,0.21115388822599246,0.015403060876294719,0.011690920416190463,0.012646122622132062
0.375,0.5219496910908861,0.3545877143970013,0.12346259451211247,0.015923590820747156,0.015318458542056615,0.010722492362995389
0.5625,0.4120816475923581,0.5373119434581857,0.05060640894945627,0.015658272970992246,0.015717709321196306,0.006704652653363032
0.75,0.2662287681367841,0.7220051271366661,0.011766104726549717,0.013961977116933342,0.014220793798103223,0.0034234640046710823
0.0,0.7402944088195473,0.0,0.25970559118045267,0.013757685510319383,0.0,0.013757685510319386
0.1875,0.6175324323814355,0.16254032841674176,0.21992723920182256,0.015167225817419406,0.011317671729956952,0.012981976790358509
0.375,0.5329591984670687,0.3524675103312812,0.11457329120165002,0.015548944902818449,0.015358944642355321,0.010028929990000008
0.5625,0.4112737718444161,0.5387716454607974,0.04995458269478648,0.015352172339421355,0.015824217806660993,0.006960645976167689
0.75,0.2663966631013003,0.7212000075203523,0.01240332937834728,0.0140805212154386,0.014373853325036066,0.0033797490026438058
0.0,0.7399825270516935,0.0,0.26001747294830657,0.013747073323153041,0.0,0.01374707332315304
0.1875,0.6439784561517824,0.16761022486191013,0.18841131898630736,0.0147194580905833,0.01134420320676906,0.012650063887893095
0.375,0.5315376838105748,0.353603896134952,0.11485842005447323,0.01608366497983157,0.015110751720072558,0.010018245260263505
0.5625,0.4146753379357397,0.5403704031218048,0.04495425894245538,0.014924385264803235,0.01604731277992108,0.00650391393465117
0.75,0.266552128390181,0.7216635626289502,0.01178430898086891,0.013953633146180328,0.014192533583484724,0.003448200192347623
0.0,0.7397816629156446,3.524235485368073e-05,0.26018309472950163,0.013666225512033172,0.000185145085973944,0.013662553318309257
0.1875,0.6456318032586561,0.16786343179935392,0.18650476494199,0.01552128811155831,0.011885100438800447,0.012504413460875973
0.375,0.5358031886233399,0.35304082834403244,0.11115598303262775,0.015448439669835569,0.014304371500343336,0.010094150837430448
0.5625,0.39878090553674256,0.538973502022875,0.062245592440382407,0.015434108548850892,0.0159359842156086,0.007490113192794731
0.75,0.2657920054889695,0.7220548604716855,0.012153134039345087,0.014254083285920087,0.014487455286281826,0.0035911804825604844
0.0,0.7413018070637775,9.80392156862745e-07,0.25869721254406564,0.01363604825455435,3.098721692015512e-05,0.013636144938651633
0.1875,0.6233916300875395,0.16485623013110393,0.2117521397813566,0.015214245828312961,0.011743652119583892,0.01265448114906152
0.375,0.5338489973843236,0.35369518428003494,0.1124558183356416,0.01612783809153119,0.015542175248278238,0.009701270999779792
0.5625,0.40497347031079484,0.5391349673372559,0.0558915623519494,0.015812787739576905,0.015663393511987703,0.007471001573742861
0.75,0.2663995128335986,0.7216223583053395,0.011978128861061919,0.013489805190548975,0.013668921979063373,0.00331829041846973
0.0,0.7407094008246726,0.0,0.25929059917532743,0.01378289527117412,0.0,0.013782895271174123
0.1875,0.6454233677748754,0.1678014271007242,0.18677520512440043,0.01596885708493107,0.012059389330740503,0.012306868491281082
0.375,0.5305108776308305,0.3541893862755071,0.11529973609366237,0.01547839666118561,0.014854198356972,0.010191239594675997
0.5625,0.4048708841762855,0.5378773154532608,0.057251800370453715,0.015567261681481532,0.01567030309016732,0.007160428831196952
0.75,0.2656449302897044,0.7219501717081309,0.012404898002164632,0.013844336226448133,0.013994699235362945,0.0033308657685621255
0.0,0.7391203647885842,0.0,0.26087963521141583,0.013625225560140211,0.0,0.013625225560140213
0.1875,0.6229199164778907,0.1654199470415809,0.21166013648052848,0.015894238154254708,0.011782651482333572,0.013105814068345246
0.375,0.5349093716870976,0.3537902863188626,0.11130034199403972,0.016114703443992216,0.015355180398319393,0.009772123819012948
0.5625,0.4106684442124946,0.5392429158565878,0.050088639930917674,0.015877937443262276,0.016014970458900324,0.006723258277858958
0.75,0.26608395450361716,0.721737420796406,0.012178624699976685,0.013963892674918255,0.014308056468400948,0.0033845056517524644
0.0,0.741108799979874,0.0,0.258891200020126,0.013485610032323441,0.0,0.013485610032323443
0.1875,0.6461005983821733,0.16785754003612144,0.18604186158170524,0.015522364959841736,0.012111616869354608,0.012607209533322526
0.375,0.532532330638511,0.355153505862543,0.11231416349894596,0.015643935424632452,0.01505184680541516,0.010339113715731697
0.5625,0.4139470979693242,0.5405376623729478,0.045515239657728,0.016067307843021673,0.01630163234671091,0.006610354397403465
0.75,0.26747651492638724,0.7205073217015507,0.012016163372062036,0.014202012604755036,0.014636401569022142,0.0034974179638183767
fixed rate,success rate,failure rate,error rate,success std,failure std,error std
0.0,0.7410277907792913,0.0,0.2589722092207087,0.01364895100976344,0.0,0.013648951009763438
0.1875,0.6242307252074304,0.1651664524814376,0.21060282231113212,0.015084597946460544,0.01147807200993504,0.01300801212700618
0.375,0.5338750762331205,0.3541318948723315,0.11199302889454799,0.015946856353089085,0.014846055441334391,0.009805453059347866
0.5625,0.41624036057637087,0.5401257294585105,0.04363390996511877,0.015223670793289916,0.01519539018210163,0.006353151975402239
0.75,0.2669976959355154,0.72103512617292,0.011967177891564628,0.013941982394171904,0.014263792412781766,0.003518183247012095
0.0,0.7405109559690455,1.0649627263045794e-06,0.2594879790682283,0.014219863912532943,3.366023563211738e-05,0.014220275434081801
0.1875,0.6442502690788309,0.16929836010089144,0.1864513708202777,0.015218873720523881,0.011874323007444348,0.012585626023087822
0.375,0.5351718566480079,0.35429526119462074,0.11053288215737124,0.015383242344177985,0.014835786280314029,0.009606944360176999
0.5625,0.4165682914170572,0.5385511969094002,0.044880511673542525,0.016033386011160274,0.016301825849854675,0.0067490203829797275
0.75,0.2790669855426154,0.7190177859484213,0.001915228508963233,0.014006227914179426,0.014021654471710119,0.0013495361404481697
0.0,0.7404867482168951,1.6998560484173845e-05,0.25949625322262065,0.013816996661735323,0.00012930059987375267,0.01381675476764442
0.1875,0.6237015450615219,0.16508570269985087,0.21121275223862718,0.01578924874030703,0.011638993238218045,0.013312207229233044
0.375,0.5342112267049544,0.3535125872475069,0.11227618604753871,0.01568642633529707,0.015509711163720142,0.009814841374728584
0.5625,0.4137655927614868,0.5398014452642815,0.04643296197423167,0.015840775453267522,0.016070856549546667,0.0065582342320264645
0.75,0.2674590240738393,0.7207423622373083,0.011798613688852412,0.01409173284409375,0.014383587830328646,0.0033870928132986224
0.0,0.74000594513027,0.0,0.25999405486972993,0.013450639856374546,0.0,0.013450639856374548
0.1875,0.6450383698041574,0.16651878079605076,0.18844284939979178,0.015121939931202675,0.011816618896923767,0.012671102632637044
0.375,0.5012684721543593,0.35487205031466845,0.14385947753097222,0.015154469053452753,0.015332028816135986,0.011157580673799976
0.5625,0.38920097783874585,0.5430587112725539,0.06774031088870024,0.015339480438505833,0.015613949059884802,0.00790869875535909
0.75,0.26736145169378633,0.7208905324538075,0.011748015852406016,0.01394832988529859,0.014150428669892147,0.0033953832083994414
0.0,0.740728598011743,0.0,0.259271401988257,0.014234328865519355,0.0,0.014234328865519359
0.1875,0.6240466049567428,0.165502219620779,0.21045117542247818,0.015485698970153425,0.011954445703459224,0.013278289048055482
0.375,0.5337919216958974,0.35295715827003443,0.11325092003406818,0.01585207406413579,0.015515651127571306,0.010003309298509056
0.5625,0.4135234375916573,0.5378869069381247,0.048589655470217964,0.015455010064271255,0.01613988708545737,0.006812867923434391
0.75,0.27800465412931774,0.7200910108192115,0.0019043350514708496,0.014154358693143439,0.014184214991632112,0.0013767455852019145
0.0,0.7394682995950255,0.0,0.2605317004049746,0.01393829587749374,0.0,0.013938295877493744
0.1875,0.6453181301247827,0.1678391133434928,0.18684275653172458,0.014899913281555559,0.011572462835228168,0.012344903849140556
0.375,0.5204373235248914,0.3542713470685089,0.1252913294065999,0.016392520539391067,0.015192749457077442,0.010260307421227731
0.5625,0.41650139207579145,0.5394341514428249,0.044064456481383615,0.015467145248368496,0.015440615204525408,0.006609084275509739
0.75,0.27841177420740426,0.7190141400751879,0.002574085717407724,0.014481787135136707,0.014476519354027889,0.0015698312584770055
0.0,0.7407521879822699,0.0,0.2592478120177301,0.013395852979447509,0.0,0.013395852979447509
0.1875,0.6233325411383697,0.1656687108112727,0.21099874805035762,0.014782183790492856,0.011258445934576441,0.012504217702874253
0.375,0.5328276821761251,0.35263829144975556,0.11453402637411932,0.015605955272013595,0.0151100679873869,0.009557036150637764
0.5625,0.41425570355057645,0.5401896837444661,0.04555461270495759,0.015675766158838134,0.016041659255257495,0.006895677207139033
0.75,0.26682946977627237,0.7213511260713911,0.011819404152336514,0.013779453434801385,0.013909542529064909,0.0034516119649391115
0.0,0.7406123798895196,0.0,0.2593876201104805,0.013922923924825406,0.0,0.013922923924825407
0.1875,0.646216293688379,0.16745681633188378,0.18632688997973718,0.015083660580399371,0.012194737950217194,0.012313019063871647
0.375,0.5024246424250842,0.3536522891184396,0.14392306845647612,0.015580920577223005,0.015226419418352602,0.010905120883576456
0.5625,0.4161275370849044,0.5390956028257532,0.04477686008934244,0.016038879075251554,0.01611660869445974,0.006683437134032774
0.75,0.2782467272898632,0.71937035814359,0.002382914566546785,0.014339954157307868,0.01439074125143849,0.0014435433012607872
0.0,0.7401148090969193,0.0,0.25988519090308065,0.013938708156200874,0.0,0.013938708156200874
0.1875,0.6442562903569913,0.1691752768372316,0.18656843280577715,0.015056236029381366,0.01180455240369836,0.012254136266950152
0.375,0.5342064361537416,0.3535382476632399,0.1122553161830184,0.01618872198106504,0.015491673042871986,0.01008960220869076
0.5625,0.41083900485594455,0.5396770666876728,0.04948392845638256,0.015209314745979514,0.015862963552274102,0.007093955141510651
0.75,0.2780028482168282,0.7198430526599977,0.0021540991231740305,0.013831044338197209,0.013880527360265411,0.0014567894977279483
0.0,0.7402927359537373,0.0,0.2597072640462627,0.013603266974898498,0.0,0.013603266974898503
0.1875,0.6460160355818889,0.1683028335829405,0.18568113083517068,0.014890140589038672,0.012084736742558595,0.012510063264013337
0.375,0.5026688450854466,0.35419477552511386,0.1431363793894394,0.015408198686944406,0.014490689314130396,0.011353888815997953
0.5625,0.39111523184812064,0.5406547298480914,0.06823003830378803,0.0158440662956416,0.016353176545247212,0.007634640177662668
0.75,0.26667056962108193,0.7213174470719734,0.012011983306944673,0.014203886615224972,0.014526516793395266,0.0034129427531754022
0.0,0.7405549008956293,3.026034375915369e-06,0.2594420730699949,0.01362432828129936,5.523949479036869e-05,0.013622832052282602
0.1875,0.645034462642283,0.16808069437401713,0.18688484298369976,0.015412288091326443,0.011593740583357407,0.012575443098799792
0.375,0.5076412259328817,0.3552564350537227,0.13710233901339558,0.015920877131143787,0.014895628245425525,0.011348899838856633
0.5625,0.39614387848480087,0.5396865174792193,0.06416960403597986,0.015713838804528965,0.01586045797158945,0.007821426848167473
0.75,0.2670163181660377,0.7212394580375231,0.011744223796439161,0.013897017380897214,0.014288985833618616,0.0034188286442575553
0.0,0.7402036990339548,0.0,0.2597963009660452,0.01428080023219423,0.0,0.014280800232194234
0.1875,0.6454654673774103,0.1677740898333605,0.1867604427892292,0.0152131445749267,0.011655849846699802,0.012155538029667793
0.375,0.5335540851220616,0.3547118522717618,0.11173406260617656,0.01620736300780172,0.015015029002368204,0.00999636816834921
0.5625,0.41539182861875934,0.5394135848645223,0.04519458651671839,0.015401492659932412,0.01535603769631088,0.006326654891801756
0.75,0.2662405350887359,0.7218605883313784,0.011898876579885583,0.014666379458410865,0.014732934895123426,0.0034590799134608984
0.0,0.7401637590467688,0.0,0.2598362409532313,0.013992967007608981,0.0,0.013992967007608985
0.1875,0.6446514440023831,0.168536150614311,0.18681240538330585,0.014774872410270796,0.011827595882614186,0.012024602549652758
0.375,0.5349125571655382,0.35448987717833813,0.11059756565612353,0.015682750985871935,0.015021636878152228,0.009872720205289334
0.5625,0.39041624408631354,0.5418427806249119,0.06774097528877468,0.015087239769575204,0.015415061320765103,0.007967873752246727
0.75,0.2661245577336672,0.7215319163523685,0.012343525913964214,0.01454385329067594,0.014813504649335592,0.0035185153862230356
0.0,0.7408394339306867,0.0,0.25916056606931326,0.014466249732000062,0.0,0.014466249732000065
0.1875,0.6184419726046906,0.16134698697728103,0.2202110404180284,0.015116541556075627,0.011411349623408274,0.01282844709484072
0.375,0.5349164128247252,0.3542439719384972,0.11083961523677749,0.016259570784145798,0.015500403779394259,0.009998770498072566
0.5625,0.3939937323041583,0.540986409764818,0.0650198579310236,0.015422641873410718,0.01554328367245014,0.007341828082767646
0.75,0.26685382250581596,0.7203970330258824,0.012749144468301546,0.01399105524299824,0.014143068460538453,0.0037097850816208426
0.0,0.7398993991364242,1.5995529476358975e-05,0.2600846053340994,0.013455110865245165,0.00013329973475236073,0.013452637361418746
0.1875,0.645574049204125,0.16846300911200152,0.1859629416838735,0.014855241551686911,0.012276527436512337,0.012016787752252381
0.375,0.5341341460579244,0.3547887900819438,0.11107706386013168,0.015403709164622307,0.015250130387770117,0.01024004095835893
0.5625,0.3887937504494056,0.5437385629965275,0.06746768655406697,0.01509496972172933,0.015527877187981019,0.008288685526366413
0.75,0.2670971715976154,0.7211512670440448,0.011751561358339728,0.01378136167498076,0.013874447529206014,0.003390911186039606
0.0,0.7392629882229557,0.0,0.2607370117770443,0.013766716375895252,0.0,0.013766716375895254
0.1875,0.6455167467919091,0.1677714288491511,0.1867118243589398,0.014772974483507811,0.011605383918989385,0.01258092803160507
0.375,0.5324181977980288,0.3532955049201842,0.11428629728178696,0.015112705196680287,0.014259725962865075,0.009876979025290278
0.5625,0.41219449823750304,0.5379335505359287,0.04987195122656828,0.01564358271452013,0.01568965745862934,0.006871441475675726
0.75,0.27758820464273376,0.7200656951502625,0.0023461002070036406,0.014105352415473876,0.014143802143234456,0.001575100291457789
0.0,0.7409416110895556,0.0,0.2590583889104443,0.014226824770656316,0.0,0.014226824770656316
0.1875,0.623696434150233,0.16480458933035272,0.21149897651941427,0.0157284322126943,0.011846183867767528,0.013042441877407223
0.375,0.5340068752989944,0.3537002813857385,0.11229284331526702,0.01556297690506949,0.014451979581527824,0.009928668869809682
0.5625,0.41496207028709287,0.5403113850450599,0.04472654466784706,0.015481837749561063,0.01564727609511584,0.006312568544908903
0.75,0.27787590315660593,0.7201043596395925,0.002019737203801465,0.01457786175071668,0.01448591767509763,0.0014158479307708007
0.0,0.7397507973200906,1.7942959284859706e-05,0.2602312597206245,0.013210084175035077,0.00013988425461770784,0.01321269965889927
0.1875,0.6243796215434484,0.16465580713015537,0.21096457132639626,0.015563476146601666,0.011505222848099204,0.013151665093710446
0.375,0.5326978319621578,0.3553666454558493,0.11193552258199281,0.01527732442076226,0.014977300293520743,0.010083587003462319
0.5625,0.3899881137622499,0.5425596601639213,0.06745222607382881,0.01569931697397867,0.01591290545292366,0.007996980818528213
0.75,0.26622442353042375,0.7219838487576433,0.011791727711932896,0.013413451509764402,0.01361256660652719,0.0035664245230443816
0.0,0.7410311192252627,0.0,0.25896888077473745,0.013834542213121812,0.0,0.013834542213121814
0.1875,0.6264263247343458,0.16655835767843974,0.20701531758721448,0.01553937621803002,0.011610066476361982,0.012511770295167863
0.375,0.5321267031524738,0.3543276097910234,0.11354568705650293,0.01548101312268053,0.015237785508229197,0.0099967531363598
0.5625,0.3829546905474229,0.5397449497588841,0.07730035969369294,0.01511761438951119,0.01567298209070868,0.008555374596502588
0.75,0.26653523556578157,0.7213226749143916,0.01214208951982689,0.014045718857014838,0.014282841399757735,0.0033532080688482846
0.0,0.7406089172505245,0.0,0.25939108274947564,0.013912077551688669,0.0,0.013912077551688676
0.1875,0.64537179652022,0.16787053616201444,0.1867576673177654,0.015459173680902438,0.01167481259257788,0.01231205584711977
0.375,0.5348367352124581,0.35344881851687476,0.11171444627066697,0.01590568062381054,0.015068187136631274,0.01004625123242323
0.5625,0.3908189207977592,0.5426661521027893,0.06651492709945134,0.016120648829744216,0.016273747327134307,0.007936479238628294
0.75,0.26642602164329166,0.7217383305576214,0.011835647799086956,0.014512716346098024,0.014844262739592435,0.003364410751389784
0.0,0.7399572189756357,3.9856552718974e-06,0.2600387953690923,0.013772162799405229,6.291330296041042e-05,0.013773698397554497
0.1875,0.6186627028080095,0.16213587790494136,0.2192014192870491,0.015103980853831068,0.011149188272961606,0.012900307981697392
0.375,0.5340827170310295,0.3526876958350402,0.11322958713393028,0.015681387364463582,0.015011910472098582,0.009905870474070542
0.5625,0.4039984717396144,0.5392758263509325,0.05672570190945308,0.015859921403751885,0.015796506676961978,0.007186374804309778
0.75,0.27816064728279033,0.719475768516224,0.002363584200985685,0.014160452629318325,0.014162552848369805,0.0015101621243699527
0.0,0.7397793202572398,0.0,0.26022067974276025,0.013804502007302655,0.0,0.013804502007302655
0.1875,0.6441750553102238,0.16871581128525973,0.18710913340451651,0.014733999182583397,0.011606032529936468,0.012686384375327387
0.375,0.5026819792413649,0.35470064327408196,0.14261737748455305,0.01574578699732569,0.0152999032316118,0.01137971954402946
0.5625,0.4051638547981021,0.5382678908759116,0.05656825432598616,0.01572903666850212,0.01560741573585418,0.00729298481925978
0.75,0.2781460733390417,0.7196862193399254,0.0021677073210327564,0.014739650879743835,0.014727244033112015,0.001455542443725683
0.0,0.7404224696477308,2.9081189126140575e-05,0.25954844916314285,0.013712488253752356,0.0001683595549522314,0.01371156239344327
0.1875,0.6176048587620496,0.1629863719985598,0.21940876923939062,0.015349888282242012,0.011136396255495812,0.012978057275824578
0.375,0.5347767127175964,0.3544552245358326,0.11076806274657082,0.01544549916009502,0.015081104232831072,0.009712837467977012
0.5625,0.41485492792140133,0.5401248938969254,0.0450201781816733,0.016017373851758224,0.016097965351607842,0.006447610411068383
0.75,0.26626359653148396,0.7218296793438217,0.01190672412469436,0.013368162873961323,0.013463242560149372,0.0034243699925485867
0.0,0.7395877446515928,0.0,0.260412255348407,0.014399293605123879,0.0,0.01439929360512388
0.1875,0.6182712339692568,0.16210413752333477,0.2196246285074084,0.015696529024584894,0.011118711143710441,0.013301079565431667
0.375,0.5360194683045207,0.35343697105988187,0.11054356063559748,0.016118823806869687,0.015651809538806575,0.009905870694215557
0.5625,0.38922617853210034,0.5433513281919484,0.06742249327595132,0.015171657996583014,0.015334802556097916,0.007828270283988616
0.75,0.2783782092402832,0.71932834300022,0.0022934477594967807,0.013603018666699527,0.013617193791576946,0.0014933697877928648
0.0,0.740236829436901,0.0,0.25976317056309906,0.013849240261179296,0.0,0.013849240261179297
0.1875,0.6166933451793654,0.16276816722726611,0.22053848759336855,0.014964642679827705,0.011704542934841156,0.012963948952902964
0.375,0.5316225806106302,0.35362057012952824,0.11475684925984153,0.016362337659703838,0.015625953377090496,0.01014692830966367
0.5625,0.4028208116139859,0.5377735300494265,0.059405658336587536,0.016152126408168103,0.01623195600639999,0.007515667311508959
0.75,0.2671987707094514,0.7208988042674029,0.011902425023145518,0.014007437375486185,0.014249260674123385,0.0034779987978566084
0.0,0.7399424078478205,9.746588693957115e-07,0.2600566174933101,0.013746831167238299,3.08060051253004e-05,0.013747129595462676
0.1875,0.6469822957909139,0.1677653150757324,0.18525238913335368,0.014585908250113726,0.011449963689375673,0.011964373697945561
0.375,0.5016586333837255,0.35532810069636467,0.14301326591990973,0.01574880547574645,0.015064235728242888,0.011070079655494768
0.5625,0.412391520403229,0.5396843375492746,0.04792414204749639,0.0159331094956305,0.016017394303080714,0.006721677122059814
0.75,0.26553812293965834,0.722598253799576,0.011863623260765668,0.013500060459858304,0.013827263711649442,0.0034673630705691636
0.0,0.7398253063553704,0.0,0.26017469364462964,0.013716072411878923,0.0,0.013716072411878924
0.1875,0.6246967436876844,0.16472294471673893,0.21058031159557675,0.01532158303099029,0.011710616152786915,0.012907045489647263
0.375,0.5336638733650614,0.35391317309671866,0.11242295353822004,0.01580420139094915,0.015571468087571138,0.010113292683514196
0.5625,0.3964971120998159,0.5400599941824868,0.0634428937176971,0.015724757264705652,0.01611010296794315,0.008010682509565752
0.75,0.2670170614973913,0.7208462425365771,0.012136695966031471,0.014254310059634347,0.014300899190327938,0.0034099489578251615
0.0,0.7402207451911952,1.4961376327598468e-05,0.2597642934324772,0.013646245043771424,0.00012130249352858349,0.013641284496032378
0.1875,0.6462431269974132,0.1671830351029303,0.1865738378996566,0.01495684804562524,0.011694050618863866,0.01172403716870964
0.375,0.5329933455055368,0.35378664466400056,0.11322000983046265,0.015797390371307257,0.014644844632587412,0.010259885844711342
0.5625,0.41582936483346306,0.5383302445933558,0.04584039057318106,0.015383668318118944,0.015731861298358456,0.006793083768653766
0.75,0.27667405892342617,0.721060951195394,0.0022649898811797835,0.013197538740170437,0.013260699227196887,0.0014930365662420807
0.0,0.7406741968624656,0.0,0.25932580313753456,0.014079696951543914,0.0,0.014079696951543912
0.1875,0.6456826797548391,0.1678019742779261,0.18651534596723485,0.01546056524111739,0.011784388691192275,0.012421137352993885
0.375,0.4958247017414111,0.32398015999941016,0.1801951382591788,0.015883095691275984,0.014574532337706296,0.01202758737991021
0.5625,0.4148328543532193,0.5384854046453398,0.04668174100144084,0.015352174050741787,0.015397917807638741,0.006769276365403828
0.75,0.2660163321002792,0.722120497693329,0.011863170206391696,0.013496738832056966,0.013799751664550507,0.00338872201845628
0.0,0.7404531540764294,1.103279113608352e-05,0.25953581313243457,0.01407617214869502,0.00010465440617411572,0.014075646987135215
0.1875,0.6433619992383242,0.16821179617096738,0.18842620459070838,0.015683677755599496,0.012019021655634126,0.01222850215224475
0.375,0.501530485294572,0.3546940411425034,0.14377547356292458,0.01566126199347302,0.014949189783118029,0.01106691893083634
0.5625,0.3993560948290015,0.5387808044593267,0.061863100711671754,0.015457072785483899,0.015700090918509574,0.007447855155158102
0.75,0.26652055981559786,0.7217381821689395,0.011741258015462762,0.013660038185148155,0.013850844221108187,0.0032927666914749974
0.0,0.7401644155669391,2.209753891837832e-05,0.25981348689414246,0.01355482998879954,0.00014740039183870878,0.013554951388859931
0.1875,0.6243270635768584,0.1643314852020051,0.21134145122113643,0.015094519801570101,0.012140279807328304,0.012852464899969393
0.375,0.5332820055062727,0.35527081895246543,0.11144717554126193,0.015812578177861344,0.014931954596558843,0.009725172012987674
0.5625,0.4141254866445823,0.5395258014625026,0.04634871189291502,0.015516550290179926,0.015721368649483206,0.006802211127409384
0.75,0.277058952040011,0.7207460692530334,0.0021949787069555165,0.013879567559631089,0.013940042373737855,0.0015032601091813265
0.0,0.7397935018575954,0.0,0.2602064981424046,0.013104746659725006,0.0,0.01310474665972501
0.1875,0.624020652120249,0.16606284551511177,0.20991650236463932,0.015844169473172867,0.011978241520318714,0.01302095690294639
0.375,0.5330911323755215,0.35472246592541273,0.11218640169906573,0.016155722821800153,0.01537575375497981,0.009891385018436559
0.5625,0.39013627291578584,0.5420481435756569,0.06781558350855715,0.015787042108626675,0.015768351239464434,0.0077164517128369085
0.75,0.26675910308871786,0.7212240348847604,0.012016862026521693,0.013855271889616928,0.014179134945997754,0.003481528214054563
0.0,0.7402070059481358,0.0,0.2597929940518642,0.014040027484789608,0.0,0.014040027484789608
0.1875,0.6237550252949514,0.16574640865190288,0.2104985660531457,0.014839453196412918,0.01154631652617429,0.012924534600035639
0.375,0.533996620660496,0.35316134685660344,0.1128420324829006,0.01545141772359546,0.014671200328850695,0.009769638872226174
0.5625,0.3887303495476954,0.5436630382643002,0.06760661218800441,0.015847852602241665,0.01598171337422341,0.008121786409851528
0.75,0.27701049910176717,0.720571339150741,0.0024181617474918625,0.014300370730054829,0.01424560206441364,0.001569295173000808
0.0,0.740469215709021,1.0075756663676508e-05,0.2595207085343154,0.014108929606793585,0.00010033906509243531,0.01411287535104332
0.1875,0.6452229684946499,0.16812122712402272,0.18665580438132748,0.015351412408220891,0.011683557876661909,0.012361957781848926
0.375,0.5012510176904221,0.3552968487701534,0.14345213353942446,0.0160232773645915,0.015279538010576339,0.010912302596498561
0.5625,0.3863156703503696,0.5410822875343229,0.07260204211530748,0.01531660771005138,0.01605257892742873,0.008114210010015718
0.75,0.2649838385839524,0.7228296240830618,0.012186537332985699,0.013644754711611463,0.013969985683885702,0.0034766947498141407
0.0,0.7405124439806828,0.0,0.25948755601931717,0.014445522497415056,0.0,0.014445522497415058
0.1875,0.6455139883018433,0.16759643013739162,0.18688958156076507,0.015386782410272817,0.011992760115302408,0.012500905878575384
0.375,0.521406274644695,0.3535572078006372,0.12503651755466783,0.01582556389265783,0.015154712513443339,0.010435484898781568
0.5625,0.3896982595423226,0.542807265316341,0.06749447514133637,0.014851589224916117,0.015027696232599213,0.008044922196028858
0.75,0.2787507411078509,0.7187226264778089,0.0025266324143402826,0.014288845441955009,0.014278600307546716,0.0016887927747065944
0.0,0.740511080731678,0.0,0.25948891926832196,0.013862338281371166,0.0,0.013862338281371171
0.1875,0.6444397216842422,0.16774965084780297,0.18781062746795477,0.015208418625110746,0.011712134038294034,0.012033992014795488
0.375,0.5354714055651418,0.35577436269451174,0.10875423174034643,0.015257934388201392,0.014726592505856569,0.009955843517818929
0.5625,0.3887881912559817,0.5439690015153927,0.06724280722862554,0.01597489461163799,0.01600626181107842,0.008312544908708202
0.75,0.2660257400370978,0.7220478645497772,0.011926395413125008,0.01367264176864816,0.013934269445623527,0.003499802639017817
0.0,0.7406402273278838,2.394332435193565e-05,0.25933582934776417,0.013581643994557522,0.00015272412572618586,0.013574293864495105
0.1875,0.6240660898635524,0.16572149508854814,0.21021241504789936,0.015326347114229845,0.011855789127905718,0.012776925460519149
0.375,0.5345707820654145,0.35476773868397954,0.11066147925060596,0.01587939419752616,0.015093660704278958,0.010003018987841976
0.5625,0.4147745456146164,0.538803280817188,0.04642217356819553,0.015728035141292153,0.01592567667290552,0.006931862443801206
0.75,0.27868715366614816,0.7194278032063967,0.0018850431274552108,0.01446878756173824,0.014371153239975334,0.001349943743387511
0.0,0.7412723882852542,1.0121457489878542e-06,0.2587265995689967,0.013554664226687631,3.1990851476273506e-05,0.01355391767203719
0.1875,0.6449368367533764,0.16863338543685671,0.18642977780976702,0.015184530592964042,0.011469324220368398,0.012139661586208302
0.375,0.5313235913381957,0.35478815876916964,0.11388824989263459,0.015623292087964688,0.015273951272650419,0.00999811090020578
0.5625,0.3897407537899358,0.542269032634483,0.06799021357558135,0.015592161849464782,0.015838033618864735,0.007876464520031226
0.75,0.26642889858130636,0.7215109221600647,0.012060179258628762,0.013876089420992672,0.014086984328880845,0.00342964313585881
0.0,0.7397942665711033,0.0,0.2602057334288969,0.013508519226010849,0.0,0.013508519226010846
0.1875,0.6439586981634523,0.16839916280280215,0.18764213903374563,0.014777113673777407,0.01177101476583929,0.012632435495126776
0.375,0.5353298994474616,0.3543607553049143,0.11030934524762415,0.0159798477787493,0.015467810495325682,0.009938909888322328
0.5625,0.4033634718697864,0.5383023423258851,0.0583341858043285,0.015445068547600645,0.015773683954270364,0.007334226046721024
0.75,0.266422676164368,0.7217753370193709,0.011801986816260967,0.01420516500965305,0.014367200706744207,0.0033993399337692294
0.0,0.7399631033805221,0.0,0.26003689661947793,0.014111665896101048,0.0,0.014111665896101048
0.1875,0.6437960665549527,0.16782250100767304,0.18838143243737415,0.015260470100308066,0.011805807377327109,0.01261109102357676
0.375,0.5319948346563981,0.3537053067263122,0.11429985861728963,0.016024485990228588,0.015976992454062682,0.010330479013151692
0.5625,0.40315520561260426,0.5390847205074724,0.05776007387992321,0.015289899999857103,0.01565568856605628,0.007198994673599388
0.75,0.2662230537812118,0.7217661940269682,0.01201075219182005,0.013829720510249598,0.014152232649337704,0.0035057174291252833
0.0,0.7400637072396539,0.0,0.259936292760346,0.01398317153415589,0.0,0.013983171534155892
0.1875,0.6456471304230766,0.1675597643988815,0.18679310517804185,0.015259214564797645,0.011941662801524089,0.01211996909383408
0.375,0.5359700767107749,0.3541532046017472,0.1098767186874779,0.016418665654153192,0.015525041261232051,0.009999155441474382
0.5625,0.41485005761022625,0.5398511114668907,0.045298830922883115,0.015759487765197394,0.015828584936556197,0.006498891081895057
0.75,0.27801285428243544,0.7199887280162399,0.0019984177013245993,0.014611693278406921,0.01466190125704673,0.0014585803798326605
0.0,0.7395699031185712,0.0,0.2604300968814287,0.013537182806894517,0.0,0.01353718280689452
0.1875,0.6244368808374067,0.1650063302298773,0.21055678893271607,0.015704882042331388,0.012030426695695259,0.013277563305700686
0.375,0.5023824549557259,0.35424381791991505,0.14337372712435906,0.015808834122801194,0.01477098684706627,0.011105854078933972
0.5625,0.3897265994365588,0.5425144063853289,0.06775899417811232,0.015607233966563059,0.015900529535095954,0.008073809057658803
0.75,0.27870652640711097,0.7194034932894231,0.0018899803034659922,0.01415550151679778,0.014263585837462539,0.0013473012520861093
0.0,0.7402295733338855,1.0351966873706004e-06,0.2597693914694272,0.013979920646208496,3.271942159271037e-05,0.01398010750955624
0.1875,0.6437742228261182,0.1679094559069765,0.18831632126690526,0.014517265450259902,0.011371508923975997,0.011679538092112689
0.375,0.5328364275188164,0.35436381989131954,0.11279975258986395,0.016273628989255804,0.01519815044583598,0.00958242207952109
0.5625,0.3896776551710427,0.5429108199971334,0.0674115248318237,0.015050710614631577,0.015249483505300981,0.007831700076881902
0.75,0.2655976294186762,0.7219849443339488,0.012417426247375013,0.014617765304142575,0.014694274925115599,0.0033907075682568016
0.0,0.7403351829998994,0.0,0.2596648170001006,0.01428784764175806,0.0,0.014287847641758058
0.1875,0.6455120274158508,0.1682686128846646,0.18621935969948464,0.01485306986168038,0.011500614079394922,0.012230181055778016
0.375,0.5332601429392062,0.35307059815128733,0.11366925890950637,0.015908622259071255,0.015183134834002028,0.009918594374222827
0.5625,0.39064111304986665,0.5419005073490224,0.06745837960111085,0.01533392571984736,0.015526015066159325,0.008030392494526643
0.75,0.26542281552753794,0.7219409652810147,0.012636219191447438,0.014939085666464137,0.015302572239189339,0.0035440902714811437
0.0,0.7390185244786448,1.0362694300518134e-06,0.2609804392519251,0.013592513633244343,3.2753327729075855e-05,0.013592778025224619
0.1875,0.6457737972305133,0.16849028974729263,0.18573591302219397,0.015872699295816424,0.01191113361195559,0.012938176290537945
0.375,0.5333307082039458,0.3540139594342685,0.11265533236178564,0.015710147935668717,0.015122470102845861,0.009812371003068678
0.5625,0.4156920170392423,0.5392427537137356,0.04506522924702211,0.015113269954912011,0.015159083190964446,0.006620858794630186
0.75,0.2662320287844907,0.7219038611903587,0.011864110025150632,0.014125136943551594,0.014420668298162903,0.0033889082774020613
0.0,0.7394357141957719,1.5972190203327286e-05,0.26054831361402475,0.013803491699140977,0.000133114857159254,0.013798499820832847
0.1875,0.6452085095336278,0.1674245382161652,0.18736695225020686,0.014960170026272436,0.011901561596872135,0.01235102411613481
0.375,0.5339199894634722,0.3529325008134955,0.11314750972303224,0.015953628910852617,0.015331290019300626,0.010352466376577846
0.5625,0.4940558134816888,0.32438025978414725,0.18156392673416394,0.015532931026227418,0.014896471294331302,0.012048910330871321
0.75,0.2666163456242913,0.7215381936807072,0.01184546069500146,0.013697161307388817,0.013942955606928842,0.0031982731477707606
0.0,0.7395219116960001,1.4933211605325899e-05,0.2604631550923947,0.014160975111302942,0.00012108444889479076,0.014162570704071072
0.1875,0.6446909206053351,0.16803131362830384,0.18727776576636115,0.014828798627601107,0.0117136264467545,0.011873668671868917
0.375,0.5018201053211045,0.353539795701897,0.14464009897699845,0.01619961337385983,0.015335461501433736,0.011177274497940258
0.5625,0.41542801817481495,0.5380970055517182,0.04647497627346691,0.015825155163226357,0.015761555498818774,0.00651346679974862
0.75,0.26598261354799796,0.722037447448673,0.011979939003329117,0.014256099740288427,0.014468583456283808,0.003480278907543989
0.0,0.7404218518224727,0.0,0.2595781481775273,0.014118526295177972,0.0,0.014118526295177973
0.1875,0.617957394958105,0.16210225008293788,0.21994035495895714,0.015371321398589223,0.011704842810152312,0.012904361071580613
0.375,0.5189927323937831,0.35222287083470694,0.12878439677150993,0.016129381779097104,0.015399162373774356,0.010382436246475129
0.5625,0.4148673799500243,0.5397285160837755,0.04540410396620017,0.015127474231830624,0.01553067925467346,0.006391721979030407
0.75,0.2786383785817472,0.7192147567768202,0.002146864641432536,0.014024045859462674,0.014108238276698838,0.0014778925261226294
0.0,0.7400278319506655,1.210731889620805e-05,0.25996006073043826,0.014013994531157679,0.0001099032825421523,0.014013081826539603
0.1875,0.6464442955426833,0.16763819692249432,0.18591750753482228,0.015320195589078512,0.011171193169522906,0.01246577980216547
0.375,0.530212094844226,0.35505913548988155,0.11472876966589246,0.015558528660248613,0.015067270766443756,0.010631626747980924
0.5625,0.3963230542797515,0.5403636428454106,0.06331330287483787,0.015429569485359262,0.01573756230415917,0.007803900866229283
0.75,0.26612860245149395,0.7219372421777756,0.011934155370730505,0.013884008293209698,0.01406268727732423,0.0034178082846035448
0.0,0.741098794948939,0.0,0.2589012050510609,0.013834888554700142,0.0,0.013834888554700144
0.1875,0.6175640244573192,0.16276011483655883,0.2196758607061219,0.015293181674861763,0.011633478380381646,0.012737678805899488
0.375,0.5047395111085531,0.3528818221763829,0.14237866671506397,0.015778722888213168,0.014878890867061949,0.011066090735002542
0.5625,0.4134516891637343,0.5368262301580998,0.049722080678165845,0.015265372540752501,0.015214807530215407,0.006959570747322828
0.75,0.26657425608942176,0.7215534388328788,0.011872305077699498,0.014467498311816158,0.01464368202621253,0.003330049472360202
0.0,0.7403119263249962,0.0,0.25968807367500374,0.013958505740539121,0.0,0.013958505740539124
0.1875,0.6444473359831198,0.16807444863919674,0.1874782153776835,0.015235158078320167,0.011761141136897992,0.012344126755706435
0.375,0.5322526139127397,0.35344167041075375,0.11430571567650656,0.015944874391169817,0.014833392286627013,0.009952350041519209
0.5625,0.40433791611870934,0.5384939109331651,0.05716817294812555,0.015600069449505675,0.015701823238593805,0.0073184976981328755
0.75,0.2658706710863888,0.7221120487551815,0.012017280158429762,0.013671991983753948,0.013914011165473309,0.003413471201410856
0.0,0.7404795485036086,0.0,0.25952045149639147,0.013715702328936798,0.0,0.0137157023289368
0.1875,0.625807580185143,0.16480252445464083,0.20938989536021616,0.01568532963640633,0.011959181700140946,0.013001225021028674
0.375,0.5334805288519837,0.3538747718600427,0.11264469928797356,0.015165113050116846,0.015228475064652223,0.009989130205442301
0.5625,0.4134211531320764,0.5376515006666279,0.04892734620129562,0.015286561172116804,0.015555156533020892,0.006637282095216625
0.75,0.26759378181263727,0.7196540820313516,0.012752136156011144,0.013931527275119966,0.013882646958670038,0.0033784423269533456
0.0,0.7406437096373424,0.0,0.25935629036265767,0.013575424715012345,0.0,0.013575424715012344
0.1875,0.6236013884481693,0.16540215877449913,0.21099645277733167,0.015124923407983833,0.011963903598633146,0.012266304339662581
0.375,0.5337179103028366,0.3529823235909302,0.1132997661062332,0.015999666710723833,0.014861089732350076,0.010296491660011923
0.5625,0.4149974058143139,0.5393574986849142,0.045645095500771775,0.01556033423644061,0.015789236449559433,0.006445846056130585
0.75,0.2668715745531638,0.7212423625826104,0.01188606286422566,0.014329876660977525,0.014512321953812312,0.003336808068763249
0.0,0.7400878573815352,0.0,0.25991214261846485,0.013953004340079905,0.0,0.013953004340079907
0.1875,0.6257191732650069,0.16563669097129144,0.20864413576370158,0.015359462307838093,0.012161950910835887,0.013144814207204196
0.375,0.5312960153049712,0.35324071396937257,0.11546327072565632,0.01513208455246236,0.015256993040114488,0.010336811117330253
0.5625,0.41292708796573707,0.5396019242759574,0.04747098775830548,0.015936333935028104,0.016008824737246605,0.006718930684835355
0.75,0.2663418747148989,0.7218942181557443,0.011763907129356767,0.0133604382959492,0.013497219041493702,0.00336935419840236
0.0,0.7396769475937924,2.1873290646338342e-05,0.2603011791155611,0.01421793480841218,0.00014590738462682496,0.014217375740019257
0.1875,0.6241124351249578,0.16484658125153648,0.21104098362350554,0.015687866505953673,0.011617401064611795,0.013057592501506315
0.375,0.5335020668599295,0.35270016401091214,0.1137977691291583,0.015296842476128886,0.015557160154432668,0.01017397303329968
0.5625,0.416199978232754,0.5403817554199004,0.04341826634734562,0.015988459712084898,0.016088378738838557,0.00630899385299717
0.75,0.2664926277870554,0.7215054717669666,0.012001900445977981,0.014155712891841712,0.014388987498528828,0.003330406094953144
0.0,0.7402393628888877,0.0,0.25976063711111225,0.014224841767720573,0.0,0.014224841767720575
0.1875,0.6465460888383046,0.16780281891487175,0.18565109224682375,0.015097364689387473,0.011841750806854,0.012363500553473957
0.375,0.5334718665639201,0.3537357676602628,0.11279236577581701,0.01571697935615059,0.015043288997704735,0.00999174479993452
0.5625,0.4151076853131224,0.5401208338370418,0.04477148084983575,0.015319243223346313,0.015516362179390049,0.006476510723489485
0.75,0.2669909797062212,0.721031189416748,0.011977830877030688,0.014168501359014327,0.014409364560460679,0.003525011616044225
0.0,0.7404621273804453,3.208399605785417e-05,0.25950578862349694,0.013971316325664104,0.00017656003002955586,0.013970495968026157
0.1875,0.6443714474973476,0.1680025051385355,0.18762604736411687,0.015537699445948459,0.011602029305747717,0.01244116028691619
0.375,0.5338299604073018,0.3553626422211696,0.11080739737152856,0.016141245106549438,0.015026239390589726,0.010252650581855597
0.5625,0.4156958313638708,0.5395895517177962,0.04471461691833292,0.016051321403106694,0.01606933355775224,0.006417039545056549
0.75,0.2769288597861864,0.7196884905884203,0.0033826496253931983,0.014693825574005165,0.014745098818614875,0.001872143655509362
0.0,0.7395945700159691,9.900990099009902e-07,0.26040443988502093,0.01437839893700211,3.129402104807744e-05,0.014377479111887644
0.1875,0.6449157012427399,0.16747324470647754,0.18761105405078246,0.0149049948360844,0.01192740071314728,0.012290431996419613
0.375,0.5347257831354857,0.35512732066896496,0.11014689619554938,0.016024313577337256,0.015309318587145699,0.009924860554804722
0.5625,0.4150901158305933,0.5391681181675214,0.04574176600188524,0.015847341415763667,0.015861377151891398,0.006420283681301343
0.75,0.27830528236836927,0.7197870421639186,0.0019076754677121409,0.014093135651717914,0.014058698627946394,0.0013648564285527955
0.0,0.739010156045975,1.002004008016032e-06,0.2609888419500169,0.01433036213161771,3.1670301862282776e-05,0.01432958914363068
0.1875,0.6447578889771608,0.16851097662461825,0.18673113439822103,0.01573545433880551,0.011602615683509091,0.01230395505812951
0.375,0.5318201804830268,0.35400735764013475,0.11417246187683842,0.01566187115213416,0.01551096736315509,0.010241373683283784
0.5625,0.4142039391850194,0.5409304539303808,0.04486560688459988,0.015592182019266774,0.015483459267923574,0.006479311257119851
0.75,0.27764058373596767,0.7202147421856135,0.002144674078418765,0.01462500706430297,0.01458894280511605,0.0014805887152555914
0.0,0.7399148185466865,1.713813395150119e-05,0.260068043319362,0.013458847996486495,0.00013043304765946877,0.013462968792599454
0.1875,0.6267147095036418,0.1647860140152647,0.20849927648109343,0.014912694746942361,0.011735957133213615,0.012532248263883645
0.375,0.5336466540006067,0.3538441009338727,0.1125092450655205,0.015672844687773965,0.014773162094323928,0.010601151962748419
0.5625,0.41592773938422645,0.5393893064413996,0.04468295417437396,0.016014267437569882,0.015915211643449736,0.0063986778910637525
0.75,0.2771292296535465,0.7207459349511643,0.0021248353952890717,0.013814052274025624,0.01379972323986778,0.0014918613355481916
0.0,0.7403279876544291,2.715248501454364e-05,0.2596448598605563,0.0137152812786202,0.0001692647813553152,0.013704171181024976
0.1875,0.6457211854069601,0.16745635891451133,0.1868224556785285,0.0152604203933605,0.0116497659355394,0.0122911293029712
0.375,0.532630482834796,0.3529912379385164,0.11437827922668756,0.016145318730931953,0.015424230412820584,0.01001483126474967
0.5625,0.3895516009056918,0.5424067543059817,0.06804164478832656,0.015664020728720324,0.016188055876572016,0.008018203793094762
0.75,0.26679696474234316,0.7213666463669629,0.011836388890693977,0.013566803317422393,0.013773801043709977,0.0033622336254158537
0.0,0.7409825597491954,0.0,0.2590174402508045,0.014018300638294186,0.0,0.014018300638294186
0.1875,0.6458778765650127,0.1684727961780152,0.18564932725697222,0.015428232499466977,0.011762347811743925,0.012799237234963071
0.375,0.5331234904132075,0.35470989263892,0.11216661694787246,0.0161596538320362,0.015431984903025045,0.010032695190783395
0.5625,0.41552574100350753,0.540065280528389,0.04440897846810356,0.016077424555834455,0.016300000331893032,0.006432199958212998
0.75,0.26675119498188016,0.7213423340576168,0.011906470960502997,0.013862450110260894,0.014068776146317094,0.003290511850398014
0.0,0.7404092892067718,7.862831763945148e-06,0.25958284796146414,0.014012518273064592,8.759181649627078e-05,0.01401240646476177
0.1875,0.6295271412842766,0.1657903878024864,0.20468247091323702,0.015623898518104445,0.011555538107777751,0.012856392857962941
0.375,0.5339241058375883,0.35544700654516953,0.1106288876172421,0.0157666630254374,0.015023223275238704,0.009590447357237748
0.5625,0.4120312580209869,0.5409649991026168,0.047003742876396415,0.0158282189192994,0.016061568616257384,0.0068959079620036475
0.75,0.26619850231558995,0.7219426663580799,0.011858831326330073,0.014561201930253538,0.01483403117198367,0.0033711813289503774
0.0,0.7402723651050238,1.4913708533166026e-05,0.259712721186443,0.01393950512028902,0.00012089035972316345,0.01394288909704365
0.1875,0.6455583687155977,0.16788350084420955,0.18655813044019282,0.01512959364845633,0.011882676013993041,0.012062862950973807
0.375,0.5328180997876352,0.35359727405610053,0.11358462615626433,0.015401503509882519,0.01509883064621639,0.009788267407034897
0.5625,0.41357065651506575,0.5369194409012518,0.04950990258368247,0.015255674678742753,0.015205325613760827,0.0066758170371818285
0.75,0.2679875253158581,0.720112827997865,0.011899646686276825,0.014435558251134855,0.01446249321127592,0.0032739780082475483
0.0,0.7396928997169347,0.0,0.26030710028306514,0.014224273047121476,0.0,0.014224273047121476
0.1875,0.6442489427276258,0.16965675738053607,0.18609429989183807,0.014655871878327844,0.011584412546189192,0.011857952899960592
0.375,0.5307194048733161,0.35415843656225776,0.11512215856442601,0.015352578175611779,0.014517133760759648,0.009487971705463814
0.5625,0.41378493742073236,0.5382285578345732,0.047986504744694264,0.016253670670093204,0.01672659036453579,0.00683054834617352
0.75,0.26614277350006765,0.721904322131245,0.011952904368687362,0.013094714704309906,0.01329968186876316,0.0033271958922612694
0.0,0.7412592392765562,0.0,0.2587407607234437,0.013521933980090807,0.0,0.013521933980090812
0.1875,0.6457687393310357,0.16779342492520316,0.18643783574376105,0.015399647487095058,0.012395600577361212,0.01218235807877348
0.375,0.49565460256215554,0.32345562897705665,0.18088976846078783,0.01577587401280377,0.014416191992626904,0.012151810992878919
0.5625,0.41338503832216317,0.5404537736885289,0.046161187989308,0.015450927733048481,0.015858366297127113,0.006775392797845283
0.75,0.2781471780069183,0.7191946881712722,0.0026581338218093753,0.01394052484493683,0.014020384169245328,0.0016530474135300988
0.0,0.7397116692296031,0.0,0.26028833077039687,0.01353899826431912,0.0,0.013538998264319124
0.1875,0.6452658121682172,0.16740881385222736,0.18732537397955548,0.014889806798770578,0.011558406594358405,0.012472917056297808
0.375,0.5029132980605857,0.35377392597771723,0.14331277596169695,0.015070713151190816,0.014512888454393132,0.011186921352006449
0.5625,0.3901703264662743,0.5423664772511291,0.0674631962825966,0.015332978041982338,0.01564996402465625,0.007901405265826592
0.75,0.2777373247139775,0.7199856288908657,0.002277046395156932,0.013886151692394561,0.013985475431213677,0.0015102099119125305
0.0,0.7404088498335238,0.0,0.25959115016647616,0.013604949633724373,0.0,0.013604949633724373
0.1875,0.6372721197704803,0.16757593625926928,0.1951519439702505,0.01522072389354641,0.011618777557907342,0.012367105193248865
0.375,0.5327781821593476,0.3527538215485057,0.11446799629214673,0.015558257267436454,0.014959789607569149,0.009986563827320112
0.5625,0.4127586558324685,0.5376157016046547,0.04962564256287686,0.01596027381155239,0.016055429783932137,0.006947263827507311
0.75,0.2679481229435801,0.720059536156525,0.0119923408998949,0.01352158425028045,0.013818395152884782,0.003323542663250045
0.0,0.7392270768885416,4.952962426228537e-06,0.2607679701490322,0.013990378370378798,6.988750014355761e-05,0.013986960627273878
0.1875,0.6453274244807999,0.16785666137206096,0.1868159141471391,0.0150116268867986,0.011624041212786948,0.012178959020329911
0.375,0.5321483864462987,0.35273870384391504,0.11511290970978628,0.015997991265949384,0.01488784621851154,0.010162932873633568
0.5625,0.41580763442306623,0.5387829660149588,0.04540939956197491,0.015371778686882344,0.015748822888626692,0.0065984551909005415
0.75,0.26704010047836946,0.7209158331176121,0.012044066404018451,0.013717415774385473,0.014046755691310852,0.003454142532073031
0.0,0.7409133352947478,2.9573450636269625e-06,0.25908370736018854,0.01388574071698979,5.3918847426705286e-05,0.013885393019912875
0.1875,0.6361724026750526,0.16584530186760305,0.19798229545734428,0.01543813274978565,0.011606914577239422,0.012907512206910388
0.375,0.5314754464989359,0.354766024850717,0.11375852865034711,0.015027162581423968,0.014769743487784374,0.010171533668645615
0.5625,0.41373364503209675,0.5394390735739868,0.0468272813939164,0.01566483753414888,0.01595847440566717,0.006812764480079331
0.75,0.2663755340845513,0.7217042195736386,0.011920246341810097,0.01433813414972553,0.01447244836514259,0.0033574710141657757
0.0,0.7401622966412236,0.0,0.2598377033587765,0.01359297536137287,0.0,0.01359297536137287
0.1875,0.6459788912717951,0.1677465209398769,0.18627458778832792,0.015528332153222094,0.012027196893853788,0.012463782192485893
0.375,0.5318492533744218,0.3540765517652043,0.1140741948603739,0.016307315077124546,0.015407786367583524,0.010220916171588247
0.5625,0.41460495618275056,0.5390371586945684,0.046357885122681054,0.015610054319464143,0.015917342109329904,0.006628702773938486
0.75,0.2780517932550596,0.7197407838729043,0.0022074228720360997,0.013711519814993252,0.013675360361273741,0.0014734287430375758
0.0,0.7402766389852982,0.0,0.2597233610147019,0.013300347783277157,0.0,0.013300347783277159
0.1875,0.643946970639113,0.16858490237624574,0.18746812698464121,0.015296108232449163,0.011843827259778492,0.012458904236184346
0.375,0.5327545661588424,0.35285364708396655,0.11439178675719103,0.015642561959533084,0.014925908985759543,0.010140720080543569
0.5625,0.4125415610192781,0.5388701029295089,0.0485883360512131,0.01576589462630044,0.01596766049734585,0.006959124361084858
0.75,0.26701957168336243,0.7210763171613285,0.011904111155309073,0.01403620682081278,0.01404289111214155,0.003210753363147419
0.0,0.7401884526685157,0.0,0.25981154733148426,0.01373170456487793,0.0,0.01373170456487793
0.1875,0.6425185685053689,0.16736408467958988,0.19011734681504122,0.015109197993200082,0.011849938177187115,0.012491162522210629
0.375,0.5329305140321693,0.3546475881412789,0.11242189782655168,0.01615984741549481,0.01537847525736781,0.009884840817907142
0.5625,0.3979249202704522,0.5394789981909656,0.06259608153858229,0.01551284897751828,0.01580330337794666,0.007383871914269701
0.75,0.26643896723349775,0.7217048261516591,0.011856206614843228,0.013918952448520027,0.013859015635341705,0.0034024848063137656
0.0,0.7394023472610848,0.0,0.2605976527389153,0.013927488321250384,0.0,0.013927488321250386
0.1875,0.6443275934038231,0.16666681351073223,0.18900559308544473,0.015354390921397426,0.01140770888373439,0.01257430211097523
0.375,0.5353669214719848,0.35386914000222464,0.11076393852579054,0.016337212894537396,0.015144323568195093,0.009706050640974668
0.5625,0.4159406447354583,0.5378142670153749,0.04624508824916676,0.015588095476116282,0.015749331852125695,0.006819302926191499
0.75,0.2789413567871445,0.7187584585435733,0.002300184669282034,0.013728221939027625,0.013689770031627392,0.0015175134796106525
0.0,0.7405300804045132,1.4040824229009174e-05,0.2594558787712577,0.013866911080740731,0.00011792100623638756,0.013866422366472179
0.1875,0.6453766560360261,0.16942857304360534,0.18519477092036846,0.0157850484247122,0.012265565921926506,0.012812094589488796
0.375,0.5333951935832839,0.3531594229444424,0.11344538347227362,0.016494993659036873,0.015473079336754089,0.009882420032368128
0.5625,0.4129019787403236,0.5399206559219074,0.04717736533776902,0.01610591856102436,0.016250119270144706,0.006578149804987567
0.75,0.26643657878982263,0.7216253367281781,0.011938084481999223,0.013868215961656832,0.014081600534443621,0.003413413008799863
0.0,0.7403369892160017,3.811351734790394e-05,0.2596248972666502,0.01421814575722087,0.00019188614893433633,0.01419991791226921
0.1875,0.6450647208135715,0.16743303081594865,0.1875022483704798,0.015682335546508844,0.011822441605795663,0.012756127869827393
0.375,0.5328676580755329,0.35229318295882817,0.11483915896563875,0.01516078783091605,0.014838152785514964,0.010088035346768498
0.5625,0.41058798687813397,0.5383648527378739,0.05104716038399215,0.015867641087793993,0.016034937645029668,0.006723462646769847
0.75,0.2783296829554564,0.7191058784483919,0.0025644385961517344,0.01450840979150702,0.014464573858443441,0.0016275674670926691
0.0,0.7405446943452707,0.0,0.2594553056547293,0.013980220148308114,0.0,0.01398022014830811
0.1875,0.6242163693339451,0.16504380561055634,0.21073982505549857,0.014810702972302468,0.011758685265096998,0.012513513347503813
0.375,0.5351758972526158,0.35484663314646525,0.10997746960091882,0.015680190162834527,0.015061725290234645,0.009775136760125107
0.5625,0.40378329518207473,0.538330401770014,0.057886303047911314,0.015508501063747432,0.016111193527235133,0.007377080950022692
0.75,0.2660084241833365,0.7220929608648976,0.01189861495176594,0.014338933856093937,0.01444888050993459,0.0034711169340538874
0.0,0.7404493304918152,1.0224948875255625e-06,0.2595496470132973,0.013713436897076409,3.231795629709428e-05,0.013713386583560958
0.1875,0.6445267427019743,0.16844754744645718,0.18702570985156858,0.014746596579429682,0.011738881302010507,0.012027081989585
0.375,0.5328425432444802,0.3552213334841717,0.11193612327134816,0.015206379071317002,0.01479708809713371,0.010016038070235624
0.5625,0.4149065900484154,0.5388622553459659,0.04623115460561877,0.015414135301805462,0.015883472321567622,0.006778635204857508
0.75,0.2770194595307139,0.7200614479895657,0.00291909247972036,0.014104348574015933,0.01423179506678944,0.0017075779227953445
0.0,0.7402853568243513,0.0,0.25971464317564863,0.01344662571783296,0.0,0.013446625717832962
0.1875,0.6434972840596371,0.16862790527971647,0.1878748106606464,0.015217390677273594,0.012048196820564775,0.012058853305060428
0.375,0.5015620574867694,0.3548855366253716,0.14355240588785903,0.01618189168101802,0.015405547956000389,0.010868321955003252
0.5625,0.38935869105178317,0.542981887804033,0.0676594211441838,0.01532848317149754,0.015889079180658346,0.008029500893741666
0.75,0.27733745805752924,0.719813430445441,0.002849111497029772,0.0142093144970099,0.014232953602688994,0.0017099830541838252
0.0,0.7402020460462274,0.0,0.25979795395377253,0.014152478794563512,0.0,0.014152478794563508
0.1875,0.6237415029872952,0.16500360838269318,0.2112548886300116,0.015358352010678209,0.011639031500352474,0.012992765286910438
0.375,0.5357571980101752,0.35325810201653324,0.11098469997329151,0.016140043831950997,0.01564111642042684,0.010040560207766502
0.5625,0.40796655502836043,0.5366780978090894,0.055355347162550014,0.015543160176034547,0.015518631409655356,0.007574950395977875
0.75,0.2658580203088716,0.7216134518932696,0.0125285277978588,0.014045819246333066,0.014107559450385483,0.003587561007702959
0.0,0.7401593581609661,0.0,0.2598406418390339,0.014327374546049381,0.0,0.014327374546049378
0.1875,0.625134021260936,0.16456815947177672,0.21029781926728738,0.01577226059264168,0.011866100637547679,0.013011529985974907
0.375,0.5324589933684507,0.35346245687019334,0.1140785497613559,0.015724229236075908,0.01532884605230179,0.010184392529500498
0.5625,0.38946945937439525,0.5423642136504682,0.06816632697513667,0.015202537061511685,0.015433486066271372,0.008008877278396257
0.75,0.2665329317053064,0.7214105379827723,0.012056530311921172,0.01387473348550455,0.014067521039944242,0.0034525544185602572
0.0,0.7401346411412218,0.0,0.25986535885877804,0.01393289525020088,0.0,0.01393289525020088
0.1875,0.6379435129782394,0.16632717847794287,0.1957293085438177,0.01551175984574479,0.01182175592041543,0.01282705477565635
0.375,0.49454893593220617,0.32449234079104666,0.18095872327674714,0.016017191765161552,0.015087679806525242,0.012112467728949215
0.5625,0.4125393251598189,0.5393488007405656,0.04811187409961546,0.015502921905448332,0.015393527922702726,0.006627948404689288
0.75,0.266603083457897,0.7215208559319378,0.011876060610165315,0.013810698070484892,0.013875579969686051,0.0034184459587814093
0.0,0.7399709852160459,0.0,0.2600290147839541,0.01284600321311893,0.0,0.012846003213118934
0.1875,0.6440851105849664,0.16768425274576673,0.1882306366692669,0.01467077492691688,0.011304784210503321,0.012156226233718133
0.375,0.534470889608918,0.3544710390774054,0.11105807131367655,0.015789471555583346,0.015101398618814689,0.009945965221683381
0.5625,0.4156982057588573,0.5396329652185714,0.04466882902257134,0.01557372179507228,0.015931929720289128,0.006642123962076884
0.75,0.2781269946878924,0.7197426889677125,0.0021303163443951055,0.01475112800542026,0.01472006694868556,0.0014680062635632097
0.0,0.7397095335978738,0.0,0.26029046640212616,0.013914663551199843,0.0,0.013914663551199843
0.1875,0.6261004342825729,0.1664510894030081,0.20744847631441893,0.01522713172274715,0.011820490981134284,0.012796069090725138
0.375,0.5347148627039676,0.35465695498286015,0.11062818231317222,0.015733844598870502,0.0150043605315005,0.01001694471465892
0.5625,0.3896437617153509,0.5427764790494995,0.06757975923514956,0.014654522049409074,0.015297709716515341,0.00793570790334115
0.75,0.2773347259283339,0.7206230466520421,0.002042227419623963,0.014391916300726526,0.014445772390136644,0.001435819679143743
0.0,0.7403279971839983,0.0,0.2596720028160015,0.01383178729094387,0.0,0.013831787290943873
0.1875,0.644803369506207,0.16758516423858266,0.1876114662552104,0.015940513540152947,0.012267942611025078,0.012243756035169829
0.375,0.532260012245611,0.3545646827143083,0.11317530504008072,0.015519336153156005,0.015345821770240492,0.010223244740022557
0.5625,0.41373521317485606,0.5397438006540574,0.04652098617108648,0.015519801235773253,0.01561374061439795,0.006677677535333156
0.75,0.2665458031134959,0.7214859671027268,0.011968229783777208,0.013740420572483524,0.01392357727331948,0.0035535976318620648
0.0,0.7401905752027043,2.414035766294006e-05,0.2597852844396328,0.01370136990131124,0.00015406615836984462,0.013705559929134959
0.1875,0.624155125871029,0.16496639297449975,0.21087848115447133,0.015889153707567615,0.011836022320744773,0.013544948863274798
0.375,0.5018964386370494,0.35482660292623563,0.14327695843671498,0.01666744555275405,0.015776436109816723,0.011162134413905803
0.5625,0.3979593342338382,0.5386209138618245,0.06341975190433728,0.01583638798359746,0.016222048632025688,0.007544943528191947
0.75,0.2668364717954977,0.7212286957291073,0.011934832475394987,0.01387616671242709,0.014027818903629875,0.003402562508615617
0.0,0.7397234019804211,9.04720077990603e-06,0.260267550818799,0.013901072366417683,9.496711326529292e-05,0.013899772560070666
0.1875,0.6439232947815797,0.16775400772505927,0.18832269749336114,0.014685916879433917,0.01170225950108807,0.012435190161583143
0.375,0.5323922169408336,0.35523325994235594,0.11237452311681043,0.015423234064540424,0.014800546891682443,0.010298358972554046
0.5625,0.38942774973599825,0.5428664072819727,0.06770584298202909,0.015376218859490452,0.015869489251061904,0.008003518429240119
0.75,0.267536336503728,0.7206008188429334,0.011862844653338691,0.014394448209898606,0.014530647292563198,0.003375609637722701
0.0,0.7399381244477033,0.0,0.26006187555229665,0.014027653077565448,0.0,0.014027653077565453
0.1875,0.623701971903537,0.1646513202052424,0.2116467078912205,0.016146470515688092,0.012145662971986503,0.013128570384586419
0.375,0.5304759597908911,0.3559081788713812,0.11361586133772766,0.015697720105923928,0.015310681531780236,0.01011243476679786
0.5625,0.41420044848437954,0.539557154217973,0.046242397297647474,0.015706671159295235,0.015751137692461902,0.006876922287070587
0.75,0.27770644600653244,0.7199827126232273,0.002310841370240206,0.014128185175809414,0.014159410744892874,0.001517197113272284
0.0,0.7402634788151452,1.2871427349883444e-05,0.25972364975750484,0.013723087379824379,0.0001122263061815471,0.013720220756370057
0.1875,0.6449534673698137,0.16838206669211445,0.18666446593807173,0.015095782705381961,0.012060637152502173,0.01230233743229368
0.375,0.5343619413831097,0.35418100602253483,0.1114570525943555,0.016386078863194327,0.015263147080703391,0.009610942530488501
0.5625,0.41048867397809463,0.5384331389241542,0.051078187097751124,0.01538821363136803,0.015194028365707584,0.007162017651685386
0.75,0.26636959013971945,0.7217107982676952,0.011919611592585283,0.013918036423928264,0.014085010846239249,0.003386870510803242
0.0,0.7400108863104674,0.0,0.2599891136895326,0.014259474085755598,0.0,0.014259474085755605
0.1875,0.6450076327969445,0.16825434937402156,0.18673801782903382,0.015184687450467327,0.011612900665892472,0.012149528949035112
0.375,0.5006777122486433,0.3555251313132014,0.14379715643815533,0.01623467532436393,0.015303792978536717,0.01188211302597509
0.5625,0.41147207430933996,0.5398393682422449,0.048688557448415194,0.015463099787949575,0.015637616951259554,0.006648115314175765
0.75,0.26675438826660913,0.7213755695974279,0.011870042135963007,0.014081810995690195,0.014278818699414553,0.003366063184586094
0.0,0.7393280799568271,0.0,0.26067192004317274,0.013930251730361793,0.0,0.013930251730361793
0.1875,0.644344493246231,0.1689223739136335,0.18673313284013546,0.01544070278639735,0.012405055297054886,0.012696566337111938
0.375,0.4964353453301462,0.3235314332030296,0.1800332214668242,0.015890317537848076,0.014913252959523914,0.011848230150558055
0.5625,0.41677617711875325,0.5381613547423236,0.04506246813892321,0.015884819061521314,0.016026928676696924,0.006258367228899695
0.75,0.2671539763190319,0.7208945830161265,0.011951440664841573,0.013576150995035325,0.013682087910866912,0.003487239377251152
0.0,0.7408924258476967,0.0,0.2591075741523032,0.013939547289659543,0.0,0.013939547289659543
0.1875,0.6237981945785784,0.1661434030978102,0.2100584023236114,0.015276020901591213,0.011854070163650804,0.012736617793853208
0.375,0.5213126351385285,0.3545682440523526,0.12411912080911887,0.015614872313029882,0.015062748454029466,0.010884383868374696
0.5625,0.3904709775776296,0.5423597090313049,0.06716931339106562,0.014917508312095047,0.015593743148819035,0.0076479747262579514
0.75,0.2644771808717282,0.7222680144939223,0.013254804634349405,0.01383551466154608,0.013908955827165958,0.0036039935879246137
0.0,0.7391301927294048,0.0,0.26086980727059517,0.01342967811662501,0.0,0.013429678116625014
0.1875,0.6232202619553994,0.1655588470407228,0.2112208910038779,0.015719653429774414,0.011728417730783466,0.01323805805187861
0.375,0.523071215422881,0.35411842449491393,0.1228103600822049,0.015094508288995731,0.01425801894752625,0.010084008443432057
0.5625,0.41264100060674075,0.5372182266246991,0.0501407727685601,0.01597478014529713,0.016123437066750214,0.006988051409462167
0.75,0.2661851343052439,0.7218126163700487,0.012002249324707424,0.013925262050867032,0.014218211835174759,0.0035763869683036326
0.0,0.7405493429350248,0.0,0.2594506570649751,0.014027379967422728,0.0,0.014027379967422727
0.1875,0.6176577846059399,0.16207809024213848,0.22026412515192156,0.015621448695178076,0.01136828055757407,0.012732846856760707
0.375,0.5327768528092371,0.3523644442607191,0.11485870293004358,0.015850720262215536,0.015056927314656184,0.009950377070944531
0.5625,0.4116989014279035,0.5382800028733495,0.050021095698746874,0.015119741547187255,0.015595770387416429,0.006777341000810571
0.75,0.2665689836574867,0.7212665235703545,0.012164492772158796,0.013808057044733644,0.013949673342233909,0.003533368991764825
0.0,0.7402339954017515,0.0,0.2597660045982485,0.013941371049618546,0.0,0.013941371049618548
0.1875,0.6431469270749894,0.16810038004898276,0.18875269287602783,0.015492087967355546,0.012139018604061141,0.012055448638608747
0.375,0.53262464073102,0.35243126088009274,0.11494409838888728,0.015896361972762577,0.015262661307336523,0.01013534311396474
0.5625,0.415142336147131,0.540044668549382,0.04481299530348697,0.01604903311482519,0.016365904787034976,0.006524159792256545
0.75,0.267117505764389,0.7210699071846204,0.011812587050990636,0.014041633930404689,0.014311736615040177,0.0034200743722649705
0.0,0.7400731652557042,2.107100261425559e-05,0.25990576374168145,0.014220033031582001,0.000143967075240411,0.014220514364173806
0.1875,0.6457606011604202,0.16786159202162027,0.18637780681795948,0.014970523740176806,0.01156232374734026,0.012179131795531931
0.375,0.5352636787427655,0.35396876075925504,0.11076756049797933,0.015976915560738394,0.015026626033724797,0.010011937124382574
0.5625,0.39876627495378525,0.5390416120752425,0.06219211297097232,0.015310332074714099,0.015893167300099716,0.007487208501497876
0.75,0.26696080700201374,0.7211913596515397,0.01184783334644647,0.013965347548679946,0.014334580365801507,0.0033274309791910626
0.0,0.7403374058494019,1.006036217303823e-06,0.25966158811438084,0.013580810794810638,3.1797747745028385e-05,0.013580781291746918
0.1875,0.6243842826396769,0.16473415778633976,0.21088155957398325,0.01574739170008244,0.012011150501360219,0.013671567755919916
0.375,0.5350364463916543,0.3526779605556502,0.11228559305269546,0.015743473459597816,0.014880483753669262,0.009983008136671669
0.5625,0.406407537383181,0.5375590288357268,0.0560334337810922,0.01519781986641331,0.015468894898787193,0.007206543954385392
0.75,0.26638462931211215,0.7218533971567336,0.011761973531154319,0.013817518162280499,0.013893998608387944,0.0032908102677472006
0.0,0.7400067168008455,0.0,0.2599932831991544,0.014097902630792757,0.0,0.014097902630792759
0.1875,0.6451656527841246,0.16837348761611362,0.1864608595997618,0.014636101498808108,0.011536136066716695,0.01196373336085602
0.375,0.5320764853002684,0.35247333026117317,0.11545018443855852,0.015842404656687452,0.01552680132777544,0.010062598200343215
0.5625,0.40506526593548964,0.5377579909763228,0.0571767430881875,0.015702924555153253,0.016037504209688913,0.0073487061697416894
0.75,0.26528654354914744,0.7221896010447383,0.012523855406114231,0.013357513964104496,0.013566239080850568,0.00339541743384384
0.0,0.7402741542561724,0.0,0.25972584574382773,0.013618653497508324,0.0,0.013618653497508328
0.1875,0.6236861051824062,0.16524081442925614,0.21107308038833772,0.01560048019463829,0.011789695318381668,0.012787345780654335
0.375,0.5360258605485704,0.3535842128107944,0.11038992664063536,0.015107848212789621,0.01499496931204805,0.009544947281029375
0.5625,0.4114276027637387,0.5385747835285727,0.049997613707688716,0.014990973326551759,0.015247688934154305,0.006656494835584404
0.75,0.26654333685671383,0.7212544502498608,0.012202212893425305,0.013651535676595754,0.013757377225817645,0.0034111133666231263
0.0,0.7399008025935483,0.0,0.26009919740645165,0.01337886585693664,0.0,0.01337886585693664
0.1875,0.6459436430279056,0.16779912765240151,0.18625722931969288,0.01497701722735822,0.011781409187228118,0.012347565496581945
0.375,0.5320853381545531,0.3550755986795939,0.11283906316585299,0.01537650309456297,0.014796780969226953,0.010264072365685
0.5625,0.41345670593656353,0.5407719241941615,0.0457713698692749,0.015273044584210315,0.015206427174151695,0.006591027268700188
0.75,0.26670151200918546,0.7212077850897042,0.012090702901110228,0.013603734975465152,0.013739899387307505,0.0035111192484953524
