fixed rate,success rate,failure rate,error rate,success std,failure std,error std
0.0,0.7400266015754953,0.0,0.2599733984245047,0.013815624803029227,0.0,0.013815624803029227
0.1875,0.6144447263196507,0.17970679287860059,0.2058484808017486,0.015291063401808865,0.012146031418332063,0.012537339818286667
0.375,0.47543447899822433,0.37126327889186916,0.15330224210990648,0.01574236906215717,0.01518795261842628,0.01111033193630706
0.5625,0.38065088061059427,0.5556685178659758,0.06368060152342996,0.015433951821672754,0.015457334077219725,0.007772720607040302
0.75,0.2532182391874952,0.7399634782737883,0.006818282538716531,0.014109232536273334,0.01420635460734036,0.002686895722756434
0.0,0.739779033162705,0.0,0.2602209668372949,0.014162191185136454,0.0,0.014162191185136454
0.1875,0.6156858308199714,0.17995163255212548,0.20436253662790302,0.015170214823572167,0.011947085794967803,0.012541473254181524
0.375,0.5085224336124982,0.36893699698764065,0.1225405693998612,0.015990439959543398,0.01571397802017496,0.010173036378709381
0.5625,0.3804934867841338,0.5570281974854289,0.06247831573043727,0.015452447135350487,0.016082733954939334,0.007652798742176718
0.75,0.2578969902957418,0.7407113380726141,0.0013916716316440684,0.013807865412014375,0.01375315658941404,0.0012075648773312503
0.0,0.7403760075298063,0.0,0.2596239924701938,0.014345784239492735,0.0,0.014345784239492733
0.1875,0.6371759896864742,0.18166417054826234,0.18115983976526343,0.015353973651200102,0.012125659352889265,0.01238063590796008
0.375,0.4924336473880444,0.3695852672304474,0.1379810853815082,0.015849176765522787,0.015373216358523852,0.010847474944607818
0.5625,0.37664693179901265,0.5561004965540065,0.06725257164698091,0.01531862683338043,0.015735693959593545,0.007917419877843583
0.75,0.24914248122333196,0.7408023559143564,0.010055162862311643,0.0135644554681902,0.013555934108474766,0.0030644227303254744
0.0,0.7406022338281641,0.0,0.25939776617183574,0.013853451869765075,0.0,0.013853451869765075
0.1875,0.6158734791811792,0.18104854507024926,0.20307797574857153,0.014966635594543067,0.012420907644969217,0.012354991384528549
0.375,0.524905142050535,0.3683119756311538,0.10678288231831123,0.015324726144745986,0.015015772557867683,0.009894644625404344
0.5625,0.3812740668478805,0.5555817798807532,0.06314415327136637,0.015964625924047383,0.016271255551560917,0.007812042789378202
0.75,0.2568446099005049,0.740990644768897,0.002164745330598086,0.013306745930289481,0.013398487155770467,0.0014871965721535438
0.0,0.7402419998680132,0.0,0.2597580001319868,0.014049846598529068,0.0,0.014049846598529064
0.1875,0.6322847146837548,0.18197785310154901,0.18573743221469613,0.014470404926005863,0.011744407361728725,0.012587023082626278
0.375,0.5016412327144838,0.36961255350699723,0.1287462137785189,0.015949842515318342,0.01540587750664662,0.010517208178714517
0.5625,0.3797190177340176,0.5575573709716333,0.062723611294349,0.015125851944520118,0.015575359211749507,0.0074764812870069175
0.75,0.24037402727886467,0.7415684861923003,0.018057486528835077,0.013390512682056863,0.014004367169247337,0.004134609710115941
0.0,0.7395900491167829,0.0,0.2604099508832171,0.013855950124710662,0.0,0.01385595012471066
0.1875,0.6329461231896798,0.18262156167370222,0.18443231513661795,0.015999853518679375,0.012263758837119033,0.013074342951748386
0.375,0.49830193440012144,0.36791216271170674,0.1337859028881718,0.015716888407059003,0.014932675614231424,0.010736891934582795
0.5625,0.37667824481696344,0.5566024887867855,0.06671926639625099,0.015414331042852133,0.016000561119405125,0.007864483474534152
0.75,0.24750471981078886,0.7413379973793153,0.011157282809895938,0.013576043654032734,0.013727049416720604,0.0033188460716616166
0.0,0.7408150250283547,0.0,0.2591849749716453,0.014080042561805435,0.0,0.014080042561805436
0.1875,0.6139573644748703,0.18169170343863056,0.2043509320864992,0.015320807352967364,0.01224837037847233,0.012659560910834929
0.375,0.4935532200744252,0.3689237933414886,0.13752298658408607,0.014979607383462977,0.014585639959564065,0.010732400221739085
0.5625,0.4021247807848066,0.556088138171866,0.04178708104332745,0.01567574403103871,0.016176067154978387,0.006297166864989488
0.75,0.2478032975593685,0.7406842057780959,0.011512496662535593,0.014085778121352708,0.01420985656466926,0.0033720486765274342
0.0,0.7401686307407486,0.0,0.25983136925925154,0.013845767010536516,0.0,0.013845767010536516
0.1875,0.6380413239202214,0.18199465332200332,0.17996402275777526,0.015250840437987152,0.011938431531020508,0.012399751208410663
0.375,0.49312215210165045,0.3686279815039233,0.13824986639442624,0.016057066103978897,0.015467142273591722,0.011192572860764922
0.5625,0.3869697664375435,0.5563249920762198,0.05670524148623659,0.015793793440193077,0.015851097487926298,0.007168123615573963
0.75,0.24633528936242916,0.7422570978434894,0.01140761279408133,0.014205448535457908,0.014444837970271721,0.003460795290162843
0.0,0.7400538886687855,0.0,0.2599461113312145,0.014283521099840778,0.0,0.01428352109984078
0.1875,0.6377012370420152,0.18326652880548855,0.17903223415249628,0.014822525401159936,0.01237500961797142,0.011994790806229484
0.375,0.5177682018416951,0.3691860072239435,0.11304579093436129,0.01499469670184652,0.014525778256168582,0.009678366453464149
0.5625,0.383959276652299,0.5565273623954263,0.059513360952274705,0.015403671144130712,0.015910219014522428,0.006807128745036842
0.75,0.24833246310245244,0.7411889774730253,0.01047855942452226,0.014236876446862778,0.014617089810922693,0.0032569292646172196
0.0,0.7395607294717785,0.0,0.26043927052822136,0.013968715451965272,0.0,0.01396871545196527
0.1875,0.6131179792746837,0.18169054674651575,0.20519147397880066,0.015065154123600027,0.012409472325341939,0.012915781890870599
0.375,0.518916648211142,0.3683630531068091,0.11272029868204876,0.015793802011761088,0.015203117282314582,0.009762705903870877
0.5625,0.3807446807677528,0.555856754929325,0.06339856430292225,0.01575405685113497,0.016132072408779088,0.007568662550950136
0.75,0.24776605941379357,0.7414406800322936,0.010793260553912845,0.014165823210533982,0.014319454258683886,0.003274284971817637
0.0,0.7397838615530007,0.0,0.2602161384469993,0.014004684143785768,0.0,0.014004684143785773
0.1875,0.6141267243856978,0.18019983325874403,0.20567344235555812,0.015378112225082894,0.012131947459634692,0.012280466223475858
0.375,0.4937826090425084,0.36925559252433177,0.1369617984331598,0.015710047097484813,0.014935340757797486,0.01105870017651383
0.5625,0.401276230133345,0.5565702617920764,0.0421535080745786,0.015338825191576146,0.015510550191833165,0.006328372553301449
0.75,0.2449324886339117,0.7422844900712225,0.012783021294865695,0.013594514479550618,0.013817159568787632,0.003579350777718936
0.0,0.7401806868526103,0.0,0.25981931314738976,0.013753119233704583,0.0,0.013753119233704588
0.1875,0.6258912930065089,0.1809323668911006,0.19317634010239038,0.01470395629315259,0.012135383829830761,0.012379939473675893
0.375,0.4983023838775733,0.3687738775171902,0.13292373860523649,0.015299486873165302,0.014948544921194662,0.010748535330436187
0.5625,0.3991578902017177,0.5554099330797366,0.04543217671854568,0.01566883027044904,0.015954188000039567,0.006547450111453565
0.75,0.25266467112359653,0.7401314899507305,0.007203838925672979,0.014101892054268782,0.014235709255864154,0.0026923123233675407
0.0,0.7401887814176276,0.0,0.25981121858237244,0.014269576295096648,0.0,0.014269576295096651
0.1875,0.6361775241770347,0.18150749319939108,0.1823149826235743,0.01511217204987919,0.012354910574320924,0.012047174041494465
0.375,0.5141283608547663,0.3695303577192805,0.11634128142595307,0.015568344577995266,0.01531478454969795,0.01020407999165026
0.5625,0.3808867738052309,0.5559163256798865,0.06319690051488266,0.015007386132070191,0.015178242138383872,0.007488174184521479
0.75,0.24475471971184873,0.74093227312914,0.014313007159011322,0.013698813215382974,0.013831355020352699,0.0037603236624109333
0.0,0.740447804174403,0.0,0.25955219582559697,0.013687530233938058,0.0,0.013687530233938061
0.1875,0.6132538627635151,0.18083090109112404,0.20591523614536084,0.014946926267103887,0.011863595324618358,0.012992684289412401
0.375,0.49974046631406854,0.3688091550563109,0.13145037862962056,0.01593850882507018,0.01546771139128987,0.010537924288926985
0.5625,0.3984121600670655,0.5551390348184725,0.04644880511446193,0.015793007398414216,0.016033704282949705,0.006458817042758569
0.75,0.24580875121272464,0.7416060755786231,0.01258517320865226,0.013488828348035404,0.013599144105316072,0.0036242278474728214
0.0,0.7411402453243381,0.0,0.25885975467566186,0.01388878335588791,0.0,0.013888783355887911
0.1875,0.6128137350724511,0.18128391046858147,0.2059023544589674,0.014965417425662717,0.012583607245471673,0.012599736746907187
0.375,0.506646698947376,0.3701494545098932,0.12320384654273075,0.01643383048232507,0.01583506295801591,0.010313085945428803
0.5625,0.3800703581910609,0.5560258796505162,0.06390376215842289,0.015153181636838245,0.015677602280254454,0.007542219920893825
0.75,0.24736820474198085,0.7406581524481147,0.011973642809904388,0.01353498716824199,0.013827270467476388,0.0033795688337823543
0.0,0.7400357484930475,0.0,0.25996425150695235,0.013993681001700155,0.0,0.013993681001700157
0.1875,0.6354191694373856,0.1816396046559031,0.18294122590671125,0.0149379198520331,0.012240053030217775,0.011915631477747102
0.375,0.49236882329612636,0.3687359528245311,0.13889522387934253,0.015994150253322337,0.015071532106945078,0.01114225607061876
0.5625,0.38078759304437476,0.5561043126402199,0.06310809431540534,0.01498673025852151,0.015674753543415732,0.007822696385635243
0.75,0.24255191722468197,0.7413931750688556,0.01605490770646239,0.013442260936554287,0.013855635082841994,0.003905853683206319
0.0,0.7405482721625319,0.0,0.25945172783746806,0.014203896638081274,0.0,0.014203896638081274
0.1875,0.6234924965418244,0.18104964175153185,0.1954578617066437,0.01425492260606179,0.012071421605303646,0.012332977506248306
0.375,0.5071881556472566,0.3678828501786078,0.12492899417413565,0.016184090552224018,0.015109187444937925,0.010472153625130438
0.5625,0.37599767348692437,0.5576418836046347,0.0663604429084409,0.015031260303608357,0.015517683446489973,0.007606966176292302
0.75,0.24775990408901255,0.7415584518239877,0.010681644086999715,0.013200939449397592,0.013413137468504338,0.003134700868599138
0.0,0.7396308308775069,0.0,0.260369169122493,0.013735953941161737,0.0,0.013735953941161741
0.1875,0.6365243220627871,0.18127223440440363,0.18220344353280923,0.014679626736192046,0.011747070600131566,0.011954757853703956
0.375,0.492078809386015,0.369712247834089,0.13820894277989595,0.01518667920814404,0.014677403226255261,0.010612739583550503
0.5625,0.3954758834801428,0.555726003352921,0.04879811316693616,0.015597607220813516,0.015981240452150988,0.006914682366234843
0.75,0.25020735118672277,0.740444077709157,0.009348571104120278,0.013980144717603954,0.014034777868029686,0.0031716694771874404
0.0,0.7406164875496388,0.0,0.2593835124503612,0.014244234649833439,0.0,0.014244234649833444
0.1875,0.6127717403333282,0.18138037237634597,0.20584788729032583,0.015300278147089131,0.012034741192425154,0.01290812722374002
0.375,0.4954581212259085,0.36833380934037585,0.1362080694337156,0.015968537406007406,0.015173159755275716,0.01053407557468159
0.5625,0.37797333689469886,0.5568797996281112,0.06514686347718986,0.015043090136005943,0.01563305804320088,0.008054436352326886
0.75,0.24638413705374854,0.7406763687618955,0.012939494184356087,0.013505072419355956,0.01373691098486106,0.0036654566191800368
0.0,0.7408491782708759,0.0,0.2591508217291241,0.013475444078161982,0.0,0.013475444078161982
0.1875,0.6387089304436263,0.18068805146484307,0.18060301809153065,0.014592104381559579,0.011599853293644932,0.012012882504490728
0.375,0.49091716175067474,0.36812844160062524,0.1409543966486999,0.015201615106476293,0.015248567053538999,0.010535487735648887
0.5625,0.37476919593949415,0.5571768398908837,0.06805396416962231,0.015266439969078466,0.01559997383687616,0.007698326214586757
0.75,0.2481598292798094,0.7411277145513837,0.010712456168806807,0.013737957926981308,0.013700635481236354,0.003343502443601699
0.0,0.7402067846570035,0.0,0.25979321534299643,0.014152678339108368,0.0,0.014152678339108368
0.1875,0.6341460365614627,0.18185221646158817,0.18400174697694904,0.015157669676438213,0.012150219751419986,0.012931122624048068
0.375,0.5145998656079593,0.3684257540725106,0.11697438031953004,0.015995228097246617,0.01576400352826109,0.010267981982934344
0.5625,0.37734977540888814,0.5566049138375311,0.06604531075358067,0.01538185379419305,0.015782196098344085,0.007560698651223933
0.75,0.247399583415921,0.741050698383765,0.011549718200313898,0.014347352337010226,0.014463669772182806,0.0033958300919682085
0.0,0.7404540971271933,0.0,0.25954590287280666,0.014269204714072881,0.0,0.014269204714072883
0.1875,0.6160966591021524,0.17984833193282995,0.2040550089650175,0.015618679894352741,0.012109514426950437,0.012592065085960563
0.375,0.49290929251808735,0.3688761040543528,0.1382146034275599,0.016055466270806458,0.015130087017439953,0.011035562420756958
0.5625,0.3785405108193452,0.5570803239645047,0.06437916521615006,0.015212810333309573,0.015611172177865503,0.007821784331588238
0.75,0.2581751597498999,0.7402094526859679,0.001615387564132151,0.013861135323350591,0.013913156187026227,0.0012762124077674733
0.0,0.7398630148632004,0.0,0.26013698513679956,0.01373911706405287,0.0,0.013739117064052871
0.1875,0.6321118358993519,0.18121408132962138,0.1866740827710267,0.015390124293105588,0.012623842579209597,0.01231167844611679
0.375,0.49846963653957616,0.36930279662239107,0.13222756683803275,0.015644723535545167,0.014822305950784037,0.011100128112871145
0.5625,0.38028512902956985,0.555657092477376,0.06405777849305398,0.015393565326176516,0.015640749966219947,0.007846888869491218
0.75,0.25236678021405284,0.7404717386463248,0.007161481139622444,0.01359931754838571,0.01364592815140491,0.0026384917450230348
0.0,0.7401898593302187,0.0,0.2598101406697813,0.014383987232110013,0.0,0.014383987232110014
0.1875,0.6173248475521912,0.17981052415490323,0.20286462829290575,0.015857913198718595,0.012643862854051644,0.013145301625266859
0.375,0.49169408751543137,0.3695324825349335,0.13877342994963515,0.015364898760533558,0.015234112768872037,0.01102256676997042
0.5625,0.38055617226344035,0.5565631982808374,0.06288062945572213,0.01561242823817148,0.01581276929699661,0.007650329104216711
0.75,0.2472134262528654,0.7411284664866591,0.011658107260475337,0.01393087707382356,0.014032599332499125,0.003482150239993424
0.0,0.7405104981546389,0.0,0.2594895018453611,0.013714608266887994,0.0,0.013714608266887997
0.1875,0.6163272523716316,0.18133259773312863,0.20234014989523985,0.015922940593188977,0.01219455700488558,0.012910247639343956
0.375,0.49006018684095953,0.36892078891856867,0.14101902424047172,0.015996512630491018,0.015463697779780334,0.011141156961698382
0.5625,0.38259553894970943,0.55586705537381,0.061537405676480576,0.015433771395846946,0.01545098061072835,0.007808052654876938
0.75,0.25560378623948493,0.740467522059567,0.0039286917009480815,0.01328569199366342,0.013340757527337639,0.0019290166851941796
0.0,0.7410156450490676,0.0,0.2589843549509324,0.013698568635011147,0.0,0.013698568635011147
0.1875,0.6157774983954821,0.18101328564193483,0.20320921596258312,0.0152020820318296,0.012121193492922082,0.012560453580134356
0.375,0.525026871243341,0.36923464684239904,0.10573848191425998,0.01554397065351049,0.01492326276951201,0.00971049508838766
0.5625,0.3864624278332102,0.5562339018130751,0.05730367035371465,0.015344432478831034,0.01574857312187805,0.007572394313063248
0.75,0.24988900994444946,0.7401673912130862,0.009943598842464273,0.014240159321711646,0.014283191626808323,0.0031076129338637785
0.0,0.7399758790178044,0.0,0.2600241209821955,0.013883469217074172,0.0,0.013883469217074174
0.1875,0.6125848989916833,0.18163271964050517,0.20578238136781143,0.016203402262129647,0.011998778415849433,0.012942287129191368
0.375,0.504047662152759,0.3675824920362128,0.12836984581102817,0.01562696515100843,0.015082070135402031,0.010808816015365692
0.5625,0.37887057139303293,0.5556117488924011,0.06551767971456607,0.015463220986408103,0.015783569576730553,0.007595316180139498
0.75,0.2528629090454192,0.7411711335659338,0.005965957388646892,0.013591480456714341,0.013730602603878955,0.0025287112426511282
0.0,0.7400782501079498,0.0,0.2599217498920502,0.013593260050685322,0.0,0.013593260050685323
0.1875,0.6244114255431942,0.1812535336606817,0.19433504079612418,0.015120282252941243,0.012503133172671307,0.012351283469843696
0.375,0.4925769724992634,0.3698318086550122,0.1375912188457243,0.01629452401705989,0.015803786855495886,0.011220006274950583
0.5625,0.3923788657645068,0.5544765819449374,0.053144552290555716,0.015844974099446872,0.016153236720822545,0.007272656723058074
0.75,0.2488094353041816,0.7406797390557656,0.010510825640052783,0.013856996038281482,0.013853645655278172,0.0032360374393440613
0.0,0.7407518762118092,0.0,0.2592481237881908,0.013429809980484092,0.0,0.013429809980484092
0.1875,0.6383891092693468,0.18188883575561596,0.17972205497503715,0.015107236958387798,0.01239028227355649,0.011899992487427841
0.375,0.5104196723778754,0.3700681752749119,0.11951215234721257,0.01653357092611711,0.015299826652103264,0.010330317486883813
0.5625,0.40082447149265144,0.5561341170591568,0.043041411448191846,0.015712522177502262,0.015761788973536826,0.006431238870650175
0.75,0.2576950172003071,0.7393418875103877,0.0029630952893051747,0.014135281376161163,0.014180891670955188,0.0016824230806672918
0.0,0.7401007502449805,0.0,0.25989924975501966,0.01377078825043885,0.0,0.013770788250438851
0.1875,0.6350687772530564,0.18259648997803785,0.18233473276890574,0.015831531595612038,0.012189380071244064,0.012712631253658716
0.375,0.49296465950571133,0.36863282096629324,0.13840251952799548,0.016009999552849655,0.015871819587154008,0.010892578929975779
0.5625,0.3977508214711933,0.5567738361865454,0.045475342342261256,0.014985830702651628,0.015089420434256614,0.006677473847439866
0.75,0.2533337791069155,0.7392621065886522,0.007404114304432198,0.013870986465864365,0.014033823318691411,0.0027366404046778
0.0,0.7401851231245098,0.0,0.25981487687549015,0.013490911647179766,0.0,0.013490911647179764
0.1875,0.6131141048628339,0.181320733688106,0.20556516144906017,0.015297287668891407,0.01285536156948907,0.012783460876139721
0.375,0.4974277392841351,0.3684872492592895,0.13408501145657536,0.015877555381171176,0.015405709959158988,0.010917147883259627
0.5625,0.39800893017346345,0.556312376224072,0.045678693602464474,0.016251085547267684,0.01635147432463904,0.006578871523411537
0.75,0.24273916401784248,0.7412566790545762,0.01600415692758138,0.013050013534666999,0.013522171064809211,0.004031601842764413
0.0,0.7403457309046504,0.0,0.25965426909534955,0.013747939968593774,0.0,0.013747939968593775
0.1875,0.6139772984883379,0.18053326991978078,0.20548943159188118,0.015191722286253454,0.01210461169065412,0.012716524934653783
0.375,0.47383640971411956,0.37125326766009903,0.15491032262578136,0.016297022424930304,0.015770280244861424,0.011532176118573647
0.5625,0.3980988648822877,0.5546383738329994,0.04726276128471277,0.015286902716918613,0.015980627273222688,0.0069091420882690545
0.75,0.24437327333500947,0.7410652393484781,0.01456148731651233,0.01359325196486961,0.013826047909289804,0.0038675422755735257
0.0,0.739613104555434,0.0,0.260386895444566,0.0139053410707966,0.0,0.013905341070796603
0.1875,0.6153696235808959,0.17979768278616745,0.2048326936329366,0.015172013807858462,0.012238338794890228,0.012577127338146952
0.375,0.48752626939717403,0.3702815241368438,0.1421922064659821,0.01619852103672495,0.015463149772782958,0.011289328589510133
0.5625,0.4017836655191239,0.5545996849375405,0.04361664954333558,0.015482678192308775,0.015665728883197762,0.006648308714633328
0.75,0.24965699538297326,0.7404601208255428,0.009882883791483913,0.01360479622501352,0.013782565193185178,0.0030111126369053148
0.0,0.7398718563708049,0.0,0.26012814362919506,0.01362412064252168,0.0,0.01362412064252168
0.1875,0.6137282568774406,0.1813355864937388,0.20493615662882067,0.0153006165776943,0.01199767475749251,0.013079564572641849
0.375,0.5134291697729371,0.36928146581400106,0.11728936441306191,0.015611502187493262,0.01478831461851735,0.010190015376335433
0.5625,0.37937786381076133,0.5552331208824157,0.06538901530682287,0.01528625107957326,0.015577857052765551,0.0077113775203040275
0.75,0.25356330161163676,0.7400180108484617,0.006418687539901518,0.013509287613880318,0.013496848917065983,0.002462878392316169
0.0,0.5826364929867985,9.79431929480901e-07,0.41736252758127196,0.015676936219387136,3.095686705049777e-05,0.015677525332970944
0.1875,0.6144540883948878,0.18187890235639945,0.2036670092487127,0.014943267807753027,0.012108199673818121,0.012432747332451673
0.375,0.5219270515183849,0.3680041996934934,0.11006874878812169,0.015152305793395719,0.014369441306910872,0.009583633148543606
0.5625,0.3738492826738668,0.5569706010777693,0.06918011624836395,0.015183920858471726,0.015722406352980983,0.008311964736705216
0.75,0.246480161239709,0.740549340299319,0.012970498460972011,0.01312737214483336,0.013384032769787071,0.0035659227671946694
0.0,0.740457276881686,0.0,0.2595427231183139,0.01356042038392709,0.0,0.01356042038392709
0.1875,0.6342230509970669,0.18030164516683092,0.18547530383610206,0.015101089716079975,0.011543322843279476,0.012235307963714531
0.375,0.49404006252643773,0.369245882917319,0.13671405455624328,0.016212664410072915,0.01522655820448112,0.010505589119381776
0.5625,0.3987494608352664,0.554888483334603,0.04636205583013049,0.015755954818573045,0.01550995943247592,0.0068593709447359935
0.75,0.24919260012646663,0.7404154723045355,0.010391927568997716,0.013336064005075239,0.013535501835699642,0.0032272317344439467
0.0,0.740043964612592,0.0,0.25995603538740786,0.014313352176330027,0.0,0.014313352176330028
0.1875,0.6231321583325644,0.1810834663107758,0.19578437535665974,0.015229584546604655,0.012420360999313772,0.012437812371528856
0.375,0.4925076039358449,0.368543880122304,0.13894851594185104,0.015673504403333042,0.014658762149160644,0.010929920444612964
0.5625,0.38623449434260837,0.5548338115428978,0.05893169411449381,0.015157044201940617,0.015459622782726895,0.007489171533791172
0.75,0.24782148362259854,0.7407959322415734,0.011382584135828048,0.013359358468337634,0.01372787856252749,0.0032739698930392604
0.0,0.7397609959595657,0.0,0.2602390040404344,0.013756521218769201,0.0,0.013756521218769201
0.1875,0.6237906590011006,0.18042429783268096,0.19578504316621842,0.01526391759860246,0.011904194655533561,0.012535442817925999
0.375,0.49820681857573434,0.36873338512131554,0.13305979630295,0.016166613561444804,0.015714761056417,0.010947324603849149
0.5625,0.3803444255266428,0.556613059478439,0.06304251499491814,0.015897034279598595,0.015684209561236957,0.007896476465434843
0.75,0.24569110755189819,0.740634453554584,0.013674438893517691,0.013239832191558346,0.013593364947968227,0.0037278343804419516
0.0,0.7407381154862323,0.0,0.2592618845137677,0.013964260877793313,0.0,0.013964260877793315
0.1875,0.6169840648980294,0.1809761809547173,0.20203975414725334,0.015314259419595157,0.012110106378693393,0.01267533113397555
0.375,0.494068423516777,0.36831336898589256,0.1376182074973304,0.015930097109970207,0.015248021673425089,0.01075733521114652
0.5625,0.3941793783744244,0.5554283746021252,0.05039224702345031,0.015167858463523582,0.015904036289919102,0.006616783018924857
0.75,0.24859839638087403,0.7404021645282571,0.010999439090868738,0.013702588883732703,0.013839812303030653,0.003173825173423826
0.0,0.739721116227473,0.0,0.2602788837725269,0.013427220708109198,0.0,0.013427220708109202
0.1875,0.6360144665630533,0.1816899218800853,0.18229561155686141,0.015300276229744957,0.012431163128050739,0.012325075712268362
0.375,0.5259438227993506,0.36872244490309586,0.10533373229755352,0.015730249038031663,0.014805132336079956,0.009705619735818906
0.5625,0.3688214441328805,0.5554969380408944,0.07568161782622508,0.015783121711888275,0.015909593666677185,0.008483383733760515
0.75,0.24676348941102527,0.7405209073868582,0.012715603202116543,0.013499379954931346,0.013729894230208194,0.0036216503073410165
0.0,0.740640751791745,0.0,0.2593592482082549,0.01363455596987194,0.0,0.013634555969871938
0.1875,0.615384231535672,0.1807069824123455,0.20390878605198248,0.015381230317294915,0.012305947069879945,0.013193694466250312
0.375,0.4919240115481717,0.36990533167906287,0.13817065677276544,0.015634351177192325,0.014881799682589826,0.01038567514617271
0.5625,0.399286241037708,0.5548697221565749,0.04584403680571722,0.01618688471744764,0.01635908083846508,0.0064921107225579784
0.75,0.25487764674277463,0.7401034685673751,0.005018884689850294,0.01362740189071985,0.013723403186149577,0.002288161738265686
0.0,0.5844806544698509,1.0141987829614605e-06,0.4155183313313662,0.01583760786540319,3.205574164153978e-05,0.015838660068038846
0.1875,0.6362008161686943,0.1813602745415103,0.18243890928979542,0.014729567758653613,0.012514206594877647,0.012306633709795652
0.375,0.514748035666172,0.3687640781762128,0.11648788615761514,0.01551044711276693,0.015218491537740351,0.010109875142162422
0.5625,0.3654258898519977,0.5569469412744081,0.07762716887359425,0.014974350351740903,0.015342611248873038,0.007988666528323045
0.75,0.25169214569925163,0.7398903815155216,0.008417472785226868,0.013174795186029906,0.013319642285305272,0.0029626334164787726
0.0,0.7400749313332825,1.002004008016032e-06,0.25992406666270945,0.014299548273656221,3.167030186228278e-05,0.014300945772375402
0.1875,0.6139737335012587,0.18201003276168615,0.2040162337370552,0.015325815013524079,0.01237193836501429,0.012762466831419692
0.375,0.47724643929033445,0.3703284868958399,0.1524250738138257,0.015165395317487229,0.015269709655795716,0.011225878033815567
0.5625,0.38283111542058385,0.554952162810212,0.062216721769204224,0.015170110406113086,0.015394505008751995,0.007655805225878982
0.75,0.24473247890292044,0.7414045951205204,0.013862925976559153,0.013500452585060725,0.013819112791746949,0.003576938675634159
0.0,0.7399283362258424,0.0,0.2600716637741576,0.013916048861274607,0.0,0.013916048861274606
0.1875,0.6137925413160625,0.18174382260159036,0.20446363608234713,0.015340748181025862,0.011731728770247933,0.01307078686119437
0.375,0.526679767925461,0.36799937643551084,0.10532085563902828,0.015887123990157032,0.014980926390781607,0.009566735092567951
0.5625,0.40136122289667103,0.5547707446350141,0.04386803246831479,0.01519616686399826,0.01525153815243674,0.006578765615600097
0.75,0.24634641665502874,0.7415282375948137,0.012125345750157564,0.013812828304474471,0.013976276690327624,0.0034446170534267236
0.0,0.7397630634963807,0.0,0.2602369365036192,0.013667525537676738,0.0,0.013667525537676741
0.1875,0.6359972089647332,0.1817101546993563,0.1822926363359105,0.014707317135538973,0.012010409786993527,0.012017618272738891
0.375,0.50895535223383,0.36977919250695784,0.12126545525921212,0.015339923899135135,0.014945467382011352,0.010295442793082225
0.5625,0.39213456312414235,0.5556857469100228,0.052179689965835004,0.016034443713788354,0.016279958564602917,0.006826655921628924
0.75,0.2551887160262135,0.739777387261888,0.00503389671189842,0.014297481246787536,0.014397497586432207,0.0022653923811659714
0.0,0.5842905129146758,1.0330578512396695e-06,0.415708454027473,0.015294529519959077,3.2651819481981625e-05,0.01529445320335949
0.1875,0.6334061821011222,0.1806951454465365,0.1858986724523413,0.01518071342977416,0.012127415625264969,0.012166022686809743
0.375,0.49460071604663325,0.36916235780908657,0.13623692614428018,0.01573550522110326,0.01512952357960199,0.01076439986825968
0.5625,0.37980590258977803,0.5578921244358465,0.06230197297437558,0.015944445002071043,0.016194213269578518,0.007654656827335408
0.75,0.24365147379049756,0.7412944954934414,0.015054030716060995,0.013521287433520613,0.013757014308884999,0.003792163882062928
0.0,0.7396644495521714,0.0,0.2603355504478286,0.013732565686844897,0.0,0.013732565686844896
0.1875,0.6318344317361425,0.18217772924898112,0.18598783901487634,0.015315328344146764,0.011888017152636002,0.012691048025626242
0.375,0.496789471064122,0.36877398389476246,0.1344365450411155,0.015662973170691475,0.015321740016997537,0.010852579595983458
0.5625,0.40105777346170146,0.5550786730454238,0.043863553492874886,0.015318016677760888,0.01563940766068681,0.006457290449358312
0.75,0.2579860396092636,0.7403334673249314,0.0016804930658049374,0.013965915909564393,0.014001223305547683,0.0013092099295626638
0.0,0.583423467065566,1.9987333376552784e-06,0.41657453420109625,0.015781979225507014,4.467881119886906e-05,0.015782758979734475
0.1875,0.6381404747249062,0.18180557066248032,0.18005395461261348,0.015098211137731996,0.012052450597005698,0.01246343515883813
0.375,0.49054456575894495,0.3705993055627514,0.13885612867830366,0.015155015965465887,0.015337989795877143,0.010857517371114981
0.5625,0.38031971403245257,0.5569720171407928,0.0627082688267547,0.014949728999111511,0.01544912850882723,0.007663137749457083
0.75,0.24929071678641576,0.7407245424141934,0.009984740799390908,0.013577926486908962,0.013776007098407747,0.0031473095771947265
0.0,0.7402125898485954,0.0,0.2597874101514046,0.013950610023764949,0.0,0.01395061002376495
0.1875,0.6260354081790467,0.18160709574573963,0.1923574960752136,0.014759067084610066,0.011881583077133469,0.012192040604425863
0.375,0.4915858862852712,0.3694815735587008,0.13893254015602793,0.015598894141093077,0.01511052320819676,0.011331124193015627
0.5625,0.3833332463777267,0.5567353395542114,0.05993141406806189,0.01483013519438606,0.015208659186162935,0.00792305890132068
0.75,0.24861019024012013,0.7402428068715587,0.011147002888321026,0.012961209729951278,0.013359937248079396,0.0034920911889810115
0.0,0.7405600616635554,0.0,0.25943993833644463,0.013525541586110358,0.0,0.01352554158611036
0.1875,0.6347207882192023,0.1809292262266124,0.1843499855541853,0.01603675506364169,0.012432371448688927,0.012581741586797656
0.375,0.5114012457026701,0.3693381269335974,0.11926062736373245,0.01559201213152656,0.01572677547686458,0.010196192459252783
0.5625,0.4029582319484769,0.5559466516105349,0.04109511644098826,0.01630958257986958,0.016435394275366763,0.006404212040934306
0.75,0.24845323543022244,0.7409115513803675,0.010635213189410148,0.014046385402568367,0.014248606488922165,0.003351117625428236
0.0,0.7404168736871186,0.0,0.2595831263128814,0.01428968505574677,0.0,0.01428968505574677
0.1875,0.6376104729015633,0.181671602448985,0.18071792464945163,0.01592805633248649,0.012490419126854667,0.012210702452041157
0.375,0.4933846025737491,0.3696192648159514,0.13699613261029947,0.01620631601083962,0.015307745221003973,0.010974711839211684
0.5625,0.4031657180035808,0.5555859834076352,0.04124829858878398,0.015432086031037587,0.01571523860016854,0.006349104909776075
0.75,0.24946812418311873,0.7402642591573294,0.010267616659551884,0.014268702489714066,0.014545494959413123,0.003125289970296813
0.0,0.7408242674185663,0.0,0.2591757325814336,0.01391208141561152,0.0,0.013912081415611519
0.1875,0.6365874886536116,0.18206017266758778,0.1813523386788007,0.015341420295434751,0.012233445149566166,0.012038168221645662
0.375,0.49049441097043234,0.36909392938001484,0.14041165964955274,0.016043610010827557,0.015942043287211854,0.010994054014150403
0.5625,0.37259471262914207,0.5556793181288521,0.07172596924200583,0.015050467626301876,0.015878825602573376,0.008279617160921952
0.75,0.24560734331546738,0.7407364234788777,0.013656233205654853,0.013627492871118693,0.01385371636505441,0.003705194024096201
0.0,0.7401255769324637,0.0,0.25987442306753633,0.013870322762683997,0.0,0.013870322762684002
0.1875,0.6362400387761016,0.18194039331573422,0.18181956790816417,0.015211030625064903,0.01242303640809322,0.01220218677637357
0.375,0.5183483479737915,0.36842196607714073,0.11322968594906772,0.015723899830931275,0.014955786992906579,0.010051278009086161
0.5625,0.37972926795761136,0.5559772130078052,0.06429351903458351,0.015236869638598098,0.015598039672686219,0.007617378270273587
0.75,0.2551228771715099,0.7397636372330949,0.0051134855953951916,0.01429413790087932,0.014290054938334951,0.0023176027945072323
0.0,0.7404002970497042,1.0649627263045794e-06,0.25959863798756944,0.013728462165567284,3.366023563211738e-05,0.013728566556344756
0.1875,0.63305698407724,0.18157375246385504,0.18536926345890475,0.015420852762682983,0.012129572183522555,0.012173577399190146
0.375,0.523390388712472,0.36829543405939025,0.10831417722813769,0.015535085096268096,0.015397364510491764,0.009748824290476792
0.5625,0.4008142047465504,0.5561581311105,0.04302766414294939,0.01576146490965181,0.01586571843446377,0.006308564302276848
0.75,0.2429467743800602,0.7411276359431553,0.01592558967678432,0.013574093672606539,0.013880137969450685,0.004183902932504451
0.0,0.7400251919924706,0.0,0.25997480800752937,0.01406626598001734,0.0,0.01406626598001734
0.1875,0.6321592473821342,0.1809445283893972,0.18689622422846855,0.015369536593954137,0.012299853494767863,0.012488190401811818
0.375,0.520154080213321,0.36743661300260244,0.11240930678407657,0.015446518389288273,0.015219456486123547,0.010183435471324206
0.5625,0.3895644448367757,0.5560559447749374,0.054379610388286856,0.015261706072925443,0.015456229672342866,0.007184439623546977
0.75,0.25632977605885887,0.7405176683853254,0.0031525555558157502,0.01415281500091598,0.014216365960302086,0.0017490273710176224
0.0,0.5835928666428545,9.633911368015413e-07,0.41640616996600877,0.014898284192566134,3.0449866337724675e-05,0.01489751979191785
0.1875,0.6127197702753607,0.18125200989574847,0.20602821982889077,0.015521896871653926,0.012195984398684691,0.012632990509697668
0.375,0.5190715346284226,0.3693956144100162,0.11153285096156128,0.015313044931464606,0.015039681786531787,0.00988411345919519
0.5625,0.4053738687729481,0.5545969376126882,0.04002919361436357,0.015649932959333368,0.015703995622062785,0.006213237847228595
0.75,0.24845535431263394,0.741191397221527,0.010353248465839026,0.013773133495713246,0.013865836700489312,0.003067610422143814
0.0,0.7401356413645026,0.0,0.2598643586354974,0.013733582181054969,0.0,0.013733582181054969
0.1875,0.6142925519735237,0.18026885368141643,0.20543859434505984,0.014977564322358994,0.012384987322840246,0.012447099529432114
0.375,0.49163671203103804,0.36833803767915235,0.1400252502898096,0.015619402510918678,0.01501243612523652,0.010446219989604872
0.5625,0.4005014333178513,0.5559799218833535,0.043518644798795136,0.015037461467351168,0.015295386263294202,0.006406487452948316
0.75,0.25337257507537886,0.7410664964793942,0.005560928445226933,0.013857838969512983,0.013928181022424933,0.002341751995095012
0.0,0.7400247655567189,0.0,0.25997523444328113,0.013873461259535286,0.0,0.013873461259535286
0.1875,0.6135466036162788,0.18027957715841794,0.2061738192253033,0.016128867549761068,0.01241158096748475,0.012985608538548845
0.375,0.5268993137868867,0.3677701676253573,0.10533051858775591,0.015369131336182895,0.015251863917994005,0.009606783573441495
0.5625,0.404580279633028,0.5549748028560786,0.040444917510893394,0.01574664598242411,0.015827646226297586,0.006194779434200189
0.75,0.25363995786645427,0.7397707154261002,0.006589326707445604,0.013295631071985507,0.013479508658158078,0.0026450330576711267
0.0,0.7412199773793445,0.0,0.2587800226206555,0.013969198413854814,0.0,0.013969198413854815
0.1875,0.6132747420567902,0.1806156820930725,0.20610957585013717,0.014864719640881922,0.011740740354935726,0.012640677494889025
0.375,0.5214408664550344,0.36834675439474984,0.11021237915021569,0.01624683552468184,0.015258251713229202,0.009793071663593047
0.5625,0.3806977980298922,0.5564346562601713,0.06286754570993638,0.01552395045663887,0.015795901029235317,0.007561334685990741
0.75,0.24869099472948406,0.7408721135257856,0.010436891744730274,0.013898276684758334,0.01418193838561845,0.003221089487309409
0.0,0.5834157809975905,0.0,0.4165842190024095,0.016559886104887508,0.0,0.016559886104887508
0.1875,0.6127634697554845,0.18070831581976518,0.20652821442475028,0.015410222170134345,0.012289378811361173,0.012624411269603295
0.375,0.5123317152964794,0.36792818082441797,0.1197401038791027,0.015187021279035252,0.014603536123260425,0.010357230990874645
0.5625,0.3793488682109835,0.5567243967260301,0.06392673506298635,0.015352956375791194,0.01575359300032483,0.007549079862308042
0.75,0.2479159591077127,0.7408876834854868,0.011196357406800549,0.013666652791929707,0.01392717452773939,0.0032131074095198497
0.0,0.7401074458873893,0.0,0.2598925541126107,0.013961900940060893,0.0,0.013961900940060891
0.1875,0.61294527118619,0.18134810421823652,0.20570662459557354,0.015362763565513582,0.011902874277561246,0.012729168162061799
0.375,0.517167586893889,0.369320986444754,0.113511426661357,0.015491373002712755,0.014845441994433927,0.009658821272286254
0.5625,0.3799179518871592,0.5564896964176329,0.06359235169520784,0.014640860049801283,0.015380743035066511,0.007548366385209542
0.75,0.247740588106695,0.7412275594615401,0.011031852431764872,0.013569515648212863,0.013804168836214142,0.0033055480038364712
0.0,0.7399258417091296,0.0,0.2600741582908705,0.014117113594272814,0.0,0.014117113594272817
0.1875,0.6155066086830469,0.18112546983933592,0.2033679214776173,0.015627828544124586,0.012231977510488663,0.012978653335029726
0.375,0.492055908578046,0.36871825501485056,0.13922583640710337,0.015731941675767698,0.01564870356637547,0.010599563708503228
0.5625,0.4024064971782241,0.5556472397842684,0.04194626303750751,0.015328836536288165,0.015615967758707687,0.0065477922781606995
0.75,0.2495620503923284,0.7401620583519698,0.01027589125570178,0.013614519126836817,0.013669758694713027,0.0032128787996538195
0.0,0.7402198768889533,0.0,0.2597801231110467,0.01361870974407312,0.0,0.01361870974407312
0.1875,0.6142025703829169,0.1813590946033928,0.20443833501369021,0.015678800598255948,0.012289879158619385,0.012993601956429193
0.375,0.5024453973091423,0.36814577905787166,0.129408823632986,0.015500228720445364,0.015381000233186493,0.010262468095323937
0.5625,0.40154203222884705,0.5542531567777143,0.044204810993438724,0.015662684742932257,0.016109612411315172,0.006439464500388957
0.75,0.25586856202773667,0.7399983267984649,0.0041331111737984965,0.013551400849863707,0.013697687399788827,0.0020553743185372404
0.0,0.7400264709220804,0.0,0.2599735290779196,0.014145590311724255,0.0,0.014145590311724259
0.1875,0.634432271265295,0.18038818590487524,0.18517954282982976,0.015367920259341855,0.01195327624392957,0.012346089786100755
0.375,0.4928523382831488,0.36858922949526013,0.138558432221591,0.015616337444059575,0.014903352659141621,0.011077048061146445
0.5625,0.38011819127238317,0.5568306847694147,0.06305112395820212,0.014990014767229628,0.015514287770021937,0.007752241334543065
0.75,0.252671647460879,0.7418847556215994,0.00544359691752153,0.013371050556161048,0.013498025517523013,0.0023337736604761225
0.0,0.7401620928625968,0.0,0.2598379071374031,0.013598160430266069,0.0,0.013598160430266073
0.1875,0.6361264871821039,0.18164659037815106,0.18222692243974506,0.01482872242139437,0.012150474442583433,0.012156227154022606
0.375,0.4937916132728309,0.36763763046264797,0.13857075626452123,0.016268753087962565,0.015056144046691639,0.01118884621502917
0.5625,0.3786807984545034,0.5555688911500313,0.06575031039546536,0.014971287467101496,0.015320538586283102,0.007927248127138341
0.75,0.2545551369518159,0.7395759664816179,0.0058688965665661084,0.014267376975504394,0.014536288544006045,0.00242914025017095
0.0,0.5835659925072494,0.0,0.41643400749275067,0.015769189522768495,0.0,0.015769189522768498
0.1875,0.6346659387429407,0.18060175054902577,0.18473231070803348,0.015179819716891151,0.012333067098123663,0.012260074595170428
0.375,0.5198652917420272,0.3670571956975539,0.11307751256041886,0.01621887602045334,0.0159914439935991,0.009890736185542079
0.5625,0.3802726566423311,0.5574064824003128,0.062320860957356075,0.015470754378114456,0.0159636084522075,0.0072962276221351105
0.75,0.25360465315364944,0.738866436340032,0.007528910506318588,0.014138533552956823,0.014208129018483439,0.0027502629854436493
0.0,0.7403776129929613,0.0,0.2596223870070387,0.0143979286894983,0.0,0.014397928689498296
0.1875,0.6159136398755719,0.18135502490133576,0.20273133522309228,0.015274552853833561,0.012030012700086025,0.012228590414001381
0.375,0.4964814883220073,0.3681660778704273,0.13535243380756537,0.0157586086557615,0.014923727732486874,0.010948604089833464
0.5625,0.3802703242520589,0.5558610165269442,0.06386865922099677,0.015269778675912024,0.015722894304714297,0.007515920828525681
0.75,0.25451249481514543,0.7401381506049772,0.005349354579877247,0.013550934768744988,0.013782352372446764,0.002307445164196355
0.0,0.7400667802020734,0.0,0.25993321979792666,0.013805100248074954,0.0,0.013805100248074957
0.1875,0.6132074435966498,0.18133213189213473,0.20546042451121554,0.015420529733338269,0.012337290613167759,0.012520480860032645
0.375,0.5206247014487844,0.36815044172734235,0.11122485682387324,0.015910671059226233,0.01506490493728234,0.009856374438709818
0.5625,0.3971979273146489,0.5556512549817821,0.04715081770356884,0.015255079354992408,0.015383288098532346,0.006784176394967253
0.75,0.24816705491309063,0.7410680657784389,0.010764879308470558,0.013801595019201262,0.013935240416010766,0.003212129229562948
0.0,0.7405415905250968,9.496676163342831e-07,0.25945745980728696,0.013972897636700296,3.0016107557985012e-05,0.01397191067072898
0.1875,0.6136546170068045,0.18035592394912134,0.20598945904407423,0.015603084027021392,0.011809151312147876,0.012780434770024891
0.375,0.49120728035559724,0.3685378225610052,0.1402548970833975,0.01579435533757695,0.01522495982272636,0.011185936826067536
0.5625,0.38019990653979036,0.557132819052009,0.06266727440820079,0.015249951290759626,0.016150650992473082,0.007561178878258761
0.75,0.24773158947233978,0.7401777236455716,0.012090686882088657,0.013928850155026404,0.014200272041921563,0.003405146920848018
0.0,0.7407417720501458,0.0,0.25925822794985426,0.014079403412137776,0.0,0.014079403412137776
0.1875,0.6284119220842203,0.18095425755557867,0.19063382036020113,0.014987761351451677,0.011947724135967603,0.012018222120876368
0.375,0.5176162144114148,0.3684526834280771,0.11393110216050806,0.015780097631580527,0.01538046404071464,0.009950570275400503
0.5625,0.4036132263230893,0.5542378771446873,0.042148896532223305,0.016066053650383567,0.016415087767831082,0.00638307882125648
0.75,0.24634143964439642,0.7415301464581724,0.012128413897431255,0.013275249132177981,0.013449483940078768,0.003368435564781477
0.0,0.7399826822982402,0.0,0.2600173177017598,0.013935935950811712,0.0,0.013935935950811709
0.1875,0.6371538292887333,0.1812845662049363,0.18156160450633044,0.015211711558591556,0.012207399171885416,0.012072931255606507
0.375,0.5229687568345186,0.36947581909466964,0.10755542407081174,0.015594409218016842,0.014866065667443992,0.00954877714832385
0.5625,0.36933539562156953,0.556704933570951,0.07395967080747944,0.014865157106160761,0.01566265586098886,0.008032914805240824
0.75,0.248179756175194,0.7413878414812473,0.010432402343558696,0.013716001740038978,0.013840235829595439,0.0032764595726850155
0.0,0.7400425043251083,1.0050251256281409e-06,0.259956490649766,0.013452142834258343,3.1765790209606244e-05,0.0134517792006319
0.1875,0.6311370625243652,0.18150915053913105,0.18735378693650379,0.014762671732559829,0.01186168452521495,0.011654297742887964
0.375,0.5159576932400757,0.36925700079459634,0.114785305965328,0.01614425852924745,0.015611959354275406,0.010228127969960536
0.5625,0.37573396765459693,0.5569939458902634,0.06727208645513966,0.014507891015717337,0.015112246217701712,0.007820612516866025
0.75,0.248541729960851,0.7410987885355973,0.010359481503551581,0.013563714068521023,0.013733738318256838,0.0031113711414594287
0.0,0.7408535180054214,0.0,0.2591464819945785,0.014074349072046953,0.0,0.014074349072046955
0.1875,0.6371273514306188,0.1811879163778945,0.18168473219148665,0.015332363818564863,0.011914763462339039,0.012406453115158412
0.375,0.5081573604953342,0.3678261264264179,0.12401651307824785,0.01565589529793147,0.01565829941456797,0.010136162566584147
0.5625,0.3800874052416037,0.5568508386599906,0.0630617560984057,0.014848234675277556,0.015746045607226904,0.007748234401789273
0.75,0.24910580384512918,0.7407809498068169,0.010113246348054066,0.014170070095791815,0.01430671013040639,0.003156834317522993
0.0,0.739638219638923,0.0,0.26036178036107704,0.013639300509957528,0.0,0.01363930050995753
0.1875,0.6166605051615166,0.18089810126430758,0.20244139357417582,0.015020652553336315,0.011917013819032493,0.012563440207984482
0.375,0.5261035128044448,0.36767072648288457,0.10622576071267063,0.015610335741057692,0.015002292246545621,0.01031468221662967
0.5625,0.3776766717341491,0.5547669350363692,0.06755639322948165,0.015131475494991841,0.015461551607183596,0.007706151351824196
0.75,0.2490785710854842,0.7411064457755641,0.009814983138951657,0.01338928463465977,0.013505296248182244,0.003156874186381161
0.0,0.740736296285135,0.0,0.25926370371486496,0.014018239967070353,0.0,0.014018239967070354
0.1875,0.6186166564373187,0.18056421130452427,0.2008191322581571,0.014801852903569127,0.012181264911205416,0.012730528716037295
0.375,0.5219835278211022,0.36743229043311504,0.11058418174578268,0.015718419556896207,0.015225523067756477,0.009476541150709693
0.5625,0.40469401525977045,0.5560627222475348,0.03924326249269485,0.015052694839353946,0.015650247453732998,0.00624247869128318
0.75,0.24385862798179,0.7416991619799896,0.014442210038220306,0.01289517850481068,0.013186547800697062,0.003641304104625227
0.0,0.5835813503125159,0.0,0.41641864968748404,0.01603575694158931,0.0,0.016035756941589308
0.1875,0.6181208151949941,0.18200056292812694,0.1998786218768789,0.015709618742392083,0.012735252853864464,0.012678240215293657
0.375,0.5231573713256815,0.3688538048991567,0.10798882377516171,0.016065481473311723,0.01560749960922563,0.009992982609648848
0.5625,0.385898647644231,0.555721853488147,0.05837949886762206,0.01537719943026853,0.01569185749997686,0.007559175874029737
0.75,0.24954640073026474,0.7408036063661089,0.009649992903626371,0.013034736944083839,0.01336775576083548,0.0031163965223057525
0.0,0.7402355200327498,0.0,0.25976447996725016,0.013295323784496046,0.0,0.013295323784496044
0.1875,0.6148406243480965,0.18154986997076675,0.20360950568113678,0.01578202495528503,0.012218538473985461,0.013068089601665308
0.375,0.4922732416929648,0.37018720575028646,0.13753955255674863,0.016172592617625398,0.015111369831572862,0.01091358424283457
0.5625,0.37190380462958106,0.5563307561411314,0.07176543922928762,0.015502698864217769,0.01547760152428112,0.008151868831077708
0.75,0.24906996015379296,0.7408904520767512,0.010039587769455792,0.01392434542288733,0.014057617971880872,0.0032179812440151197
0.0,0.7396195210917499,0.0,0.26038047890825006,0.013336216578704709,0.0,0.013336216578704714
0.1875,0.6354996837187775,0.1816857927391583,0.18281452354206418,0.014954539516572732,0.012265326859072903,0.012647780002956077
0.375,0.5039738053163222,0.3685371128524023,0.12748908183127555,0.015344058969542506,0.0152808559020657,0.010157929128665994
0.5625,0.3741549371518236,0.5562399256789743,0.06960513716920215,0.015434493366044306,0.015925291344109346,0.007803339439132013
0.75,0.2537348042135254,0.7408651943937316,0.0054000013927429456,0.0137609166384332,0.013913933392851763,0.0022766653796562134
0.0,0.7409448303386397,0.0,0.2590551696613603,0.014490061925105654,0.0,0.014490061925105659
0.1875,0.6206634753855094,0.18061558202162337,0.19872094259286724,0.014988290115778726,0.012119116572780277,0.012355956971236443
0.375,0.49945250776831124,0.3689142131342775,0.1316332790974112,0.01548856470618843,0.014983313712672358,0.010364952618414613
0.5625,0.4001733157279687,0.5563630960127999,0.0434635882592314,0.01567242977288335,0.01568348874513725,0.006562580081762323
0.75,0.24921398167386422,0.7406656924049069,0.01012032592122891,0.013533476749216324,0.013714106973493814,0.0031587715645215865
0.0,0.7394974496474452,0.0,0.26050255035255465,0.013844209916374733,0.0,0.013844209916374733
0.1875,0.6158586906138862,0.1805403534069248,0.203600955979189,0.015523487608596577,0.012127242663423897,0.012884413307850744
0.375,0.4912989187090687,0.3670660911070951,0.14163499018383613,0.015771490905925896,0.015077599207584762,0.010934953255559227
0.5625,0.381799978917933,0.5560785370845985,0.06212148399746846,0.015498339163054306,0.01592672449156849,0.007542082390289978
0.75,0.2465692548757635,0.7413006666643039,0.012130078459932603,0.013765617586516862,0.01393368548558237,0.0036943254646291013
0.0,0.7401656113550419,0.0,0.25983438864495806,0.014310055189579193,0.0,0.014310055189579196
0.1875,0.6268740700643589,0.18077002930414907,0.19235590063149202,0.014810031459551277,0.012536918846550718,0.012179390824304073
0.375,0.5177455849977471,0.368522094128068,0.11373232087418478,0.016148189349888244,0.01576943833814227,0.010142320125681637
0.5625,0.3791035965792632,0.5562846725362022,0.06461173088453463,0.015730512027156942,0.016369447934818905,0.007840263824371089
0.75,0.24564509488857197,0.7410552298824068,0.013299675229021209,0.013987040814435258,0.014165274427697763,0.0035072448965966156
0.0,0.7404489447604498,0.0,0.25955105523955024,0.013962968809851142,0.0,0.01396296880985114
0.1875,0.6370294647568155,0.18206962956490205,0.1809009056782825,0.01598097921978638,0.012576026454092658,0.01227449325652306
0.375,0.48013230049679856,0.3692795192690193,0.15058818023418208,0.016516183097762545,0.0160199566517672,0.011603554480573845
0.5625,0.38012552438769076,0.5563786194861673,0.06349585612614196,0.015134471836362746,0.015627533605834538,0.007745124204695672
0.75,0.24897331746539964,0.7401991699644418,0.010827512570158631,0.013917347175834816,0.014098875234132193,0.0033041433500399105
0.0,0.7401507108890976,0.0,0.25984928911090244,0.01347584279750455,0.0,0.01347584279750455
0.1875,0.6287742701253592,0.18180632890669102,0.18941940096794968,0.01522945104292284,0.012491719208996572,0.012170186858896573
0.375,0.5043939120315207,0.36882146392214404,0.1267846240463352,0.01588874039073971,0.015529626525457356,0.010486521162093325
0.5625,0.377907708407203,0.556271730259921,0.06582056133287606,0.015814100106245288,0.015708346152316637,0.007859326315493236
0.75,0.24459171847115954,0.7409323565280156,0.014475925000824865,0.013876390175818511,0.014186253777070335,0.003787734289248155
0.0,0.7411019651972235,0.0,0.2588980348027764,0.013391734314892349,0.0,0.01339173431489235
0.1875,0.6335555830408532,0.18182339899010372,0.18462101796904312,0.014891557872412878,0.01203650425367719,0.01203698120618852
0.375,0.5002226665933193,0.36853442075098203,0.13124291265569873,0.016092001086432765,0.015454010509953067,0.01040579472587919
0.5625,0.3781509808450403,0.5572358759496717,0.06461314320528802,0.015179676363777914,0.01579762616482482,0.007627806943249917
0.75,0.248283115358069,0.7406613754693795,0.011055509172551563,0.013175287845743157,0.013425895321524673,0.0032206978312165975
0.0,0.7405656489350511,0.0,0.25943435106494883,0.01434479780025164,0.0,0.014344797800251639
0.1875,0.6374250938394499,0.18127164920982694,0.1813032569507231,0.015570983258977149,0.012191938955618879,0.012275401792094572
0.375,0.4927780780950896,0.368457961310139,0.13876396059477134,0.015624851161843563,0.015584072822006948,0.011096540427732903
0.5625,0.3783195530699674,0.5573168341924418,0.06436361273759081,0.014718790582576458,0.014922087242995217,0.007497183800891031
0.75,0.24875499038915314,0.7402400740718712,0.011004935538975783,0.013283912514011939,0.013320157005947669,0.003436901317928473
0.0,0.7410022902921387,0.0,0.25899770970786123,0.014299382441874342,0.0,0.014299382441874342
0.1875,0.6375205626028532,0.18212557888718164,0.18035385850996516,0.01591319339501638,0.012030665349536701,0.012844303346682443
0.375,0.4757170356525728,0.3706047474882733,0.15367821685915387,0.015802926015589913,0.015364569326684382,0.011278151065533865
0.5625,0.37902666727783424,0.5562883578329443,0.06468497488922148,0.015278602144465898,0.015809987242039417,0.00760342979901885
0.75,0.24882313628565522,0.7409837985161436,0.010193065198201135,0.013671919160119846,0.013860048967457288,0.0030504501587132193
0.0,0.7404273098539925,0.0,0.2595726901460076,0.013710390803981938,0.0,0.013710390803981936
0.1875,0.6119847858616299,0.18083574129122756,0.20717947284714266,0.016344604241725666,0.012033308691579155,0.013489249461103641
0.375,0.5058954807969344,0.36845148103251485,0.12565303817055082,0.01569019425328729,0.0158692047024716,0.010781313814363595
0.5625,0.3801030943747095,0.5563033306039772,0.06359357502131323,0.01595692150319553,0.016442481349618877,0.007563686037611128
0.75,0.25358792259350504,0.7410288096034432,0.005383267803051819,0.013732068077475389,0.013928878670062672,0.0022043114440565706
0.0,0.7399701782459329,0.0,0.26002982175406697,0.01406035335714071,0.0,0.014060353357140712
0.1875,0.6328031246017028,0.1814377105470935,0.18575916485120358,0.01492710980872429,0.01243379688250115,0.012288732296159075
0.375,0.49660512729014594,0.36832427610477364,0.13507059660508042,0.015687541760510598,0.015253996763053893,0.010866741434306859
0.5625,0.40070565947238224,0.5552714264361771,0.044022914091440685,0.015472273145299316,0.015592249984895045,0.006401568048824858
0.75,0.24783747041378495,0.7413327654969882,0.010829764089226757,0.01367554394283524,0.013781106950136136,0.0033407265617474433
0.0,0.7408373067364393,0.0,0.2591626932635606,0.013908921865697668,0.0,0.01390892186569767
0.1875,0.6135070780173609,0.18117966002861147,0.20531326195402763,0.015429688299060256,0.012096209480226017,0.01302046373171902
0.375,0.5276277144315149,0.36878630210694757,0.10358598346153751,0.01564132667204711,0.015339343030087016,0.009516385005167553
0.5625,0.3771564117330769,0.5564591599394184,0.06638442832750462,0.015342246892455386,0.015492279732982872,0.008026149953272678
0.75,0.24284435565834833,0.740322376576825,0.0168332677648267,0.013558014407873105,0.013605013191974887,0.004054508415911341
0.0,0.7398637036421739,9.66183574879227e-07,0.26013533017425117,0.013444930466533464,3.053812681986301e-05,0.013445190179690883
0.1875,0.616769802797307,0.180676525444425,0.2025536717582679,0.015019783146053884,0.012157373117782123,0.012825890461175746
0.375,0.5239273492066959,0.3688651488220539,0.1072075019712502,0.01578375984731307,0.01491304986648871,0.009704420151285574
0.5625,0.38525675744596966,0.5559548738227583,0.05878836873127193,0.01521254117589353,0.015254098574037705,0.007616730120005588
0.75,0.24790939682880692,0.7412272336360667,0.010863369535126365,0.013377620496540888,0.013561411208862973,0.0033443540154193185
0.0,0.7400187562097624,0.0,0.2599812437902376,0.013684730937654033,0.0,0.013684730937654033
0.1875,0.6130073950740977,0.18166153818877684,0.20533106673712548,0.01562849283409857,0.011636752508148334,0.013191695287741258
0.375,0.5122417259582992,0.36704832316492364,0.1207099508767771,0.016158659370650686,0.015291560415216482,0.010167976874748363
0.5625,0.4035352767547844,0.55453688854141,0.04192783470380553,0.01574700708870384,0.016178913669670822,0.0063282101136040506
0.75,0.24975196797596458,0.7411492200264854,0.009098811997549956,0.013621828165009304,0.013929646211498376,0.0029984238113015408
0.0,0.7403334498800623,0.0,0.2596665501199377,0.014243613065109267,0.0,0.014243613065109269
0.1875,0.6147258835174959,0.1803182794998513,0.2049558369826527,0.015073062995981627,0.011994170234969742,0.012410591120949594
0.375,0.5219741363899296,0.3688876591718384,0.10913820443823197,0.015120360617523854,0.014558290035964384,0.009909217868469416
0.5625,0.3985928581672053,0.5555700834107162,0.04583705842207844,0.01538822862705772,0.015953102213481927,0.006504394589014758
0.75,0.24526128810463688,0.7405655451896658,0.014173166705697337,0.013744107175474524,0.013906214042065396,0.003675028618537207
0.0,0.7394906516116553,0.0,0.2605093483883448,0.013519271841973653,0.0,0.013519271841973655
0.1875,0.6134258353608328,0.18064418769168103,0.20592997694748616,0.01559451033175842,0.011895168175425387,0.012892652449911543
0.375,0.49205175769453674,0.36982463644256736,0.13812360586289593,0.016460373342256366,0.015616538061690865,0.010652034984725904
0.5625,0.37765118320355157,0.5568639001297185,0.06548491666672988,0.01560529576701978,0.016234269796877938,0.008128010536254969
0.75,0.25635928672428426,0.7404695878307284,0.0031711254449872353,0.014079877660480255,0.014101322933376643,0.0018419770070059105
0.0,0.7403698328645553,0.0,0.25963016713544473,0.014041383904308615,0.0,0.014041383904308619
0.1875,0.6206501786475744,0.1803400998962573,0.19900972145616824,0.014863159410236302,0.012049405880210189,0.012393103769488148
0.375,0.5092645309482081,0.3691725139093888,0.12156295514240308,0.01585400190438419,0.01484760539950463,0.0104541114694068
0.5625,0.3900819765952052,0.5561713051684255,0.05374671823636926,0.016162717146733927,0.016549853085813918,0.006920215778859713
0.75,0.24742890791241995,0.7413082284468013,0.011262863640778756,0.013757424620078541,0.013846756617940032,0.003345310317795891
0.0,0.7407556827782298,0.0,0.2592443172217702,0.013783073145754868,0.0,0.01378307314575487
0.1875,0.6288106411183952,0.1816931019854242,0.18949625689618046,0.015113482545482034,0.01215820325980329,0.012426678826915538
0.375,0.49884946546614983,0.3674334069860484,0.1337171275478018,0.0162644504675869,0.015831827446020415,0.010645849178806758
0.5625,0.3790253989734912,0.5571605862221868,0.06381401480432207,0.015079138710903833,0.015617155444766622,0.007927990432458091
0.75,0.24964154197322486,0.7405317286379411,0.009826729388833964,0.013684159695446795,0.013915242958866909,0.003200387984838484
0.0,0.7407308681407807,0.0,0.2592691318592193,0.014033035604024094,0.0,0.014033035604024096
0.1875,0.6323400129093636,0.1806685340272131,0.18699145306342319,0.014976272572169682,0.012010431757581588,0.011913695621170542
0.375,0.5196918283080386,0.3682746695606181,0.11203350213134337,0.01596101005702876,0.014993591634470251,0.010081088109938652
0.5625,0.377052246603809,0.5550580713929294,0.06788968200326155,0.014974716785520484,0.015673352916562435,0.007886245939913876
0.75,0.24884482456737134,0.7410425384769694,0.010112636955659265,0.01378974361802244,0.013914803298998015,0.003185319025724031
0.0,0.74099162072212,1.0111223458038423e-06,0.2590073681555341,0.013395095774211316,3.195850481148456e-05,0.013395832951992849
0.1875,0.6152452878703955,0.18122755868500004,0.20352715344460448,0.01503280724009222,0.011320038365409383,0.012740693162626557
0.375,0.5185543130831707,0.36789412026615936,0.11355156665066994,0.016246203010484017,0.01539883444593766,0.010237374993852112
0.5625,0.38143388676096207,0.5567982183954323,0.06176789484360569,0.015224068755764228,0.015732564247543934,0.007462220395043816
0.75,0.2498028271519743,0.7399749406134163,0.010222232234609389,0.013834933572270815,0.014123052615420744,0.0030914046423392216
0.0,0.740386589423971,0.0,0.2596134105760291,0.014034345045312865,0.0,0.014034345045312866
0.1875,0.6147739463116889,0.1806346571265873,0.20459139656172398,0.015322975740411748,0.011732755510530579,0.012559546955285569
0.375,0.502920296139839,0.3675222508124343,0.12955745304772665,0.01596443984918423,0.01470205124572501,0.010918125787412518
0.5625,0.398264259323509,0.5555960912158635,0.0461396494606275,0.015620483346868023,0.01562247215988463,0.006754482254475879
0.75,0.24862697447374113,0.740399779267427,0.01097324625883183,0.013723821502489702,0.013588997311177443,0.0033051706645470117
0.0,0.7403885201879309,1.0395010395010395e-06,0.2596104403110296,0.014245482071116242,3.2855469083740346e-05,0.014244742162384716
0.1875,0.6382925561436233,0.18173411631977246,0.17997332753660425,0.015234137286816343,0.011809728272028249,0.012339740932001705
0.375,0.48962670340593073,0.36973134986644435,0.1406419467276249,0.015585757427665665,0.01580366947395639,0.01090900149800698
0.5625,0.38059684178889364,0.5561942720851363,0.06320888612597005,0.014894666348459668,0.015447563123640557,0.00744935293240946
0.75,0.24765108519397216,0.7408265502102592,0.011522364595768619,0.013404340603072395,0.01361457854561905,0.0032976162337594074
0.0,0.7405250850134019,0.0,0.2594749149865982,0.01351466647766591,0.0,0.013514666477665908
0.1875,0.6365461199133076,0.18105355986247446,0.182400320224218,0.014823184620656269,0.012088801580515568,0.01204917896240469
0.375,0.48911909640936446,0.36881262000278614,0.1420682835878493,0.015423193477310193,0.015048677416830343,0.011391309170865048
0.5625,0.3941950051857226,0.5537492393801708,0.05205575543410656,0.015805670350849885,0.015582101943330175,0.006851590886543894
0.75,0.2531147492473121,0.7400723648773301,0.006812885875357855,0.013899494459813078,0.013996911330872677,0.0025134620922002285
fixed rate,success rate,failure rate,error rate,success std,failure std,error std
0.0,0.7402215858273453,0.0,0.25977841417265474,0.013114641515096346,0.0,0.013114641515096342
0.1875,0.6145028587476286,0.1800566322090126,0.20544050904335887,0.015672401678356988,0.012123646609683736,0.012689536790838027
0.375,0.4752756609631042,0.37060792050877783,0.15411641852811792,0.016160051440380793,0.015404740042037754,0.011397872844931895
0.5625,0.38034094650368777,0.5560626817837229,0.06359637171258932,0.015299168761855176,0.015490754138043475,0.007680457858104537
0.75,0.25357844633116106,0.7395562325852368,0.006865321083602161,0.01359303839848818,0.013751215382766342,0.0026123931510043255
0.0,0.7404174636906375,0.0,0.25958253630936245,0.014035718632954547,0.0,0.014035718632954547
0.1875,0.6151733195050088,0.18031759311822435,0.20450908737676682,0.015671313182919935,0.01258819229225224,0.013092678836885696
0.375,0.5093308895301172,0.3684860058865752,0.12218310458330764,0.015736978898805053,0.01564623202539166,0.010518123958629298
0.5625,0.3812253619299792,0.5556752192390033,0.06309941883101738,0.015492735608991481,0.015879617184441554,0.007632678332123364
0.75,0.2579249225723181,0.7407486217565975,0.00132645567108439,0.014845308210623529,0.014772289563380938,0.0011335912417713525
0.0,0.7404373261809507,9.881422924901185e-07,0.25956168567675686,0.013288264099630907,3.123217515667807e-05,0.013288350580178892
0.1875,0.63649955481517,0.18250428827269785,0.1809961569121321,0.01512297363640944,0.012138765114441208,0.01222645587238382
0.375,0.49314449518349,0.3684836905337027,0.1383718142828073,0.016095409184514697,0.015806088716169602,0.010879333586995664
0.5625,0.3762277938582133,0.5565322977392277,0.06723990840255885,0.015466489992096615,0.016242176928412178,0.008157029919839054
0.75,0.25008924243183045,0.7395614106085773,0.010349346959592314,0.013872744083970398,0.013972278535728693,0.0032427162653425735
0.0,0.7401066324399039,0.0,0.25989336756009596,0.013872822383887753,0.0,0.013872822383887751
0.1875,0.6156999995755266,0.18079981444033577,0.20350018598413766,0.01526130564437083,0.011588884321611898,0.01313392931501649
0.375,0.5246454835217683,0.369038504646763,0.1063160118314686,0.015446363617996145,0.014851430956028698,0.009760708069295238
0.5625,0.38123516049686057,0.5550456323144242,0.06371920718871536,0.015303914450916136,0.015927192487436955,0.007769439139497768
0.75,0.2567951615842591,0.7411421940801095,0.0020626443356313133,0.014075613242818159,0.014094703152427597,0.0014666889024692055
0.0,0.7400822518611128,0.0,0.25991774813888724,0.013581206553502033,0.0,0.013581206553502034
0.1875,0.6329094822392981,0.18122750922701414,0.1858630085336878,0.015051634266506431,0.011634377438216976,0.011992497547120876
0.375,0.5021226919243851,0.3688702101440448,0.12900709793157017,0.016135942570296335,0.015660494154959927,0.01073420318263134
0.5625,0.38003123963140706,0.5572176294161564,0.0627511309524365,0.016272056554142815,0.016575658079620283,0.0076358092927836015
0.75,0.23996514347462722,0.741892757513241,0.018142099012131794,0.013443210897491887,0.013644069145722117,0.004286970927220263
0.0,0.7398586983953614,0.0,0.2601413016046385,0.01380029970261071,0.0,0.01380029970261071
0.1875,0.6332589259295396,0.1812624309517092,0.18547864311875115,0.015707090228789192,0.01229659485732902,0.012477596990541793
0.375,0.49785878580192655,0.36784073654156785,0.13430047765650563,0.015913211280372156,0.0153653833574768,0.010832561090032044
0.5625,0.37586379848893037,0.5576955148497493,0.06644068666132039,0.015329400028231606,0.014879954731054459,0.007793034846113774
0.75,0.24674890175576894,0.7417992793535194,0.011451818890711583,0.013438170781824564,0.013697689280687148,0.0033519725039784037
0.0,0.7394061184723586,0.0,0.2605938815276414,0.013605610192786808,0.0,0.013605610192786811
0.1875,0.6148157772575799,0.18141959332160393,0.2037646294208162,0.015444744965574768,0.012408322636453032,0.012877921602408023
0.375,0.49367260945234864,0.3681052712319105,0.13822211931574088,0.015903366104305806,0.015769423385763103,0.011173988223814966
0.5625,0.40323702161446145,0.5551893786940719,0.04157359969146658,0.015691309034177415,0.0159746464051236,0.006462968131782386
0.75,0.2477605212121575,0.7404977393878879,0.01174173939995462,0.013201260415470435,0.013326983998023127,0.0033808383605162975
0.0,0.7403099673017791,0.0,0.2596900326982209,0.013910861102564806,0.0,0.013910861102564806
0.1875,0.6383839856994371,0.18134995066132403,0.18026606363923894,0.014946822494918459,0.01193488665475332,0.011999227039710347
0.375,0.4918576200466322,0.3695823536463755,0.13856002630699235,0.01607654535125605,0.015563051478619614,0.01076364063742873
0.5625,0.3870503083173528,0.5560074686251343,0.05694222305751288,0.015421895080377342,0.01581536569859159,0.007267835715896011
0.75,0.2466290595754026,0.7419823049186458,0.01138863550595151,0.013836759921602075,0.013993626588040558,0.0032562079918971015
0.0,0.7410147115400788,0.0,0.2589852884599212,0.013593723818573935,0.0,0.013593723818573935
0.1875,0.637407994454192,0.18325937257445288,0.17933263297135504,0.015185733997154569,0.01207540171599373,0.01253828301574358
0.375,0.5179714583495227,0.3688503767345493,0.11317816491592791,0.015971253423516584,0.015436998233980464,0.010106581004469572
0.5625,0.38492262059540544,0.5559685594994321,0.05910881990516245,0.015023615757468967,0.015084929670880197,0.007258477342895945
0.75,0.2495924051597518,0.7398678443270188,0.010539750513229378,0.01356546060614796,0.013867290255334333,0.003284662210853965
0.0,0.7404453380491578,0.0,0.25955466195084215,0.013439288457242588,0.0,0.013439288457242595
0.1875,0.6130462022921204,0.1813356804436551,0.20561811726422452,0.015538225208535834,0.012004458113334332,0.012303519627484808
0.375,0.5190026755072183,0.36818306318177685,0.11281426131100489,0.01551527211248397,0.014436876721651915,0.009371257404767136
0.5625,0.38040406551246275,0.5564903479534568,0.06310558653408053,0.015496899753729771,0.015700437954165748,0.007816509692570237
0.75,0.2476885331405536,0.7415284538696064,0.010783012989839849,0.01356535293033406,0.013639296395338615,0.003299940597453539
0.0,0.7402277490896777,0.0,0.2597722509103223,0.014210631950555372,0.0,0.014210631950555372
0.1875,0.6141998196660311,0.18047683999971637,0.20532334033425245,0.015445599513880958,0.011128079866786229,0.01286377333148476
0.375,0.4941178017222213,0.36879074534615447,0.13709145293162425,0.01578003679947133,0.015138762255408608,0.010791650767357136
0.5625,0.4009668369160986,0.5570338438745905,0.04199931920931091,0.015340018049333371,0.01589709369391194,0.006449096715867075
0.75,0.24533460776503735,0.7420818288576434,0.012583563377319173,0.013379954984864108,0.013711895422316602,0.003551293319723893
0.0,0.7401143948541171,0.0,0.2598856051458829,0.01367111931579396,0.0,0.013671119315793965
0.1875,0.6266671244854438,0.18095029279858482,0.19238258271597145,0.014857508072541735,0.012005658364965678,0.012061001143847167
0.375,0.49789986968710975,0.36869303087395844,0.13340709943893184,0.015591717020730799,0.014834656391415048,0.010768997975729618
0.5625,0.3999930528617987,0.5548637327093322,0.045143214428869025,0.015640716332622682,0.01593983392338165,0.006736933364299195
0.75,0.25265049355242775,0.7399992302820745,0.007350276165497757,0.01371900139211371,0.013947439929959813,0.0026423011408610595
0.0,0.7399012607669483,0.0,0.26009873923305155,0.012668111060689902,0.0,0.012668111060689902
0.1875,0.635767327888999,0.18208622335949756,0.18214644875150338,0.015314258515220646,0.01204324701966237,0.012086113082455534
0.375,0.5147524980963919,0.3689533503907866,0.11629415151282153,0.016290732420914767,0.015717875514969358,0.010577117283910111
0.5625,0.3804568013971673,0.5558089978178022,0.06373420078503043,0.015209365891299875,0.01570967309801523,0.007590870819816823
0.75,0.2442986879765183,0.7412875864126345,0.01441372561084717,0.01343354624325314,0.013513209042521485,0.003729558058749252
0.0,0.7404174943770925,0.0,0.2595825056229075,0.0135945549482652,0.0,0.013594554948265202
0.1875,0.6133495541982387,0.18035046075305894,0.20629998504870237,0.015252071460538766,0.0120286111885442,0.012778093543207867
0.375,0.5002079442699012,0.36798689593728684,0.13180515979281193,0.016049245507064516,0.015473054687689494,0.01093739270825296
0.5625,0.39883947310511286,0.554899732281126,0.04626079461376115,0.014843156773208487,0.015429473124448855,0.006544303956371529
0.75,0.24638147395067278,0.7410592600612648,0.01255926598806243,0.0133512760881391,0.013646604467488166,0.0037352563497419096
0.0,0.739852711201117,0.0,0.2601472887988831,0.01403565017273345,0.0,0.014035650172733454
0.1875,0.6135193026188852,0.18180738260386345,0.2046733147772512,0.015365907765260678,0.012280221622715812,0.012613134429775498
0.375,0.5078652011379046,0.36910314892691803,0.12303164993517739,0.015757549862411704,0.016130316031687675,0.01041900875011494
0.5625,0.3808313103484069,0.5555123547128665,0.0636563349387265,0.015377787291250132,0.015659464339455368,0.007572099958702268
0.75,0.24661101487063503,0.7415330386360055,0.0118559464933595,0.013687822060463853,0.013817194257952565,0.003535127221137235
0.0,0.740390626601815,0.0,0.2596093733981851,0.013327758227914661,0.0,0.013327758227914661
0.1875,0.6361467595253335,0.18183998700207274,0.18201325347259364,0.015943892432958358,0.01232301995243644,0.012249114886245492
0.375,0.49174101699402367,0.369303624869691,0.13895535813628535,0.01643752409512682,0.015424710477901343,0.010995731225458447
0.5625,0.3801826620971016,0.5563147582074669,0.06350257969543141,0.015462032832256679,0.01575528335497392,0.007894952462242236
0.75,0.24211482725883188,0.741771719845548,0.016113452895620085,0.013980118006300371,0.01422112537227162,0.003935491555417923
0.0,0.7402567277634751,0.0,0.25974327223652505,0.013732414432547276,0.0,0.013732414432547276
0.1875,0.6239163929656132,0.1810657162367811,0.19501789079760573,0.015322445274557029,0.011811016831116026,0.012733883257419443
0.375,0.5064655022560517,0.36829832742895013,0.12523617031499817,0.016299200097789446,0.015808388969327247,0.010871104301037467
0.5625,0.3765640826416536,0.556275907882057,0.06716000947628943,0.01518340251870836,0.01576566441344167,0.007813078561194812
0.75,0.24865857520684415,0.7409191289506573,0.010422295842498609,0.013640880754180988,0.013646944575111005,0.003101653101095117
0.0,0.740917431835617,0.0,0.25908256816438296,0.01435458520494398,0.0,0.01435458520494398
0.1875,0.6362971409994713,0.18200405131026354,0.18169880769026503,0.015004203606683716,0.012165150591435763,0.011986164905357626
0.375,0.4924243114615805,0.3688168324224401,0.13875885611597935,0.015659023731953436,0.015314450637975334,0.010728514958565812
0.5625,0.3955059399022456,0.5557365142042447,0.04875754589350969,0.01568084059452496,0.015872426122862594,0.00677815325555246
0.75,0.2501735861052381,0.7403619542196391,0.009464459675122884,0.01367815533587279,0.014010741933529183,0.003104957918501535
0.0,0.7409895182523576,0.0,0.2590104817476423,0.01306678286560512,0.0,0.013066782865605121
0.1875,0.6138594968703462,0.1813894206988491,0.20475108243080462,0.015385836082800333,0.012228015706596545,0.01264370342014884
0.375,0.49445731179852703,0.3695003723147009,0.1360423158867721,0.016638515657912537,0.016058943431817102,0.011169376434429591
0.5625,0.3776973806340597,0.5573318873403916,0.06497073202554861,0.015031144621858802,0.015445509793913414,0.007845131560324892
0.75,0.24610348867612822,0.7407725583624002,0.01312395296147148,0.013874347851837162,0.014200826153557548,0.003702219544714074
0.0,0.7409764177896946,0.0,0.25902358221030547,0.013929796912655624,0.0,0.013929796912655628
0.1875,0.6370087497088331,0.18170866467572047,0.1812825856154463,0.01551587238297855,0.012342573567688303,0.01204598743090101
0.375,0.49130585687891143,0.3685320755806236,0.14016206754046492,0.015065920752927854,0.015259599701924979,0.011135735636690089
0.5625,0.37466703976528093,0.557718405255719,0.06761455497900001,0.015393223429186566,0.016156194579194316,0.008218212538376226
0.75,0.2479307557373289,0.741168042498543,0.01090120176412822,0.014257294227993409,0.01452482635114539,0.0032120787099301903
0.0,0.7405994761754121,0.0,0.25940052382458795,0.013806000225621284,0.0,0.013806000225621281
0.1875,0.6339015816200609,0.18227126829162055,0.1838271500883185,0.015274824499138747,0.012611095595112412,0.011889911781454102
0.375,0.5145765434616225,0.3681162336862933,0.11730722285208418,0.01594114401721174,0.015586854614020974,0.010579859883892043
0.5625,0.37756261836252614,0.5567398209158482,0.06569756072162562,0.015322636226653384,0.015526182700448865,0.007713517852099719
0.75,0.24676685638469073,0.741598502863339,0.01163464075197035,0.013877655455790353,0.01401091377700284,0.0032974731282107332
0.0,0.7406786908615722,0.0,0.2593213091384278,0.013707979117026236,0.0,0.013707979117026238
0.1875,0.6157679283648124,0.18091016146235148,0.20332191017283602,0.015885857096636802,0.012220542605532611,0.013125325940439235
0.375,0.4931116245603439,0.36841560067812873,0.13847277476152736,0.01582170753414345,0.015404370922027216,0.010727033566155043
0.5625,0.3793489418706027,0.5566206381684952,0.06403041996090215,0.014678757064221747,0.015162534708637309,0.007959972570266894
0.75,0.258137574598511,0.7402144220576949,0.0016480033437939897,0.014277862215296432,0.014298080994097725,0.0013097023913611133
0.0,0.7405763178873267,0.0,0.2594236821126733,0.013579860102766567,0.0,0.013579860102766567
0.1875,0.6306101257647702,0.1819582685890815,0.18743160564614825,0.015748378169863488,0.012352306884561187,0.012233642908095876
0.375,0.49823258530216746,0.3689813562514662,0.13278605844636632,0.016368872235414042,0.015666224590101935,0.010725158611965182
0.5625,0.3796855703900984,0.5556345301326707,0.06467989947723081,0.01489047976200982,0.015705992095979972,0.007448992645224479
0.75,0.2518527368795323,0.7410257530290183,0.0071215100914494055,0.013709150448291725,0.013846481049593622,0.0027689559083608904
0.0,0.7402475993947308,0.0,0.25975240060526916,0.01366054661441703,0.0,0.013660546614417032
0.1875,0.6162759641348816,0.18109936687512812,0.20262466898999024,0.015420661020976924,0.012181745417589469,0.012955407409410959
0.375,0.49146005195159215,0.3690996298322684,0.1394403182161394,0.016123300024325583,0.015901895540620548,0.011157505825854576
0.5625,0.3806094614970073,0.556287301564757,0.06310323693823558,0.015242942806181142,0.015219671534829757,0.007692080251807245
0.75,0.24741808570404253,0.7408572571400218,0.011724657155935713,0.012926345687475851,0.013277504221595904,0.003288322449978642
0.0,0.7397046170886107,0.0,0.2602953829113893,0.013966043027918797,0.0,0.013966043027918797
0.1875,0.6167357287417544,0.18141983687064964,0.20184443438759586,0.01533751652906322,0.012384798679686181,0.012564689742334352
0.375,0.4900762281445835,0.3695558024301269,0.14036796942528948,0.015627980219562153,0.01533576193815153,0.010679541466730348
0.5625,0.3815147902091041,0.5565885771312065,0.06189663265968945,0.015671891486659744,0.015738284233572927,0.0076622419778679335
0.75,0.25492189577407776,0.7412618321523635,0.0038162720735588893,0.013648339328149206,0.013730994158294162,0.0019655803122485874
0.0,0.7396646589837136,0.0,0.2603353410162864,0.013606574306779137,0.0,0.013606574306779137
0.1875,0.6156371063103563,0.18061380178869482,0.20374909190094884,0.015149692030434163,0.012247182461009084,0.013173551159123149
0.375,0.5259294386846425,0.368724332553645,0.1053462287617125,0.015874781744451397,0.015293289001361576,0.009414161119602048
0.5625,0.38594720059501486,0.556621419974321,0.057431379430664044,0.015179891960605893,0.015306080585822767,0.00762575280875647
0.75,0.24938222602397223,0.7404379668639914,0.0101798071120364,0.013510467255197889,0.01359327279031896,0.0032068305582369
0.0,0.7401621104317982,0.0,0.2598378895682017,0.01378771555123519,0.0,0.01378771555123519
0.1875,0.6117218293271715,0.18167920559860648,0.20659896507422207,0.015383937524619716,0.01178790488315368,0.013157848423625756
0.375,0.5037668479150601,0.3683436020142171,0.12788955007072283,0.015456803112587372,0.014953092995447264,0.009921970594197546
0.5625,0.3787604048378738,0.5551458393743149,0.06609375578781121,0.015554128229302648,0.015760849283977113,0.007940011892742363
0.75,0.2528417642308631,0.7412321407877294,0.005926094981407527,0.013291071607250451,0.013364180749661865,0.002389323618025137
0.0,0.740319365228999,0.0,0.25968063477100095,0.013603857248786499,0.0,0.0136038572487865
0.1875,0.6249413221061518,0.18054048869160721,0.19451818920224098,0.015719680744874807,0.012497026927232492,0.013054890725469562
0.375,0.49342455760743464,0.3692551773292975,0.13732026506326783,0.015860479906204792,0.015199864911933933,0.010964336995263325
0.5625,0.3911210613266338,0.5559075209487179,0.05297141772464824,0.015559577944401042,0.016055539837395168,0.007502104576699896
0.75,0.24869341534270545,0.7405276235948186,0.010778961062476014,0.014030120837514821,0.014303814511403772,0.003335033175893784
0.0,0.7396518497269761,0.0,0.260348150273024,0.014107399010618736,0.0,0.014107399010618738
0.1875,0.6378825741399339,0.1820673806999585,0.1800500451601075,0.014558461462355617,0.011832006423085335,0.01183037680313108
0.375,0.5114925494248471,0.36938106035592316,0.11912639021922972,0.01587451560193867,0.014874255427886616,0.010532287354435132
0.5625,0.4004589137356187,0.5564786443124322,0.04306244195194901,0.015222142988726988,0.015490358156700933,0.006445974096703286
0.75,0.2560185392033837,0.7409686282600991,0.0030128325365173037,0.01377095397627471,0.013823304877577979,0.001680744466348311
0.0,0.7406675467710901,0.0,0.2593324532289097,0.013538510205650991,0.0,0.013538510205650991
0.1875,0.6353960568843797,0.1824903878764133,0.182113555239207,0.015194896193064434,0.011978704348991126,0.01229689500936418
0.375,0.49304932689081554,0.36842178872222325,0.13852888438696118,0.01536875636674993,0.015661267276678877,0.010976802687435568
0.5625,0.39763744564653825,0.5568427973103257,0.04551975704313599,0.015758515349626672,0.015321717047159188,0.006636244905161984
0.75,0.2525781907069596,0.7400417788674845,0.007380030425555923,0.013841165124389805,0.014051515573875982,0.0026958190229777732
0.0,0.7399630400703584,0.0,0.26003695992964154,0.014007185652984375,0.0,0.014007185652984375
0.1875,0.6125504813378743,0.18118255815311254,0.20626696050901308,0.015624830395000951,0.011863952230384864,0.012831380629813803
0.375,0.497326242247575,0.3687120183519538,0.13396173940047112,0.015874523906500473,0.015328167637600403,0.010859990485471373
0.5625,0.3989629886423432,0.5548557866877902,0.0461812246698667,0.015464331770753945,0.015797054759367348,0.006813783281966587
0.75,0.24247256872895395,0.7413102785967465,0.016217152674299583,0.01324162623253859,0.013411439369320217,0.003943531264680976
0.0,0.7404935455594188,0.0,0.2595064544405811,0.013531626910182063,0.0,0.013531626910182065
0.1875,0.6146177384246236,0.18064859061199173,0.20473367096338466,0.014923506741929151,0.011610867795957554,0.01257069859704622
0.375,0.4756103622665945,0.37040776917910295,0.1539818685543026,0.015722885799517233,0.01533725587036277,0.011358997266995364
0.5625,0.3985478047095796,0.5546359718302456,0.046816223460174784,0.01541795570401805,0.015790098783341814,0.006667515858401781
0.75,0.24414254331810417,0.741374511985171,0.01448294469672469,0.013876142781469277,0.014114756772120263,0.003807383820810147
0.0,0.7396797615340153,0.0,0.26032023846598473,0.014762716223958841,0.0,0.014762716223958843
0.1875,0.6137515719668128,0.181587589471113,0.20466083856207415,0.015130167057818528,0.012261652895602443,0.013098745781577685
0.375,0.48807964910952434,0.36867694671031775,0.14324340418015785,0.015709690281842607,0.01506681377981021,0.010841729146499737
0.5625,0.4017988209785316,0.5545520971343799,0.043649081887088555,0.015623951921191438,0.015514303005971833,0.006358028568934397
0.75,0.24881738643307927,0.7413221379425131,0.009860475624407531,0.013381383588551947,0.013652632920336713,0.0032596004317599785
0.0,0.7403842179091514,0.0,0.2596157820908486,0.013959204054969374,0.0,0.013959204054969376
0.1875,0.6142054333725584,0.18134490118879568,0.20444966543864582,0.01543471166070905,0.01183380893640942,0.012593798326626073
0.375,0.5133096578558475,0.36911736984870386,0.11757297229544877,0.01533383133816548,0.015382094213039103,0.010559349112276347
0.5625,0.3795065846766619,0.555930674578906,0.0645627407444322,0.015557503576141649,0.016048927834064964,0.00802599173533631
0.75,0.2530186091999303,0.7406815957529359,0.006299795047133714,0.013713623707395057,0.013880276722961566,0.0023941075319400874
0.0,0.5845358599239269,0.0,0.41546414007607313,0.015786897659921816,0.0,0.015786897659921813
0.1875,0.6144279399849927,0.18135042354264821,0.20422163647235902,0.015161267264997742,0.012018735132447545,0.012812901982298971
0.375,0.5215469407316905,0.36847341080885976,0.10997964845944966,0.01578611090993982,0.015460526375521736,0.009977000553815146
0.5625,0.3740156040666496,0.5566234189990821,0.0693609769342682,0.015340443010589844,0.016113323331748766,0.00771111774417114
0.75,0.24598362370113516,0.7412396516899054,0.012776724608959384,0.014057009049798683,0.014372606818002355,0.003572837216533158
0.0,0.739778796920705,0.0,0.2602212030792949,0.014372031118797278,0.0,0.01437203111879728
0.1875,0.6344754203824848,0.18069032773092916,0.18483425188658595,0.014906449161513707,0.01193200158033812,0.011861440861492748
0.375,0.4937469927985721,0.36964068586658005,0.13661232133484788,0.01569087797019029,0.015218235547718043,0.010654225973397357
0.5625,0.3985977028062653,0.5553287086433147,0.046073588550420125,0.01575365010490152,0.01591419346384012,0.006642888676256633
0.75,0.2490359235585894,0.7403639745819882,0.010600101859422286,0.013914092894093077,0.013950545690833115,0.0031682812284440955
0.0,0.7404302433082062,0.0,0.25956975669179383,0.013683134580004974,0.0,0.013683134580004972
0.1875,0.6238063710005467,0.1808145970075119,0.19537903199194148,0.015283138678948543,0.012403205022298197,0.012773733540652353
0.375,0.49130096121098216,0.36957828755433797,0.13912075123467982,0.015854896952224393,0.015468592229586735,0.01112586715821535
0.5625,0.38627371755989975,0.5549490172359486,0.05877726520415178,0.015155405514235708,0.015229388081402935,0.0075073446060178505
0.75,0.24725901943427828,0.741457935058316,0.011283045507405685,0.013869808771713281,0.01393838582296173,0.0033759743937678928
0.0,0.740089733245414,0.0,0.2599102667545859,0.013858377927085956,0.0,0.013858377927085956
0.1875,0.6239402537320556,0.18069568096221217,0.19536406530573214,0.015772006824486838,0.012251452168152894,0.01263625793158998
0.375,0.49763568835236416,0.3688339444971526,0.13353036715048314,0.015083065532549837,0.0149262079386654,0.010538673656262973
0.5625,0.3809417089369347,0.5561418944856804,0.06291639657738494,0.01513859157374241,0.015707547921524685,0.007476770549804419
0.75,0.24537628407274314,0.7412276880474566,0.013396027879800109,0.013678527042384,0.013875411918021599,0.0035139341043096037
0.0,0.7406088203647017,0.0,0.25939117963529845,0.014482019207843786,0.0,0.014482019207843786
0.1875,0.6174841620300312,0.18083072913929504,0.2016851088306736,0.015725094665750405,0.012823045200126818,0.013046842579380316
0.375,0.49403524468363075,0.36870128111588996,0.13726347420047924,0.015843436234163955,0.01522609819910363,0.010533516505739042
0.5625,0.3945000783280894,0.5552011409696693,0.05029878070224118,0.01613039973032258,0.01644803895533537,0.006629221098842649
0.75,0.24856444642725103,0.7404283502917868,0.011007203280962295,0.013608265581553666,0.013551730981545218,0.0034053740233412123
0.0,0.7408785624149289,0.0,0.259121437585071,0.01336968256388426,0.0,0.013369682563884261
0.1875,0.6357171415770672,0.18240758457305234,0.18187527384988056,0.015353347156401678,0.012062212694147933,0.012226177934452027
0.375,0.5265107827366987,0.3683328199613267,0.10515639730197453,0.016262905026044088,0.015545310634894468,0.009829786269453468
0.5625,0.3674530913383143,0.5569618045402801,0.07558510412140564,0.014746305303112505,0.015237430214399288,0.00813906931451317
0.75,0.24692517977821188,0.740517064310809,0.012557755910979051,0.01371407547473538,0.014079241504083018,0.003539537960948921
0.0,0.740075546180907,0.0,0.25992445381909307,0.01414243115191477,0.0,0.014142431151914773
0.1875,0.6159599643749334,0.18016056407709222,0.2038794715479744,0.01533288170895878,0.012196185888217425,0.012561415229637206
0.375,0.49276702193368305,0.36975607697086393,0.13747690109545305,0.01524867393122202,0.0151294389055337,0.01065500641147403
0.5625,0.399003844469189,0.5546491920440954,0.04634696348671565,0.015211124672661017,0.01586026765609791,0.006482248255572414
0.75,0.25569524487628775,0.7393722862052664,0.00493246891844575,0.013563733443924583,0.01372942656099556,0.0023205933359127257
0.0,0.5838178621739585,0.0,0.4161821378260415,0.015850376161634285,0.0,0.015850376161634285
0.1875,0.6370335174192296,0.1806047115715993,0.18236177100917111,0.015211051130477675,0.012118398917484303,0.012470365980007192
0.375,0.5145478285564826,0.36923096714662196,0.11622120429689538,0.01592519792507202,0.015801390669082826,0.009972371455968434
0.5625,0.36602863011996406,0.555772359688738,0.07819901019129791,0.014905292005297962,0.014974567183354697,0.008532729937656277
0.75,0.2511321962590442,0.7402579998220826,0.00860980391887318,0.01337432120259869,0.013575809641101451,0.003015796963403731
0.0,0.7397189158808782,0.0,0.2602810841191217,0.013929127541877572,0.0,0.013929127541877577
0.1875,0.6158986104216351,0.1811077870087014,0.2029936025696635,0.015067984368274225,0.0122187955933876,0.012621713951815428
0.375,0.47755687571897476,0.37057573994852655,0.15186738433249866,0.016432713279453958,0.015705518407340045,0.01125987229440542
0.5625,0.38265136813285594,0.5549273838009285,0.06242124806621547,0.015253117598278536,0.015641451439805366,0.007714862168140394
0.75,0.24512062084862815,0.7409875441824921,0.013891834968879668,0.013075676729959016,0.013201755485454554,0.003861310806829407
0.0,0.7405813287356123,0.0,0.2594186712643876,0.013532213329890724,0.0,0.013532213329890725
0.1875,0.6146743338392252,0.18070694485430464,0.20461872130647005,0.014745559533466237,0.01199894461939192,0.012713108213854697
0.375,0.5265082831596118,0.3680975190470909,0.10539419779329705,0.015173299562182706,0.015195906075753968,0.009775162360783804
0.5625,0.40061679625465807,0.5555656250728155,0.04381757867252644,0.015693542191795914,0.01572825539055068,0.006583795232929846
0.75,0.24750918792301504,0.7402116839780948,0.012279128098890126,0.013838451945827323,0.01410598226840987,0.003428730828491405
0.0,0.740135376717131,0.0,0.25986462328286886,0.013744398883524222,0.0,0.01374439888352422
0.1875,0.6350784118900494,0.18228057507236248,0.1826410130375881,0.015070174516279093,0.011793837148340055,0.012239384980643399
0.375,0.5079631052391013,0.3702598058729673,0.12177708888793135,0.015643021740662535,0.015302618241413612,0.010155012690756467
0.5625,0.39288263800997364,0.5543878093484466,0.05272955264157979,0.015445669307109059,0.015783176224275854,0.007192665987042713
0.75,0.25395682305162937,0.7410126799853608,0.0050304969630098366,0.014183386685347943,0.01413728603594842,0.0022979452485944007
0.0,0.5837895743200011,2.030377491815234e-06,0.4162083953025072,0.01605716316399994,4.540033341301521e-05,0.016057046484074362
0.1875,0.6334778253097645,0.1808395613047242,0.18568261338551123,0.014832378509125147,0.012195704360590585,0.011966691592808157
0.375,0.4956787814824231,0.3681887364471798,0.13613248207039705,0.015523728122686046,0.014950982997851619,0.010583268692015504
0.5625,0.380064934000381,0.5578338971877029,0.06210116881191599,0.015800991368801903,0.015972640331416214,0.007687151883477707
0.75,0.24376264008634269,0.7408365555953965,0.015400804318260873,0.013303261055939418,0.013622137351489481,0.00393120120923524
0.0,0.739356973156044,0.0,0.2606430268439561,0.014264162379284163,0.0,0.014264162379284167
0.1875,0.6322323479836471,0.18251002120665896,0.18525763080969393,0.015158274232568025,0.012680349678356007,0.012721626106652097
0.375,0.4964183615569574,0.36863530491830004,0.1349463335247425,0.015776725702710385,0.015499294015270558,0.01073075072332868
0.5625,0.400883247129544,0.5548184836536664,0.044298269216789664,0.01501641356068575,0.015584747454669853,0.006729181554023667
0.75,0.25813718921847667,0.7401722553368599,0.0016905554446633932,0.014163824289214628,0.014112031211107712,0.0013091856715694268
0.0,0.5836441973729194,2.053357819186575e-06,0.4163537492692614,0.015449627951678112,4.589176435486542e-05,0.015450575376253127
0.1875,0.6387932686884401,0.18131120405336248,0.1798955272581975,0.015176933367672488,0.012668806542659153,0.012588709611353577
0.375,0.49230752900119573,0.36947018306177076,0.1382222879370335,0.015748615349524243,0.015350853249173574,0.010771546636622515
0.5625,0.3802046216763644,0.5574301921618573,0.06236518616177829,0.015418671178885198,0.016038195448631193,0.00770584190449915
0.75,0.24847586935016952,0.7411940365438865,0.010330094105943946,0.013935710893642404,0.014108292797058384,0.003187241855077144
0.0,0.7398459538794044,0.0,0.26015404612059556,0.014264293672357736,0.0,0.014264293672357736
0.1875,0.6254532355443889,0.18109552088015396,0.19345124357545718,0.015605653775949272,0.011731211026156187,0.013026770684890237
0.375,0.49212201906165287,0.3694783449885123,0.13839963594983481,0.016243560323845056,0.015271095752866223,0.011011550982723588
0.5625,0.38387129487521404,0.5558372197705721,0.06029148535421386,0.015445793093767523,0.015619873188123915,0.007584359527708949
0.75,0.24774672322705824,0.7409770958904836,0.011276180882458263,0.014049529684776366,0.014235004035085208,0.0033210494151260555
0.0,0.7403140429094334,0.0,0.25968595709056647,0.013595120982191351,0.0,0.013595120982191348
0.1875,0.6342584099219382,0.18177885128374174,0.18396273879432004,0.015551728866569784,0.011859673207217316,0.012636164160694912
0.375,0.5127756314227329,0.3676515733901533,0.11957279518711382,0.015043105243423519,0.014811511946847575,0.010494034592941166
0.5625,0.40418062490423906,0.5548425259024687,0.040976849193292225,0.015300305807715069,0.015267184565452912,0.006549939420351188
0.75,0.2482138854270853,0.7411526780019246,0.010633436570990126,0.013827030162479673,0.013983933156765573,0.0031833630833753763
0.0,0.7400820917147133,0.0,0.25991790828528666,0.014182453176356722,0.0,0.014182453176356722
0.1875,0.6370918193852568,0.1832643048093422,0.179643875805401,0.014682044108202551,0.012028112453959553,0.011896591156655449
0.375,0.494159031227806,0.3692186460968361,0.13662232267535793,0.016292502416828048,0.016074320282487224,0.010444417761443104
0.5625,0.40286227534441277,0.5559309627441152,0.04120676191147191,0.015551028875903788,0.01610420238297069,0.006203633589680887
0.75,0.24897002851992092,0.7408913021043434,0.010138669375735763,0.013924606233373266,0.014106168797532867,0.0033638106267185634
0.0,0.7401262001014954,0.0,0.25987379989850456,0.013549300071649393,0.0,0.013549300071649395
0.1875,0.6359715653730841,0.18166751368154932,0.18236092094536663,0.0158453537776799,0.012496200369177845,0.012477757875146035
0.375,0.4913285969829192,0.3682883806174397,0.14038302239964112,0.015372060343660463,0.01527080251569777,0.01086268676828259
0.5625,0.3715704421093953,0.5568305681437358,0.07159898974686887,0.014835220101441638,0.015303834387298933,0.008285218141742488
0.75,0.245542749029077,0.7406308952267402,0.013826355744182773,0.013629185698158817,0.013687006171914243,0.0036514765898331266
0.0,0.7400051045379421,0.0,0.25999489546205784,0.014086020277394475,0.0,0.01408602027739448
0.1875,0.6349762642243503,0.18226376786718498,0.18275996790846472,0.015101053070390807,0.011937012199391299,0.012236893307233166
0.375,0.5189617503451904,0.36720129212298275,0.11383695753182677,0.015600051839086004,0.015035291397017364,0.010016175413013062
0.5625,0.3799664454907217,0.5555689483760027,0.06446460613327547,0.014840234116329157,0.015076177629976954,0.007780642075568758
0.75,0.254463617812059,0.7404117154854917,0.005124666702449243,0.013875084141663312,0.01387238705406862,0.002287768703263933
0.0,0.7402931029185913,0.0,0.25970689708140865,0.013725751735758393,0.0,0.013725751735758393
0.1875,0.633065931355355,0.18135834489137073,0.18557572375327422,0.014695678053751934,0.012275723043240748,0.012693545837729818
0.375,0.5236979890798541,0.3680905457905312,0.10821146512961483,0.016295223032201933,0.015162045946164155,0.010099263703208515
0.5625,0.40094293134416603,0.5555585387892004,0.043498529866633606,0.015601999467711899,0.01598587636325453,0.006444822907606525
0.75,0.2422059588570731,0.7420943917866111,0.015699649356315872,0.013655351012043748,0.013937418052871669,0.0037999689300287675
0.0,0.7397226026428093,0.0,0.26027739735719074,0.013534224723315636,0.0,0.013534224723315636
0.1875,0.6319987396734602,0.18100270714201008,0.18699855318452963,0.015353276979121689,0.0120143473606639,0.012427569628947444
0.375,0.5195397349207421,0.3685447104818694,0.11191555459738857,0.01556459548687747,0.015189805327064104,0.010098618017295705
0.5625,0.38944550508569686,0.5567007593417366,0.05385373557256659,0.015540706856679727,0.015749635543861898,0.007136801167486137
0.75,0.2554856835043608,0.7413636706709198,0.0031506458247193892,0.013843882540240776,0.01386069643295705,0.0017075244484930938
0.0,0.5840005355003449,0.0,0.4159994644996551,0.015488350412533235,0.0,0.015488350412533235
0.1875,0.6135067175537602,0.18058708822894265,0.2059061942172972,0.015647754500292037,0.012043319548820116,0.01287358743096384
0.375,0.5194038590074282,0.36878275899353163,0.11181338199904019,0.016046472036343216,0.015236222345347751,0.009951353453852965
0.5625,0.4049026386044769,0.5545821633096389,0.0405151980858841,0.01582796934859398,0.015414181501000036,0.0061077305656016415
0.75,0.24963636903425981,0.7399671973228965,0.010396433642843608,0.013128678233057772,0.013356449119171847,0.0033133076700731026
0.0,0.7410100841909388,0.0,0.25898991580906106,0.01412518094738173,0.0,0.01412518094738173
0.1875,0.6133739021728906,0.1802701887892195,0.20635590903788992,0.015396937012600457,0.012149745572471218,0.01231851814983242
0.375,0.4919251248103739,0.36850629501054744,0.13956858017907864,0.01605908977027774,0.01523473412486549,0.010934870154802762
0.5625,0.4010237270807183,0.5560858251396156,0.042890447779665955,0.01528658659829176,0.01517436108746295,0.0064728027852991605
0.75,0.25412463735348895,0.7402895864234256,0.005585776223085407,0.013360481291533208,0.013487539431986243,0.002328153560655113
0.0,0.7407441223287969,0.0,0.25925587767120306,0.013581996949580165,0.0,0.013581996949580165
0.1875,0.6138947763581991,0.1804506767464813,0.20565454689531953,0.015386835946361406,0.011986483339374153,0.012563893585269048
0.375,0.5264514680601189,0.3677295444144671,0.10581898752541397,0.015500519099793818,0.015048463210559151,0.009669741088324406
0.5625,0.4035754916058234,0.555585299607963,0.040839208786213645,0.015487285009757379,0.015491590704548048,0.006017661492857179
0.75,0.25263426936317984,0.7407196587126285,0.006646071924191654,0.013918131183426044,0.01412640679917833,0.002597080552832258
0.0,0.7390562362636964,0.0,0.26094376373630357,0.014497065362569263,0.0,0.014497065362569266
0.1875,0.6138016945067835,0.18011615384732593,0.2060821516458906,0.01529320542174732,0.012287126446761663,0.012924105914400167
0.375,0.5221078596357883,0.3678365520738603,0.11005558829035143,0.01563968902482042,0.01519448866383996,0.009718175204010977
0.5625,0.3808872323047388,0.5562272082241598,0.06288555947110133,0.01539670141658367,0.01584953695924985,0.0076209606081847
0.75,0.24816289667801494,0.7412671062519414,0.010569997070043585,0.01330704688786344,0.013551143915028378,0.003307645472774044
0.0,0.5833784165894885,0.0,0.4166215834105115,0.01603377407750475,0.0,0.016033774077504753
0.1875,0.6132277074431833,0.18063650817301033,0.2061357843838063,0.01501080099564283,0.012069286320335297,0.012454692891446765
0.375,0.5125417267607838,0.36904613669512304,0.11841213654409308,0.01591206435342592,0.015249487358438158,0.009918111320138097
0.5625,0.3799112450472302,0.5560871044335983,0.0640016505191714,0.015311524927957018,0.01588462468452862,0.0076156497773947965
0.75,0.24766914487458913,0.7411237836071258,0.011207071518285,0.013540388088977366,0.013551107846168019,0.003438604381564272
0.0,0.7401111048977459,0.0,0.2598888951022541,0.013742404780697683,0.0,0.013742404780697683
0.1875,0.6129928075747809,0.18114852498254919,0.20585866744266998,0.015580700315734664,0.012414156713457511,0.012850587644886714
0.375,0.5179801323946985,0.36894614649786267,0.1130737211074387,0.015400525771741492,0.014923263734225716,0.010028898452170823
0.5625,0.3794022914460908,0.5572912818137913,0.06330642674011785,0.015139237832594793,0.01567223642552346,0.007483734789265387
0.75,0.24823068249468355,0.7408456943380614,0.010923623167255104,0.013682123873711705,0.013723890000896395,0.0032330311168689814
0.0,0.7401657849585637,0.0,0.25983421504143633,0.013976094793138034,0.0,0.013976094793138034
0.1875,0.6158039186396705,0.18092623818346265,0.20326984317686672,0.014448527879422721,0.011908216584745859,0.013024678496358945
0.375,0.4918865227714157,0.36946415848723396,0.1386493187413503,0.0156990522781882,0.01498195079565987,0.01115399093423288
0.5625,0.40222166962068784,0.5563202751413234,0.041458055237988733,0.01611063068301382,0.01606345409312208,0.006099622656883535
0.75,0.2492233828914092,0.7406993073697015,0.010077309738889309,0.013581942250123191,0.013796177144478384,0.0031081120619204853
0.0,0.7404501606366511,0.0,0.2595498393633488,0.013987283642310385,0.0,0.01398728364231039
0.1875,0.6153813992452256,0.18114383938458872,0.20347476137018577,0.01564882208197527,0.01187338690647798,0.013034891654790838
0.375,0.5027633139338401,0.36788826450138856,0.12934842156477133,0.01568873662887389,0.015138544744661933,0.010424813008943561
0.5625,0.4012387982184688,0.554776141926341,0.04398505985519019,0.015410536807990982,0.01565097636815453,0.0064407226238885765
0.75,0.2552230836687968,0.7406476089384464,0.004129307392756734,0.013264592335350971,0.013310941176031326,0.0020355849758375857
0.0,0.740345933719843,0.0,0.2596540662801568,0.014001836088801416,0.0,0.014001836088801418
0.1875,0.6340343586894396,0.1815392032324303,0.18442643807813006,0.015019295983218177,0.012226058286210786,0.011968130314014834
0.375,0.4943740055075656,0.36765398992452386,0.13797200456791056,0.015223922308535195,0.014298349481036313,0.010668863521218331
0.5625,0.38059322492770253,0.556791693052872,0.0626150820194255,0.015314279079254275,0.015631070583466928,0.007507194092804492
0.75,0.2540863599612591,0.7404833425863123,0.005430297452428476,0.013939373336025043,0.013996663226832365,0.002343628750574963
0.0,0.7398955013569616,0.0,0.26010449864303836,0.013573300298820364,0.0,0.013573300298820366
0.1875,0.6358196848876132,0.18165183405950375,0.18252848105288302,0.015021473221074189,0.012060984249822083,0.012532263206814427
0.375,0.49298084228578787,0.3691001306930775,0.13791902702113465,0.015458459102485545,0.015125502531687226,0.01066652798243651
0.5625,0.3779772024582379,0.5560836434514425,0.06593915409031971,0.015247752587357494,0.01580297370118996,0.007691510194973037
0.75,0.25400009565173226,0.7400127112431385,0.005987193105129258,0.014466454396965641,0.014599941569053995,0.002493698627418253
0.0,0.5833906475638919,0.0,0.416609352436108,0.015570292029206994,0.0,0.015570292029206994
0.1875,0.6349514812885338,0.1807305208340747,0.18431799787739134,0.015097516796771833,0.012031928511393153,0.012013020181464643
0.375,0.5187180583416477,0.36844758401518984,0.11283435764316241,0.015624556445479849,0.014404646987326908,0.009920223448072028
0.5625,0.38109328947032717,0.5565010589240067,0.062405651605666024,0.01559400273812153,0.016094616780342352,0.007627321863604776
0.75,0.2527234048943074,0.7399147602207145,0.007361834884978154,0.01388172211308061,0.013972110128903138,0.002591787923726057
0.0,0.7401146605761032,0.0,0.25988533942389663,0.013833705421676728,0.0,0.013833705421676728
0.1875,0.6158548948448581,0.18070581503771185,0.20343929011743,0.01521185615724444,0.01203711575948126,0.012759570043921321
0.375,0.4961693918649602,0.36861285983349534,0.13521774830154443,0.01603178806922654,0.015261016004157805,0.010999632397038479
0.5625,0.3798417030412183,0.5568382921467405,0.06332000481204131,0.015795848086372466,0.016195250054969683,0.0076167158909595635
0.75,0.25405839474949243,0.7404277477387963,0.005513857511711356,0.013784691725162494,0.013957458419417533,0.002385453872836808
0.0,0.7403222589704364,0.0,0.25967774102956365,0.01436525656075894,0.0,0.01436525656075894
0.1875,0.6133634323586009,0.18109801967279424,0.20553854796860482,0.015249138099103863,0.01179415772999019,0.012280218206058737
0.375,0.5208145996370774,0.3688499541561098,0.1103354462068127,0.015934980895513713,0.015426339345189085,0.010086341410278568
0.5625,0.3976830312539955,0.555543737467007,0.04677323127899744,0.015204040398554271,0.015943280820391686,0.0069294506725391825
0.75,0.24848105306343218,0.7407697493161202,0.010749197620447654,0.01394336623546577,0.01417225556726375,0.0032604872927625085
0.0,0.7408108217915467,0.0,0.2591891782084534,0.014223666352913908,0.0,0.01422366635291391
0.1875,0.6134759174132972,0.18028856139662514,0.20623552119007768,0.015055125006748578,0.012441231658425261,0.013018058204738957
0.375,0.4909279936864381,0.3689613344021587,0.14011067191140317,0.01573126213909558,0.015538579403482094,0.011433181734115288
0.5625,0.3819304947977122,0.5556815036909329,0.062388001511354915,0.015165643400016825,0.015805260375757618,0.007052283263254759
0.75,0.24712609359365495,0.7404159116521966,0.012457994754148523,0.013858228120326553,0.014144835912541601,0.0035239278963010213
0.0,0.7403488738421257,0.0,0.25965112615787433,0.013789189139142129,0.0,0.013789189139142129
0.1875,0.62876102059306,0.1811936128199954,0.19004536658694457,0.014953314034246426,0.012267495367188564,0.012194066284407265
0.375,0.516967648230914,0.3685788362497068,0.11445351551937916,0.015973021801383557,0.015171548466935797,0.01022445293737466
0.5625,0.4039060919205467,0.5536117700942454,0.042482137985207856,0.015493015550483217,0.015549268667060873,0.006420501706690752
0.75,0.24694034722675967,0.7411331567325311,0.011926496040709184,0.013866138346263164,0.014093222744994617,0.003473476104642525
0.0,0.7395498272771985,0.0,0.2604501727228014,0.013665692793628672,0.0,0.013665692793628672
0.1875,0.6374372827737549,0.18198632720656863,0.18057639001967646,0.015194951972425201,0.011422647402771435,0.012410330853970601
0.375,0.5236363977383873,0.36876486750206044,0.1075987347595522,0.01604626469164365,0.015477236464990841,0.009669055061454025
0.5625,0.37016393638662565,0.5564874530174547,0.07334861059591953,0.015183890353978295,0.01589706982191418,0.008252844807944531
0.75,0.24804295432657808,0.7415709227070966,0.010386122966325396,0.013782040672087879,0.013996681345627463,0.0032524163166135754
0.0,0.7402289863624285,0.0,0.2597710136375714,0.01377123479919847,0.0,0.01377123479919847
0.1875,0.6307865065003043,0.1820325677210377,0.187180925778658,0.015455205079804964,0.012534181576200839,0.01232871619507362
0.375,0.5167533754042094,0.3686889465845658,0.11455767801122482,0.015549534810335046,0.015052112126238467,0.009674553625877063
0.5625,0.3761696305332989,0.5566496965158915,0.06718067295080964,0.015023313637443806,0.015454713710050678,0.008060249036586174
0.75,0.24838189797865368,0.7409345019668013,0.010683600054544959,0.013349739588979625,0.013522438483481943,0.003431940818486307
0.0,0.7407334866361447,0.0,0.25926651336385526,0.014190642500615329,0.0,0.014190642500615329
0.1875,0.6372008467743131,0.1811415933102763,0.1816575599154106,0.015950926266602734,0.012388922147945874,0.012469722909999285
0.375,0.5071719138100553,0.3684996106144825,0.12432847557546212,0.01599413210024283,0.015538846476974243,0.010666387649986607
0.5625,0.3809989764450251,0.5561261015932996,0.06287492196167536,0.015058954353334092,0.015425393378586281,0.007835480458575766
0.75,0.24914771264479416,0.7407035525922638,0.010148734762942074,0.013588310644343632,0.013879987332198786,0.0031798346692285665
0.0,0.7395693518338419,0.0,0.2604306481661581,0.013423885069791294,0.0,0.013423885069791296
0.1875,0.6164925039046651,0.18069043753226824,0.20281705856306662,0.01586519126803693,0.012042906140367883,0.012917518698156771
0.375,0.525149776010707,0.3690009157234372,0.10584930826585581,0.016204481695434113,0.015702561367375686,0.01000896036229503
0.5625,0.376246778225937,0.5562194906095582,0.06753373116450478,0.015343063994670258,0.01568351955860343,0.007904631270423188
0.75,0.24942134041904443,0.7406625353761837,0.009916124204771929,0.013436052217707625,0.013540230586882987,0.0030897012123676714
0.0,0.739682753303279,9.80392156862745e-07,0.260316266304564,0.013875438958374568,3.098721692015512e-05,0.013875579099720944
0.1875,0.6174048015925214,0.18179023597614138,0.2008049624313373,0.015522228791200542,0.011980944187244297,0.013196714246088434
0.375,0.5207981520490432,0.36928182620363836,0.10992002174731844,0.015622053412570325,0.015081012644335652,0.009911139224000318
0.5625,0.40483614462364587,0.5557797373280445,0.03938411804830968,0.015380282991487842,0.015470384939477302,0.006392173945267126
0.75,0.24358453081122658,0.7420561533244544,0.014359315864319048,0.014086894107937559,0.014198933696974296,0.003723220977060678
0.0,0.583424188672747,0.0,0.4165758113272531,0.01547253828241223,0.0,0.015472538282412228
0.1875,0.6196682341172982,0.1813664923085024,0.1989652735741993,0.015625189445268674,0.011658089947851715,0.012513223049579643
0.375,0.5240851656698282,0.3677488122065138,0.108166022123658,0.016058042565330954,0.01554914278038848,0.009793454381139644
0.5625,0.38568671689971007,0.5559777782236677,0.0583355048766222,0.015469347007432176,0.01593024785267034,0.007370342403498327
0.75,0.24914783044204447,0.7412447568697996,0.009607412688155981,0.014181219934035996,0.01435568116744846,0.0031852717816981536
0.0,0.7405639081074262,0.0,0.25943609189257383,0.013959719997394994,0.0,0.013959719997394992
0.1875,0.6159024558960147,0.18045830533971946,0.20363923876426585,0.015137747039572894,0.012742904773698506,0.012567846992476943
0.375,0.49220579885974836,0.36992870674689793,0.1378654943933537,0.015958074761005022,0.0150617885487014,0.010949400458909811
0.5625,0.3714759988850617,0.5564349451521907,0.07208905596274763,0.01525087698859668,0.016102914939984107,0.008254687275309027
0.75,0.24908910522227706,0.7406483998707792,0.010262494906943842,0.013846777404467363,0.013958414871374454,0.003305679778694248
0.0,0.7408570123453365,0.0,0.2591429876546634,0.014103264073198155,0.0,0.014103264073198153
0.1875,0.6357666201988653,0.18140573596883092,0.18282764383230365,0.015686809202623223,0.012293484965808172,0.012051630372934035
0.375,0.5042564780864582,0.3685977872054525,0.12714573470808915,0.015645480663780558,0.015018683377168097,0.010634481889740147
0.5625,0.374785078130365,0.5549593050094654,0.0702556168601696,0.014557219552770234,0.015347767123093898,0.008175674192495142
0.75,0.25320684456172343,0.7414010357953572,0.0053921196429194025,0.013759502791342424,0.013881860981151909,0.002366836633994539
0.0,0.7404773003134233,0.0,0.25952269968657665,0.013892025787369056,0.0,0.013892025787369056
0.1875,0.6206034246557661,0.18095665959008284,0.19843991575415096,0.015092766399562167,0.012192988183178398,0.012546651838445895
0.375,0.4981027091321178,0.37001923850330815,0.13187805236457403,0.01628403675315277,0.015421871260732856,0.010770994491050432
0.5625,0.4009895556655997,0.5562099996178582,0.04280044471654209,0.015573608083066116,0.01598521334861683,0.00643717010411881
0.75,0.2489314961915031,0.7409232051258933,0.010145298682603702,0.013278596060873895,0.013458128914894231,0.0031402967009650346
0.0,0.7402147294181973,0.0,0.2597852705818028,0.013982983097748791,0.0,0.01398298309774879
0.1875,0.615137145453381,0.1812300904655353,0.2036327640810836,0.014812996996731281,0.012167700060506874,0.012870186029195563
0.375,0.4920174156445455,0.36718367437160776,0.14079890998384678,0.01600302207324297,0.015051153118545666,0.010976182668781233
0.5625,0.3811148707509492,0.5565944345707483,0.06229069467830251,0.015444884793288875,0.015691965256959525,0.007650717413076452
0.75,0.24704971341132267,0.7408819276398726,0.012068358948804717,0.013589614539050653,0.014073849929121036,0.0034578059435757228
0.0,0.7396905604774957,0.0,0.26030943952250424,0.013789086333837295,0.0,0.0137890863338373
0.1875,0.6261385501824798,0.18170455808176192,0.1921568917357584,0.015208501543770054,0.012154580489067746,0.012871394051547299
0.375,0.5174796161393959,0.3691396035237475,0.11338078033685658,0.01564941999638116,0.015341637997579786,0.00979839271349105
0.5625,0.37979233259119366,0.5558738843740307,0.06433378303477567,0.015433528987228416,0.015924307443445838,0.007427682891028376
0.75,0.24500193586595828,0.7414743400433049,0.01352372409073682,0.013472760231597743,0.013714044330795837,0.003667083799225522
0.0,0.7407382520649589,0.0,0.25926174793504103,0.013982328013402769,0.0,0.013982328013402769
0.1875,0.6377455194736653,0.1822502052199713,0.1800042753063633,0.015582947659344626,0.012145114713194424,0.012744806097145034
0.375,0.4804456926503775,0.36967285470468675,0.14988145264493574,0.015342619414189173,0.015490323298202454,0.011011772206227483
0.5625,0.3803760827688672,0.5564925388396018,0.06313137839153099,0.015353103540130005,0.015573502146611741,0.007956958206536234
0.75,0.24887645022613714,0.7402900423925934,0.010833507381269378,0.014178766204169429,0.014270778294691972,0.0033255464827984735
0.0,0.7406396130882058,0.0,0.2593603869117942,0.013931604198725656,0.0,0.013931604198725656
0.1875,0.6283697142854596,0.181379041680949,0.19025124403359128,0.015573819299795457,0.012340093903359679,0.012301553424241928
0.375,0.5040959900970947,0.36908271929009523,0.12682129061280997,0.015945840507520428,0.015014640799594728,0.010518789899751305
0.5625,0.37818343045406455,0.5563934955663965,0.06542307397953896,0.01537676212431785,0.01583729224976372,0.007826685577395812
0.75,0.24536543634972577,0.7400753803023146,0.014559183347959644,0.013908642752036245,0.014339471035947862,0.003942127853387022
0.0,0.7407435537023319,1.001001001001001e-06,0.25925544529666705,0.013729702500039454,3.163859985841664e-05,0.013730468534216743
0.1875,0.6338665504952328,0.1810974330405691,0.18503601646419804,0.014801845470128059,0.011969442509970889,0.012024582885861373
0.375,0.5002247926249858,0.36828081483455777,0.1314943925404565,0.015738968757571963,0.015432942827178227,0.01037402712444375
0.5625,0.37779871696524225,0.5571975000382573,0.0650037829965004,0.015291602549200362,0.016151310609706836,0.007945651742502453
0.75,0.24768258766974052,0.7416068183179396,0.010710594012319817,0.013746624071341043,0.01392616427885557,0.003253149664947472
0.0,0.7404047391901317,0.0,0.2595952608098683,0.013759352910118167,0.0,0.013759352910118166
0.1875,0.6379537059314581,0.18093124510810935,0.18111504896043248,0.01450283093242155,0.011848971942968847,0.012200352103911459
0.375,0.4927784067129491,0.36784441035692444,0.13937718293012644,0.015474708802559946,0.015340879513824256,0.01072292963089715
0.5625,0.3786423024511996,0.556849228831632,0.06450846871716845,0.015610900389729652,0.015837855430589565,0.007890928903123956
0.75,0.24931344993906807,0.7396976542822509,0.010988895778681123,0.013070506315403527,0.013386067920942612,0.003263087487963808
0.0,0.739906065936868,0.0,0.260093934063132,0.013752700117541003,0.0,0.013752700117541003
0.1875,0.63693024982326,0.18193970427329656,0.18113004590344348,0.015151510508821665,0.012553555489418508,0.011922648274215571
0.375,0.4755492126691837,0.37098792978957523,0.15346285754124106,0.015796860012900753,0.014977618761866998,0.011861431895532378
0.5625,0.3783938812326048,0.5566025790034819,0.06500353976391322,0.01579856094807659,0.016385780363573466,0.0077789235114562
0.75,0.24944943920210874,0.7404916794101699,0.010058881387721314,0.013995183237932767,0.014096919956664818,0.0031567768466964265
0.0,0.7411828676293594,0.0,0.2588171323706406,0.014535465510675085,0.0,0.014535465510675085
0.1875,0.6126082827659124,0.18097188484294577,0.2064198323911419,0.015005159085780645,0.012109518758029873,0.012206745038756699
0.375,0.5057163994997558,0.36892122077904105,0.12536237972120315,0.015898282027897153,0.01486185042647161,0.010680442685586544
0.5625,0.38137334786379,0.5555228463805277,0.06310380575568217,0.014929286015672056,0.015306771426070422,0.007809790792265751
0.75,0.2533042546794305,0.7412407402596851,0.0054550050608843555,0.013225416458388813,0.01327221002833864,0.0023475112396878777
0.0,0.740091624006895,0.0,0.25990837599310485,0.014058325272610432,0.0,0.01405832527261043
0.1875,0.6339710443484562,0.18209521176002094,0.18393374389152278,0.01500388540142898,0.012095133028649684,0.012182586885337772
0.375,0.4963507335051895,0.36851510787287634,0.13513415862193412,0.015354206491917594,0.015101932242636602,0.010688010514623302
0.5625,0.4004253450889507,0.5555269954450348,0.04404765946601432,0.015887860674466996,0.015913525565310577,0.006582830630245235
0.75,0.24656098277072033,0.7424245460496993,0.011014471179580406,0.013655451635601492,0.013912455680314304,0.0033666247998373326
0.0,0.7401434225682035,0.0,0.25985657743179635,0.014034804302698326,0.0,0.014034804302698328
0.1875,0.6137227318862306,0.1815590811617168,0.20471818695205263,0.015647391966013405,0.012252493270729244,0.01262906375892808
0.375,0.5260277369444775,0.36967811590862715,0.10429414714689532,0.016139853980529126,0.015556416481583034,0.00980685604278337
0.5625,0.3779369496163245,0.5565333910056447,0.06552965937803071,0.015571945844786933,0.016234060742523575,0.007718948874001203
0.75,0.2426103474611703,0.7403361133363932,0.01705353920243649,0.014139325294957844,0.01439785906315757,0.0040627850539097215
0.0,0.7405620261106164,0.0,0.25943797388938344,0.014055458100681794,0.0,0.01405545810068179
0.1875,0.6168228683614563,0.18018544179318258,0.2029916898453612,0.015375202281025962,0.012486242624995212,0.012561135341213323
0.375,0.5253972489286605,0.3678363449826245,0.10676640608871492,0.016243827939249746,0.01584937109826469,0.009634893541808678
0.5625,0.3862129996356847,0.5550155517018249,0.0587714486624902,0.015469439841616202,0.015943981208872637,0.00754168659772659
0.75,0.24727194489325072,0.7416242729379284,0.011103782168820782,0.013486094728059174,0.013532849237327853,0.003283527554685096
0.0,0.7408477471999018,0.0,0.2591522528000984,0.01424167430575576,0.0,0.014241674305755765
0.1875,0.6128179661122973,0.1810773796821443,0.2061046542055584,0.015383077568824094,0.012054575464231628,0.012785161443578491
0.375,0.5121881895202613,0.3679443933150021,0.11986741716473645,0.01598325662907311,0.014958943463865703,0.010123362504826199
0.5625,0.402889037856432,0.5553374299786408,0.04177353216492711,0.015592924637857027,0.015472596018823141,0.006247191275484889
0.75,0.24956491097568356,0.7410996194892555,0.009335469535060939,0.01375595752179258,0.014038427885002829,0.0029771843985887487
0.0,0.7403691304467546,0.0,0.25963086955324555,0.013773056607535252,0.0,0.013773056607535252
0.1875,0.6153444845235774,0.18045263838627737,0.2042028770901452,0.01510802529257925,0.011963528796777735,0.012871202286959855
0.375,0.52159360352504,0.3696619784018772,0.10874441807308273,0.015855719023406836,0.015442498061582788,0.009715014961975361
0.5625,0.3989060056586028,0.5556354621567727,0.045458532184624534,0.01536320140535932,0.015625996574818862,0.006482999083772342
0.75,0.2452710664881571,0.7405353290180368,0.014193604493806064,0.01375299508416659,0.013934653867782863,0.003825609530808293
0.0,0.740165478078265,0.0,0.25983452192173495,0.013628745694879691,0.0,0.013628745694879693
0.1875,0.6135107324887717,0.18041509877264297,0.20607416873858528,0.015567602814305793,0.012297100425418418,0.013335059575555513
0.375,0.49277868259107255,0.36971425381144085,0.13750706359748655,0.016189065711961187,0.015229906045343607,0.010917171659565126
0.5625,0.3769273334013449,0.5574122346649107,0.06566043193374436,0.01564734550351589,0.015943452524346615,0.007570400259501993
0.75,0.25679702859482234,0.7399133151280146,0.0032896562771630375,0.013624680350137098,0.01365634886484892,0.001828251217076718
0.0,0.7404837168107874,0.0,0.25951628318921244,0.014114438341183007,0.0,0.014114438341183007
0.1875,0.620196114980594,0.1803960742293132,0.1994078107900928,0.01475889578098762,0.011742420427584733,0.012839602147398821
0.375,0.5092827893903008,0.3692192560434489,0.12149795456625026,0.015923132025985786,0.015527508308323364,0.010844399954013442
0.5625,0.3886968296010666,0.5578569867128829,0.05344618368605039,0.015545727492502966,0.01594624389107281,0.0070847259713381575
0.75,0.24759793351119602,0.7411682696034491,0.011233796885354868,0.01413539033008634,0.014149246444990118,0.0033033896418595754
0.0,0.740012271198118,0.0,0.259987728801882,0.013854915764258534,0.0,0.013854915764258536
0.1875,0.629808891140734,0.18121565951165688,0.1889754493476091,0.014483315835493362,0.012324035538930092,0.012070951315603807
0.375,0.4982120590052796,0.3683826642337901,0.1334052767609303,0.01619922149696343,0.015291336859148321,0.010739570618122477
0.5625,0.37991368046873275,0.5569410698235547,0.06314524970771251,0.015697396521906815,0.01604875330982366,0.00782447325132693
0.75,0.2502001498887079,0.7398797599703186,0.009920090140973368,0.01369774704759153,0.013915478950158496,0.0031006797696329497
0.0,0.7401205956172601,0.0,0.25987940438273993,0.013977399894838375,0.0,0.013977399894838375
0.1875,0.6307168626303646,0.1809912898678421,0.18829184750179329,0.015243021395277886,0.012070606948925455,0.012279017708399726
0.375,0.519048334274456,0.36917249313712525,0.11177917258841862,0.015678449437298923,0.015175668060866352,0.009967047039742789
0.5625,0.37570910910678496,0.5565024069581902,0.06778848393502464,0.014872221539691177,0.01524620077469375,0.008083409778918828
0.75,0.24832762834176042,0.7417238164483131,0.009948555209926404,0.013260895213727239,0.013615091236059685,0.00317431827859217
0.0,0.7399283515513286,0.0,0.26007164844867126,0.014274736719844963,0.0,0.014274736719844963
0.1875,0.6144264973648336,0.1814858947797036,0.20408760785546282,0.015403398854566886,0.012240591120547048,0.012440923363612511
0.375,0.5182535712511508,0.3680146841323512,0.11373174461649792,0.015404124583723821,0.015047483259393807,0.010478747055941246
0.5625,0.3817053802503777,0.556323426950351,0.06197119279927136,0.015748470596081313,0.015890257719383735,0.007699332586041975
0.75,0.24914815152301048,0.7405442176798386,0.010307630797150963,0.013559508130988487,0.013659589877149101,0.0032557163620409914
0.0,0.7399466984126091,0.0,0.26005330158739093,0.014296875040241819,0.0,0.01429687504024182
0.1875,0.6146402592740947,0.18105185934250342,0.20430788138340175,0.015242443448914742,0.012243136608383484,0.012766774738537412
0.375,0.5022692709038162,0.3683853867621659,0.12934534233401787,0.015663351507689535,0.015616362061351776,0.010837376941204646
0.5625,0.39886653936674776,0.5550836617873799,0.04604979884587235,0.015101318057295015,0.015785786420871778,0.006645595311759251
0.75,0.24741794648990173,0.7417075845659201,0.010874468944178171,0.013260627105779422,0.013386830569362334,0.0032317725997678143
0.0,0.7401075491997611,0.0,0.259892450800239,0.013620482493157527,0.0,0.013620482493157527
0.1875,0.637513565998566,0.18268956144123366,0.17979687256020027,0.015292155875446897,0.01219617119219631,0.012008568203539929
0.375,0.48999778652343956,0.36914618625814205,0.1408560272184183,0.015310326765705812,0.015426034985358201,0.010911061246954474
0.5625,0.3803790170969045,0.5561697310754318,0.06345125182766373,0.015245945820384667,0.015077165572089084,0.00783900180325092
0.75,0.2484433994185685,0.7399654278894119,0.011591172692019622,0.01316853267303982,0.013377385869359928,0.0033960195203742655
0.0,0.7400355715252657,0.0,0.2599644284747343,0.013956999157623232,0.0,0.013956999157623233
0.1875,0.636686448726396,0.1814195315947504,0.1818940196788535,0.01504892516239579,0.012333166412366111,0.011964672694499653
0.375,0.48943432310719776,0.3683000861291282,0.14226559076367398,0.015776089374226327,0.01499098494955718,0.011316934592099901
0.5625,0.3929685676024196,0.5552204566825888,0.05181097571499154,0.01596387966448606,0.016196972225523177,0.007143592553440407
0.75,0.2537397574288005,0.739477037677334,0.006783204893865547,0.013644606256150915,0.01377062968709399,0.002735941011402978
