fixed rate,success rate,failure rate,error rate,success std,failure std,error std
0.0,0.6385414555076901,5.00603920967953e-06,0.36145353845310024,0.01490555498706771,7.064743358927648e-05,0.014903710477507343
0.1875,0.5523433746840372,0.17117900876922187,0.27647761654674086,0.015896382070543006,0.011548328644616536,0.013988414219736513
0.375,0.4581543449679666,0.35531465804762774,0.18653099698440562,0.015644895809275423,0.014827506120736689,0.01192034115100657
0.5625,0.33714574997982355,0.5437028942490146,0.11915135577116177,0.015111249851583642,0.015226616418364513,0.009952774494053797
0.75,0.2551426613249647,0.7217372475239465,0.023120091151088804,0.014133981458653397,0.014288151733383077,0.004778100270619226
0.0,0.6389611148698668,2.9029914591542348e-05,0.36100985521554163,0.015019379564185632,0.00016803615889758656,0.015010923863717471
0.1875,0.5584459699832418,0.17249285708301237,0.2690611729337458,0.01549816351213247,0.011895412942224097,0.013708692285852317
0.375,0.4447356963604837,0.3583716021655507,0.19689270147396554,0.015870195560831073,0.015504451240034354,0.012867375652189478
0.5625,0.36688044812524057,0.5438691889788039,0.08925036289595553,0.01533010207127293,0.015571467986851904,0.008909613988520885
0.75,0.25141944802759253,0.7196013998954256,0.028979152076981804,0.014256289350850559,0.014958420485782211,0.005252522205127824
0.0,0.6388371134356582,0.0,0.36116288656434176,0.014649051034306424,0.0,0.014649051034306434
0.1875,0.5313859918570323,0.1699060528957968,0.2987079552471709,0.015761710231703453,0.011959532742780749,0.014517107605750196
0.375,0.46563809782906945,0.35828318531925,0.17607871685168044,0.015312082232891336,0.014819670230398055,0.012134830260354628
0.5625,0.34925446184454295,0.5456445067417454,0.10510103141371163,0.014903840974499294,0.015469183006122713,0.00965358792276863
0.75,0.2544696582530071,0.7199386439348964,0.025591697812096574,0.013862298782707585,0.014244565733994177,0.00502819217750934
0.0,0.6384662083599917,1.613956212786251e-05,0.36151765207788034,0.015015833198770647,0.00012661123428674967,0.015017271361186618
0.1875,0.556188994010386,0.1746383972159703,0.26917260877364363,0.01570119296936317,0.01201873229555136,0.013751583920935062
0.375,0.46311578873656767,0.3571479727133838,0.17973623855004855,0.015932411567608034,0.015136661019428435,0.012484970788992716
0.5625,0.3560276263233286,0.5439516696968723,0.10002070397979912,0.015675975547986647,0.015988244061706687,0.009694526196201854
0.75,0.25448393130646757,0.7234942914051471,0.022021777288385315,0.013021448156833074,0.013435570426756322,0.004669102604270806
0.0,0.6403362914937104,6.097982063360039e-05,0.359602728685656,0.015569517820669947,0.00023936154291954624,0.015563090023095439
0.1875,0.55947431264441,0.17399662114604242,0.2665290662095476,0.01576955423128814,0.012175441333440118,0.014415797545995883
0.375,0.4366582047072153,0.3594670024188801,0.20387479287390461,0.016162460836282973,0.014795599058820698,0.012588865678374103
0.5625,0.3534670665410757,0.5490701987158815,0.09746273474304283,0.014853419584702559,0.01596307697108618,0.009546833582627702
0.75,0.25349403369270584,0.7193296666811649,0.02717629962612923,0.013656594151114415,0.013861804857504373,0.004921731330338628
0.0,0.639236442936755,9.813542688910695e-07,0.3607625757089762,0.01554685231645206,3.101762635776076e-05,0.015546425975299965
0.1875,0.5572092341359478,0.17084679685232768,0.2719439690117245,0.01541602450549226,0.012319330208815388,0.013797069372882649
0.375,0.43439597357252296,0.35998676605442576,0.20561726037305125,0.016622903052413512,0.014871101289222616,0.01281690137820051
0.5625,0.3766876548920292,0.5427427094265452,0.08056963568142547,0.014981955696525119,0.015509995534345943,0.008549344056792743
0.75,0.2516630105831339,0.721886908624249,0.02645008079261706,0.013395927051112987,0.013760756500488571,0.0048958579954444005
0.0,0.6385511898899541,1.803683068280554e-05,0.3614307732793631,0.01520341602301354,0.00013328367029526912,0.015200473272992373
0.1875,0.5554103845000515,0.17473102474430405,0.2698585907556443,0.01522392003378476,0.01157758627385445,0.014038430584166726
0.375,0.43543631694457063,0.36280683585910595,0.20175684719632334,0.01574209339379805,0.014926004752646226,0.012635450021994551
0.5625,0.3568729327817427,0.5477226361726303,0.0954044310456271,0.015501079648258144,0.0162265896405705,0.008996883749170051
0.75,0.2556482270793234,0.7201463973488501,0.02420537557182654,0.014543330097412857,0.014928368555565029,0.004688435002014561
0.0,0.6392426209973485,1.040582726326743e-06,0.3607563384199251,0.015045730905836188,3.288965791733426e-05,0.015047111718639764
0.1875,0.553552621833097,0.17179998411216987,0.27464739405473326,0.01616404167563615,0.011861770538695252,0.014189491380651379
0.375,0.4660349320102915,0.3579113299373462,0.17605373805236224,0.01575884508376402,0.014753143521652811,0.012122365488242866
0.5625,0.36085109509320185,0.5446217680899365,0.09452713681686174,0.014563310730137237,0.015041550163637799,0.009177609837969808
0.75,0.25550101386251695,0.7226693057862779,0.021829680351205215,0.013798261334545318,0.0143887403952957,0.004686447739981693
0.0,0.6390743625936185,4.6325619033493026e-05,0.36087931178734806,0.015165170255163556,0.00022024889191715952,0.015162739766184924
0.1875,0.5553679717458225,0.17353670991423945,0.27109531833993794,0.015567055774953615,0.01219705623655043,0.013940872519850947
0.375,0.4702714006051455,0.3592621121772622,0.17046648721759228,0.015355839702725008,0.014695262243482155,0.011714221236824838
0.5625,0.3711993714740448,0.5412654800015017,0.08753514852445352,0.01583156423660415,0.01644900293171746,0.009118322030518195
0.75,0.25099940948782307,0.7180551488520747,0.030945441660102206,0.013612906328747294,0.0140540103218271,0.005454180628041546
0.0,0.6382924515109564,4.99871201770672e-06,0.36170254977702593,0.015338295872968316,7.052771585275783e-05,0.015337800171629489
0.1875,0.5509076316630276,0.17055588885036654,0.2785364794866058,0.015335325981572922,0.01191041549014795,0.013681636735974006
0.375,0.4599259042285788,0.3625300841892605,0.17754401158216063,0.01585431819472941,0.014832056433073578,0.012065149584481759
0.5625,0.35976837801090167,0.5482329231350825,0.09199869885401578,0.015254696823898092,0.01563816821121866,0.009214060294315957
0.75,0.2484758728874018,0.7252766716871561,0.02624745542544193,0.013657892748114802,0.014093472906275741,0.00499602464932893
0.0,0.6386815815382217,0.00036751646133817873,0.3609509020004401,0.015034555913590902,0.0006156696780814879,0.015032122317635777
0.1875,0.5404939580843797,0.17218981136208086,0.2873162305535394,0.015172870611284726,0.011954403686099888,0.013946202608383893
0.375,0.4198944130931286,0.3600758847642289,0.2200297021426425,0.01562814754093487,0.015484751654086646,0.013246369392661774
0.5625,0.3577473883620685,0.5498402046029517,0.09241240703497991,0.015125521076791191,0.01570512657815551,0.008968508326543
0.75,0.2550758798621501,0.717685359483282,0.027238760654567932,0.01371364922251755,0.01414925405245259,0.005257633823587273
0.0,0.6393563823470582,8.111803047560342e-06,0.36063550584989434,0.015228062419306418,9.034786019606711e-05,0.015229214969849391
0.1875,0.5598978608676564,0.17179638648689008,0.2683057526454535,0.015365313809957568,0.011586698954259799,0.013896793491471276
0.375,0.431938074339696,0.36194912590121414,0.20611279975908983,0.015734062111917232,0.01561706265168661,0.012866151921106714
0.5625,0.3669771974914479,0.542747991084612,0.09027481142394002,0.014821859010949465,0.015534136884297594,0.009199020581467982
0.75,0.2652121329459876,0.7246187671423721,0.01016909991164037,0.013608465177112035,0.013742608683971879,0.0031577471369815943
0.0,0.6386335539824549,0.00017768328715010677,0.361188762730395,0.015380286595549198,0.00041829988211077013,0.015360302611348126
0.1875,0.5570744581549734,0.17262329143280367,0.27030225041222294,0.015738105512477136,0.012207958046155163,0.013669297760381328
0.375,0.4605152362031662,0.3607603348388351,0.17872442895799875,0.016146207760838843,0.015269249507554782,0.01206386274091263
0.5625,0.3670259471348932,0.5406540262965579,0.09232002656854897,0.01565417438495431,0.01602997783086213,0.009095725446781524
0.75,0.25459593100827105,0.7161789754832647,0.029225093508464285,0.013782281107302535,0.014138475662934564,0.005190439645561283
0.0,0.6396493590851592,3.968885774250157e-06,0.36034667202906656,0.015075113992506045,6.268896372007596e-05,0.01507530851683281
0.1875,0.5534465867253332,0.17383286113001253,0.27272055214465435,0.015539208617715223,0.011918575968805712,0.014214048499882347
0.375,0.4448843056586728,0.357806691432226,0.1973090029091012,0.015345323906806502,0.014583227768202537,0.012081250147888788
0.5625,0.3760006588941404,0.544144474692247,0.07985486641361254,0.014927982606186687,0.01538475305072351,0.008582574131941505
0.75,0.2547617264315039,0.7236379445988009,0.021600328969695173,0.014034864081712872,0.014505835142646696,0.004673949381209018
0.0,0.6378667707576271,4.040064540592865e-06,0.36212918917783227,0.015712045914941564,6.37645965383085e-05,0.015709529926076417
0.1875,0.5548575672656825,0.173131974569206,0.2720104581651113,0.015496345774721419,0.01214946458481985,0.014083604232909776
0.375,0.43091981706960314,0.3587075793669202,0.21037260356347662,0.015605737336666833,0.015318361243670397,0.01285391792049527
0.5625,0.3474676013009437,0.5416643971546776,0.11086800154437874,0.014413541634460977,0.015291178853913531,0.009830129369147773
0.75,0.2668325922727628,0.7197390332021626,0.013428374525074666,0.013675626933985502,0.01379762148759857,0.0037684658444913626
0.0,0.6303630323586633,1.0867018724457856e-05,0.36962610062261225,0.015732020135152024,0.0001030992024370187,0.01573281875844689
0.1875,0.5582910756200119,0.17110496374057954,0.2706039606394085,0.0156448234209938,0.012185233499857248,0.01412940808948605
0.375,0.45053397207513607,0.35542166388440183,0.19404436404046205,0.015552003570205544,0.015212720694750752,0.012788529214061452
0.5625,0.3597251433938683,0.5452771908835415,0.09499766572259029,0.014710493810837853,0.015185549027978537,0.009301816678779207
0.75,0.24666444477810573,0.7223863885984934,0.03094916662340105,0.01360292921148138,0.013985436971239544,0.005514999687863935
0.0,0.6393698431735653,1.9801145938658576e-06,0.3606281767118409,0.014576510392691639,4.424244027156846e-05,0.014575723207107318
0.1875,0.5527902202146571,0.17202130808602573,0.2751884716993171,0.015392965014127494,0.011873043931987421,0.01427743918550152
0.375,0.45762392304347965,0.3568588947087951,0.18551718224772523,0.015389148987819935,0.01510131829406867,0.011929886427556604
0.5625,0.35647644395789496,0.5473574732208183,0.09616608282128665,0.01530162725601763,0.016088255494973634,0.009500812260793202
0.75,0.2544994939348305,0.7208923245138876,0.02460818155128184,0.01425586111129246,0.014631337948053056,0.004930392202174274
0.0,0.6386970152694837,9.72762645914397e-07,0.3613020119678705,0.01531642923302446,3.0746071263188926e-05,0.015316115317642553
0.1875,0.5451596325284364,0.17585319732147955,0.2789871701500841,0.01537307761572993,0.01196743055093476,0.014393387396952895
0.375,0.4633749946128566,0.3601094528454437,0.17651555254169973,0.015881298708090092,0.015436295904519065,0.012355561529352011
0.5625,0.35019519394327164,0.5460587966936999,0.10374600936302834,0.015023251481109726,0.015433498165447396,0.009623463361548968
0.75,0.24165014885043665,0.7208071256057004,0.03754272554386296,0.013042192993249421,0.013544517571892095,0.005893172438102686
0.0,0.6392143718927805,2.930252334401454e-06,0.3607826978548851,0.015728157635499396,5.344139726375209e-05,0.015730568711225277
0.1875,0.5491951735334596,0.172864804534758,0.2779400219317823,0.016605336073339538,0.012273780823723466,0.014788335772434198
0.375,0.43537430316512893,0.35951863303380593,0.2051070638010652,0.015517130849428037,0.015070096483183379,0.012790814961911789
0.5625,0.3504553320805017,0.5470806917640136,0.10246397615548444,0.014866997183088999,0.01527650138803271,0.009493101284324809
0.75,0.2478819039560569,0.7193343946198145,0.03278370142412862,0.013921371524568833,0.014255685576221878,0.0057007203855611605
0.0,0.6392585184817176,1.4087921406610741e-05,0.3607273935968758,0.01555512758654597,0.00011829503846381996,0.01555005000476315
0.1875,0.5512293114206266,0.16822762114048853,0.2805430674388848,0.01531986798340486,0.011627013965702237,0.014069906431963528
0.375,0.4184210541006489,0.35993845509477457,0.22164049080457654,0.01637175270175757,0.015732847334649257,0.013287140427400786
0.5625,0.35842126956323533,0.5459600570830437,0.0956186733537209,0.015183566822838284,0.015996736150040998,0.009271025201026009
0.75,0.2447618359646895,0.7178182896290322,0.03741987440627824,0.013698175085031739,0.014128979898035623,0.006141665033936277
0.0,0.6382967921932692,2.022263299090493e-06,0.3617011855434317,0.015455332564012903,4.51741484832655e-05,0.015453922712881495
0.1875,0.5413740319696436,0.1695144415775724,0.28911152645278393,0.015623701669865157,0.011939505189761342,0.014089656791860014
0.375,0.4638346928388496,0.3585353326245648,0.17762997453658563,0.015508656504451527,0.015458929176587472,0.012110203570467621
0.5625,0.36219037704297724,0.542126869365948,0.09568275359107475,0.01486810747464675,0.015273224182750072,0.00929658928208672
0.75,0.2466399113146241,0.7209093302361625,0.03245075844921335,0.013438452064578695,0.01416544781819693,0.005899931887656235
0.0,0.6392909447460088,5.988307480282803e-06,0.36070306694651094,0.015204149428262417,7.709120018099942e-05,0.01520060216451848
0.1875,0.5289761195679242,0.1764956077107741,0.29452827272130166,0.015842350178005168,0.012241270103897852,0.014254720218154495
0.375,0.4477375625884897,0.35774800533472084,0.19451443207678948,0.016227665577011424,0.015546973672334244,0.01282259127497086
0.5625,0.3568439594520289,0.547260950929624,0.09589508961834708,0.015096782332308623,0.015557686166403831,0.00957338683422238
0.75,0.25640172351878093,0.7219379516227084,0.02166032485851069,0.013735384207656237,0.014070956280134987,0.004564073104705166
0.0,0.6377246820681967,1.692908418210646e-05,0.3622583888476212,0.01523829543103158,0.00012878396145637682,0.01523805071007192
0.1875,0.5507402779127254,0.17239650467954842,0.27686321740772607,0.015483601555709058,0.012059051589192243,0.014333797825660827
0.375,0.45822093450431306,0.3625237195222562,0.17925534597343068,0.01554835670222713,0.01512678064770415,0.011953755998791777
0.5625,0.3623739222614648,0.5463509255171068,0.09127515222142826,0.015049814193205462,0.015830485690885708,0.009355031981174367
0.75,0.2512518420063049,0.7229193094200232,0.025828848573671806,0.013792816017255738,0.014474691360051216,0.005099488081014654
0.0,0.6357880423404472,0.0003964960899359494,0.36381546156961686,0.014553906638241595,0.0006179104781855093,0.014518915689197383
0.1875,0.5523390130663178,0.17037311373421546,0.2772878731994667,0.015709193841468114,0.012089746789738254,0.014207405394558625
0.375,0.4703061151182563,0.3592866929423011,0.17040719193944254,0.01641621591139661,0.015252991885601258,0.012048718267817784
0.5625,0.36657871616747423,0.5445730694395916,0.08884821439293414,0.014754864216737927,0.01498660205306581,0.009045911701829798
0.75,0.2520239461132955,0.7214345789523909,0.026541474934313667,0.01355228249437897,0.014235758809224635,0.005121663217746559
0.0,0.6392512915958815,2.030532195273292e-06,0.3607466778719232,0.015337188136346122,4.5359496576700865e-05,0.0153381067908693
0.1875,0.5337616090749487,0.17478980372452202,0.29144858720052924,0.016136744198730305,0.011620762243709346,0.014663506421599127
0.375,0.4478598391930887,0.35694894554340634,0.1951912152635049,0.01628715466667919,0.01537228185955661,0.012738709586246573
0.5625,0.36013103151233655,0.5478907687253509,0.09197819976231258,0.015243425478382039,0.01591174789045559,0.009376064144037603
0.75,0.2570956263208081,0.7202981345035926,0.022606239175599237,0.014296315058835005,0.014706773793364965,0.004822592491831193
0.0,0.6401102188845359,9.086650302604367e-06,0.35988069446516147,0.015227050785719566,9.538638683288326e-05,0.015226878751153927
0.1875,0.5586643737757438,0.17449974378618302,0.26683588243807316,0.01504851319466019,0.011707024794039964,0.013404662341155662
0.375,0.4559324615063499,0.36354095390166924,0.18052658459198082,0.015880732877473495,0.0158089234382054,0.012435745059408759
0.5625,0.35529175461868784,0.5427579585904297,0.10195028679088242,0.01563946170905231,0.01643008810859465,0.00936853901081352
0.75,0.23939793123128505,0.72367903274186,0.03692303602685494,0.013960622807061009,0.01448037290285419,0.0059982897763685055
0.0,0.6393359984828844,0.0,0.3606640015171155,0.0154967548589904,0.0,0.015496754858990403
0.1875,0.5584750134102817,0.17166331204988092,0.26986167453983734,0.015723750445073216,0.011846799298144245,0.013763197394632356
0.375,0.462871289481203,0.35792342213432643,0.17920528838447058,0.01677811176735228,0.015472122475563954,0.01240596075358656
0.5625,0.36358813610440116,0.5473174963411463,0.08909436755445256,0.015263210270750036,0.015906631830631374,0.009342274200176953
0.75,0.25693694367822445,0.722583905330082,0.020479150991693566,0.013976504684941226,0.014000125131661432,0.00450292523637281
0.0,0.6394526678665104,4.4846418187434914e-05,0.36050248571530225,0.015362538254742559,0.00020670912591427457,0.015350231912846476
0.1875,0.5451265970189417,0.1731182972938692,0.281755105687189,0.015430649765620238,0.011888614304873887,0.013749881433683355
0.375,0.4684731316719567,0.35831874228507427,0.17320812604296906,0.015111285170617881,0.01488621104098813,0.011623237025736536
0.5625,0.3508739034702295,0.5452615634811527,0.10386453304861783,0.015366625575116083,0.015630124916083645,0.009613833874851424
0.75,0.2559484436756142,0.7226735157970761,0.021378040527309662,0.013960151596164974,0.014157072538135375,0.004580214251052665
0.0,0.6350201440366375,0.00020768545823443598,0.36477217050512806,0.015330946854880765,0.00044957686397763654,0.01532082570360046
0.1875,0.5296568837319182,0.17134756167821763,0.2989955545898642,0.015628003259214852,0.011882373135991057,0.014542658805559307
0.375,0.4434674014214464,0.36316342821631076,0.19336917036224274,0.015153949513687015,0.015447478082020535,0.012530988125747173
0.5625,0.36719768427441307,0.546137670016813,0.0866646457087739,0.015649262010442925,0.016114104930191997,0.008960763778163404
0.75,0.2515788642188193,0.7195115171583775,0.02890961862280317,0.014252639296133287,0.014595046552286202,0.005271042374494103
0.0,0.6014715555234168,1.9763115344904835e-06,0.3985264681650488,0.014754543398370653,4.4202227050870484e-05,0.014754867496232841
0.1875,0.561768089123418,0.1715374256999522,0.2666944851766297,0.01528457928491544,0.011945121179788756,0.014105443902895923
0.375,0.46483862794469677,0.3569792733840893,0.1781820986712139,0.015390287315548873,0.015459705938062415,0.012113620220623842
0.5625,0.349221718581731,0.5484162714091265,0.1023620100091425,0.014898498616896185,0.01564031005859706,0.009950602538262429
0.75,0.24088245805790207,0.7196537988238807,0.039463743118217126,0.013818352513249718,0.014060871468521908,0.00584509215046536
0.0,0.6395618350618573,4.06867319771744e-05,0.3603974782061657,0.014459457651696508,0.00020654470483333077,0.014456354018463034
0.1875,0.559126179075078,0.17344350722861224,0.26743031369630976,0.01597308638616383,0.01171933865602617,0.01378796622194914
0.375,0.4515313212661304,0.36112060009863056,0.187348078635239,0.0159025826901792,0.014742192033963705,0.012284202678488912
0.5625,0.3477782899649968,0.5450578742838107,0.10716383575119236,0.015231243173668207,0.015423605193543867,0.009591619577916188
0.75,0.2540109898884727,0.7215256839679142,0.024463326143613164,0.013322581685558171,0.013629349868273986,0.004967439121324888
0.0,0.6376445375460437,2.0433806156440723e-06,0.3623534190733407,0.015162826822035248,4.5651033580352665e-05,0.015161181464478172
0.1875,0.5571844030717923,0.17080579155512868,0.272009805373079,0.01588400078151799,0.01186274341145874,0.01431848949318868
0.375,0.4605451188876476,0.35922555686160684,0.18022932425074553,0.015527327203955667,0.015079923705106324,0.012190678021673547
0.5625,0.34050556043470487,0.5458924285968257,0.11360201096846928,0.014961050331901902,0.015744321003262653,0.010385426671596821
0.75,0.25279662430724953,0.7228766394469598,0.024326736245790664,0.014057951270226979,0.01438263333885979,0.004820317345528902
0.0,0.6379073648246514,0.00013510121816070897,0.3619575339571878,0.015304722871683725,0.0003730559886363812,0.015282889416484844
0.1875,0.5525853958970836,0.17181580617367098,0.2755987979292454,0.01586948579187882,0.012568730053785882,0.014647280028973123
0.375,0.462937549808762,0.35766458910733945,0.1793978610838986,0.01542709233878869,0.014926398133050946,0.011771105196679617
0.5625,0.36101715046942695,0.5472320703176381,0.09175077921293476,0.015036682615755532,0.015418637018283549,0.009098502770173716
0.75,0.23430862473296532,0.7197897126471728,0.04590166261986179,0.01330271346502007,0.014030930830045786,0.006654383266960637
0.0,0.6395068839528165,6.614184212477984e-05,0.36042697420505865,0.015156158129218585,0.00025648134699878975,0.015155834187395394
0.1875,0.5664305157596408,0.16998849624125273,0.26358098799910645,0.015103314976666738,0.01185319224511157,0.01362028843225869
0.375,0.43150239552370556,0.3618871028232041,0.2066105016530903,0.015572097388573508,0.014457845949388464,0.012553968436561324
0.5625,0.3666137860138522,0.5427319462995653,0.0906542676865824,0.015593806512878132,0.015783758663722926,0.009077310278620456
0.75,0.24894481003052482,0.7239759500404223,0.02707923992905299,0.014051464814869182,0.01478181699715794,0.00513021091753255
0.0,0.6400311602940781,5.924290597232071e-06,0.35996291541532455,0.015169463932119886,7.630671966617232e-05,0.015169418310474367
0.1875,0.5579586911893774,0.17050155878983128,0.2715397500207915,0.015863317455052896,0.011693021387978127,0.014392685414770423
0.375,0.4542348154517292,0.3617785967326014,0.18398658781566934,0.015903189604481005,0.014860170096689175,0.012239662519807336
0.5625,0.3696139344745221,0.5424360252125686,0.08795004031290908,0.015428257133083432,0.01585955597274863,0.008984705273320426
0.75,0.23459936964571748,0.7247926457362255,0.040607984618057126,0.013177610278476585,0.014184203610364496,0.006352413382609181
0.0,0.6321719621329827,5.070285719271997e-06,0.367822967581298,0.015600831307391523,7.154905935109292e-05,0.015596379424539465
0.1875,0.5586181142855786,0.1701765089226053,0.2712053767918161,0.01617430050033372,0.01169621793462019,0.014313819310194069
0.375,0.46557329634145217,0.36320074908543293,0.17122595457311496,0.01604209752481323,0.015336179336395254,0.01249124848056113
0.5625,0.3399873972036173,0.5493538583539437,0.11065874444243892,0.015298812606022439,0.016255753573085098,0.01039761138721261
0.75,0.24392794391588532,0.7191979386459965,0.03687411743811822,0.013566405391318433,0.014209026855689897,0.005907012712723023
0.0,0.6361232444647238,4.180899041077846e-05,0.36383494654486537,0.0157235840310179,0.00020461443503016577,0.015721364646767922
0.1875,0.5585897981991176,0.17236202821005778,0.26904817359082456,0.015770558797665455,0.012187192141984843,0.014155421486806638
0.375,0.4590044200542952,0.3554766468135097,0.18551893313219506,0.015982010114860973,0.014788409298475719,0.012472881792709955
0.5625,0.35836141514772923,0.5436774023790222,0.09796118247324853,0.015051814637163142,0.01577585605089995,0.009399284389218315
0.75,0.24874278565807373,0.7184809363059647,0.03277627803596162,0.01345394103399315,0.014028554818360952,0.005769883339528601
0.0,0.6384307814140914,1.001001001001001e-06,0.3615682175849076,0.015256956636680388,3.163859985841663e-05,0.015255492479987075
0.1875,0.5502343888936586,0.17052649911983744,0.27923911198650386,0.01574689515972542,0.011849983826033276,0.014128545516353005
0.375,0.44649339723429493,0.3562363763656297,0.19727022640007533,0.01537777822112555,0.01570955644083644,0.012625089610251293
0.5625,0.35910730060633,0.5426818680288767,0.09821083136479325,0.015519880997967354,0.015806094688448326,0.009290886728101118
0.75,0.2588620882610089,0.7199766143705518,0.021161297368439295,0.012972156120046721,0.0136028598139947,0.00452734316485672
0.0,0.6397746306134962,0.00019997952121949747,0.3600253898652843,0.014428918332473901,0.00044539559638598727,0.014434216098084863
0.1875,0.5549155452078686,0.16953160826594385,0.2755528465261875,0.016481153138087287,0.012181523750503024,0.014564538775038173
0.375,0.47445830198991223,0.3613019479839805,0.16423975002610722,0.015310539414158863,0.01488200469893195,0.011936371862634984
0.5625,0.362311682451847,0.5443102283515331,0.09337808919662004,0.015300223211868887,0.01588915841247479,0.0089466404755793
0.75,0.26050570061850503,0.7222414341358917,0.017252865245603304,0.013857596341186306,0.014017493433411276,0.004114872803696964
0.0,0.6391229006721655,0.0003708839368201432,0.3605062153910144,0.015436994620185288,0.0005994012351265056,0.015426760903965902
0.1875,0.5561154577163719,0.17087868630322267,0.27300585598040533,0.015419803812735226,0.011862912454887116,0.014417889911473462
0.375,0.4518201358866273,0.3597536679399018,0.18842619617347084,0.015454045985956542,0.014631539174732346,0.012736416199775218
0.5625,0.33887118703195207,0.5464856555801398,0.11464315738790816,0.014748812005389987,0.015826050022702633,0.010649349775860224
0.75,0.24989829721156254,0.7180019643322199,0.0320997384562176,0.013945476226295318,0.014167082047635983,0.005611859372728514
0.0,0.6382845645963839,1.09538255106331e-05,0.36170448157810553,0.014775985539890438,0.00010389611278376511,0.014776327993868302
0.1875,0.5293140407632193,0.17091637520537617,0.2997695840314044,0.015580650804835618,0.012166363547089696,0.014471396858132245
0.375,0.4303968321248875,0.3615388854895371,0.20806428238557542,0.016339966962699556,0.015191053966967754,0.013423113432762887
0.5625,0.35620030045282985,0.5449954318549134,0.09880426769225673,0.01483494566118377,0.015727060613384188,0.00923359667329561
0.75,0.24796729786870156,0.7184291803603332,0.03360352177096517,0.014144756317713761,0.014816610454704079,0.005616723129251405
0.0,0.6394067658762089,2.055640606028612e-06,0.360591178483185,0.01521126357155892,4.593293688740726e-05,0.015211559267310201
0.1875,0.5528193531794556,0.1723160464941036,0.2748646003264406,0.015611483749810444,0.011978656950717894,0.013715342843724857
0.375,0.4693883740899146,0.35606587769509124,0.17454574821499425,0.015655755847001976,0.015218663785095576,0.012270378409688367
0.5625,0.36388746413755263,0.5429399239576467,0.09317261190480068,0.015393250754719178,0.015676670405389306,0.009036055078608742
0.75,0.25095991254568845,0.7223011754756514,0.026738911978660154,0.013408104555428551,0.014014019424271966,0.005190148953449376
0.0,0.6387249669234955,1.508289694713308e-05,0.3612599501795575,0.015016106373266778,0.00012228418393838203,0.015011355835065392
0.1875,0.5560135973403871,0.17362806247561471,0.27035834018399807,0.016190547261140054,0.011992614327242225,0.014764213659167812
0.375,0.462211821080596,0.3632146522456772,0.17457352667372678,0.016223090681384167,0.015888428154538867,0.011720661858050586
0.5625,0.3584006968492192,0.5439310718791496,0.0976682312716311,0.015165069015764495,0.01597748852379321,0.009425572628098986
0.75,0.24949365984788363,0.7203850340117169,0.030121306140399418,0.013421863897770933,0.014168092986680142,0.0054238194564966815
0.0,0.6384186294822496,1.896644135961236e-06,0.36157947387361444,0.015093917657091971,4.236793999870155e-05,0.015095973820002715
0.1875,0.5547991160682577,0.16905387134414626,0.27614701258759605,0.01562875101907814,0.012028019186375262,0.013639253837454743
0.375,0.4628987400394954,0.3576591745281521,0.1794420854323524,0.016070289249294066,0.015077634950416056,0.011882763168020548
0.5625,0.356623555102546,0.5446386066341402,0.09873783826331388,0.01517625581776766,0.015526544707388953,0.009174580429343446
0.75,0.247185302265551,0.7188249462314943,0.03398975150295463,0.013418465755682769,0.014157755439710448,0.005916613703899866
0.0,0.6015897574278656,1.1966322332324257e-05,0.39839827624980206,0.0160899722428245,0.00010861275452078062,0.016087636403720306
0.1875,0.5603497210644995,0.16773998509383162,0.27191029384166887,0.015598808467408269,0.011775683790720215,0.014171233007595856
0.375,0.4540666882029266,0.3571624068861977,0.1887709049108757,0.015989165340677684,0.015535922615188486,0.012695860923447875
0.5625,0.3379786686491217,0.5448028220977911,0.1172185092530872,0.014708192999044844,0.01579299295392203,0.010345873376361137
0.75,0.2584183845484362,0.7234287311928497,0.01815288425871418,0.013743541963825353,0.01408349159784363,0.004224535581121449
0.0,0.6400368465139862,8.068009299527699e-06,0.3599550854767143,0.015419356603055354,8.9860969226259e-05,0.015418780406286237
0.1875,0.5435617574324683,0.17334200415343207,0.28309623841409953,0.01562625042713611,0.011630475338778482,0.014161272282848513
0.375,0.46447740187739006,0.3574992010420621,0.1780233970805478,0.015712480698704373,0.014968795414134942,0.012276140911398623
0.5625,0.3614187128252992,0.5481459137483221,0.09043537342637878,0.015422420976109769,0.01571969772331541,0.009203865378783264
0.75,0.24301669654062197,0.7177468594064002,0.03923644405297783,0.013516338064840655,0.014098042797044798,0.006124840317856878
0.0,0.6393430568290271,3.427035627331279e-05,0.36062267281469956,0.015626171329002517,0.00018278727817814673,0.01561817990688615
0.1875,0.5536704189983968,0.17171585493766056,0.27461372606394274,0.015934003171139754,0.01165941960530439,0.014483765197212405
0.375,0.45500734172108664,0.3636010563279443,0.18139160195096912,0.015717735652130096,0.015337756916548814,0.011880311372510352
0.5625,0.34153753288512834,0.5476865696200853,0.11077589749478634,0.015037863819107928,0.015622003069945411,0.010055294787583697
0.75,0.25857723503020236,0.7206367309173097,0.020786034052487964,0.013129396349710176,0.013514488122574506,0.0046050084429592264
0.0,0.6390653951087977,2.0306661512691663e-06,0.36093257422505104,0.015335910697289653,4.536398804783288e-05,0.015334901496294677
0.1875,0.536395489883644,0.1738521153332287,0.28975239478312725,0.016010252296395588,0.012070113168452168,0.014585311216555343
0.375,0.4634399309571918,0.3564877023210752,0.1800723667217329,0.015355861474986118,0.015397090775270012,0.012085781967620425
0.5625,0.36482564243098353,0.550544058206797,0.08463029936221952,0.01523073383323544,0.015803470881616544,0.008766482647111403
0.75,0.24610483398853786,0.7174696690206037,0.03642549699085834,0.014000276324228069,0.014522437199572118,0.005800745335570069
0.0,0.637630222215006,9.861932938856016e-07,0.3623687915917001,0.015042452995556812,3.117057323329212e-05,0.015042513930304882
0.1875,0.5530919663847517,0.17247383018047083,0.27443420343477737,0.01527515858977322,0.011875149110142034,0.013431670368152899
0.375,0.4306907048679795,0.35996152571860174,0.20934776941341873,0.015463037305851895,0.014689749138526508,0.012752052976458112
0.5625,0.3470982908167139,0.5458671228648374,0.10703458631844878,0.015351856163044623,0.01612078620069723,0.00991775494753158
0.75,0.25464968174693653,0.721432343961468,0.023917974291595322,0.013688182082151555,0.014045128069062687,0.004893499170881863
0.0,0.6372513664520072,1.2076810226321716e-05,0.3627365567377665,0.015568960264402729,0.00010963420471220429,0.015568949793493192
0.1875,0.5554787955379876,0.17490387358260395,0.26961733087940837,0.015555667138962686,0.01192719954252943,0.013696075537052899
0.375,0.4499859249388435,0.3580047862243799,0.1920092888367766,0.015566467165699547,0.01480240195824458,0.012050966847111138
0.5625,0.34877887247019385,0.5385722303232843,0.11264889720652181,0.014752642663845518,0.015337778174038776,0.010029068931836463
0.75,0.24612622827991926,0.719459910707096,0.03441386101298479,0.013240095959951816,0.01369917126861301,0.005707311214242953
0.0,0.6384711693404859,0.0,0.361528830659514,0.01510934030456453,0.0,0.015109340304564534
0.1875,0.5586744713626952,0.17016244428897767,0.2711630843483271,0.016108174708053813,0.011891579605973488,0.014376516946560435
0.375,0.4660173871880693,0.3567476878997237,0.17723492491220702,0.015399768983909174,0.015417031208379957,0.011922648115059102
0.5625,0.35876296420083,0.5442155817904764,0.09702145400869369,0.015503494989017295,0.01602152045637723,0.009241707835419017
0.75,0.25516441895387576,0.7228010713010212,0.022034509745103042,0.013666491671486225,0.01408041113539355,0.004803031403132806
0.0,0.6398429759750407,4.933048652573211e-06,0.3601520909763067,0.014859899156258767,6.96842338005012e-05,0.014859750366731143
0.1875,0.5524332657607278,0.17395434305084206,0.2736123911884301,0.01663945057050003,0.011715233491490952,0.014658054862244656
0.375,0.44019682865018617,0.3587497262690364,0.20105344508077747,0.01561039698619819,0.015382658818522096,0.012431904041505775
0.5625,0.3602471410366376,0.5452715335610703,0.09448132540229216,0.01553398512589998,0.015459734083979411,0.009076238399724863
0.75,0.2573387675152229,0.721143083611966,0.021518148872811154,0.013695874134436513,0.014076846591394843,0.004685520911585685
0.0,0.638897559070878,0.00014961726682789756,0.36095282366229425,0.015246832587857187,0.0003885502923219221,0.01524182733968177
0.1875,0.5580080373815176,0.17147498113314655,0.2705169814853359,0.015744063285832798,0.01176838156555956,0.014352950542561789
0.375,0.45848654447930726,0.35782901593503375,0.183684439585659,0.01596183937117295,0.014722118920014612,0.01249084007174291
0.5625,0.3631789417675186,0.547238583785015,0.0895824744474664,0.014787918431444032,0.01558089181251001,0.00881883606598153
0.75,0.2512017128142655,0.7217210923471229,0.02707719483861156,0.013855700328143242,0.014180690541712941,0.005101902719968066
0.0,0.6362936808228498,0.0,0.36370631917715024,0.015992309730527263,0.0,0.015992309730527263
0.1875,0.5228732168721684,0.17216289865168144,0.30496388447615025,0.015530769468269614,0.01183671531012177,0.014083951283122497
0.375,0.4612430844662049,0.35738746366545615,0.18136945186833903,0.015492839064095328,0.014915599893117245,0.01196885345254453
0.5625,0.34216012004048824,0.5479761646563138,0.10986371530319804,0.014966370453177202,0.01592282054087679,0.010242859869791425
0.75,0.2466100685712123,0.7193952991757496,0.03399463225303809,0.013929827342264655,0.014563352304202068,0.00568251400064753
0.0,0.6385892371935394,7.714824023449873e-06,0.36140304798243716,0.015273308768757952,8.595629610288093e-05,0.015271162947946754
0.1875,0.5563430852897558,0.17281000392625787,0.2708469107839862,0.015984369255916266,0.011908745751492235,0.014407277847496205
0.375,0.4594994043466631,0.36100049320548305,0.1795001024478539,0.015102627959152098,0.014667225321431953,0.0118047636614222
0.5625,0.36358782052451205,0.5475909130081414,0.08882126646734655,0.01517714225615532,0.01581690701428312,0.009047140269600223
0.75,0.25258356759223405,0.7226401499587014,0.02477628244906448,0.013432344304276023,0.013940517060621053,0.004848517813057635
0.0,0.6351072935674299,0.00018800974025640736,0.36470469669231365,0.015253981357564806,0.0004358880500892329,0.015245553751655275
0.1875,0.5514778603320458,0.17072862017164048,0.2777935194963137,0.016088278610902642,0.012030228440713065,0.01457348116254305
0.375,0.4444058256647329,0.3596129448414886,0.19598122949377847,0.016009020021653494,0.015292644013946014,0.012324118747804796
0.5625,0.3639128163814605,0.5423996055714533,0.09368757804708622,0.015237961620904654,0.01578685206582776,0.009354096304801735
0.75,0.2448155385706949,0.7197954231280289,0.035389038301276175,0.013514919034124906,0.01411442834628644,0.00563954869613631
0.0,0.639139263311006,1.2829062792273194e-05,0.3608479076262017,0.01477245351746628,0.0001118211648252628,0.014778367683105134
0.1875,0.5524887769891147,0.1704337483888961,0.2770774746219891,0.01536460803546181,0.01192609422738153,0.014242846493317057
0.375,0.4474181925059796,0.3614307819871195,0.19115102550690097,0.015757487582874406,0.015389306691704779,0.01252667113956812
0.5625,0.3498829699450655,0.5446721124843604,0.105444917570574,0.01524022361904782,0.015640490063499175,0.009421802084532747
0.75,0.24032969755180814,0.7225502451675527,0.03712005728063909,0.01358690081790023,0.014259119709727833,0.005891536787176804
0.0,0.6394045298405956,4.018262936931364e-06,0.36059145189646746,0.015362610188158782,6.342451281276942e-05,0.015360590534654234
0.1875,0.5491951390082215,0.172177574086278,0.2786272869055005,0.01634985377470436,0.012197030016603523,0.014600560149825347
0.375,0.42423800721846755,0.3631389683345942,0.21262302444693826,0.01580105536458296,0.015318219859385434,0.013666243025995234
0.5625,0.3501039815696353,0.5443797326925346,0.10551628573783,0.01541763156594958,0.015755880287882842,0.009516237184883815
0.75,0.2580508131255467,0.7232470461109233,0.018702140763530002,0.014174452362193177,0.014473540607816013,0.004200072338864891
0.0,0.6388592021591147,9.913429495669684e-06,0.36113088441138963,0.015836172499519782,9.86755004509457e-05,0.01583575538730278
0.1875,0.545814376872473,0.16901752881708176,0.28516809431044515,0.015562087302625125,0.011993441305037374,0.013880449181234123
0.375,0.45713294665558224,0.3562941860854936,0.1865728672589241,0.015466928731483323,0.015330299114718029,0.012164258037442213
0.5625,0.3704755209626928,0.5433090101054926,0.08621546893181459,0.01503649882315823,0.015626920618339656,0.008534626037107336
0.75,0.24405712894677312,0.7202370324068161,0.03570583864641071,0.013118018993314724,0.014021688196761884,0.005972812763906168
0.0,0.6402578591709056,6.009183996413054e-06,0.35973613164509805,0.015682350238787723,7.735891122618691e-05,0.015680245112691518
0.1875,0.5528350641573199,0.17214724808984846,0.2750176877528317,0.016057259601170226,0.011804782393964939,0.014916336201157397
0.375,0.4728023126789157,0.3570544252106535,0.1701432621104308,0.01599556156534063,0.015456350400780283,0.011937398395269957
0.5625,0.33594060379240864,0.5523202358699479,0.11173916033764343,0.01514118786672157,0.0160761407112886,0.010116180042869082
0.75,0.25594125940769297,0.7243522803991025,0.019706460193204534,0.013711979190394952,0.013856112702958369,0.004430787138924989
0.0,0.6382819604220215,2.0017624321563756e-06,0.36171603781554623,0.015391415798798628,4.472451193578761e-05,0.015391765185170896
0.1875,0.5479574856075158,0.17437790032035924,0.277664614072125,0.015485480216084932,0.011812153022279356,0.014167017858351517
0.375,0.45837894241468274,0.36023510289785365,0.1813859546874636,0.0151280044723045,0.01516041065607902,0.011821022672783985
0.5625,0.3528577014355292,0.5445908389165874,0.10255145964788319,0.014841388754366752,0.015923995109603958,0.009791810397648275
0.75,0.24858819972012425,0.7215034624109969,0.029908337868878785,0.013720950891085586,0.014240654808052483,0.0054284965680539326
0.0,0.6393507483786737,2.956471760686987e-06,0.3606462951495656,0.015749617245294643,5.3903903227183105e-05,0.01575005005387761
0.1875,0.5540736757480357,0.17256147386693163,0.2733648503850326,0.015520344847685713,0.012093236954325338,0.014022812891982907
0.375,0.46014554674190394,0.3560719891954082,0.18378246406268783,0.015485101395097905,0.0146007299124161,0.012020938930914724
0.5625,0.36988374505056404,0.5409520133276019,0.08916424162183403,0.01587754723010137,0.01624884318971989,0.008808359571271178
0.75,0.2593822454236988,0.7235585337744458,0.017059220801855367,0.013491459510397583,0.013771879647987425,0.004010084018310568
0.0,0.6386953410639735,0.0,0.3613046589360265,0.01482774899996851,0.0,0.014827748999968512
0.1875,0.5482548401182735,0.17046083559992395,0.2812843242818024,0.016239796315683935,0.011949523200603883,0.0144072067455343
0.375,0.4634125657420726,0.35787600998189417,0.1787114242760332,0.015813165651946487,0.015169182375297616,0.012149574732853627
0.5625,0.37354208530830807,0.5439018942771252,0.08255602041456672,0.015075852368315844,0.015779323031709785,0.008842014197049103
0.75,0.25631085850572605,0.7184051050869255,0.025284036407348408,0.013892619220666423,0.014276070877136698,0.004980060378585921
0.0,0.6389784783457654,6.9831501200459005e-06,0.3610145385041146,0.014678029150561794,8.318462500359384e-05,0.014680041898338552
0.1875,0.5561968955438813,0.17130738091987638,0.2724957235362424,0.015052911109905365,0.011649923326190163,0.014121058792706361
0.375,0.4660070980555842,0.35941084948119545,0.17458205246322026,0.01572531270493963,0.015136401646693871,0.01171140532629323
0.5625,0.3602123667203594,0.5435210906410244,0.09626654263861631,0.015945041151792967,0.017008963469784102,0.009090405218043227
0.75,0.24973995049326403,0.7202424734120729,0.03001757609466295,0.013989759766409982,0.014241051041086805,0.005434019760606571
0.0,0.639317941895654,6.0698228200384384e-06,0.3606759882815259,0.016129888004947388,7.816494705058889e-05,0.01613175889144497
0.1875,0.5567975550025345,0.1742716846758844,0.26893076032158103,0.016097298651443326,0.012390296325081929,0.014102507225409107
0.375,0.46082969460951495,0.357870318573765,0.1812999868167201,0.01537038494332591,0.014794397295945762,0.011922722066520902
0.5625,0.3825878969421909,0.5464288594918789,0.07098324356593008,0.015827074342472946,0.015905407895161743,0.008273016454367543
0.75,0.24478784483505608,0.7193833051098868,0.03582885005505705,0.013985029327491332,0.014777531985389265,0.0058996035844334285
0.0,0.6383197870803954,1.959702010299696e-06,0.36167825321759434,0.014670385757214124,4.381794785273849e-05,0.014670802451414562
0.1875,0.5587483419712369,0.17477001300828493,0.2664816450204782,0.015199457483801767,0.012005760778308667,0.013616824535548374
0.375,0.47054818575249896,0.3602276085875477,0.1692242056599534,0.015798745390798022,0.015434087668650478,0.011879911088907912
0.5625,0.3622424547250481,0.5423825072336289,0.09537503804132307,0.01492217899394261,0.015369053589696587,0.009309823624382442
0.75,0.26804608074023517,0.7218499492938797,0.01010396996588504,0.013782879959581395,0.013932149549256834,0.0031923210054068995
0.0,0.6395701222865717,0.0001308164606309949,0.3602990612527973,0.014798247678338174,0.00035753553943765337,0.014800592235873994
0.1875,0.5508023089448275,0.1719306412996023,0.27726704975557026,0.016420398182595743,0.011927052209631396,0.01446951406242436
0.375,0.46505817075698314,0.3554741240827249,0.17946770516029198,0.015629095860804746,0.01524113712572647,0.011474376852928113
0.5625,0.36266087821962995,0.5468130938340716,0.09052602794629849,0.01596185920364537,0.016794526005322108,0.009261140270541335
0.75,0.25870183550138426,0.7228338627944028,0.018464301704212944,0.01404558580171456,0.014508493780396222,0.0043486724215250966
0.0,0.6399037838613345,4.499244792642157e-05,0.36005122369073905,0.01565649739244515,0.0002166260691569284,0.015647688107114994
0.1875,0.5464456028723602,0.1730574189951934,0.28049697813244645,0.01564239822183598,0.011441420612038794,0.014604878723002127
0.375,0.43425739386618445,0.36286594698140895,0.20287665915240655,0.015655980025023615,0.014941055691920144,0.012509308893322468
0.5625,0.34813306460523386,0.5451907934084623,0.10667614198630367,0.015207214063921169,0.015680475101915177,0.009815982721576267
0.75,0.2569619935148915,0.7218192276241719,0.021218778860936465,0.01366829033347202,0.014072671531865918,0.0046056419873701585
0.0,0.638910122506285,1.7989087229656952e-05,0.36107188840648535,0.015403000871508263,0.0001329082154677643,0.015395998451240287
0.1875,0.55596916229868,0.17143726097140874,0.2725935767299113,0.015931821981401608,0.011571168609841745,0.013501524339626201
0.375,0.452433287961687,0.36228521416267734,0.18528149787563558,0.015417129981879163,0.014583735535077275,0.012429238184062984
0.5625,0.36471224350862363,0.5425831179411797,0.09270463855019659,0.014867917677266078,0.015496024958931168,0.00908874842129051
0.75,0.24781976014267373,0.7200992062458327,0.0320810336114935,0.013169373233631371,0.013689766633040017,0.005673960505326189
0.0,0.6393296030146579,7.985444868568982e-06,0.36066241154047357,0.015040607344622198,8.89700045851208e-05,0.015042098810929995
0.1875,0.5491093336320426,0.1713229273179526,0.2795677390500048,0.01531082278686124,0.012006012778823521,0.01411868399769083
0.375,0.44299823780984615,0.35763615823289774,0.19936560395725614,0.015000584640463745,0.014353323491515448,0.012104492703480806
0.5625,0.3425723018026119,0.5493953011088482,0.10803239708853997,0.014695180435068069,0.01578131260314937,0.009805154308752438
0.75,0.25426818480279173,0.7189763287609501,0.026755486436258222,0.014026593972074126,0.01421964924692807,0.005082811872794489
0.0,0.6388295153232304,3.940779700347954e-06,0.36116654389706926,0.015200003062923951,6.219871140968095e-05,0.015198761760919053
0.1875,0.562564402991166,0.1718740015751601,0.2655615954336739,0.01570271518478455,0.011585464093496724,0.014011225038419313
0.375,0.45992375718972284,0.36022446052033075,0.17985178228994642,0.015805547781202817,0.014924902086356728,0.011696556569495973
0.5625,0.36148683025923434,0.5447429777648075,0.09377019197595811,0.014775567504188118,0.015151278886680055,0.008987769555724773
0.75,0.2555863529241922,0.7202335604608631,0.02418008661494474,0.01379487490000071,0.014210898398708724,0.004975466382381438
0.0,0.6383554518268545,1.0928754872219184e-05,0.3616336194182733,0.014882406243172436,0.00011141583405908231,0.014883622937963352
0.1875,0.5479271980743491,0.17105105497199183,0.28102174695365906,0.01562994348640428,0.011818396019414585,0.014218067294113403
0.375,0.45553221379720343,0.36363555936519804,0.18083222683759848,0.016181429214921876,0.015572362674795956,0.012428839943583642
0.5625,0.3577321932599475,0.5451233889151729,0.09714441782487955,0.015099117484852011,0.015433713602593236,0.00949599562475999
0.75,0.22953509618577278,0.7227275319702756,0.04773737184395159,0.013481958470366902,0.014382508096797026,0.007004880644516367
0.0,0.6393087887675502,4.89495019022827e-06,0.36068631628225967,0.015221578648330512,6.906311889917374e-05,0.015223901763556548
0.1875,0.5464517001502809,0.17304103416682143,0.28050726568289774,0.016261564959981142,0.011751546054467236,0.014203063929691107
0.375,0.4674204542948782,0.3588672708729069,0.17371227483221494,0.015903143364868783,0.015187195080112856,0.011999590024317603
0.5625,0.3721067006252198,0.542402247693716,0.08549105168106406,0.01588231935152314,0.01639285523434913,0.008959035807030766
0.75,0.24788460284161284,0.7182443043055379,0.03387109285284928,0.013924014245834539,0.014428645094210516,0.005772029634706023
0.0,0.6389892954296615,1.9823049837370528e-05,0.360990881520501,0.015514067476606705,0.0001388018563181341,0.01550834579235672
0.1875,0.5609666965442496,0.1725492546032281,0.2664840488525224,0.015710638500318678,0.01196204762167382,0.014211004738161165
0.375,0.46394191557377856,0.3573894572593181,0.17866862716690327,0.01596950278931422,0.015126038086312332,0.011925738501742418
0.5625,0.3548092530820213,0.548895229740913,0.09629551717706568,0.014905964040890844,0.015386740156539513,0.009215369801540318
0.75,0.2552692773166609,0.7247899592850915,0.01994076339824757,0.013808836154796821,0.013984855179328896,0.004363695503960487
0.0,0.6393531300249307,8.00892364004125e-06,0.3606388610514293,0.015397732835748527,8.92653474680868e-05,0.01539628028294769
0.1875,0.5527102203609606,0.17305864317941502,0.27423113645962427,0.015073093240482883,0.012039056544237934,0.014125310774471505
0.375,0.44183855817294365,0.3596492167205492,0.19851222510650712,0.015743078914307963,0.015315733673929717,0.012235633990927614
0.5625,0.3565487147851334,0.544191275459616,0.09926000975525057,0.015638792841657225,0.015760064117897567,0.00970854103272064
0.75,0.2554275081521922,0.7218501703762218,0.022722321471586034,0.013927859618446893,0.014163386293671174,0.004747455337293081
0.0,0.6387649483847352,9.100209693256544e-06,0.36122595140557157,0.014913630386025459,9.552459736770278e-05,0.014913553571839863
0.1875,0.553622408370627,0.17218067159483808,0.2741969200345348,0.015514479676602237,0.012211743736271551,0.013950123560077073
0.375,0.4627326000364876,0.3591814536921692,0.17808594627134317,0.015889420601518347,0.015171609486491785,0.012458013598650416
0.5625,0.3518215765946733,0.5452988472654772,0.10287957613984954,0.014729482585156098,0.015547809556095154,0.009502662886450488
0.75,0.25823021595791296,0.7217632026219247,0.020006581420162258,0.01370055114393536,0.01407006615135594,0.004490262061245205
0.0,0.6384486065518807,0.0,0.36155139344811915,0.015812682846949803,0.0,0.01581268284694981
0.1875,0.5474942371844911,0.17356978083991007,0.2789359819755989,0.01546462423844846,0.011750104471598318,0.01374672243309026
0.375,0.45921962681946693,0.36222892869206247,0.17855144448847057,0.015759941150964327,0.014839160365042072,0.012405972596618638
0.5625,0.3574429217604362,0.5443432214432382,0.0982138567963255,0.014711434813548776,0.01535118556231045,0.009393297605898809
0.75,0.26057521061791,0.7214033027067039,0.018021486675386163,0.013919037054611472,0.014237495116285947,0.004231828140173061
0.0,0.6409494017079582,3.0452417885092087e-06,0.3590475530502533,0.015535275734039358,5.555771572684323e-05,0.015535558690242432
0.1875,0.5442839193855064,0.1748994723986326,0.28081660821586096,0.015115235418151143,0.012013303421584095,0.014023253408912462
0.375,0.42962777295689086,0.3641135713892021,0.206258655653907,0.015213489771235425,0.015120808626557361,0.012897949417051534
0.5625,0.3445998788238944,0.5473044552375302,0.10809566593857534,0.015242408594374443,0.015918290229942095,0.009877517132315128
0.75,0.252962219277691,0.7184136669382821,0.028624113784026853,0.0140597430736222,0.014437338626058744,0.005197527426003734
0.0,0.6393303828360182,3.0242769885706545e-06,0.36066659288699315,0.014775327403480375,5.5160644836870174e-05,0.014778503426244106
0.1875,0.5246197053390226,0.17362441853034785,0.30175587613062943,0.015658111962150438,0.011535115406892846,0.01460805183173996
0.375,0.4431138233089377,0.3602807053180404,0.19660547137302184,0.01596825614444796,0.01551900808402703,0.012738178595958402
0.5625,0.36209855953904263,0.5462480282283932,0.09165341223256422,0.014619128211713928,0.015030170645323786,0.008850894036993769
0.75,0.24786378316863533,0.7222741080324269,0.02986210879893774,0.013399887878079749,0.013943992079157284,0.005359149207801834
0.0,0.6391269813209814,0.00011120468811885461,0.3607618139908996,0.015390508882641086,0.00035112006557616533,0.01537596778365801
0.1875,0.5590500992728767,0.17331221144052794,0.26763768928659526,0.015442651621356834,0.011606425325453454,0.013628251001813139
0.375,0.46359813156791485,0.36215594233692716,0.174245926095158,0.0157821778588533,0.01492240082965826,0.011903081304090261
0.5625,0.37693008645183507,0.542771004388271,0.08029890915989393,0.015468364610743832,0.01538594135420464,0.00847594600511461
0.75,0.24762516549081362,0.71873516416244,0.033639670346746295,0.013852907500793769,0.014285581998623216,0.005849495708303069
0.0,0.639052117879674,0.00015386659944779236,0.3607940155208782,0.015440525860680386,0.00039357551537049244,0.015436225428545296
0.1875,0.556493201790785,0.16989028163042566,0.2736165165787894,0.015734377800247758,0.011606169078949975,0.013830999880018091
0.375,0.4504283071192252,0.36170727643519957,0.18786441644557522,0.015801758123325634,0.015478353109420532,0.012188489776682906
0.5625,0.36074130563951085,0.5438149302257311,0.09544376413475794,0.015017885405339878,0.015925966670604676,0.009350391143786626
0.75,0.2499959543027048,0.7222752415932362,0.027728804104059063,0.01397351000137359,0.014330509447742381,0.0051351687029210676
0.0,0.6400842035663957,1.997614431492696e-06,0.35991379881917285,0.014931407526119909,4.463015186782251e-05,0.01492875918155032
0.1875,0.44628098618312534,0.17340149820064432,0.38031751561623023,0.015753748054128415,0.011716430400386777,0.01492321210136968
0.375,0.45005315704341603,0.3578523488369568,0.19209449411962715,0.015513802153498657,0.01510551876673099,0.012497634584802483
0.5625,0.36166108909497174,0.5469531336286759,0.0913857772763524,0.015462176305615702,0.016016732689922285,0.009137191735678807
0.75,0.23770674418389434,0.7190107532741697,0.04328250254193598,0.013083137145916067,0.013811767739349747,0.00651281336080984
0.0,0.6391819793363571,0.00018553575590735447,0.3606324849077355,0.015182597234822721,0.0004247864582185202,0.015208263138299318
0.1875,0.5471233965653471,0.1696439775874474,0.28323262584720543,0.01593244708064492,0.012445281754659492,0.014074389372003443
0.375,0.44566286847734143,0.36210688406010966,0.1922302474625489,0.01561514585226862,0.015503252439760865,0.012366636921469141
0.5625,0.3503257902234342,0.543724678733657,0.10594953104290877,0.015167764746232052,0.015423614611719028,0.009702280376433782
0.75,0.2484455441064042,0.7233186834506203,0.028235772442975367,0.01317628131586427,0.013764071692299231,0.005188735782369811
0.0,0.639318650540939,6.631866604447829e-05,0.36061503079301643,0.014854761664821463,0.0002496124723114184,0.014849373893705413
0.1875,0.5538954520771493,0.17500874402713962,0.271095803895711,0.015757449734507805,0.012042903486954878,0.014170980015341797
0.375,0.46803032377499426,0.35669862775469674,0.1752710484703089,0.015638344525661273,0.014673474080142761,0.011741701592342672
0.5625,0.3597716624276553,0.5439528796789272,0.09627545789341746,0.015343788977390815,0.015735053649525977,0.009665188808240882
0.75,0.24666184281516274,0.7237047999555346,0.029633357229302656,0.013802036183658307,0.014468160378804462,0.005342852283154896
0.0,0.6368917311369214,1.2990596069639522e-05,0.3630952782670089,0.014952250541867405,0.00011326044174981705,0.014946567032648852
0.1875,0.5453714320732652,0.1714343984506886,0.28319416947604625,0.016021654669312414,0.012117922336747007,0.014458763757649925
0.375,0.4641311342184545,0.3585636110929184,0.17730525468862715,0.015953288237346958,0.01449499287859806,0.012350032442738
0.5625,0.33655906134525465,0.5507688507664977,0.11267208788824765,0.014964844755611306,0.015773271206453415,0.009590973835068321
0.75,0.23689983704088463,0.719068106705849,0.04403205625326636,0.013081553491287685,0.013722604705328436,0.006812196101231598
0.0,0.6397740907709298,2.5965533995574775e-05,0.3601999436950745,0.015250123288224721,0.00015899838207854435,0.015258374888485991
0.1875,0.5524924381391212,0.17068934580506515,0.2768182160558136,0.01493364417532521,0.011499012384069491,0.013627807277786874
0.375,0.44025305184514174,0.35993389466371184,0.19981305349114636,0.015623422171642795,0.015210729325980677,0.01272674738507363
0.5625,0.36329321385723146,0.5413849188593302,0.09532186728343825,0.01483111183232621,0.015454364969054892,0.009219598742610068
0.75,0.25486932440221743,0.7190925955754456,0.026038080022336978,0.013833660774736738,0.014264587404126925,0.004986026139329434
0.0,0.6398035165607883,6.113864899675343e-06,0.36019036957431205,0.015116576090477108,7.873115138381914e-05,0.015116242648198528
0.1875,0.5417040646573985,0.1719745623539805,0.2863213729886209,0.01601213879654923,0.01161974716143074,0.014415771762953488
0.375,0.45290455035979105,0.3635368202869242,0.18355862935328468,0.015620871098388566,0.015056782618647794,0.012038051964016609
0.5625,0.34775725658202755,0.5452775614213162,0.10696518199665614,0.015407567596677897,0.0159693528561401,0.009602774381592417
0.75,0.25613046967409986,0.7189016260357535,0.024967904290146673,0.013222249579439831,0.013508020281216586,0.0049542961893953635
0.0,0.6389773874617034,5.1982316812362465e-06,0.3610174143066154,0.014930375770843638,7.3379629979485e-05,0.014931415844072477
0.1875,0.5569478129508291,0.16898209753327428,0.27407008951589673,0.015008201437379045,0.011854139298308529,0.014484347763367426
0.375,0.4648031448379308,0.3590962446712672,0.1761006104908019,0.015885124269672618,0.015251003657989618,0.01203561655640072
0.5625,0.36698164173131725,0.5439549587898383,0.08906339947884445,0.015451361880148461,0.015844867003363,0.008750705926363893
0.75,0.2527856280784123,0.7178972572572272,0.029317114664360402,0.013537384684872032,0.014285689465338753,0.005472409302576682
0.0,0.6359066193497172,6.478145042882688e-05,0.364028599199854,0.015405184463250546,0.0002582746094961038,0.015408278530859803
0.1875,0.5455389800751261,0.17110737589479044,0.2833536440300834,0.015367549220445443,0.012021653459952087,0.014036144832545151
0.375,0.45047079078393937,0.36387031252503443,0.18565889669102614,0.01549428472150133,0.015477849317048542,0.01209490915160227
0.5625,0.35901844663558663,0.5488506388373805,0.09213091452703288,0.014953590771079293,0.015329637025644622,0.009174543849234561
0.75,0.2588502602644941,0.7213582543365572,0.01979148539894875,0.013649695030031914,0.014019775869226342,0.0043160915174332275
0.0,0.6388274514123014,3.480007860882909e-05,0.36113774850908986,0.015155985108298613,0.00018278435784705607,0.015151896421426636
0.1875,0.5485100244253659,0.1702985239379499,0.2811914516366842,0.016018969245632397,0.011862083972435081,0.01432083268701509
0.375,0.43683503885076413,0.36141375305449985,0.201751208094736,0.016034100731262636,0.015371909188361007,0.012766738076127016
0.5625,0.36482710376485816,0.5442459898132682,0.0909269064218735,0.015144720917883589,0.015983238214835466,0.009538364154194257
0.75,0.26646535929195664,0.7200495512345207,0.013485089473522454,0.013909012297884302,0.014173648248913517,0.0037195548182666245
0.0,0.6378044935273612,1.978586327122193e-05,0.3621757206093674,0.014753550620201786,0.0001385470455464632,0.014752610260534493
0.1875,0.5609717463542502,0.17429358568293313,0.26473466796281675,0.015475446200655581,0.01154875330992327,0.014120631911430611
0.375,0.46044828330524806,0.35877386671956457,0.18077784997518728,0.015979880263354975,0.01580125918981282,0.012049660047741693
0.5625,0.34319148893233553,0.5436367746614853,0.11317173640617921,0.015499777295577204,0.016291585294156908,0.010365312577716385
0.75,0.24945054589673207,0.7240365279602502,0.026512926143017677,0.013150995029694195,0.013638056185016937,0.005123024163544617
0.0,0.6390488418032455,1.3991835167251778e-05,0.3609371663615871,0.015557592454809529,0.00011748572304567612,0.01556647554695829
0.1875,0.5551641360585172,0.16882332678285206,0.2760125371586306,0.015160405947136232,0.011722907426592445,0.01374136809765513
0.375,0.4628659699466008,0.35519564107097046,0.18193838898242878,0.01541615975947194,0.014882105811379156,0.012073026206123738
0.5625,0.3430144537023534,0.5470621417659683,0.10992340453167831,0.014841997947210504,0.015706088592595892,0.010041076742939982
0.75,0.2571404097731312,0.7216125640982693,0.02124702612859952,0.01396883952424927,0.014249046113281438,0.0044477808723212805
0.0,0.6395471184535164,0.0,0.3604528815464836,0.014866609506468122,0.0,0.014866609506468117
0.1875,0.5391322550656068,0.1701658975058549,0.29070184742853816,0.016169525499185884,0.011508480756466953,0.014960319072363271
0.375,0.4529644875853122,0.3592793829567189,0.18775612945796888,0.015071160574982357,0.01508951359250123,0.012444176775782615
0.5625,0.3604241559020823,0.5492584387253263,0.09031740537259135,0.015038201268125261,0.01547095876097709,0.008815157310496275
0.75,0.2522762500558909,0.7240594833324113,0.023664266611697744,0.013732529544429346,0.014157433942310902,0.004866801872229442
0.0,0.6391199255692654,3.609847737176206e-05,0.36084397595336276,0.015245813187642338,0.0001868813547378983,0.015241216803144626
0.1875,0.557723460719779,0.17339671232544634,0.2688798269547747,0.015371086254583888,0.012575311742661563,0.013776337414311234
0.375,0.4417759883950369,0.36416998176409465,0.19405402984086847,0.015993306349345888,0.014938748019183826,0.01270721604520131
0.5625,0.3693753819649873,0.5434828446136702,0.08714177342134245,0.015549302233693175,0.01566571673044913,0.008666837078432998
0.75,0.24453622571045497,0.7218292997355855,0.03363447455395945,0.013570132280326266,0.014151333598212043,0.005594580749272458
0.0,0.6387449734465711,0.00010394513979213915,0.3611510814136367,0.015238928033571677,0.0003322071883961657,0.01524439701168067
0.1875,0.5592522097237044,0.16924322620560237,0.27150456407069323,0.015489124488270771,0.011633508564471146,0.013807041343628701
0.375,0.46670776738584235,0.3607644785793357,0.17252775403482196,0.016638163416674234,0.015980242127035922,0.011966839058135776
0.5625,0.3569647800212445,0.5444209927673469,0.09861422721140853,0.015219310879392722,0.01616545874282054,0.009162730956845265
0.75,0.257212581255096,0.7221645113727779,0.020622907372125923,0.013855769195526165,0.014197770303784418,0.0043749492509043445
0.0,0.6394215687550695,1.7009862116696773e-05,0.3605614213828137,0.015254442560337247,0.00012939247507891434,0.015255647462027459
0.1875,0.5512393734597709,0.17334619439000395,0.27541443215022504,0.015494643946522326,0.011706606132477749,0.0138822477585091
0.375,0.4424855195807161,0.3583872830512468,0.1991271973680371,0.01629158803189983,0.01560269976735201,0.01266453324794589
0.5625,0.3665225008323299,0.5423169875167293,0.09116051165094063,0.015379462999605686,0.01619942806225399,0.008972995205995146
0.75,0.25448433626380823,0.7228360372032907,0.022679626532901054,0.013551123995826933,0.013926066395742696,0.004779434983493088
0.0,0.6279981983563853,2.0203339469162356e-06,0.3719997813096678,0.015430561397747854,4.5132318213045765e-05,0.01542933555738477
0.1875,0.5611195711820381,0.17282383151178327,0.26605659730617853,0.01519201459114859,0.011709077044246714,0.01368383690215773
0.375,0.4500909799851421,0.3560607788064218,0.1938482412084361,0.016104340467634037,0.015445421205718419,0.01246841827153334
0.5625,0.36315507961910076,0.5461438871809057,0.09070103319999358,0.015187737642501767,0.015733680648432155,0.009443373324264672
0.75,0.24040835436271005,0.7208251786572594,0.038766466980030556,0.013695506906346794,0.01426170031225264,0.005915813343958416
0.0,0.6394522327760592,2.975208730122369e-06,0.3605447920152108,0.015621331171349513,5.426552383148452e-05,0.015620575050468512
0.1875,0.5299243511461534,0.16850654796064576,0.3015691008932007,0.016197343565454464,0.012065526583806075,0.014118612655308335
0.375,0.41982269489852536,0.36819630290196653,0.21198100219950805,0.015571764556993726,0.015263798413894728,0.012883214342980906
0.5625,0.3642860986157016,0.5448028397118647,0.09091106167243364,0.01567424084054949,0.016270024133071544,0.009266758355797869
0.75,0.24770971034821954,0.7195330136120464,0.03275727603973405,0.013471274119344769,0.01405691703846947,0.005675312148568453
0.0,0.6393306736487291,5.087274758265514e-05,0.36061845360368827,0.01517372602170697,0.00022403340851231076,0.015178914331451304
0.1875,0.4461476473901904,0.16652504340859237,0.38732730920121733,0.015544546821669347,0.011730989579433596,0.015502639330577972
0.375,0.42543519453822726,0.36060496782398477,0.21395983763778792,0.015975804782670026,0.015153876126988009,0.012933356917620124
0.5625,0.36359259911304054,0.5415375259774154,0.09486987490954397,0.014886618429500304,0.015604946354268089,0.009110051494677567
0.75,0.2498352096576085,0.7242331310494601,0.025931659292931352,0.01334994147774904,0.01385928420961671,0.005063423041992143
0.0,0.6388568811860974,5.041066401166212e-06,0.36113807774750134,0.015634592900952406,7.11466302040492e-05,0.015635042715441444
0.1875,0.5490424580488977,0.17267224015357624,0.2782853017975259,0.015517638682097832,0.012108170278437028,0.014947255536969715
0.375,0.45504557074663127,0.35912017876475827,0.1858342504886105,0.015729624425941897,0.015575030377254112,0.012295518459816366
0.5625,0.3577432697802101,0.5442011246160511,0.09805560560373891,0.014792419707899067,0.015372817572890175,0.009823681605574616
0.75,0.24963376746265564,0.7222054793848004,0.028160753152543978,0.013207894717429582,0.013970127624361301,0.005275290509804583
0.0,0.6397314237392298,0.0,0.3602685762607702,0.006618661432730965,0.0,0.006618661432730963
0.1875,0.5513440898057788,0.17050768738612726,0.27814822280809404,0.00706063463250505,0.005393629635223022,0.0065216966082975005
0.375,0.4832461957573675,0.3594279345908123,0.15732586965182016,0.006824770039525817,0.006559720268627625,0.005181418324482051
0.5625,0.36994360679479305,0.5456348779789473,0.08442151522625958,0.0067109394212014235,0.0068540385089996825,0.003939525963872369
0.75,0.26066013962114615,0.7226914781987593,0.016648382180094592,0.006229647382049453,0.006377809885132849,0.0018109386334734376
0.0,0.6400290000240089,0.0,0.35997099997599113,0.00687337835629551,0.0,0.00687337835629551
0.1875,0.5676013141363383,0.1733100547388354,0.2590886311248263,0.007040537493526492,0.005376749834466563,0.00625621645828988
0.375,0.46079050955433537,0.35917317264269566,0.180036317802969,0.007262540628476193,0.006883674261686423,0.00540209301603489
0.5625,0.37380258465140126,0.543714731341988,0.08248268400661067,0.0067967901915847095,0.006907940517926468,0.003910548742629317
0.75,0.25331427730316497,0.7236216173789503,0.023064105317884675,0.0064367707873067255,0.006554926661299014,0.0021622377026146626
0.0,0.6401584052548035,0.0,0.3598415947451965,0.006727851528329903,0.0,0.006727851528329904
0.1875,0.5660275609136591,0.17335255612787628,0.2606198829584646,0.006914054468471056,0.005359648516385274,0.006231241166642894
0.375,0.45054814980016716,0.36152261324225266,0.1879292369575802,0.006880853152899487,0.0065595053837057314,0.005331004921436536
0.5625,0.36752425417906837,0.5454534733367938,0.08702227248413774,0.007146560860309874,0.007186178159521452,0.00410264343483609
0.75,0.26089134756466775,0.7227725812039145,0.016336071231417615,0.006064462775374322,0.006249629451342845,0.001737341798360174
0.0,0.6399464542944561,0.0,0.360053545705544,0.006994902404675952,0.0,0.006994902404675955
0.1875,0.5660754345044493,0.17325515668449348,0.26066940881105727,0.007176300046592133,0.00518714627633591,0.006244754366183667
0.375,0.4691647695919976,0.358783399969952,0.17205183043805036,0.007144207931014207,0.006922979793484928,0.005364886304222845
0.5625,0.35941344069855025,0.5459919156324611,0.09459464366898873,0.00675566357278737,0.0069834253749136745,0.003954501840984379
0.75,0.27536652597524475,0.7215149187258311,0.0031185552989241847,0.006283150902303437,0.006300770189579424,0.0008005121711385443
0.0,0.6400093654061686,0.0,0.3599906345938313,0.007121987451954816,0.0,0.007121987451954818
0.1875,0.525204097771298,0.1716417689278294,0.3031541333008726,0.007265540705019847,0.005423126200514241,0.006598056600288987
0.375,0.4597250361559427,0.35883368450360775,0.18144127934044949,0.006997244282987173,0.006823106656879125,0.005410554640246096
0.5625,0.3674510253160037,0.5460124252882651,0.08653654939573116,0.0067477710835799,0.006827371845611663,0.003864491446827841
0.75,0.2610586887768698,0.7225640190479948,0.016377292175135425,0.0061957209496347684,0.00625399495351588,0.0017688707370476415
0.0,0.6398750348893926,0.0,0.3601249651106074,0.0067131632010110215,0.0,0.006713163201011026
0.1875,0.5204938714501423,0.17123939620124928,0.30826673234860846,0.006898009491827948,0.005420381336359835,0.006764174848569179
0.375,0.4524944663357291,0.35954631875103227,0.1879592149132386,0.006977501770243427,0.006733972197225661,0.005645112318470299
0.5625,0.3662244040325778,0.546070450831921,0.08770514513550114,0.006656410739670645,0.007033908324394922,0.00395101424675116
0.75,0.2587823952598935,0.7230708956891011,0.018146709051005412,0.006305766355981055,0.006473275625631418,0.0018788174517179502
0.0,0.6399553451263035,1.971608832807571e-07,0.36004445771281324,0.006705100441053655,6.231656399558009e-06,0.006705220133859721
0.1875,0.5473873468475542,0.17098455492648423,0.2816280982259616,0.007048488283863158,0.005458374858848802,0.006481952188201281
0.375,0.4541989436844293,0.3598985817093159,0.18590247460625478,0.007166369622523708,0.006698837422697555,0.005354479894951344
0.5625,0.3641338589284146,0.5459566159291983,0.089909525142387,0.006922626812463091,0.00718240996082175,0.0039576206604294865
0.75,0.2601236497656955,0.7230743925003575,0.016801957733946795,0.0061838234169435645,0.006344348017329259,0.0018080017262215664
0.0,0.6401604710038773,0.0,0.3598395289961227,0.006909428633629963,0.0,0.006909428633629963
0.1875,0.5300627637091891,0.171987660479271,0.29794957581153975,0.0072169604519524465,0.005145516259885482,0.006300710206225652
0.375,0.4547992019631649,0.3608372978608408,0.1843635001759942,0.007050101393524689,0.0069125599175856684,0.0054880162509242025
0.5625,0.3688490892865616,0.5457385374302207,0.08541237328321762,0.006859786098377352,0.007068582889490474,0.003850449442490475
0.75,0.25372499077604793,0.7233526267516169,0.022922382472335037,0.0062127386557880694,0.0063856154418600805,0.0020794108662709936
0.0,0.6397479902990062,0.0,0.36025200970099364,0.0069606458409349255,0.0,0.00696064584093493
0.1875,0.5610705514867607,0.17218909797263246,0.26674035054060685,0.006954189024125755,0.0052118512479149585,0.006168653659381266
0.375,0.45150780203727825,0.36201380639365704,0.1864783915690648,0.006867470192950549,0.006554631975619779,0.005403420526751431
0.5625,0.35631973827460744,0.5470548654228156,0.09662539630257695,0.006644759244822298,0.007033242236932426,0.004205954339081698
0.75,0.2635779871137117,0.7233600893122089,0.013061923574079324,0.006215108563215541,0.006388500471039602,0.0016203209394457625
0.0,0.6397350625348363,0.0,0.3602649374651637,0.0067490306126466865,0.0,0.006749030612646689
0.1875,0.5248000180560526,0.17135469567192022,0.3038452862720271,0.006971397397011972,0.005207146351841114,0.006564868951680865
0.375,0.4571553482379378,0.3600756028394664,0.1827690489225958,0.006940175181913662,0.00681383863290316,0.005426766842128901
0.5625,0.36745496769889097,0.5463743649739515,0.08617066732715747,0.006833666277553068,0.0070704737205001,0.003973876426109832
0.75,0.25426065626572325,0.7236517536843038,0.022087590049972898,0.00596166212592939,0.00601053755007693,0.0020715112682832145
0.0,0.5730997530092882,0.0,0.42690024699071183,0.00689627074829314,0.0,0.0068962707482931405
0.1875,0.5649711463287467,0.17268991436277895,0.26233893930847435,0.007197045019765182,0.005510766661195588,0.006109067173359928
0.375,0.47171925146719373,0.3587860201006135,0.1694947284321928,0.006904209380639587,0.0066536288530614236,0.005309745190793757
0.5625,0.3589959345928357,0.546622227645515,0.09438183776164917,0.0067963385144408925,0.007039723060753213,0.004254593346459282
0.75,0.256903604041889,0.7229765011564384,0.02011989480167258,0.006169050803394245,0.00639688020394962,0.0020034397861131473
0.0,0.6140533972594557,0.0,0.3859466027405442,0.00701999675853506,0.0,0.007019996758535062
0.1875,0.5453321205941438,0.1707490214291546,0.2839188579767016,0.007367082717368223,0.005366572486188822,0.006616989280675977
0.375,0.527243804121773,0.052640882091468534,0.42011531378675854,0.007149323507248254,0.0031498714741764436,0.00708105679592065
0.5625,0.3589429594639838,0.5463898127583331,0.09466722777768316,0.006661210608072918,0.007168817779529861,0.0039713219941987996
0.75,0.2612800774793029,0.722525075405852,0.01619484711484522,0.00612605423181524,0.006171182643298558,0.001805839891870043
0.0,0.5731145925433545,0.0,0.42688540745664544,0.007029049010673653,0.0,0.007029049010673653
0.1875,0.5566725437796911,0.17146287270667265,0.27186458351363624,0.0070718635014073855,0.005282954799828373,0.006164322004709869
0.375,0.4521637113648568,0.3609597068193666,0.1868765818157766,0.007084761937814024,0.006890518612210413,0.005424392883961356
0.5625,0.3701240257515037,0.5453032366850614,0.0845727375634348,0.00669346640645452,0.006873270240301057,0.0038612547271632265
0.75,0.25287617190805584,0.7235745070281409,0.023549321063803277,0.0059336832953523115,0.006192490507228461,0.0021940703565380116
0.0,0.639715665285205,0.0,0.36028433471479504,0.006811601723254283,0.0,0.006811601723254282
0.1875,0.5476222190182154,0.17177665419730295,0.28060112678448174,0.007156871863840228,0.00521434030725587,0.006550499563595205
0.375,0.48434493701882897,0.3591032015620347,0.15655186141913632,0.007295208609236043,0.006929306771590326,0.005240172942600936
0.5625,0.3694432440199015,0.5457925671643312,0.08476418881576721,0.0067796444680107365,0.007004847462396138,0.00394686568665735
0.75,0.26081057542528024,0.7230329419021729,0.016156482672546744,0.006189100519336887,0.006208457842856776,0.001789871725529051
0.0,0.639917290730775,0.0,0.36008270926922487,0.0065180116297967,0.0,0.006518011629796702
0.1875,0.5493555967984514,0.1712148388245545,0.2794295643769942,0.007054358445040416,0.005243346554485994,0.006135281456912404
0.375,0.4537717088750609,0.3610481985894645,0.18518009253547463,0.007066291053797682,0.00674355268529582,0.0054640571264377305
0.5625,0.3656491782687979,0.5464112651897026,0.08793955654149957,0.006877845576047049,0.0072187847209296985,0.003995791279044795
0.75,0.260224039245134,0.7232552695300969,0.016520691224769037,0.006041528112451287,0.006142939508556363,0.001863911792075639
0.0,0.6400173256644036,0.0,0.35998267433559633,0.0066422965851278765,0.0,0.006642296585127879
0.1875,0.5572157092922273,0.171010757971483,0.2717735327362898,0.007049035568919357,0.0054822868910170495,0.006241032463055659
0.375,0.47554959791155116,0.36063087421559603,0.16381952787285287,0.0068605103583405285,0.006736970157023054,0.005125863477193369
0.5625,0.3703804734958336,0.5458948130624296,0.08372471344173676,0.0070893859247463465,0.007178832209796288,0.0038630260290466907
0.75,0.26052135229343415,0.7228920101954436,0.016586637511122188,0.0060663146520790745,0.0062580322769875225,0.0017945452680290929
0.0,0.6141022063900184,7.602139711739607e-06,0.3858901914702698,0.006835141018169256,3.9282313053014136e-05,0.006835490481634263
0.1875,0.5598897293725971,0.17229247550862378,0.267817795118779,0.007034921288602149,0.005445669592655603,0.006195375111560574
0.375,0.4837871168353345,0.35916857180445466,0.15704431136021088,0.0068055215844377605,0.006696196754941035,0.005021103893764635
0.5625,0.38656361949237084,0.5449276034532888,0.06850877705434033,0.006991457045022528,0.006765010092483704,0.003505005083826923
0.75,0.25453652703297047,0.7236266026526454,0.02183687031438404,0.0062617799471068455,0.006381855590801201,0.0020799243170878438
0.0,0.6398796211384661,1.9801980198019803e-07,0.36012018084173203,0.006975698636082351,6.2588042096154885e-06,0.006975603678718915
0.1875,0.561319312827637,0.1748892061339775,0.26379148103838534,0.007020098311205277,0.005381725480386061,0.005957859702495484
0.375,0.45526443211021606,0.36035044670167343,0.1843851211881106,0.007042438235139086,0.00677839842996493,0.005555650026323514
0.5625,0.35745616953544185,0.5465349975425756,0.09600883292198248,0.00688024654123084,0.00698439818769156,0.003983588524624172
0.75,0.25364854447972585,0.7236444518330706,0.022707003687203558,0.006245369601910926,0.006386474816839403,0.0020908636044576446
0.0,0.6140134764526065,0.0,0.38598652354739343,0.006737484814261278,0.0,0.006737484814261276
0.1875,0.525357530358128,0.171684914308741,0.3029575553331308,0.006893005431194604,0.0052281764236235175,0.006613646974515785
0.375,0.4394985648137167,0.36048739853131695,0.20001403665496634,0.007005925651639293,0.006786513986853539,0.005527199114280107
0.5625,0.39040530852071914,0.5443368489163651,0.06525784256291564,0.006801171255901289,0.006801963963035765,0.003455716720614974
0.75,0.261109834828467,0.7227701439888154,0.01612002118271759,0.006283620303178338,0.006346065019533782,0.001782956886560124
0.0,0.6398180846812751,0.0,0.3601819153187249,0.006809672208846591,0.0,0.00680967220884659
0.1875,0.5603655235536189,0.17187669027361716,0.2677577861727639,0.006750134329885954,0.005281675952205682,0.006042732880637998
0.375,0.527500850544144,0.05261206126603785,0.41988708818981807,0.007000160019206046,0.0032098427152836054,0.006934997648751325
0.5625,0.3688126996548492,0.5455004916966842,0.08568680864846655,0.007000944108775386,0.007145336510761192,0.003982155635908157
0.75,0.2602861657236442,0.7233301930004719,0.016383641275883938,0.006243012988997759,0.006289149052077975,0.0018789555277596182
0.0,0.572612215879505,0.0,0.427387784120495,0.007195338794388723,0.0,0.0071953387943887205
0.1875,0.5451122389956925,0.17050636849176082,0.2843813925125466,0.007034118020449625,0.005394635989971663,0.0064136906717178225
0.375,0.4548139966018115,0.3597908405463962,0.1853951628517923,0.00690713344981072,0.0066933954130113426,0.005375654021538265
0.5625,0.3532822776313311,0.5460909254722496,0.10062679689641939,0.006602294044131179,0.007050400407296495,0.0042723790813164655
0.75,0.26091589912726537,0.7229775100301188,0.01610659084261576,0.006206462664452645,0.006352137531861848,0.0017828594299335076
0.0,0.6397466339597846,0.0,0.3602533660402154,0.007075782159019532,0.0,0.007075782159019533
0.1875,0.5641071924955824,0.17385267627069453,0.26204013123372305,0.0068577108331154555,0.005320672396561947,0.00596245078377692
0.375,0.4659163693231276,0.35876219600643044,0.17532143467044187,0.007368837703910517,0.007092359161811249,0.005354065966380047
0.5625,0.3566791695972149,0.5466539271202271,0.09666690328255803,0.006829815560273589,0.006948420385026973,0.004194000689936162
0.75,0.25333605513313784,0.7238331140615468,0.022830830805315314,0.005988498180197905,0.006267249539458908,0.00222689162516003
0.0,0.6399036158887726,0.0,0.3600963841112274,0.006754634520279628,0.0,0.0067546345202796265
0.1875,0.5421995365681851,0.17099734721505572,0.28680311621675914,0.0074009744245602015,0.005361380777594544,0.006564220528078098
0.375,0.46049495053804457,0.35885702498819444,0.18064802447376094,0.006973209838213358,0.006719101686084456,0.0052984604991361435
0.5625,0.358378456034566,0.54656656413745,0.09505497982798392,0.0068306812620887855,0.007056080479421308,0.003995717789982291
0.75,0.2609819621803449,0.7226757903533091,0.01634224746634594,0.0061095269192656945,0.00626894447746337,0.0017912100757022436
0.0,0.6399993933468272,0.0,0.36000060665317285,0.006542397298501342,0.0,0.006542397298501341
0.1875,0.5552830248810751,0.17108655118768673,0.2736304239312381,0.00710450087901139,0.005345665717126016,0.006235785515464332
0.375,0.45452911245197974,0.36029996888502197,0.18517091866299826,0.007201729512572812,0.006744578152449239,0.0054410316810469435
0.5625,0.3911260107065899,0.5440637796970775,0.06481020959633253,0.006988130772402262,0.007219586137804055,0.0034300968284972067
0.75,0.2537086356706581,0.7231230213801719,0.023168342949169876,0.006047061016432334,0.006267669886940793,0.0021041699586151034
0.0,0.6401210041431015,0.0,0.35987899585689853,0.006715866899183287,0.0,0.006715866899183289
0.1875,0.5608953632264919,0.1736785997149221,0.26542603705858603,0.006947627171062271,0.005370333704013434,0.006153376264225161
0.375,0.48244718717325497,0.3594878185556985,0.1580649942710465,0.007258616310387993,0.006892845278170627,0.005179409897901262
0.5625,0.37499342220977544,0.5434631647000502,0.08154341309017449,0.006823258667103517,0.006999615169422318,0.0037987645591056125
0.75,0.2574319884062752,0.7229832264620124,0.0195847851317123,0.006075207667690476,0.006170694325126959,0.0018988805136098284
0.0,0.6397115388969714,0.0,0.3602884611030285,0.007009116146854496,0.0,0.007009116146854495
0.1875,0.5525481040449601,0.17421586367464334,0.27323603228039633,0.006940981857586838,0.005375398072040996,0.006308892989468781
0.375,0.45367735804589754,0.3604687217671649,0.18585392018693755,0.006905818649854385,0.006687621154497886,0.005523630774720689
0.5625,0.376426934778593,0.5442827943158036,0.07929027090560337,0.006828947398008375,0.007034534776216298,0.0036943402295818
0.75,0.25354451915655984,0.7236054111458387,0.02285006969760146,0.006076398333729862,0.0063071738081455385,0.0020784719365633513
0.0,0.6397601559947051,2.0312817387771683e-07,0.3602396408771209,0.006957655218158994,6.420264322274674e-06,0.006957613470143267
0.1875,0.5573000427212652,0.17255874542421254,0.2701412118545222,0.007025703935710924,0.005381951352021082,0.006323513812679038
0.375,0.43151737720067423,0.3607449514841533,0.2077376713151724,0.007039097416943181,0.006987802537310016,0.005813193180057409
0.5625,0.3589488595784608,0.5464697839727016,0.09458135644883764,0.006506040454088011,0.006890766969081729,0.004051421594856362
0.75,0.25351066114850274,0.7236602497649149,0.022829089086582342,0.005891655305222833,0.006089177695008402,0.0021573913192009524
0.0,0.6140601188469086,0.0,0.3859398811530914,0.00699518108648771,0.0,0.006995181086487706
0.1875,0.563006494793401,0.17331474016812937,0.2636787650384696,0.006916157885187297,0.005350699090944107,0.006332581646232496
0.375,0.4725760527044129,0.3586225187496905,0.16880142854589666,0.007020093707087429,0.0070019228933700705,0.0052692989487742575
0.5625,0.39145805106054243,0.5439647474572328,0.06457720148222479,0.006920702515535942,0.007031293342265777,0.003418197249105624
0.75,0.26020219076040985,0.7232341470984244,0.016563662141165756,0.006329721482151266,0.006481071294101828,0.001764796686006389
0.0,0.6401527295688868,0.0,0.35984727043111314,0.0066664530004055585,0.0,0.006666453000405558
0.1875,0.5395538144726489,0.17217155960406424,0.28827462592328684,0.006997760181708489,0.005210918085891196,0.006212247126326271
0.375,0.4550060688629154,0.3599757882919344,0.18501814284515017,0.007025146894224668,0.006920041375118179,0.005477014602435291
0.5625,0.3676705416463434,0.5460741805378092,0.08625527781584737,0.006795961124403763,0.007190097991801872,0.0038826449545986963
0.75,0.25369652746555493,0.7233449207964086,0.02295855173803638,0.006363932519389108,0.006569593630375283,0.0020872724208398138
0.0,0.6394930931998398,0.0,0.36050690680016023,0.0067266051717290425,0.0,0.006726605171729049
0.1875,0.5508132291839127,0.170699771673853,0.2784869991422341,0.006879287238308801,0.005360861792739062,0.006431248744055196
0.375,0.4577458300432611,0.3594945292852983,0.1827596406714406,0.006994363509526022,0.007064157236478981,0.005499690750583177
0.5625,0.3594438843292294,0.5463790582406213,0.09417705743014927,0.006535520163727479,0.006876969420272657,0.004160898985869994
0.75,0.2537736111191224,0.7230268050146388,0.02319958386623882,0.0061027854229661685,0.006182525046102313,0.0021138098493963405
0.0,0.6401977284833139,1.999200319872051e-07,0.35980207159665417,0.006724945566414179,6.318864705829313e-06,0.006724881560075316
0.1875,0.5438756693706236,0.17096132932177574,0.28516300130760064,0.006935433126399432,0.005255334163433427,0.00631438097117372
0.375,0.47682657501270637,0.35962473845016085,0.16354868653713275,0.007231691560277369,0.0070929266685868545,0.00521736238293915
0.5625,0.3679647608368787,0.5462181970028177,0.08581704216030354,0.006766063413653987,0.007054729514157539,0.00376591116261175
0.75,0.25803299527045814,0.7235595929596988,0.018407411769843045,0.006013972585130957,0.006129549087722038,0.0019479509230978223
0.0,0.6399545761537927,0.0,0.3600454238462073,0.0068310291544385815,0.0,0.006831029154438582
0.1875,0.5596607447914291,0.17445036280291548,0.2658888924056553,0.007070320097319482,0.00553915372178581,0.0063189795745380965
0.375,0.4396737592723393,0.36051431190318933,0.19981192882447135,0.007321373422131981,0.0070012090856898515,0.0056402252101767055
0.5625,0.3699881304458311,0.5457649634835563,0.08424690607061262,0.0069396441753653325,0.007043369313636887,0.0038155817940695087
0.75,0.26093530691564126,0.7226956841632591,0.016369008921099673,0.006054018045460292,0.006236065182334451,0.0017534785778531468
0.0,0.6402825901598634,0.0,0.35971740984013667,0.006704269106459734,0.0,0.006704269106459733
0.1875,0.5663436245547582,0.1738084831393038,0.259847892305938,0.007154246440498385,0.005419536729393269,0.006399251995355799
0.375,0.4564175205918861,0.3596893793963079,0.18389310001180592,0.007205396332625236,0.006748649238527021,0.005399045137988626
0.5625,0.3684404890519056,0.5454446512877906,0.08611485966030374,0.006631159846863664,0.007092331347044261,0.0039718336251888114
0.75,0.27317036985347487,0.7220077591353928,0.0048218710111323304,0.006225222780777634,0.006276974302102475,0.0009726613889337504
0.0,0.6402845226072513,0.0,0.35971547739274856,0.006773082282384241,0.0,0.006773082282384242
0.1875,0.5660061069535609,0.17333478086399504,0.2606591121824441,0.007394572268476967,0.005492929248488575,0.006073210875771819
0.375,0.5267714859920497,0.052633628753300424,0.4205948852546498,0.007073420079126601,0.0031828862437434323,0.006980441550651359
0.5625,0.37055747054556604,0.5454979677050928,0.08394456174934112,0.006848285854347658,0.007009778832366816,0.004026168757406374
0.75,0.2568771140391305,0.723137454577487,0.019985431383382508,0.006283325109468826,0.006368054735447534,0.0020381195493907596
0.0,0.6399120027684742,3.992956167042679e-07,0.3600875979359091,0.006862583555456672,8.919748725845606e-06,0.006862780059332804
0.1875,0.5427962481632921,0.17058632661075263,0.28661742522595524,0.006936129541334673,0.005407488924990526,0.006193939787724626
0.375,0.45847634724954284,0.3597725043233017,0.18175114842715545,0.007171123612174527,0.006983555902497795,0.005453457602347265
0.5625,0.39108818495160425,0.5442578520307421,0.06465396301765368,0.006991514288210893,0.007181507616185271,0.003556567028482312
0.75,0.25354822957066375,0.7236612407467091,0.022790529682627077,0.006247261775368154,0.006301065647715483,0.002138976104922822
0.0,0.6398697555371,0.0,0.36013024446289993,0.006650170077472021,0.0,0.006650170077472023
0.1875,0.5562066344720518,0.17171551357083606,0.2720778519571121,0.006944212705744106,0.005467603942743252,0.006190230414847919
0.375,0.46296070889850777,0.3581231693820034,0.17891612171948879,0.0070436726506885525,0.006943747873398546,0.005310785699708137
0.5625,0.3689551421129124,0.5458796786234311,0.08516517926365635,0.006930994499856959,0.007060186740611696,0.003973503938818576
0.75,0.258939419602168,0.7228707803444085,0.018189800053423417,0.0061464596548994185,0.006257433558502638,0.0018912573215996494
0.0,0.6396456894446808,0.0,0.3603543105553191,0.006712464684635793,0.0,0.006712464684635792
0.1875,0.5267205038125571,0.17221193083046787,0.30106756535697504,0.00708446119087269,0.005259917917177415,0.006493098457499982
0.375,0.48302243278682466,0.3590973942290366,0.15788017298413876,0.006834288922168818,0.00675116796812187,0.005139481351354393
0.5625,0.3589476366225062,0.5468274485525372,0.09422491482495646,0.006402117101521874,0.006601933209958791,0.0040755711685047415
0.75,0.2605102033508997,0.7235725173228286,0.015917279326271568,0.006262151635339645,0.0064059640839894795,0.0017190550389881117
0.0,0.6397181359558924,0.0,0.3602818640441075,0.006736477831701976,0.0,0.006736477831701975
0.1875,0.5599936247994733,0.172483855093777,0.26752252010674976,0.007000156220762849,0.005382261510197497,0.006233936678710302
0.375,0.4650557007471033,0.35825278360848767,0.1766915156444091,0.007045030812977105,0.0066770295806683755,0.005424922653496172
0.5625,0.3689744052793701,0.5459180749643788,0.08510751975625111,0.006820525636045014,0.0071951848761813075,0.004033800051767315
0.75,0.2603790080379381,0.722462816052007,0.01715817591005481,0.006262431379597197,0.006405363870279528,0.0018640741923375964
0.0,0.6143794747177289,1.9932230416583617e-07,0.3856203259599668,0.006762220190212084,6.2999723457361426e-06,0.0067623268693041685
0.1875,0.541702563706819,0.17159259796970774,0.28670483832347327,0.0072528437730358135,0.00539182842821252,0.006324381753600101
0.375,0.481869507319218,0.3589856356166745,0.1591448570641074,0.007065817246721551,0.0068571374691199,0.005024757269207915
0.5625,0.3706849687994712,0.5449919655683796,0.0843230656321492,0.006881129542261716,0.007183975632377036,0.004071858583722447
0.75,0.26076439119473227,0.7229333987910307,0.016302210014237116,0.005838914365777661,0.00602396492702056,0.0017909766979029454
0.0,0.6402122544379233,0.0,0.3597877455620766,0.006672061053672385,0.0,0.006672061053672388
0.1875,0.5572201630515314,0.17213811466308515,0.2706417222853833,0.006740745733813485,0.005120046006684892,0.005978815943073023
0.375,0.4629976427260815,0.35912473946796974,0.1778776178059488,0.0068405021736488445,0.006809248082748384,0.005346100507034925
0.5625,0.36802972741570944,0.5452365146422168,0.08673375794207373,0.006689165903196954,0.006903528038724128,0.003990158483366946
0.75,0.2575785617965062,0.7230403151391842,0.019381123064309558,0.0060539631667552935,0.0061928372267703565,0.0019248100139983516
0.0,0.6139974138271898,0.0,0.3860025861728102,0.00693091857830204,0.0,0.006930918578302039
0.1875,0.4625933840568921,0.051035672018639656,0.4863709439244683,0.007188003497331915,0.0031127546475132966,0.007272174013333458
0.375,0.45486915965311847,0.3602844949729039,0.18484634537397768,0.0072098727667590816,0.007007061249124675,0.0056609389094086
0.5625,0.35857531208215804,0.5462544170903718,0.09517027082747018,0.006675891183366705,0.006804673662945646,0.004027475396933775
0.75,0.27466066103933656,0.721629822868051,0.003709516092612458,0.0063908873803299225,0.006419482356224455,0.0008480311576292406
0.0,0.6399187486127755,0.0,0.36008125138722435,0.006796197886560494,0.0,0.006796197886560495
0.1875,0.5316155810921387,0.17209275481713057,0.29629166409073066,0.006727083678362059,0.005213202962186601,0.006176074630101951
0.375,0.4385963570776762,0.36069771706576614,0.2007059258565576,0.006979810561069612,0.00673711521144494,0.005721782331629121
0.5625,0.3895499486342321,0.5448978823162797,0.06555216904948818,0.0067632567139667464,0.007001712124887744,0.0034327823695325735
0.75,0.26001970790527196,0.7229906619324499,0.01698963016227823,0.006338906794383368,0.0064340486234231616,0.0018171819130351173
0.0,0.640012490762997,1.9782393669634025e-07,0.35998731141306634,0.006775154369888929,6.252613503176699e-06,0.006775173063560253
0.1875,0.5676392343373389,0.17341490898562023,0.2589458566770408,0.006935008395774341,0.005285222082690014,0.006005533474005843
0.375,0.4395558341906815,0.3604255195263627,0.20001864628295585,0.0071376991966909725,0.007004534796418688,0.005970358991668846
0.5625,0.3702302216338063,0.5457328385349658,0.08403693983122786,0.006778328991873935,0.006785468621594301,0.003943086722580046
0.75,0.25342900608323615,0.7236149938382849,0.022956000078478915,0.00591567408745419,0.006160218038972548,0.00220093965944985
0.0,0.5729359328150129,0.0,0.427064067184987,0.006947940116945106,0.0,0.006947940116945104
0.1875,0.5643885291398485,0.1744354154765091,0.2611760553836424,0.006985844612222593,0.005160551311647809,0.006185937342445604
0.375,0.4576511867178846,0.3593289181299143,0.18301989515220113,0.006831134236508529,0.006444982931932409,0.005583249991293109
0.5625,0.38738235949500205,0.5442866346447757,0.06833100586022224,0.006808991015747912,0.007131254329774789,0.0035209028194384605
0.75,0.26042794847015766,0.7234359917539164,0.016136059775925936,0.006366755404988331,0.006559544869737944,0.001725666493816909
0.0,0.5735183120740772,0.0,0.4264816879259228,0.006983913620655095,0.0,0.006983913620655087
0.1875,0.5649769733819198,0.17353426328639313,0.2614887633316872,0.0069831386108007145,0.005404095470498595,0.006310708315618349
0.375,0.4421328126248478,0.3606767282318233,0.1971904591433288,0.006812395253572215,0.006508599438604732,0.005469907173096831
0.5625,0.3686908324835513,0.545762719237639,0.0855464482788097,0.006867700004199132,0.007141648481151183,0.003827985089214386
0.75,0.26108464513964935,0.7225059681801083,0.01640938668024227,0.006224499547253403,0.006382132852953201,0.00175849882267485
0.0,0.6398664056826574,0.0,0.3601335943173426,0.006748846738070998,0.0,0.0067488467380709995
0.1875,0.5454847589149315,0.17040908145602401,0.28410615962904456,0.00736677560556152,0.005493909425575315,0.006335565744517345
0.375,0.4439468356530042,0.3595735255484693,0.1964796387985265,0.006956887988013581,0.0068896175613385865,0.005575525062319571
0.5625,0.3879332832410372,0.5433663948985868,0.06870032186037592,0.006845631571432867,0.007185315761291106,0.0035115894879488058
0.75,0.2607860287591918,0.7231802947616061,0.016033676479202064,0.006268972811386458,0.006452526485997448,0.0017580386698393441
0.0,0.6400503128226208,0.0,0.359949687177379,0.0067420578010942015,0.0,0.006742057801094202
0.1875,0.5674436534286401,0.17325856343931798,0.2592977831320419,0.0071546188838689856,0.005543720692430543,0.006043517612884661
0.375,0.4704848170519641,0.3587689903733776,0.1707461925746582,0.006941133614322671,0.006607134101871886,0.005484370088646855
0.5625,0.3697482223006204,0.544789489367868,0.08546228833151165,0.0068121503430447275,0.007179396840590069,0.0040081161441167966
0.75,0.27452826564288907,0.7220608314459228,0.003410902911188061,0.006456356202804112,0.006480987727316628,0.0008051435053941599
0.0,0.6397865247413818,1.4067980027757005e-06,0.36021206846061554,0.0069075279494202405,1.675673372045898e-05,0.006907263543964576
0.1875,0.5609442301174329,0.17232979068006762,0.2667259792024994,0.00681380613574959,0.005177122381352531,0.00622583205083261
0.375,0.45335859791088684,0.3616849357596039,0.18495646632950924,0.007013606628038976,0.006507329828795144,0.0055322817700560415
0.5625,0.3676192977114668,0.545332190978409,0.08704851131012416,0.006852430455833041,0.006994981063052992,0.004028650731638359
0.75,0.25371057412170384,0.7237126755318646,0.022576750346431706,0.006201609129475474,0.006333081960402602,0.002058931704636915
0.0,0.6401032608382392,0.0,0.3598967391617607,0.006999824094388895,0.0,0.006999824094388889
0.1875,0.5676299901067321,0.17332809642867397,0.25904191346459393,0.0070313154330872195,0.005260084418853859,0.006045830062328249
0.375,0.45349110677952537,0.36038151877857955,0.18612737444189514,0.006812691725238298,0.006678977539599138,0.005548510145213593
0.5625,0.3704393137544715,0.5455998885560394,0.08396079768948916,0.006927604947167946,0.0071313663444595,0.003996067476250814
0.75,0.26067654367604853,0.7230724988295956,0.01625095749435583,0.006254544750008314,0.006308222335778416,0.0017898898968236703
0.0,0.6374786004531589,0.0,0.3625213995468411,0.006663999195431589,0.0,0.006663999195431587
0.1875,0.562842055868739,0.17315418493438706,0.26400375919687397,0.006908318280298305,0.005362437436201317,0.006397200010226518
0.375,0.46221782667451083,0.35858590563774856,0.17919626768774063,0.00703681315219063,0.006773964503419217,0.005314933256593854
0.5625,0.3681381657259274,0.5463612327710935,0.0855006015029791,0.006518205151035459,0.0067463755920926915,0.003809668606365229
0.75,0.260456910625172,0.7228492541929787,0.016693835181849352,0.00609964287954767,0.006316060208013981,0.0018354246288833829
0.0,0.6400820409344341,0.0,0.35991795906556595,0.00661314597999908,0.0,0.00661314597999908
0.1875,0.566792860003474,0.1731705339053946,0.26003660609113144,0.0069632625378922616,0.005247664229888971,0.006113955948823359
0.375,0.46732617272455945,0.3588133115689597,0.17386051570648084,0.007167836144019764,0.006735354561201637,0.0053879144916871135
0.5625,0.3703035987190489,0.5457412933699098,0.08395510791104133,0.006886598945405305,0.007104407981676211,0.004016897567397895
0.75,0.2731938696497292,0.7224248697016712,0.004381260648599593,0.006332785419875755,0.006371893323553717,0.0009365356353690843
0.0,0.6399268907630303,0.0,0.36007310923696967,0.006556852884263666,0.0,0.006556852884263663
0.1875,0.53714556288762,0.1735597642961356,0.2892946728162443,0.007361904340350436,0.005277572709739358,0.006573002866688955
0.375,0.4668064113956646,0.358218792618723,0.17497479598561236,0.00721513274108528,0.006878393430386701,0.0052740276262307345
0.5625,0.3649192067398074,0.546751241681207,0.08832955157898562,0.006870514546314358,0.00709329054297346,0.004077811710335493
0.75,0.2734805897093471,0.7218019760900022,0.004717434200650672,0.0064076400678227926,0.006471473263326314,0.000980461427659351
0.0,0.6397097180955418,0.0,0.3602902819044582,0.006668783395490331,0.0,0.006668783395490331
0.1875,0.5644224763767602,0.17242357902906383,0.26315394459417585,0.007064266882823351,0.005294112681594321,0.006059662690709809
0.375,0.4829835305822912,0.3596649475979471,0.15735152181976167,0.0069980207091869025,0.006850809386772377,0.0051026627585439915
0.5625,0.388570103168116,0.5445866555121399,0.06684324131974409,0.006828170156266347,0.007112902102160901,0.003549219223404513
0.75,0.2564833749320466,0.7233539165445219,0.020162708523431508,0.006131994232863836,0.006299356749372907,0.0020702608593286564
0.0,0.6399482524221487,0.0,0.36005174757785124,0.006895762105450732,0.0,0.006895762105450727
0.1875,0.5444703834664764,0.17089808016635993,0.28463153636716365,0.006940330398489497,0.0053798380217416775,0.006273795061453132
0.375,0.4758374977262484,0.36059345689057876,0.1635690453831728,0.0069218313680677246,0.006838685015857387,0.005329640743113799
0.5625,0.3686267617049484,0.5455706868076452,0.08580255148740652,0.006574638168928063,0.006721983856042023,0.0038878133703944733
0.75,0.2745008826561908,0.7222003437807132,0.0032987735630960685,0.006233087534729601,0.006257054353499925,0.000799714474787953
0.0,0.6140596913629223,7.572293188560604e-06,0.38593273634388914,0.007095832897221728,3.915242478060949e-05,0.007096078358647724
0.1875,0.5443410173299466,0.17052927287771535,0.2851297097923381,0.006846735975276783,0.0053074523979618924,0.006372804394070371
0.375,0.44393600962948504,0.3615430268453259,0.19452096352518905,0.007058313031820366,0.006781138021071377,0.005632824764693883
0.5625,0.39022453565869136,0.5448041959476957,0.06497126839361285,0.006868866744228793,0.006918816069771153,0.00347355254724469
0.75,0.27334093247902796,0.7216614853786746,0.00499758214229754,0.006207488236046733,0.006196221279225743,0.0010169180237877865
0.0,0.6397861518776792,2.021018593371059e-07,0.36021364602046146,0.006765287236855224,6.387825638350488e-06,0.006764760976872268
0.1875,0.5364644759225293,0.05134126138569232,0.4121942626917784,0.00702711033756598,0.0032362788849055507,0.006845839470815782
0.375,0.45832436473297816,0.3590954001630398,0.18258023510398202,0.007192995613762403,0.006663639893317357,0.005233401922156155
0.5625,0.36067856106116863,0.5457666302560443,0.09355480868278704,0.006956715592692384,0.007027899348793506,0.00405879838324111
0.75,0.2587618913006619,0.7225158511968249,0.01872225750251315,0.006308050093818743,0.006407056746612791,0.0018340994676388925
0.0,0.6139054355537132,0.0,0.3860945644462868,0.006770145536422454,0.0,0.006770145536422454
0.1875,0.5571937545747567,0.1719087466764661,0.27089749874877705,0.007100677605869636,0.005318107909412769,0.006126885673254162
0.375,0.4546334333864668,0.36044703343745654,0.18491953317607668,0.006830411489665558,0.006850706211154449,0.005454740899266776
0.5625,0.35686798025204497,0.5462727366101733,0.09685928313778175,0.006934497992353762,0.007171374197982315,0.004033622867306169
0.75,0.26004694160059905,0.7223557921483039,0.01759726625109698,0.005949025804758254,0.006122542499677789,0.0019122415957826566
0.0,0.6403254087692708,4.003636289036255e-07,0.35967419086710034,0.006931453880056454,8.943931409878256e-06,0.006931351391037659
0.1875,0.5673445723974218,0.17303381414400973,0.25962161345856855,0.006886900599994654,0.005181085143233269,0.00634301522577221
0.375,0.454618106310525,0.3600667038686041,0.18531518982087083,0.007014962367589073,0.006783311974881783,0.005466069780068685
0.5625,0.35274693842179433,0.5453711857385921,0.10188187583961358,0.006883175935468341,0.007035693547400602,0.004331122017281106
0.75,0.26081852752722695,0.7229732195556083,0.016208252917164684,0.006078543760090886,0.006203387525837785,0.0018549413781828615
0.0,0.6399946547026729,0.0,0.36000534529732703,0.00697815869787128,0.0,0.006978158697871277
0.1875,0.5360311841447369,0.17123762107238208,0.292731194782881,0.007141528064147831,0.0053675325681694554,0.0064332640577951265
0.375,0.4665930253351505,0.3587181919762808,0.1746887826885687,0.006976599530803441,0.006576833796412407,0.0055755855133350464
0.5625,0.36824150351324453,0.5456091946171534,0.08614930186960212,0.006747685813060129,0.00703604659552023,0.003930976802977018
0.75,0.26029376757376216,0.7230200814651195,0.016686150961118196,0.006072762309561116,0.006236808955853038,0.0018326431621784336
0.0,0.6401244269777698,0.0,0.35987557302223017,0.006632280496934936,0.0,0.006632280496934936
0.1875,0.5574882096379498,0.17121310061316447,0.27129868974888577,0.006944146830675845,0.005382821736598338,0.006175823815883446
0.375,0.46356276153133763,0.3586796122987277,0.17775762616993465,0.006903878778117865,0.006780618559249036,0.005224071652713844
0.5625,0.3590175786797231,0.5465897545949985,0.09439266672527855,0.0070029847576298185,0.007247745897242711,0.004056003049062096
0.75,0.26011300177264374,0.7225484137886997,0.017338584438656553,0.006198545830719391,0.006288029986587431,0.0018346151872186396
0.0,0.639927755287413,0.0,0.36007224471258703,0.006758398463376207,0.0,0.006758398463376207
0.1875,0.5578937723210136,0.1727168372126449,0.2693893904663414,0.0069218454077975364,0.005265301274081789,0.0060327049904940295
0.375,0.468936519400214,0.35828178646478637,0.17278169413499966,0.006921820060791796,0.006682820331873053,0.005352793151895008
0.5625,0.3699747270904503,0.5444869048700243,0.08553836803952536,0.00685938974161035,0.006989182151916457,0.003959686391995576
0.75,0.2736400268187491,0.7215907114041848,0.004769261777066132,0.006261152770818408,0.006271874808981974,0.0009402664653058049
0.0,0.6397279595750484,0.0,0.3602720404249517,0.00675716393068504,0.0,0.006757163930685038
0.1875,0.5246989588058871,0.17169791263621018,0.30360312855790256,0.007129974773007789,0.0054309671267337755,0.006765438329116488
0.375,0.45291797185576776,0.3616791469666448,0.18540288117758746,0.007025251766745871,0.0067896435601690714,0.005336407355405449
0.5625,0.390286411039016,0.544054942973235,0.06565864598774905,0.006775290407819612,0.007000798928533861,0.003471741062728401
0.75,0.25494839770632843,0.7234055182621683,0.021646084031503456,0.006042144743797491,0.006141819228878265,0.001999202820494019
0.0,0.613698183367566,0.0,0.386301816632434,0.00663247991300137,0.0,0.006632479913001373
0.1875,0.5365536566353548,0.05128646710099204,0.412159876263653,0.007226700379158982,0.0030763113615557805,0.007158281765606068
0.375,0.4554549928109258,0.3595081604335612,0.18503684675551302,0.006969578144558653,0.006733438444939978,0.005608626975022282
0.5625,0.36753556638021734,0.5463053187275452,0.08615911489223746,0.006748984562571689,0.007065774917906159,0.003927625960537728
0.75,0.2602087955441521,0.7231757172255303,0.01661548723031757,0.00624629176289611,0.006390301476741295,0.0018096217950075042
0.0,0.6401227439005228,0.0,0.3598772560994773,0.006657470151189676,0.0,0.006657470151189675
0.1875,0.5678962839159931,0.17305992049259905,0.25904379559140783,0.007033264390696535,0.005480972021840187,0.00629828200204157
0.375,0.46865736358919946,0.35831840598983794,0.17302423042096263,0.007107461887597709,0.006913777687364128,0.005327356545054713
0.5625,0.36961283106747667,0.5454296301525698,0.08495753877995349,0.006546535459243041,0.00708401439911589,0.004051777223035105
0.75,0.26070012738878745,0.7230416528508972,0.016258219760315364,0.006025776496217876,0.006133868299449016,0.001770619472587959
0.0,0.6140189525066755,0.0,0.38598104749332446,0.006951072860549868,0.0,0.006951072860549873
0.1875,0.5539714279720731,0.17153528716988264,0.27449328485804425,0.007063822158121839,0.005419256672111117,0.00611993990063196
0.375,0.4768127557381316,0.3598780662958944,0.16330917796597397,0.0063837971769392906,0.0064366267191746296,0.005076686163403284
0.5625,0.37091663245857037,0.5454246211551729,0.08365874638625673,0.0065804107905090056,0.006759410924124917,0.0039023989724208496
0.75,0.27469440026328396,0.7217852070208306,0.0035203927158853573,0.0065828848278150515,0.006644802292588624,0.0008427537453055474
0.0,0.6399026716044309,0.0,0.360097328395569,0.006787603878319268,0.0,0.006787603878319268
0.1875,0.5253677185399662,0.17130536068611107,0.30332692077392276,0.00712729160172131,0.005521017308118388,0.006579863423006491
0.375,0.4549092554927472,0.3601783641821678,0.18491238032508506,0.007376811389828342,0.007011496459344378,0.005615332269413608
0.5625,0.36411317845945884,0.5461152889348057,0.0897715326057355,0.006866825369164193,0.0072480598318985096,0.004051429903364852
0.75,0.25823379330766,0.7234713056313609,0.018294901060979054,0.006509271217864687,0.006719120359914702,0.0018985565776989549
0.0,0.6400707282963033,0.0,0.3599292717036967,0.006923845523193954,0.0,0.006923845523193956
0.1875,0.5448489241231739,0.17004620802642573,0.2851048678504004,0.006831963114350604,0.004978276811676865,0.006471244495273212
0.375,0.4654582586710675,0.35937591036133715,0.17516583096759542,0.0068283962288579435,0.006780696355966189,0.00528611467135052
0.5625,0.3590672926824839,0.545673210994963,0.09525949632255308,0.006902544655166811,0.007108083077598707,0.004230998860819153
0.75,0.25901368414466946,0.7238476965782997,0.017138619277030816,0.006090600422841051,0.006201497134488805,0.0018223171853890918
0.0,0.6144407032291145,0.0,0.38555929677088563,0.0067353263736377785,0.0,0.0067353263736377785
0.1875,0.5660290215312029,0.17333415302666524,0.26063682544213185,0.007045286440723112,0.005527487107872888,0.0063152437155055575
0.375,0.4364738255158168,0.36050913192787654,0.2030170425563066,0.007192132785961392,0.006733803462936953,0.005717939834441082
0.5625,0.36977550162600614,0.5460732342152426,0.08415126415875132,0.006722366916950277,0.006895181316179921,0.0038762989903416084
0.75,0.2607381002280171,0.722648632176573,0.016613267595409903,0.006100700945868935,0.006106529026568956,0.0017788561185085848
0.0,0.6400526106360042,0.0,0.3599473893639959,0.006928550256366405,0.0,0.0069285502563664015
0.1875,0.5626055140921911,0.17191551506381958,0.2654789708439894,0.007206006384525691,0.005464669378956031,0.006302410557264058
0.375,0.45594136304630156,0.3600397753147491,0.18401886163894932,0.0070281829870320655,0.0066468677811681995,0.005278354969212634
0.5625,0.363582939995837,0.5461589989194363,0.09025806108472668,0.006850287674232482,0.007004756682039856,0.0039949428523184585
0.75,0.26084293658827795,0.7227353734138318,0.016421689997890284,0.006311368375606449,0.006388439835055531,0.0018212561047526643
0.0,0.6401508740473483,0.0,0.3598491259526518,0.006811922925930643,0.0,0.006811922925930642
0.1875,0.5564658692189709,0.17563296411757076,0.2679011666634584,0.007496614319009624,0.005458265303116735,0.006437789040242001
0.375,0.4637917933918417,0.3599041917517379,0.17630401485642044,0.007219742369644543,0.007029586761863638,0.005474192996695483
0.5625,0.36904854382283026,0.5443192455211752,0.08663221065599462,0.0070098364237177364,0.007194841130026694,0.003985215044834922
0.75,0.25950438317704283,0.7224660123857086,0.018029604437248502,0.006074794780542968,0.006193420093653018,0.0018092373020179866
0.0,0.615227311052514,0.00019851953362934625,0.3845741694138565,0.006767455679196651,0.0002028328648454432,0.006761102933933378
0.1875,0.5598114578253723,0.17427451157761342,0.2659140305970143,0.007117544926670705,0.0053644719799230715,0.0063712527629701836
0.375,0.4583239096756213,0.358977882007499,0.18269820831687963,0.00718348606128171,0.007029550447339362,0.005415046365122342
0.5625,0.3594166339524306,0.5460289755275453,0.0945543905200241,0.006942128709331561,0.007042101539416096,0.0041277182565361914
0.75,0.2615162717419798,0.7223723348011315,0.016111393456888654,0.006323777214698417,0.006489757080804091,0.0018133711317682764
0.0,0.6398183669474115,0.0,0.3601816330525885,0.006607909713655318,0.0,0.006607909713655318
0.1875,0.5652811824663723,0.17244301376749727,0.26227580376613047,0.006695094094670886,0.005264607260506424,0.006037394167281114
0.375,0.45256661065223674,0.3597888008886364,0.1876445884591268,0.006920409790120302,0.006822780348944073,0.005634453262974688
0.5625,0.36938054014837485,0.5455628303996186,0.08505662945200652,0.006684479086702487,0.006892463191464386,0.003936044187150058
0.75,0.2596867531904982,0.722991378422488,0.017321868387013786,0.00628830508489473,0.006382453775076275,0.001856046124572549
0.0,0.6403137460915732,0.0,0.3596862539084268,0.006708449703289245,0.0,0.006708449703289247
0.1875,0.5615410041984,0.17204735311382305,0.2664116426877769,0.006746006145482122,0.005175040426718339,0.006163983455453962
0.375,0.45799593848512393,0.35958019712708106,0.18242386438779495,0.0069764437337902115,0.006578163480575979,0.005404783991703886
0.5625,0.39019434058706326,0.5441748426902596,0.06563081672267705,0.006835583281711586,0.006916335922760872,0.0034696474843930415
0.75,0.2737702263769904,0.7218291158084058,0.004400657814603754,0.006411585761218147,0.006403302485674549,0.0009618778880379751
0.0,0.6403927938458259,0.0,0.35960720615417396,0.006713304383615326,0.0,0.006713304383615327
0.1875,0.5532358251775208,0.17069219442765934,0.2760719803948199,0.00709836235078456,0.005234473132846588,0.006286788587292738
0.375,0.45553309896011535,0.36027198369111624,0.18419491734876844,0.006771325631035381,0.006616010667097835,0.005310334286747901
0.5625,0.3658195815685511,0.5444645343019396,0.08971588412950912,0.006870793249350885,0.006928595244030648,0.003914433143149154
0.75,0.2531410880323309,0.7237692864423867,0.023089625525282355,0.0061497020809634356,0.006346127920470769,0.0021967237229294683
0.0,0.6398860101053587,0.0,0.3601139898946412,0.006884305364096435,0.0,0.006884305364096434
0.1875,0.5451462110245977,0.17087963691877783,0.28397415205662435,0.007147307741688204,0.005360442545725769,0.006488331657104526
0.375,0.4469774884345952,0.3609945251592146,0.19202798640619018,0.007181858123045337,0.006811742966807554,0.005586750668230949
0.5625,0.3653804253868146,0.5464341448489125,0.08818542976427286,0.006943313975306347,0.007280284485979779,0.0039324844126558435
0.75,0.2609520778869431,0.7228290225637332,0.016218899549323772,0.006260185849588901,0.006347933162556744,0.0018007299575854886
0.0,0.6400918525973225,0.0,0.3599081474026775,0.007027200041914031,0.0,0.007027200041914027
0.1875,0.5257491098637059,0.1714085030989166,0.3028423870373774,0.0071071113525388195,0.005170514905070242,0.006690319106470293
0.375,0.48074307654759596,0.36016603837936145,0.15909088507304261,0.006802600126468902,0.006644669176055243,0.005013517386144983
0.5625,0.3805819433526665,0.5443313647164412,0.07508669193089236,0.006892727020553304,0.007106188461125676,0.003810111900689835
0.75,0.2605203196543323,0.7227408522064832,0.01673882813918459,0.006066196479546366,0.006099139877037948,0.0017859342992856987
0.0,0.6395059649800044,0.0,0.3604940350199955,0.006783194774961143,0.0,0.006783194774961146
0.1875,0.5259730067544992,0.17113658115370248,0.30289041209179834,0.006751399807930982,0.005535780004119408,0.006498467182874572
0.375,0.45377665027837,0.36050488190025387,0.1857184678213762,0.007100705965522866,0.006727410591557812,0.005603514314894071
0.5625,0.38881187905933384,0.5437441752262374,0.0674439457144287,0.006866957304194078,0.007270939206978422,0.003506163278290036
0.75,0.2607572414288374,0.7224067639233042,0.016835994647858347,0.00632741895825572,0.006433373228845438,0.0018962090922967024
0.0,0.6398946038865716,3.992419225138334e-07,0.3601049968715058,0.00670200409768981,8.918394379125155e-06,0.006702093228147845
0.1875,0.5460676331948828,0.17037924410479074,0.2835531227003265,0.007132681980510614,0.005471773003580782,0.0064989726593637845
0.375,0.47787895013885145,0.3591347330629544,0.1629863167981941,0.006991641336070617,0.00677226496338934,0.005317207321071751
0.5625,0.3750324192822891,0.5441820690808281,0.08078551163688283,0.006971417454036862,0.007291294035939316,0.003772794724126947
0.75,0.27367697820484177,0.7216885679213447,0.004634453873813426,0.0060622926180519945,0.006100977131029132,0.0009301830243917124
0.0,0.5310876128156006,0.0,0.4689123871843993,0.007002759386041544,0.0,0.007002759386041546
0.1875,0.5374091582715694,0.1724333990830497,0.2901574426453808,0.007211150679342135,0.005361143356343214,0.006455710110977546
0.375,0.4782687142405169,0.3591933135787554,0.16253797218072757,0.006988415089112837,0.006959418127083834,0.005273497872925656
0.5625,0.36760255532842584,0.5454604383051129,0.0869370063664612,0.006919150606643147,0.006958495740181653,0.004032290995253837
0.75,0.25396199543570236,0.7232816192226339,0.02275638534166363,0.006298397361814781,0.006564276268027623,0.0021633078956570313
0.0,0.6398451272652355,0.0,0.36015487273476454,0.006895371464554435,0.0,0.006895371464554438
0.1875,0.5630716803593455,0.17231987507410393,0.2646084445665506,0.006874435616648624,0.005417801553006458,0.00622693609928346
0.375,0.45366669340642496,0.3607073535708787,0.18562595302269635,0.007110629941630391,0.006876705383732541,0.005642026629750933
0.5625,0.3574989195231871,0.546433354658573,0.09606772581823991,0.006633497980742491,0.006945908305642624,0.00408427848666876
0.75,0.2606629678098608,0.7229330722311366,0.016403959959002692,0.006319926141307054,0.00646156979714877,0.0018341046764415126
0.0,0.6144093593516907,1.2042905562325368e-05,0.3855785977427471,0.006657895273141199,4.848816171199326e-05,0.006657598780924295
0.1875,0.5554444911707015,0.171247803791171,0.27330770503812757,0.006953105212631386,0.005355510706169893,0.006351956405154122
0.375,0.48369962256703763,0.3595278878747306,0.1567724895582318,0.006853780548179551,0.006518208084634072,0.004984262183117721
0.5625,0.36915557844771674,0.5451865898715341,0.08565783168074914,0.006752872988227853,0.007018518535453027,0.003933961084914087
0.75,0.26062990309585143,0.7231290661279111,0.016241030776237515,0.006073798120092393,0.006241456073580401,0.0018076296005251845
0.0,0.6399546878345311,0.0,0.36004531216546887,0.006831666879537119,0.0,0.006831666879537118
0.1875,0.543460047907194,0.17055948957773592,0.28598046251507003,0.0068301836836871885,0.005388229945657033,0.006189001074249861
0.375,0.4546842037329205,0.3603074538920548,0.18500834237502464,0.007029839740830697,0.006960750731916693,0.005464863126801346
0.5625,0.37052001147628155,0.5455420572051072,0.08393793131861135,0.006775281668994765,0.00701816335653185,0.0038020325700803947
0.75,0.27417581582043676,0.7217104109028092,0.004113773276754064,0.006417648372908454,0.006428869064884904,0.0008838976670939602
0.0,0.63985421741561,0.0,0.36014578258438995,0.006865050068529455,0.0,0.00686505006852945
0.1875,0.5350363823846915,0.1718728045711207,0.2930908130441879,0.007073509862526737,0.005450983973329599,0.006379380361658029
0.375,0.47080490266115993,0.3590587652567532,0.17013633208208684,0.006870442021680995,0.00674422936896452,0.005322537828560035
0.5625,0.39065577408756413,0.5440109763460005,0.06533324956643537,0.006687518347158084,0.0067498792188036795,0.003510860091760242
0.75,0.260544455516419,0.7225452933167364,0.016910251166844577,0.00630607703342748,0.006422230012316004,0.0018056543383243911
0.0,0.6400971893466799,0.0,0.3599028106533201,0.006621460772172468,0.0,0.006621460772172463
0.1875,0.5620993233669445,0.1717118013745746,0.26618887525848106,0.007024229587042594,0.005531327357384569,0.00613893824506843
0.375,0.4393020824956494,0.36076964879181767,0.19992826871253283,0.006774021772582093,0.006570638553749263,0.005596547488817765
0.5625,0.3679051523587177,0.5456072906488146,0.08648755699246766,0.0068620285280481886,0.007067502714066128,0.0039430791820027275
0.75,0.253483312144059,0.7231566074353316,0.023360080420609428,0.0060781944341350615,0.006171713719130991,0.0021789004462202366
0.0,0.5726492325507313,0.0,0.4273507674492687,0.00700066044657583,0.0,0.007000660446575823
0.1875,0.5518567734442742,0.17279018628321877,0.2753530402725071,0.007191258412487707,0.005292021633712586,0.006348305885648027
0.375,0.4528813199507816,0.3601412621467098,0.18697741790250855,0.00710969787992705,0.006825516198493555,0.005630907529434774
0.5625,0.3725471569367142,0.5438260277435979,0.08362681531968784,0.007060268711321743,0.007160755167407731,0.00376304138120929
0.75,0.2528141349981726,0.7238238441084532,0.023362020893374087,0.006141373468290649,0.006312472737330155,0.002126776808450511
0.0,0.5729581107968561,0.0,0.42704188920314395,0.006965600930124586,0.0,0.006965600930124586
0.1875,0.5519337220126288,0.17242142804286395,0.27564484994450744,0.006936117558716713,0.0052042501776268036,0.006226899686718672
0.375,0.4758238782819944,0.35901990518984506,0.16515621652816054,0.006911218766066683,0.006487444304968953,0.005210911912372436
0.5625,0.38451215943240236,0.5439128666974155,0.07157497387018222,0.006853059370742478,0.007042291763899676,0.0034413201806195704
0.75,0.25975615988361933,0.7221141035785134,0.018129736537867393,0.0063745993258461624,0.006518794355946151,0.001890491459251709
0.0,0.6398404318634204,0.0,0.3601595681365795,0.006989911791364868,0.0,0.006989911791364868
0.1875,0.5452306043394359,0.1703994010573624,0.2843699946032017,0.00681065202250239,0.0052383483535263465,0.006236655157396542
0.375,0.4695362415687868,0.3590183688119679,0.1714453896192453,0.006934536238614438,0.006770966811235337,0.005454344930840755
0.5625,0.35846160126226734,0.5464093239073866,0.09512907483034606,0.0068960411932041076,0.007172475841432972,0.0041854516625876295
0.75,0.2612724759563008,0.7221189593424849,0.016608564701214277,0.006041199417813762,0.006246421482926438,0.0018429606165146514
0.0,0.6400900088787694,0.0,0.3599099911212305,0.006749169049866761,0.0,0.006749169049866758
0.1875,0.5512889728241248,0.17187019536044687,0.27684083181542823,0.007382069062902092,0.005511564465944487,0.0066020844280477034
0.375,0.4718779014826216,0.3585357803707268,0.16958631814665162,0.007116959040413518,0.006610157341537397,0.0051761099106324765
0.5625,0.36296284834688036,0.5468927101861629,0.09014444146695665,0.006896776389853918,0.007191883925736103,0.004138184278790935
0.75,0.2575145471672942,0.7238822205816517,0.018603232251054046,0.006105554967544089,0.006322085850511734,0.0019599679233319026
0.0,0.6400835562325882,2.0016012810248196e-07,0.3599162436072836,0.006689630066420623,6.326453414443198e-06,0.006689651878576831
0.1875,0.5367471675903268,0.0512769624403258,0.41197586996934726,0.006957640947152128,0.0031361074469051457,0.006885598705463614
0.375,0.45499613205303624,0.3601220659253571,0.1848818020216067,0.0068724978641182665,0.006820537737992287,0.005471393548161732
0.5625,0.35830424854318904,0.5462538500000592,0.09544190145675187,0.00676988688713522,0.007013584222551463,0.004082367133905805
0.75,0.27473730805048363,0.7218192690480728,0.0034434229014435307,0.006052822471028001,0.0060856913461044045,0.0008010033994442848
0.0,0.6399362159666433,0.0,0.3600637840333567,0.0067737352203699,0.0,0.006773735220369896
0.1875,0.55498581947263,0.17166751870051547,0.2733466618268544,0.007172470853825982,0.005438456468095884,0.0062553750336119245
0.375,0.44516788640350646,0.36101533049632495,0.19381678310016856,0.007093869716030948,0.006961338921518004,0.005625955789160434
0.5625,0.3665706513277922,0.5465871463585982,0.0868422023136097,0.006692375704655507,0.007103494641314067,0.003946084282339705
0.75,0.25381844084529415,0.7233965169111993,0.022785042243506467,0.006092406658086729,0.006392361029875288,0.002194213278108548
0.0,0.6398727692424849,0.0,0.36012723075751507,0.006588400394031903,0.0,0.0065884003940319
0.1875,0.5602977692989123,0.17236027581638674,0.26734195488470097,0.006731569701393494,0.005042329569915824,0.0059820463222668005
0.375,0.46448210503260556,0.3588117294298089,0.17670616553758556,0.007184906876815959,0.006787332869503864,0.005310576658035106
0.5625,0.3695097700842133,0.5452444176359913,0.0852458122797953,0.006846323383890547,0.007183413398364533,0.004097088768553327
0.75,0.27283196993729275,0.7219897531082909,0.005178276954416349,0.006262960389832555,0.006306140970205706,0.0009884212324362185
0.0,0.6401565620896562,0.0,0.35984343791034384,0.00647216991086376,0.0,0.006472169910863765
0.1875,0.5658763020210108,0.17369538648897684,0.2604283114900123,0.006886029837196323,0.0055171769566224865,0.006304493461479121
0.375,0.46997836870008247,0.3589129369254347,0.17110869437448284,0.007231758623156278,0.007047620843657803,0.005364851829602217
0.5625,0.3571368407684683,0.5472475479235442,0.09561561130798739,0.006728279929867252,0.006953861292308742,0.004065276716118187
0.75,0.2537542321511422,0.7236096151256269,0.022636152723230746,0.0060309413190876345,0.006089871497361402,0.002056712270316945
0.0,0.5729817716976305,0.0,0.4270182283023695,0.006941322169573579,0.0,0.006941322169573583
0.1875,0.5680928334042337,0.17343461992219966,0.2584725466735666,0.006867085372592432,0.0054345975794504765,0.0061553520037001645
0.375,0.4541942154459435,0.359803395051483,0.1860023895025734,0.007074427015148903,0.0067192226220340765,0.005596989697245298
0.5625,0.3695971083679667,0.5457747726803484,0.08462811895168477,0.006756438017510388,0.006876744044405833,0.0039571734350505325
0.75,0.2537241236172305,0.7233869793603013,0.022888897022468192,0.006139298885097631,0.006414207964136237,0.002038554371200041
0.0,0.6400383108273299,0.0,0.35996168917267024,0.006674919126543704,0.0,0.006674919126543703
0.1875,0.5601707738037035,0.17198836588031902,0.2678408603159775,0.007011439093318806,0.005371804056025882,0.006237704255795391
0.375,0.4709472487883542,0.35827507520535434,0.17077767600629135,0.006894845093898798,0.006772668065588601,0.005353120720285481
0.5625,0.3591111753608319,0.5466841857042548,0.09420463893491325,0.006689564141097212,0.00690723333899655,0.004072601920347113
0.75,0.261019763829691,0.7225858502738206,0.016394385896488294,0.006382858773228143,0.006512306040242093,0.0018443885373315887
0.0,0.6399563530063451,0.0,0.36004364699365476,0.006792844059273654,0.0,0.006792844059273654
0.1875,0.545733057313241,0.17017442250392156,0.28409252018283754,0.007252063711248429,0.005395832730548443,0.0066041051380884615
0.375,0.4813674058976317,0.3594877971427243,0.15914479695964395,0.007222493263639156,0.0067307315651892775,0.00525522329003985
0.5625,0.37088179124945503,0.5452630080960378,0.08385520065450723,0.006996405298489307,0.007208091342550327,0.004126674558879884
0.75,0.2608907149909761,0.7228117312415331,0.016297553767490765,0.006167303241507016,0.00630868818767052,0.001836523448278761
0.0,0.6401589967554177,0.0,0.35984100324458235,0.006919975893385245,0.0,0.006919975893385249
0.1875,0.5538965218212445,0.17167422771942006,0.2744292504593353,0.006985142170692617,0.005177218131823373,0.006364999594434316
0.375,0.4530431756524538,0.36026311544294,0.1866937089046062,0.00740858386391571,0.006987303470902933,0.005690072125523163
0.5625,0.35800855314996183,0.5463366655785289,0.09565478127150928,0.006715533839505138,0.006905272215188169,0.004299690377453588
0.75,0.2613710158996336,0.722477511144923,0.01615147295544333,0.006198321118209034,0.0062513471323801485,0.0016863659196877199
0.0,0.640045441449577,0.0,0.359954558550423,0.006862232983646306,0.0,0.006862232983646306
0.1875,0.561097058272989,0.1718627032343473,0.2670402384926638,0.007044445981277192,0.005543457529621407,0.0063358164346552235
0.375,0.45417709041553744,0.3605922110187119,0.18523069856575058,0.0067743415903996655,0.006764741812157176,0.005515929727008914
0.5625,0.38210351629876843,0.5445717523112289,0.07332473139000255,0.006766947385241814,0.006824219758155004,0.0036621729572503944
0.75,0.2722407971407767,0.7226992632419108,0.005059939617312495,0.006087497875538939,0.006103718988160839,0.0010455222892363529
0.0,0.6400648013362832,0.0,0.359935198663717,0.006874970807363791,0.0,0.006874970807363791
0.1875,0.5455165925564595,0.17103634268122467,0.28344706476231574,0.007162062852612663,0.005406150231176501,0.006576408777133851
0.375,0.44029974092896657,0.36045076825793454,0.1992494908130988,0.007091785350486956,0.006817347333218866,0.005682342770413613
0.5625,0.38905856207440714,0.5431994412507442,0.06774199667484879,0.007105218597649751,0.007213212667962977,0.003755049335360476
0.75,0.2592920066190554,0.7225051672903451,0.018202826090599533,0.006032996904593228,0.006205432987106439,0.0018772120028784564
0.0,0.6396283732817419,0.0,0.3603716267182581,0.0069992807990398205,0.0,0.006999280799039822
0.1875,0.5600092390705657,0.17312925818397912,0.26686150274545517,0.006790254176735219,0.005253313376425318,0.006104812980534617
0.375,0.45587538064239913,0.35970712515725456,0.1844174942003463,0.006990182897191271,0.006685062212908538,0.005523439076135119
0.5625,0.3695039819664927,0.546075347577671,0.08442067045583634,0.007064269677119094,0.007129411429452549,0.003912991964784959
0.75,0.25495297813375467,0.7240663582818939,0.0209806635843514,0.00633091549950465,0.0064720592743082745,0.0020410424493186776
0.0,0.6399944766415839,0.0,0.3600055233584161,0.006818121920000632,0.0,0.0068181219200006355
0.1875,0.5603077274318282,0.17202767763470886,0.2676645949334629,0.00699269981313873,0.005567514846831955,0.0061598889510668655
0.375,0.47908998628563715,0.35895733264368335,0.16195268107067948,0.0070006120488611346,0.006864133898309334,0.004968841207797755
0.5625,0.3695916731029956,0.5454044827885772,0.08500384410842712,0.006879531456365849,0.007170383714500796,0.0039941566421876655
0.75,0.2594198371800362,0.7231257116796458,0.017454451140318107,0.006244064159219327,0.006367778098640563,0.001841654418598944
