fixed rate,success rate,failure rate,error rate,success std,failure std,error std
0.0,0.7399305845206395,0.0,0.26006941547936047,0.013337473785829827,0.0,0.013337473785829832
0.1875,0.6359275265535869,0.1799577867993085,0.1841146866471047,0.01536133318833078,0.012275992275163633,0.012122277747095737
0.375,0.5234848777983825,0.36810380938056564,0.10841131282105183,0.0156785716669791,0.015369367196488702,0.009849329104962778
0.5625,0.3808140205257142,0.555178559761365,0.06400741971292082,0.01568234963289924,0.015810962979143098,0.007805135688886009
0.75,0.25001220773495697,0.7395236042557447,0.01046418800929845,0.013740775945539012,0.013845285302506219,0.0031978140673330165
0.0,0.7406044532325669,0.0,0.2593955467674332,0.01334895417121899,0.0,0.01334895417121899
0.1875,0.6142352502375511,0.179807759519051,0.20595699024339784,0.015507197349118557,0.012212839706571908,0.012553525205974452
0.375,0.49390766633065425,0.3683500143072406,0.1377423193621051,0.015806258172065643,0.015462108886950042,0.01108453921448326
0.5625,0.3952543064095499,0.5539205949776997,0.05082509861275045,0.015160375851383674,0.0154487405805207,0.006711323697623013
0.75,0.25077892802637164,0.7385665772116855,0.010654494761942798,0.013343091444028087,0.013637709450385173,0.0032038372203536895
0.0,0.7396191241259812,0.0,0.2603808758740187,0.013859118179768622,0.0,0.01385911817976862
0.1875,0.6342988081130367,0.180007968218697,0.18569322366826618,0.015079288567783884,0.012604631136170368,0.012694084511548622
0.375,0.5169705876732944,0.36727939805389015,0.11575001427281542,0.016164335380455364,0.015278792713806463,0.010245337891711294
0.5625,0.3824874177968225,0.554451389712447,0.06306119249073043,0.01603500815090549,0.016108117049770963,0.0077291234840873345
0.75,0.24547917797827437,0.7395355156321716,0.014985306389553959,0.014057760803415979,0.014187438286356007,0.003972354061713659
0.0,0.7398767213879605,0.0,0.2601232786120396,0.014022408741364352,0.0,0.014022408741364347
0.1875,0.6144304361773711,0.17921389667790544,0.2063556671447234,0.01606337790080279,0.012476536779141352,0.012964204908667336
0.375,0.5250306664961863,0.36806048511021244,0.10690884839360129,0.016043834169750807,0.015273268991798023,0.009803848346425005
0.5625,0.392290285223201,0.5542671052668652,0.05344260950993378,0.015356905892610889,0.015697134852171637,0.006910427905750112
0.75,0.25157321300306884,0.7383719235651952,0.010054863431735917,0.014208682415673116,0.014315476158172219,0.0030577627137007217
0.0,0.740149748680972,0.0,0.2598502513190279,0.013185569436564322,0.0,0.013185569436564324
0.1875,0.6145489336507403,0.17884927860419253,0.20660178774506713,0.015187663263943555,0.012112717354323111,0.01253254351801713
0.375,0.5028515571362974,0.3673296787964582,0.12981876406724435,0.015611053910372295,0.015521597559304946,0.010074581593231133
0.5625,0.37914147081445876,0.5561061072864718,0.06475242189906934,0.015718428332090383,0.0159030178831335,0.007756652854797526
0.75,0.24610877374863396,0.7394611155050288,0.014430110746337172,0.01362999170157034,0.013892635836362806,0.0035806077315327146
0.0,0.7407637188764749,0.0,0.25923628112352515,0.013870961908515908,0.0,0.013870961908515908
0.1875,0.6313524076171875,0.1802402091795484,0.1884073832032642,0.014558289294355332,0.011758165533483973,0.011994233172943564
0.375,0.5088618755712176,0.3670550513441141,0.12408307308466818,0.016062582470761227,0.015225270008400649,0.010100428114693798
0.5625,0.3818418697362025,0.5549701444662369,0.0631879857975606,0.015543625006306322,0.01589176310615802,0.007643126891553357
0.75,0.2516521308384525,0.7380133371139327,0.010334532047614777,0.01377607507124142,0.01387439489266781,0.0031474798471932547
0.0,0.7400307178019963,0.0,0.25996928219800375,0.013708649332793888,0.0,0.013708649332793888
0.1875,0.6152239160550139,0.1793615435222972,0.20541454042268892,0.014971227102008487,0.01187331258822042,0.013346635112782177
0.375,0.4940809519919576,0.36756159911630704,0.13835744889173532,0.016038180859514934,0.01569291726855787,0.010787077433533866
0.5625,0.3979343336422452,0.5534996509263506,0.048566015431404284,0.015584022113331285,0.01554618387167664,0.006857031867090521
0.75,0.25092779760837425,0.7382713016842284,0.010800900707397317,0.013664112028757202,0.013770841000315871,0.003174736908086567
0.0,0.7395665252542697,0.0,0.2604334747457303,0.014138331079162564,0.0,0.014138331079162568
0.1875,0.6238485287662597,0.1793211552255582,0.19683031600818204,0.015480167855603112,0.012076697045373086,0.01269287098402765
0.375,0.5171047999700834,0.3681596332624033,0.11473556676751341,0.01588140520537818,0.014779138896052934,0.010321223035567305
0.5625,0.3829108247084239,0.5553200660530346,0.061769109238541335,0.015059550566571345,0.015081225843721228,0.007538588454289835
0.75,0.2568962096130849,0.7384942795075627,0.004609510879352333,0.013898822877841237,0.014040004638967462,0.0021569481777532224
0.0,0.740461671763258,0.0,0.259538328236742,0.013873777159547844,0.0,0.013873777159547846
0.1875,0.6173465561172956,0.1777889257964315,0.20486451808627287,0.0144379902274526,0.011935336353973222,0.01254040350998238
0.375,0.5169372637700577,0.3680542305541759,0.11500850567576644,0.015188928493401678,0.014882931687925217,0.010027159537313405
0.5625,0.38933206880269333,0.5548700975201118,0.055797833677194736,0.015669899767738003,0.015999881485885215,0.0073414957241420475
0.75,0.24717837151627942,0.7375925281102801,0.0152291003734405,0.012997096940053928,0.013419443548806635,0.0038477790841711297
0.0,0.7395842421267174,1.0193679918450562e-06,0.26041473850529073,0.013426953998737607,3.2219124626460984e-05,0.013426796691819676
0.1875,0.620280477188058,0.18073348384821236,0.19898603896372952,0.015695763708301974,0.012285538229633469,0.012584572752413127
0.375,0.493076588742646,0.36808943652324433,0.1388339747341097,0.016050879257941072,0.01478532172788699,0.011467853167218807
0.5625,0.39429184925524907,0.5531435121684346,0.052564638576316304,0.015901492266282246,0.016121939892988164,0.006935888377244262
0.75,0.2515701856702105,0.7383846797734749,0.010045134556314568,0.013861869312266229,0.013881545941575604,0.0032227932991429984
0.0,0.7402786250489123,0.0,0.2597213749510877,0.013513488463933437,0.0,0.013513488463933437
0.1875,0.6356239293459821,0.18109354422056173,0.1832825264334561,0.014435966502018279,0.011880066947002,0.011628028317023498
0.375,0.5281548192018396,0.3666344200922763,0.10521076070588413,0.015586030553985726,0.014965570977893763,0.009218883927200145
0.5625,0.3799671364757486,0.5549035867933401,0.0651292767309113,0.015196991708463461,0.015181010535475227,0.007871786838975641
0.75,0.2521014252994973,0.7379207360720584,0.009977838628444266,0.013660171719058927,0.013871621529869664,0.0032263405317845724
0.0,0.7406596834991807,0.0,0.2593403165008193,0.013910676037372303,0.0,0.013910676037372307
0.1875,0.6319320164334621,0.18007794495022375,0.18799003861631416,0.0152437155052319,0.011857580011154174,0.012363060041047336
0.375,0.4979673452938863,0.36778370323594384,0.13424895147016985,0.01563340590281989,0.01483858470072264,0.010804076843164773
0.5625,0.3828143391708489,0.5551441702196639,0.06204149060948714,0.015484188487505463,0.016257246736694562,0.007577931192385269
0.75,0.2523089890712817,0.7379156046092957,0.009775406319422555,0.013945159679811855,0.014050893794254676,0.003176079601510504
0.0,0.7402611512907142,0.0,0.25973884870928576,0.01406049038140491,0.0,0.014060490381404913
0.1875,0.6320256302609031,0.17974068095297072,0.1882336887861262,0.01500664718490238,0.012228087683055444,0.01215546116753405
0.375,0.5209657909408787,0.36667857242027224,0.11235563663884904,0.015443253687469374,0.015073453785622457,0.009786875094889212
0.5625,0.4032759875996125,0.5536162706026035,0.04310774179778402,0.015586343108216032,0.01582607363842953,0.006360483137688058
0.75,0.25129307156762754,0.7383376770410794,0.010369251391293017,0.013889683076579465,0.01397675999327534,0.003193038534195232
0.0,0.7406534887059452,0.0,0.25934651129405484,0.013618735596898614,0.0,0.013618735596898615
0.1875,0.628011868381191,0.1794565980441546,0.19253153357465427,0.015438225202351953,0.012101279174099018,0.012274855624182542
0.375,0.49469484078202347,0.36777370731041015,0.13753145190756638,0.016359798257227554,0.01565451459222775,0.011206143019484112
0.5625,0.38822627187938774,0.553821233728084,0.057952494392528184,0.015314631157387796,0.015424540263783943,0.00724936153691693
0.75,0.2484217020059709,0.7389087947315385,0.012669503262490608,0.014024852630228046,0.01431989970713408,0.0036075361657237465
0.0,0.7393416906852287,0.0,0.26065830931477124,0.013688930998995572,0.0,0.013688930998995572
0.1875,0.6187110556303621,0.17956285140480344,0.20172609296483432,0.014930117410463017,0.011654616509973466,0.012472831780433229
0.375,0.5177432460608934,0.3683412614028242,0.11391549253628253,0.015789284192512566,0.014710660124154727,0.010192755127121852
0.5625,0.3815683147091881,0.5553150530702662,0.06311663222054562,0.015239793362695266,0.015525169309117662,0.007853874436671033
0.75,0.2444696435273749,0.7391399716138406,0.016390384858784527,0.013371443345166266,0.013709206310120929,0.0037418685103248134
0.0,0.7402949295264828,0.0,0.25970507047351726,0.014320707790262333,0.0,0.014320707790262335
0.1875,0.6165930339390154,0.17943051998561207,0.20397644607537252,0.014870460114459671,0.01220897908209398,0.012630525356318246
0.375,0.49873502157414534,0.36756637000876596,0.13369860841708867,0.015782606770236143,0.01520930283180317,0.010636071251247024
0.5625,0.3978783010042165,0.5543201977989449,0.04780150119683851,0.015600979253583848,0.01594031261381774,0.006570560059044478
0.75,0.24733879156083466,0.7381622823825994,0.014498926056565898,0.013829090733498986,0.013991427478930563,0.0037843252574795267
0.0,0.7400429251623547,0.0,0.25995707483764535,0.013413939686650783,0.0,0.013413939686650781
0.1875,0.6342671937668879,0.17964574076530038,0.18608706546781176,0.015577047828787608,0.012357591692770021,0.012530471942271451
0.375,0.5094572902262885,0.3674892979509609,0.12305341182275056,0.0160994541326268,0.015114117744069016,0.010774583856153454
0.5625,0.38128132278221083,0.5558660066869314,0.06285267053085758,0.015486737390398034,0.015807896419300384,0.007567530817876302
0.75,0.25109454797861097,0.7389438638555664,0.009961588165822571,0.01382338076742436,0.014005938626671183,0.003140341522246405
0.0,0.7400447727991141,0.0,0.2599552272008859,0.01377843430968777,0.0,0.01377843430968777
0.1875,0.6285526121337434,0.17990278414110503,0.19154460372515164,0.015453735171051631,0.01208928122868292,0.012294953381660876
0.375,0.5080002077619065,0.3665541940785199,0.1254455981595736,0.0160755708960901,0.014924273101678535,0.010822115943016155
0.5625,0.3946415412982178,0.5541403695425757,0.051218089159206434,0.015229472945145416,0.015438824238306679,0.006850570215148907
0.75,0.24338663423419898,0.7402466203850928,0.01636674538070817,0.013686861199611763,0.013826458366217993,0.0040092526818312066
0.0,0.7408197848167675,0.0,0.2591802151832327,0.014043846899091363,0.0,0.01404384689909136
0.1875,0.6346261087374268,0.18029748116443822,0.18507641009813497,0.014391165156288622,0.011976718438960858,0.012021992974891739
0.375,0.48193010440543754,0.36811090209260455,0.14995899350195788,0.015271155423413296,0.015033593694359582,0.011222296949380277
0.5625,0.3791657160815731,0.5567489557953033,0.06408532812312367,0.01556080502996181,0.016146539987828983,0.007674854660006005
0.75,0.25032532004477764,0.7392935878036275,0.010381092151594815,0.014058608424776523,0.01416062149006498,0.003081800292898903
0.0,0.6305041053388623,9.775171065493646e-07,0.3694949171440312,0.015308499589297584,3.089634531628369e-05,0.015309029753778612
0.1875,0.6321196434330466,0.1800613707368164,0.18781898583013712,0.01525072678718649,0.01193149747634343,0.012319103039672841
0.375,0.5183075494469206,0.3664564659068451,0.1152359846462343,0.0160701387235047,0.014987431408075283,0.00960736857863393
0.5625,0.40047576152796455,0.5537064461264692,0.04581779234556616,0.01511702149074921,0.01541526747545065,0.006393734894478335
0.75,0.2500714027716791,0.7391467211296658,0.010781876098654957,0.013536909509805722,0.013813408377402471,0.0034301291014480193
0.0,0.7413372752028115,0.0,0.2586627247971884,0.013722490682486708,0.0,0.013722490682486708
0.1875,0.6216676376480608,0.17908309541198036,0.19924926693995884,0.015350745199634077,0.012185385696428975,0.012866577005006733
0.375,0.5144477076736235,0.3665482310354729,0.11900406129090366,0.015586591774115416,0.015639851835088012,0.010523171298066292
0.5625,0.38096078358481783,0.5557227851768735,0.06331643123830864,0.015233622197624797,0.01540678757947645,0.007642817832822546
0.75,0.2526123165465815,0.7373625923404672,0.010025091112951275,0.013381137920918787,0.013621997247207456,0.0030820182485687643
0.0,0.7405705126172529,0.0,0.25942948738274696,0.01396016326715513,0.0,0.013960163267155132
0.1875,0.6377708952915706,0.1800835442858218,0.1821455604226075,0.015617376618020273,0.012198376677903914,0.012887084841935603
0.375,0.5095748945716096,0.366850040529651,0.12357506489873939,0.015801509168272002,0.015104384373081356,0.010267426060896666
0.5625,0.38095427044851826,0.5543985882083139,0.0646471413431679,0.014966467362289964,0.014931122228509862,0.007692307766808558
0.75,0.2566837382550608,0.739010634278673,0.004305627466266103,0.013743725058575684,0.01372160206335088,0.0020239291163286514
0.0,0.740110840152125,1.0471204188481676e-06,0.25988811272745616,0.013850422330330108,3.309629451157927e-05,0.01385008141608675
0.1875,0.6157240625217968,0.1794620422326809,0.20481389524552224,0.015955467044313266,0.01241053537120263,0.01322065537190926
0.375,0.5199030358641967,0.3669911756998794,0.11310578843592384,0.01601664480688268,0.014816193021303341,0.010200320212034108
0.5625,0.3981445385635725,0.5531745030715313,0.04868095836489621,0.015399200236959745,0.015542774426686256,0.0066754046775166715
0.75,0.2519353550006175,0.7385966550236297,0.00946798997575283,0.013666694156020941,0.01396532646805307,0.0030208912263117046
0.0,0.6309355917489732,4.95110783966509e-06,0.3690594571431873,0.015167396871828748,6.988334007223001e-05,0.015170377284974387
0.1875,0.6314843238654132,0.18068637007381622,0.18782930606077058,0.015215737424421007,0.012240986184001443,0.012307011066236417
0.375,0.4944893850381921,0.36734569564252983,0.138164919319278,0.0164560000396095,0.015399089495232528,0.010740385263592056
0.5625,0.3817566564744378,0.555585438158453,0.06265790536710915,0.015777203465731075,0.01614832399668084,0.007843843390491956
0.75,0.250493147618465,0.7393851414225958,0.010121710958939297,0.013493004841202624,0.013831966118617688,0.0031745143240067145
0.0,0.7405795532507803,0.0,0.25942044674921977,0.013913936368919334,0.0,0.013913936368919338
0.1875,0.6321310261068743,0.1799585655005421,0.18791040839258358,0.016066251992863823,0.012411219191169552,0.012455876099113047
0.375,0.521089290212999,0.3676177734886225,0.11129293629837843,0.015433355652210667,0.014728716333186674,0.009951103161909006
0.5625,0.38067354122119573,0.5549630166952131,0.06436344208359115,0.015926520463862268,0.016097823360008458,0.007688498791693599
0.75,0.2512649584204681,0.7382292307367024,0.010505810842829377,0.01346976362885292,0.013550402064395867,0.0032505814917480227
0.0,0.7417714641193356,0.0,0.25822853588066436,0.014043689267131924,0.0,0.014043689267131922
0.1875,0.6350208725521173,0.18023305416332383,0.18474607328455886,0.014952890934419013,0.011985965461465426,0.011881744466258662
0.375,0.496914009517429,0.3673911355005217,0.13569485498204933,0.01586810596633658,0.015232474312821872,0.010911304793454089
0.5625,0.3989256787143664,0.5541156322622628,0.046958689023370824,0.015380800062011707,0.015849436377498846,0.006574101373631416
0.75,0.25146209798165375,0.7385283831019401,0.01000951891640612,0.013843601035896843,0.013962141882675323,0.0030835012837482608
0.0,0.6305118909777229,3.0443669755954665e-06,0.36948506465530156,0.015179768289416853,5.5514943882312077e-05,0.015178803047345884
0.1875,0.6343503807429505,0.18009770190550378,0.1855519173515457,0.01564687597758347,0.012658208003922412,0.012688213332616287
0.375,0.5227171142975173,0.36732647207638003,0.10995641362610258,0.015560491134937814,0.015203542701199863,0.009666707982887683
0.5625,0.38308054431857125,0.5546002368166849,0.06231921886474376,0.015547497810820562,0.015393618931697616,0.007765044299375386
0.75,0.24197939269835195,0.7414582489492745,0.016562358352373616,0.013615629881254872,0.013903745135662858,0.004023706680605466
0.0,0.741003398616409,0.0,0.25899660138359104,0.013744953958418635,0.0,0.013744953958418637
0.1875,0.6302346179854672,0.17975915748591545,0.19000622452861735,0.014921141523674136,0.011990459998564067,0.012491674899911705
0.375,0.5183427041447792,0.36730155476525816,0.11435574108996263,0.016314535636059863,0.01591578038337769,0.009929218993938043
0.5625,0.38124432809046327,0.555285736354696,0.06346993555484068,0.015887459076056938,0.015857977451657772,0.00763958711651639
0.75,0.2501128289736036,0.7390163267425048,0.01087084428389155,0.013780533002504146,0.013999361668618149,0.003324595851024862
0.0,0.7394064785910491,0.0,0.26059352140895087,0.01378445871347008,0.0,0.013784458713470078
0.1875,0.628797547710249,0.1796943396205098,0.1915081126692412,0.014599230918937065,0.011757334779851848,0.012052077218084344
0.375,0.5250104060011549,0.3681828947440598,0.10680669925478527,0.015579983280918225,0.015300226474968995,0.009647712460587998
0.5625,0.38705406575242646,0.5537413135538469,0.059204620693726645,0.014939396951460236,0.015143195795392798,0.007704824879693544
0.75,0.25189383214125444,0.7387421047182751,0.00936406314047048,0.013502550497653141,0.013816373155550303,0.003125614201540607
0.0,0.7413724451657415,0.0,0.2586275548342586,0.013910397422374104,0.0,0.01391039742237411
0.1875,0.6267854877767827,0.17991036162153265,0.1933041506016847,0.015674943993661997,0.01189608626959013,0.012395106433984967
0.375,0.5107522467708371,0.3669507126140206,0.12229704061514216,0.015947709645330058,0.015306785898709286,0.010265694105708987
0.5625,0.3834927295325154,0.5542490360932192,0.062258234374265524,0.015740458175527727,0.015987495308960036,0.007383480203001129
0.75,0.2515008177649798,0.7384318759504347,0.010067306284585548,0.013511620366163499,0.013839580266452944,0.0032238196301476786
0.0,0.7400877938203612,0.0,0.2599122061796388,0.013844169346522108,0.0,0.013844169346522108
0.1875,0.6147061415214472,0.179316877043528,0.20597698143502485,0.015265806822452392,0.012167389083239851,0.012655210183238412
0.375,0.5000041210645716,0.3671204741214066,0.13287540481402177,0.015903371491645474,0.015497593809803204,0.010713886779339985
0.5625,0.38656838967958995,0.5549602337915607,0.058471376528849296,0.015664869619479563,0.01593809475606618,0.007482212807033682
0.75,0.24596701063616735,0.7389125070229406,0.015120482340891996,0.013491147058046719,0.013768557274675226,0.003972536780325593
0.0,0.73968684868242,0.0,0.26031315131758,0.013907001115935404,0.0,0.013907001115935402
0.1875,0.6340820733377925,0.18030725859901878,0.18561066806318863,0.016100055980304694,0.012334588254252701,0.012586610762454287
0.375,0.5167305043489908,0.36729752153543493,0.11597197411557417,0.016104216536769207,0.015393618222322282,0.01007965215742519
0.5625,0.3799464672879501,0.5555914407670178,0.06446209194503205,0.015449748155042055,0.01623538604862475,0.0075668234160958595
0.75,0.2508948903942972,0.7389646086366398,0.010140500969063005,0.01385914624529995,0.014226070172757191,0.0032169715116939176
0.0,0.7405730677932544,0.0,0.2594269322067456,0.014210939287695252,0.0,0.014210939287695252
0.1875,0.6304404778404205,0.1799221753639487,0.18963734679563088,0.015779157869584143,0.012381034067714895,0.01230056347339407
0.375,0.5073038288672247,0.36684032295571634,0.12585584817705903,0.01574170401025037,0.015047933073234704,0.010384070871978283
0.5625,0.37970766208424367,0.5550546447386746,0.06523769317708172,0.015840077084286957,0.016147978611841352,0.007981497198215415
0.75,0.2453642767155888,0.7380788843179426,0.01655683896646868,0.013950566882941075,0.01428080553798729,0.004115836848973686
0.0,0.7392194417452344,0.0,0.26078055825476554,0.013817435685450767,0.0,0.013817435685450767
0.1875,0.6133535108400006,0.18004425454787473,0.20660223461212462,0.01516898323618422,0.012182339917177312,0.013051679322744933
0.375,0.5127149750490998,0.3678611287626011,0.11942389618829902,0.01542945914237132,0.014539686159438021,0.010292496772660092
0.5625,0.37937620355936597,0.557050053630403,0.0635737428102309,0.015204994388092937,0.015415160188706941,0.00801797394543909
0.75,0.25105724709398847,0.7388739171926002,0.010068835713411434,0.01397639985922065,0.014090483925459816,0.0031829582029766486
0.0,0.7398812315030087,0.0,0.2601187684969914,0.013487534459805852,0.0,0.01348753445980585
0.1875,0.616051947328308,0.1786778200178017,0.20527023265389022,0.01537177965646386,0.012382958300294353,0.012802713890776881
0.375,0.5023399617993365,0.36765977630971486,0.13000026189094863,0.01489121201045929,0.014572666173221945,0.010508147403967607
0.5625,0.38192607303234694,0.5549520942790322,0.06312183268862069,0.01502947794958733,0.015624183863914506,0.007513395271291239
0.75,0.2437294174882901,0.739484296357692,0.016786286154017803,0.013763170266461438,0.014026526263186742,0.004108508737544546
0.0,0.6306702383369998,5.012758645925973e-06,0.3693247489043541,0.015455233751265883,7.071880226699249e-05,0.015452217211235719
0.1875,0.6158649103515021,0.17924148999362802,0.20489359965486978,0.015734004185995458,0.012083022287516105,0.012799191004332175
0.375,0.48101329332526704,0.3685209700838186,0.15046573659091428,0.01626252035523486,0.015296738145895527,0.011270599326183664
0.5625,0.37163559407883884,0.5550733944951994,0.0732910114259618,0.014867534328322487,0.015639804652475865,0.008332509156415284
0.75,0.2509232539915285,0.7387434550365163,0.010333290971955254,0.013155190253289395,0.01326819599068151,0.003411954992175528
0.0,0.7404775354068754,0.0,0.2595224645931246,0.013291226936440395,0.0,0.013291226936440395
0.1875,0.6235371441875743,0.17912881274488968,0.19733404306753605,0.01492304767198562,0.011881572796532524,0.012591555641530418
0.375,0.5055066569414443,0.36790644599177336,0.12658689706678225,0.015047185142813385,0.014688803558351785,0.010662066478260493
0.5625,0.3782095187670588,0.5550588363112555,0.06673164492168558,0.015862539641237343,0.01617147734306727,0.007862112358807113
0.75,0.25288263258678245,0.7375429778807135,0.009574389532503993,0.013792945684905729,0.014029910046759127,0.0031335575742264792
0.0,0.7398845345623567,0.0,0.2601154654376432,0.013743564083660736,0.0,0.013743564083660738
0.1875,0.6330551350902321,0.18068511816279412,0.1862597467469738,0.015336841282942567,0.012695460081221474,0.012557166590682824
0.375,0.5143796376390444,0.3674511846649253,0.11816917769603025,0.015290983452905738,0.014587034541062967,0.010076542039582751
0.5625,0.3827682229498843,0.5544762482051558,0.06275552884495991,0.01540042060791624,0.015552769534670096,0.007738795977078172
0.75,0.2593847391556175,0.7390127551620952,0.0016025056822872577,0.013773813075667128,0.01382470206307758,0.0012988689040446166
0.0,0.7400525151023902,0.0,0.25994748489760977,0.013856549969811175,0.0,0.01385654996981117
0.1875,0.6313045839327956,0.1799532474961174,0.18874216857108705,0.01563878537594667,0.012381708139693415,0.01280830486732286
0.375,0.5080892723477227,0.3674370430242973,0.12447368462798003,0.015418987683763749,0.014880621904656374,0.010274173201542293
0.5625,0.3793635237172341,0.5552870498254117,0.06534942645735405,0.015393770112625294,0.015969356242366627,0.007798409370468099
0.75,0.2512738370588816,0.7387398176502272,0.00998634529089123,0.013738913298852178,0.013854351878064643,0.003132031376115514
0.0,0.7406100676599783,0.0,0.2593899323400216,0.013938021231247337,0.0,0.013938021231247334
0.1875,0.6146684100177147,0.17924579455534245,0.2060857954269428,0.01564239527196933,0.012020068397214523,0.013193915112319161
0.375,0.5036880992012256,0.3669665832067748,0.12934531759199955,0.015840914630052563,0.015113560772395968,0.010431182548056426
0.5625,0.38025250609837774,0.5553529158009962,0.06439457810062603,0.014783720563432369,0.014925815311862795,0.00778891992676687
0.75,0.2510731404985807,0.7387868091933363,0.010140050308083027,0.014392199587616882,0.014632854841197522,0.0031814405620014786
0.0,0.7407269605971388,0.0,0.25927303940286117,0.013624950280025173,0.0,0.013624950280025168
0.1875,0.6317988368097577,0.17984338457698346,0.18835777861325892,0.015689145465989384,0.011900024428126377,0.012911397118462736
0.375,0.49372137578871933,0.36779391635606296,0.13848470785521766,0.016135405709696442,0.015895399803894764,0.010848612656865025
0.5625,0.3970248211497046,0.553514506491539,0.04946067235875634,0.015494924939493409,0.0154955611920918,0.006590150592291059
0.75,0.2513901613600134,0.7384417987738626,0.010168039866124013,0.013744785802575585,0.01377621054402455,0.003201099173673428
0.0,0.7399082325598832,0.0,0.26009176744011675,0.014086394717756032,0.0,0.014086394717756034
0.1875,0.6322166244310633,0.17956689163424663,0.1882164839346901,0.01574949933296584,0.01244578826923309,0.012681895081166605
0.375,0.5077805192509675,0.36739612520361525,0.12482335554541726,0.015513687814321454,0.015295067850941547,0.010135175913865663
0.5625,0.37997196579271547,0.555038579843723,0.0649894543635616,0.015864905539427508,0.016513287514937008,0.00793803819904183
0.75,0.25153469153353925,0.7380764446105836,0.010388863855877095,0.013756911154974568,0.013994320328643008,0.0032038200978079297
0.0,0.7409139737588394,0.0,0.25908602624116056,0.013601531400673779,0.0,0.01360153140067378
0.1875,0.6150340948120102,0.17893983629470478,0.20602606889328495,0.014840870486140962,0.012006055133538151,0.012830669037267404
0.375,0.5131779191377199,0.36680664957373865,0.1200154312885414,0.015461854979905489,0.0149815994629023,0.010276499860768316
0.5625,0.3891961132462457,0.5543119825444176,0.056491904209336724,0.015058805742486312,0.015534212318541218,0.007108866399439674
0.75,0.24921245576923212,0.7387210026104499,0.01206654162031791,0.014187357090647872,0.014472343356224134,0.0035176686096092136
0.0,0.6305298940044957,0.0,0.36947010599550434,0.015528893711853883,0.0,0.015528893711853883
0.1875,0.6156452832923294,0.1785619601554277,0.2057927565522429,0.015982055315880678,0.012339369886746325,0.013366309236668096
0.375,0.5252075014738369,0.36643023243026035,0.10836226609590284,0.015912107155399202,0.01512808920665483,0.00968203519730354
0.5625,0.3814751636559388,0.5554803499419346,0.06304448640212656,0.015137635479909935,0.015379938644607098,0.007786687894304982
0.75,0.25084983990388376,0.738763250894646,0.010386909201470285,0.013002529882093055,0.013283780127451635,0.0031608934056431485
0.0,0.7404459958154368,0.0,0.2595540041845631,0.013843415079393512,0.0,0.013843415079393512
0.1875,0.6327598807847203,0.180675730388095,0.1865643888271846,0.015273819165161226,0.012177227203309444,0.01255106009127334
0.375,0.29924324626683035,0.3693244743501939,0.33143227938297576,0.014628438395164312,0.015696355857336305,0.015028448842967064
0.5625,0.3924847426796804,0.5540872448113703,0.05342801250894915,0.015339164399839634,0.015240544308142093,0.006904464589245273
0.75,0.2464736645733291,0.7388318850182083,0.014694450408462633,0.013296418380095163,0.013531869489890835,0.0037552361378092253
0.0,0.6314543776103252,1.023541453428864e-06,0.3685445988482214,0.0147871808644726,3.235103506505447e-05,0.014788567187026215
0.1875,0.6348851275631907,0.18086501872681537,0.18424985370999394,0.015228053562340601,0.012015950849092594,0.011690176792249766
0.375,0.4936969230990577,0.3671513609894215,0.13915171591152073,0.01624434268582729,0.01512211729266584,0.010816048493082396
0.5625,0.3832570465757821,0.5547916274476618,0.061951325976556205,0.014911833345673397,0.0151761392177758,0.007566443008246382
0.75,0.251269217139013,0.7386746383657011,0.010056144495285722,0.0141932415404802,0.014382930693651975,0.0031585374487851205
0.0,0.7404445358915464,0.0,0.25955546410845365,0.014095898170459151,0.0,0.01409589817045915
0.1875,0.6245722236410755,0.1792921229954542,0.19613565336347027,0.015529489847582215,0.012153070702382494,0.013209489565875839
0.375,0.4940465791181358,0.367448273106488,0.13850514777537615,0.0157752434693058,0.01576457061971768,0.011071414440129691
0.5625,0.3867525873189449,0.5538440800794014,0.0594033326016536,0.015001250089631327,0.01550229411820636,0.007509183299992937
0.75,0.2555070647057477,0.738775745081635,0.005717190212617295,0.014196401414232588,0.014364669435162597,0.002401292284632321
0.0,0.7403963271613286,9.970089730807576e-07,0.25960267582969826,0.0141040474598467,3.151242398659842e-05,0.014102347564726002
0.1875,0.6177865435148332,0.17845095109388193,0.20376250539128496,0.01491652450567049,0.012562605582534017,0.012372873564732486
0.375,0.5134060514617206,0.36703039166011636,0.11956355687816302,0.015620432643463597,0.014956945712608131,0.010220186166081844
0.5625,0.3790545222950329,0.5558972071208519,0.06504827058411514,0.015742681441004453,0.01589616246422458,0.0077148893289099895
0.75,0.2489693722660943,0.738987071251932,0.012043556481973729,0.013684687161446328,0.013848755678025732,0.0033118345764689447
0.0,0.7396829194275005,0.0,0.2603170805724993,0.014105364171496578,0.0,0.014105364171496578
0.1875,0.632613726410448,0.18017234651596883,0.1872139270735832,0.015266820737971046,0.012248206353703155,0.012391950596895492
0.375,0.4989460795815803,0.3686229305283235,0.13243098989009613,0.01671498083694379,0.016192591523345654,0.010693234951755875
0.5625,0.38224746824996475,0.554640597974175,0.06311193377586026,0.015369175595679888,0.015784762390566438,0.007262683181021778
0.75,0.25197961753326054,0.738225960770535,0.009794421696204394,0.013459946265243734,0.013675876961362741,0.003147740744138777
0.0,0.7403275391004436,0.0,0.2596724608995565,0.014167009283850156,0.0,0.014167009283850158
0.1875,0.6184595582073699,0.1793990555981694,0.20214138619446084,0.014586795145964034,0.012317508588941884,0.011912355863823922
0.375,0.5218819446010919,0.36643694490930634,0.11168111048960168,0.016052401042927603,0.015501090279857214,0.010110525580672965
0.5625,0.39628613040274097,0.5532923983652218,0.05042147123203712,0.015120987916908942,0.01582543345632893,0.007006946596236869
0.75,0.250456394090686,0.7394404288371826,0.01010317707213137,0.013965445100706795,0.014253853520743862,0.0031523864033126533
0.0,0.7401044358262452,0.0,0.25989556417375487,0.014020106685452212,0.0,0.014020106685452212
0.1875,0.6145332490171737,0.17913924766666325,0.20632750331616315,0.015455882559108316,0.012344894863971514,0.012768445709783244
0.375,0.5143503089436615,0.3666915368514632,0.11895815420487525,0.0160710782578271,0.015320004999247789,0.010577434929129222
0.5625,0.40114675591968707,0.5524175406289449,0.04643570345136815,0.015467638549513713,0.015966549368948934,0.006618167215346053
0.75,0.2470967653469641,0.7378859499890004,0.01501728466403554,0.013679470199258808,0.014108321693605458,0.0038921393605815223
0.0,0.7403407040039097,0.0,0.2596592959960901,0.013429832731631487,0.0,0.013429832731631487
0.1875,0.6386685663638264,0.18023190633476388,0.18109952730140969,0.01447802470802199,0.012169361551326365,0.012442628560146945
0.375,0.4934700905756811,0.36752417637188045,0.13900573305243846,0.0161919798760454,0.015100772371404093,0.010821004185765279
0.5625,0.3825825248471629,0.5545722485635315,0.06284522658930568,0.015591374891424802,0.01586012808771855,0.007708132149867366
0.75,0.25115819502342146,0.7385384838238572,0.010303321152721262,0.013370484290903376,0.013580696824206881,0.0031737562004892457
0.0,0.6305215842555545,1.9522094552106556e-06,0.3694764635349903,0.01557334019290673,4.360947742004257e-05,0.015571517232433512
0.1875,0.6363829912470275,0.180600085105341,0.18301692364763153,0.015276997379681675,0.012471948448508643,0.012094743247945385
0.375,0.49445035439597074,0.36769822712470235,0.1378514184793269,0.015911248204969062,0.01529862542334663,0.01104865715690691
0.5625,0.3861007125124725,0.553586618483409,0.060312669004118385,0.015386478563373527,0.015598644856265434,0.007385957421679627
0.75,0.2528260791476162,0.7387963529019379,0.008377567950445926,0.01386115298936802,0.014091184069690633,0.0027867885059125862
0.0,0.6306035368545584,1.946915063343426e-06,0.3693945162303784,0.015794298967717977,4.349574620665201e-05,0.015795288572845612
0.1875,0.6320981208339538,0.17865359954186563,0.18924827962418062,0.015123524785497442,0.012238656990656228,0.01205828018456867
0.375,0.5035287934796557,0.36760152252900374,0.12886968399134052,0.015243774306109422,0.014984748918017451,0.010650674275130344
0.5625,0.38363745723671705,0.5542869401588477,0.062075602604435134,0.015254220346331651,0.01557775496420141,0.007628558688828023
0.75,0.25108472999684583,0.7383337586972,0.010581511305954307,0.013663462822815211,0.013832093824614684,0.003183766386043171
0.0,0.7403476682262424,0.0,0.2596523317737577,0.014378001768766566,0.0,0.014378001768766566
0.1875,0.6173118678969144,0.1782666437325981,0.20442148837048757,0.01550589409687873,0.01205792474671179,0.012863553559009474
0.375,0.5110666152603583,0.36773505363677156,0.1211983311028701,0.016290379032285363,0.015518275809112185,0.010437154026081476
0.5625,0.39239778865592134,0.5549513237899154,0.05265088755416329,0.015300205266621795,0.01547146497947177,0.0071101488965888094
0.75,0.2431666276738106,0.7391967727977597,0.01763659952842956,0.013792290354679652,0.014018277834402838,0.0041106322939610555
0.0,0.7399155912652625,0.0,0.2600844087347375,0.013684293160053563,0.0,0.013684293160053564
0.1875,0.6282989827707759,0.17936577076762528,0.19233524646159886,0.015376535196880006,0.012169011653034797,0.012679621574464634
0.375,0.49403486203840996,0.3666950225432851,0.1392701154183049,0.015335525417719677,0.01483637438100111,0.01123126648538337
0.5625,0.3816482817930876,0.5550612978630598,0.06329042034385253,0.015468009859671337,0.01540727892540621,0.00805139958478503
0.75,0.2512760220587276,0.7389562323630212,0.009767745578251276,0.01419001199156971,0.014455032480482247,0.0030985381507247015
0.0,0.6305569008664277,0.0,0.36944309913357226,0.015149085844059273,0.0,0.01514908584405927
0.1875,0.6145717522677273,0.17980051739079578,0.20562773034147705,0.014829513139260547,0.011895747453361416,0.013018832232084864
0.375,0.49430950884417246,0.3671953411844976,0.13849514997132992,0.01570632065154769,0.015074871151185292,0.011208644007224329
0.5625,0.38646543553914636,0.5545371511750338,0.05899741328581986,0.015673255879578112,0.016087326281079003,0.007629409327398066
0.75,0.2517803125525107,0.738517610739513,0.00970207670797617,0.013679152245758028,0.013771466238186933,0.0032419917995738265
0.0,0.7401210189059325,0.0,0.25987898109406765,0.01401202456522887,0.0,0.014012024565228867
0.1875,0.628143435911101,0.1802158898967022,0.19164067419219669,0.015451014678743682,0.012510050688797738,0.012039215810559424
0.375,0.49452367022156485,0.36813481895272343,0.1373415108257117,0.015342859622783438,0.01479043084557413,0.010641914908112518
0.5625,0.3828238781887096,0.5538383891620705,0.06333773264921985,0.014972559047463816,0.015575910320147303,0.00782981593389209
0.75,0.2487997495846004,0.7359979092912857,0.015202341124113825,0.013899934978467744,0.014152103958947932,0.003980504347793265
0.0,0.7398420479441443,0.0,0.26015795205585585,0.014195300870703776,0.0,0.014195300870703776
0.1875,0.6273857085517954,0.1804115277182814,0.19220276372992304,0.015414341339226879,0.01223848470336279,0.012347764663757959
0.375,0.49553983818797975,0.3671440200590296,0.13731614175299062,0.015875353597360264,0.014778655942439248,0.01095158018519267
0.5625,0.3863842281682986,0.5540043382471965,0.05961143358450477,0.015714522140756686,0.015861667601587772,0.007623438372245605
0.75,0.24965250089793742,0.7387783440247939,0.011569155077268632,0.013735785648670876,0.01364204452486958,0.0034525465324822487
0.0,0.6300669406224363,1.0070493454179254e-06,0.36993205232821824,0.015863143093487752,3.182976964608079e-05,0.015865242645857692
0.1875,0.6227104173224379,0.17952694041578093,0.1977626422617812,0.014935670848101688,0.012003641984756862,0.012734099109129702
0.375,0.5258487645688393,0.36667818270243047,0.10747305272873017,0.015735388275656178,0.01529350302654646,0.009779068087622923
0.5625,0.39359718125576737,0.5539944458401569,0.05240837290407572,0.015460242838973345,0.015938469408710552,0.006983040303452703
0.75,0.2499437641405728,0.7386860761325413,0.011370159726885836,0.0135192995271942,0.013752271971276181,0.003327628139105303
0.0,0.7400546895330946,0.0,0.25994531046690544,0.013737321326404496,0.0,0.013737321326404501
0.1875,0.6351672830882513,0.1801991031364358,0.1846336137753129,0.015321441666070688,0.011716287132683306,0.012667401042896938
0.375,0.520132602241488,0.36793243424332345,0.11193496351518846,0.01584112150836321,0.015400319803603279,0.010014623368108369
0.5625,0.40066054430710557,0.5541428100261944,0.04519664566670006,0.015935862240759723,0.015860633060607112,0.006515274738771302
0.75,0.2589069041860262,0.7384363263192567,0.002656769494717021,0.013235058931458672,0.013233906649001433,0.0015514007161021785
0.0,0.7410161884248245,1.0030090270812438e-06,0.25898280856614825,0.013951160035210745,3.1702067460941045e-05,0.013951932056354373
0.1875,0.6327990483134506,0.1807403353303452,0.1864606163562043,0.015008918525650635,0.012169223307244192,0.012078767925056497
0.375,0.5191738816076529,0.3669638604489383,0.1138622579434087,0.01609756620511616,0.015295805642194602,0.010339452386299868
0.5625,0.40032844250865435,0.554010794424848,0.045660763066497634,0.015109700335391328,0.015628360681576418,0.006551863924102982
0.75,0.2576079692457142,0.739273931916913,0.0031180988373726844,0.014240778126720807,0.01427739020568995,0.0016590085561794087
0.0,0.7403370960280464,9.699321047526673e-07,0.25966193403984883,0.014373329355872017,3.0656606458349386e-05,0.01437425953166373
0.1875,0.6279483546421858,0.18027021170556287,0.19178143365225137,0.015280110988826229,0.012336898644188422,0.012406208682625182
0.375,0.5140364119682609,0.3676482203306059,0.11831536770113314,0.015876028042709704,0.01504990404791757,0.01042817539807223
0.5625,0.38376164913832655,0.5540242576921548,0.062214093169518515,0.01488898953937319,0.01539410686218576,0.007403064203866027
0.75,0.2502431355066513,0.7390183036554203,0.010738560837928266,0.013390227952099078,0.013687920250995933,0.003232605077252768
0.0,0.739636632003348,0.0,0.2603633679966521,0.014213648079229493,0.0,0.014213648079229492
0.1875,0.6220803740715046,0.17854021684889523,0.19937940907960022,0.015262505571508362,0.012803748469302904,0.012811865918146453
0.375,0.5241000557819284,0.3675096130416482,0.10839033117642329,0.015572921195018328,0.015511845268546485,0.009981957368102569
0.5625,0.4000657795228536,0.5532742902214041,0.046659930255742284,0.015902575671791895,0.016123538599869175,0.00643616641290944
0.75,0.25006618027969435,0.7388090983895695,0.011124721330736033,0.013673694054406509,0.013994408832178881,0.003285005691460678
0.0,0.7399150238186156,0.0,0.2600849761813844,0.014018443128684575,0.0,0.014018443128684577
0.1875,0.6356532497861271,0.18070214672422305,0.18364460348964978,0.015486356153621667,0.011928925510938927,0.012017596173976344
0.375,0.5099876549940643,0.36697119142217305,0.12304115358376265,0.016146777035173882,0.015253865655286535,0.010302567564523527
0.5625,0.3815889083862603,0.554099584310585,0.06431150730315474,0.016455673914549045,0.016666183901045805,0.007826546137238407
0.75,0.24954208173824952,0.7381807392765024,0.012277178985248046,0.013718594713937115,0.01382308252540781,0.00341922083735378
0.0,0.7401141378574823,0.0,0.2598858621425178,0.01406031824444259,0.0,0.01406031824444259
0.1875,0.6334750295140639,0.17955427126156404,0.18697069922437204,0.015251196568954479,0.012238812041152715,0.012323730030132967
0.375,0.5171574129447667,0.36855399746524037,0.11428858958999287,0.01629634471900064,0.015659623816211478,0.009941492228455901
0.5625,0.39248253749229184,0.5541152420118869,0.05340222049582128,0.015558841669503977,0.015789370985880846,0.006778777604823262
0.75,0.25020527551554944,0.7384137544427565,0.011380970041694046,0.013795975813538273,0.01404214125750328,0.00341228818971389
0.0,0.7406103638463059,0.0,0.2593896361536942,0.013811546680942116,0.0,0.013811546680942118
0.1875,0.6313827129239331,0.1794231746354788,0.18919411244058795,0.014979421955519967,0.012045190810663567,0.012287569413976525
0.375,0.4999458684891653,0.3669942722580223,0.13305985925281244,0.015515538068523363,0.014943505414166815,0.010946006712815738
0.5625,0.3825483730702228,0.5552003002704193,0.062251326659357786,0.01527151840373917,0.015220901642755096,0.00753035598083573
0.75,0.2511773058060174,0.7378120062238626,0.01101068797012,0.013963025515214675,0.01425726182195236,0.0033565977968946985
0.0,0.7403783829417924,0.0,0.2596216170582077,0.013547932246741409,0.0,0.013547932246741414
0.1875,0.636945369425252,0.18085122204350573,0.1822034085312422,0.015159157258637158,0.012191655618977466,0.012482415831852259
0.375,0.5222999419846015,0.36650114144194657,0.11119891657345195,0.015392917730873723,0.01463527093869018,0.009744351141584302
0.5625,0.3824187960829133,0.5547085298159484,0.06287267410113827,0.015909511465040292,0.016107291945843417,0.007718154887355181
0.75,0.2507349203404653,0.7388797910447532,0.01038528861478148,0.01364103698575575,0.013774795092894723,0.0030881988993432573
0.0,0.739892155512236,0.0,0.260107844487764,0.01320460597400312,0.0,0.013204605974003122
0.1875,0.6302427999599731,0.1805525160543847,0.18920468398564225,0.015318942587474576,0.011998598317903853,0.012033560474639935
0.375,0.5027361517496217,0.3671711598119968,0.13009268843838145,0.01553536515291383,0.014949421783567623,0.010812001872099243
0.5625,0.3831074421530353,0.5538909545612225,0.06300160328574216,0.0153003394093807,0.01544623155533532,0.007622504562258949
0.75,0.25092117210240766,0.7383834105444242,0.010695417353168089,0.013878668144522415,0.014132723672266305,0.0032668031783273464
0.0,0.7400050489778106,0.0,0.2599949510221894,0.013999798904188033,0.0,0.013999798904188033
0.1875,0.629645826608274,0.17934117769555105,0.19101299569617497,0.01537035380876945,0.01209356690583501,0.012620046191723088
0.375,0.4949804417181432,0.3662765346680161,0.1387430236138407,0.015586578035862185,0.014826537470383976,0.011214477324938821
0.5625,0.3824330351967883,0.5546703183660744,0.0628966464371373,0.015332681323953972,0.01571735879825279,0.007289619068102624
0.75,0.25110737307098363,0.738352379439535,0.01054024748948127,0.013989558555821093,0.014041717726457357,0.003274224253008867
0.0,0.6301473570412796,0.0,0.3698526429587204,0.015092182247177281,0.0,0.01509218224717728
0.1875,0.6329097319700382,0.18007679884180078,0.18701346918816109,0.01505645004771694,0.012066369098493632,0.012050439936818085
0.375,0.5187583231635204,0.3666460027742985,0.1145956740621811,0.01598309196508843,0.015539061967693446,0.01014039005953718
0.5625,0.3863500881519901,0.5539514976731932,0.059698414174816604,0.01511509400432082,0.015555890278483355,0.007364653410817079
0.75,0.2516667909078308,0.7383186621855978,0.01001454690657136,0.01336370488881179,0.013631925035056463,0.0030651554737054225
0.0,0.6300168361107696,0.0,0.36998316388923025,0.01586431595109012,0.0,0.015864315951090117
0.1875,0.6292202435797295,0.18042617570997585,0.1903535807102947,0.015453167053161201,0.012320649355581232,0.012110669867651847
0.375,0.5040490885840031,0.3673579091579884,0.12859300225800854,0.016557023219365835,0.015678835488358158,0.010820187001640896
0.5625,0.3636341763890632,0.5548940175083107,0.0814718061026261,0.015333672423295835,0.015679500300605276,0.00847482141617539
0.75,0.26116030434371684,0.7375595753750938,0.001280120281189382,0.013602887900576583,0.013560963878369576,0.001099016001050684
0.0,0.7403922128006731,0.0,0.2596077871993269,0.013998851959112433,0.0,0.013998851959112438
0.1875,0.614655559647345,0.1789543375628194,0.20639010278983563,0.015250832651258261,0.011944744723907639,0.012512788118663637
0.375,0.5134480950198634,0.36629672462020335,0.12025518035993316,0.016212505602670707,0.015276739877621914,0.010643466125294895
0.5625,0.3810804001018613,0.554730259616185,0.06418934028195367,0.015369458969223123,0.015441125853817322,0.00797300499064516
0.75,0.2509537948362495,0.7389667427388077,0.010079462424942804,0.012918867128250675,0.01312398677662038,0.0032895137877369833
0.0,0.7403075370996874,0.0,0.25969246290031256,0.013727467486236605,0.0,0.013727467486236605
0.1875,0.6262662914780098,0.1790603726957659,0.19467333582622423,0.014591671455263503,0.012372829053918634,0.012610556693981086
0.375,0.5129484274816902,0.36723423724644316,0.11981733527186648,0.01540607259035715,0.014874023512257573,0.009852752053566836
0.5625,0.3818663572220455,0.5551950470938475,0.06293859568410698,0.015392958595901873,0.015748713090234356,0.007500542652689486
0.75,0.2606905328958215,0.7383389523179319,0.0009705147862465608,0.013513039416256837,0.013527721466633004,0.0009687230767365494
0.0,0.7398008297795309,9.62463907603465e-07,0.2601982077565615,0.013947140042000533,3.0420559440383257e-05,0.013946997006652171
0.1875,0.6378819897797481,0.1794385391476324,0.18267947107261956,0.014981565553454585,0.012199284916649034,0.012075590080444176
0.375,0.49525701188250004,0.36748697710260586,0.13725601101489412,0.015828842696288377,0.015452078691815065,0.010915450711630682
0.5625,0.3966594579269031,0.5540437196794594,0.049296822393637516,0.015207625468824535,0.015313024753998606,0.006778376453167693
0.75,0.2510054646130875,0.7389524631813033,0.010042072205609202,0.013723035670558967,0.013839107966799217,0.0032609785580982936
0.0,0.6308825501546494,1.9863343353768705e-06,0.36911546351101515,0.015266318610899417,4.437400048418164e-05,0.015267800852312182
0.1875,0.6170476536158248,0.17895126242331325,0.20400108396086192,0.015478145163286426,0.012247955645957515,0.01270109583633512
0.375,0.5245195595369553,0.3666166775690191,0.1088637628940256,0.01584462006362518,0.015519493396085294,0.009763205929899318
0.5625,0.38243821941346096,0.5548411869169265,0.06272059366961254,0.015603233525092717,0.015651976361180292,0.007507136674278973
0.75,0.2490178254108085,0.7378975283153927,0.013084646273798718,0.014596700434382683,0.014857724518918074,0.003603798923901126
0.0,0.7403936050163014,0.0,0.2596063949836986,0.013345147421938989,0.0,0.01334514742193899
0.1875,0.6311644340847715,0.18016816096524368,0.18866740494998488,0.015499143553676183,0.012387859681452727,0.012319427090855402
0.375,0.5090879634145963,0.3668461540376683,0.12406588254773544,0.01529635161981818,0.015031879006714837,0.010468549167578386
0.5625,0.39874624981965745,0.5545860113217705,0.04666773885857195,0.015199254712834865,0.01563835339662791,0.006747931864484873
0.75,0.24501440159440335,0.7368622357042205,0.018123362701376284,0.013597358950450495,0.013913874410547963,0.004235834843614663
0.0,0.7408968999065446,0.0,0.25910310009345544,0.013520323867191176,0.0,0.013520323867191172
0.1875,0.6262703358733696,0.17925186261000986,0.19447780151662056,0.015356070393088271,0.01227684791847971,0.012487372421597203
0.375,0.49537394440391175,0.36699115758640105,0.1376348980096871,0.015510612883358952,0.015688929123431783,0.01127040007504367
0.5625,0.4005702982339997,0.5531033068835389,0.0463263948824614,0.016180979696501174,0.016299438758074894,0.006498385268082678
0.75,0.24955782369349128,0.7388226044671706,0.011619571839338054,0.012938006046608864,0.013314176499995478,0.0034423355453826166
0.0,0.7410491497673722,0.0,0.2589508502326278,0.013692290375906626,0.0,0.013692290375906628
0.1875,0.6144064162164743,0.1796228767106562,0.20597070707286957,0.015043339184338141,0.01207120611185139,0.012516601683872206
0.375,0.5181921224861286,0.36756521652972696,0.11424266098414432,0.01584639686890116,0.015194648173593263,0.010271927932053768
0.5625,0.3984668334069407,0.5529366339821213,0.04859653261093795,0.015501239948980271,0.015757494602137788,0.006767679335714454
0.75,0.2505496747819634,0.7384653187200926,0.010985006497944032,0.013949250323725229,0.014062239242553183,0.0032986421897509277
0.0,0.7403081692088004,0.0,0.25969183079119956,0.013736126675169468,0.0,0.013736126675169468
0.1875,0.6379584812641188,0.18041320347819087,0.18162831525769024,0.015141507999503775,0.011988708606489522,0.012144914689451662
0.375,0.4827105585437951,0.3681855428489337,0.14910389860727127,0.01561442414983783,0.014881410652464261,0.01126194476822041
0.5625,0.4011497245046448,0.554889323806077,0.043960951689278105,0.015057795459408935,0.015197540416342546,0.006617548397878156
0.75,0.24926453347583472,0.7398550865717776,0.010880379952387734,0.013968941727103156,0.014189884935918145,0.0033189100742046554
0.0,0.740007609277708,0.0,0.2599923907222919,0.013843124205549416,0.0,0.013843124205549414
0.1875,0.613757807511769,0.17919673845631195,0.2070454540319191,0.014904371444191291,0.011809269027329154,0.012185396057476658
0.375,0.4944449988231204,0.3665148258511724,0.13904017532570723,0.01583512576650093,0.015643969167476002,0.010858462735371026
0.5625,0.40245043129281216,0.5543390980298455,0.04321047067734247,0.015860468090483675,0.015614920917788133,0.006147952867197904
0.75,0.24931959776025084,0.7380763117552356,0.012604090484513485,0.013591700309813977,0.013847599024701632,0.003455333534938949
0.0,0.6298181891794941,0.0,0.37018181082050594,0.015255696663626679,0.0,0.015255696663626679
0.1875,0.6145076199286216,0.17983328506135832,0.20565909501002005,0.01486319215291295,0.011924378681438839,0.012277583481783365
0.375,0.5163910715591759,0.36768450859038093,0.1159244198504432,0.015489966487182191,0.014811369635683249,0.00967144770760816
0.5625,0.3833594461446305,0.5536574251337137,0.06298312872165573,0.014592826525684463,0.015066085176312492,0.007470990682816863
0.75,0.25505924167290456,0.7385747051374232,0.006366053189672249,0.013774396357826497,0.013671213284052765,0.0024425406479194806
0.0,0.7401236432134174,0.0,0.2598763567865826,0.014076358606789076,0.0,0.014076358606789081
0.1875,0.6140523640058226,0.1798570255470318,0.20609061044714555,0.015362464475906423,0.012169198916812915,0.013137919006162352
0.375,0.49702604941430983,0.3667028826920011,0.13627106789368898,0.015806041124869014,0.015444347292191922,0.010869037584662369
0.5625,0.3798432877098819,0.5553075688517046,0.06484914343841339,0.01575391945793634,0.01567551867339952,0.007821651711764839
0.75,0.2507176566432304,0.7390875813405887,0.010194762016180813,0.013465652816669902,0.013673857167854594,0.003196438187387193
0.0,0.7401493792861502,1.0256410256410257e-06,0.25984959507282424,0.01383528125967978,3.2417396162623795e-05,0.013835270147830814
0.1875,0.6358069817815026,0.18065402765319424,0.18353899056530315,0.015207047857302551,0.011867984494359456,0.0122777453683996
0.375,0.5165838132340168,0.3673473278945708,0.11606885887141237,0.015760318594309753,0.014818974996272874,0.009707793517031398
0.5625,0.3977689995944952,0.5539325346447035,0.04829846576080127,0.015168219945487685,0.01536088458095286,0.006619706501851103
0.75,0.25034198360626264,0.7388402051142752,0.010817811279462205,0.013310075440411403,0.013480856136107614,0.0032391621731277373
0.0,0.7401046085826944,0.0,0.2598953914173055,0.014173658638230988,0.0,0.014173658638230986
0.1875,0.6317161132429588,0.17966814856134652,0.18861573819569458,0.015087798750708132,0.012236434965861864,0.012149747725686456
0.375,0.5093031725645222,0.36741879501456903,0.12327803242090883,0.015993951156061035,0.015257055677407719,0.010336285362084197
0.5625,0.3831605514397919,0.5544465523159415,0.062392896244266485,0.015061365143731983,0.015131573965778494,0.007555894120015362
0.75,0.25776849237512706,0.7373497892567982,0.004881718368074638,0.01433619504185053,0.014347655768934377,0.002274518256897528
0.0,0.7394470295522351,9.891196834817012e-07,0.26055198132808133,0.014148125871967359,3.126306751588351e-05,0.014148258541306706
0.1875,0.6297604478774121,0.1804387549033412,0.18980079721924664,0.01586575438292302,0.012392955876985433,0.01261603983390028
0.375,0.493447148096511,0.3662029904894559,0.14034986141403305,0.015419984192820679,0.015011915726656225,0.010889194725339895
0.5625,0.3852190311820574,0.5533563031757808,0.0614246656421618,0.015726961455617316,0.01599587863613641,0.007487308675065385
0.75,0.25411869774972096,0.7384005481122977,0.007480754137981326,0.013378443887917502,0.01357170827940444,0.0026907884928508603
0.0,0.6294705239799958,0.0,0.37052947602000413,0.015531777828549777,0.0,0.015531777828549777
0.1875,0.6262398878646022,0.17860479658125988,0.1951553155541381,0.015046007792631514,0.011391914137315315,0.0122944052544783
0.375,0.5033938545208824,0.36787122795487553,0.12873491752424207,0.015399233947530636,0.014987019896170165,0.010782944754926882
0.5625,0.3808758038965172,0.5548358033729992,0.06428839273048363,0.015242015163054692,0.015473338437267484,0.0077700204908646925
0.75,0.2500902493595743,0.7384483075948547,0.011461443045571052,0.01424864586765072,0.014360693723422871,0.0033967580538916955
0.0,0.7401953242783669,0.0,0.259804675721633,0.014004652713204753,0.0,0.014004652713204755
0.1875,0.6151706240629605,0.17903595751242166,0.2057934184246178,0.015440820813393501,0.011622933937482479,0.012725358098827938
0.375,0.5211555217849556,0.3686785306142493,0.11016594760079508,0.015572959936778532,0.014876392530659963,0.009755546260488752
0.5625,0.3873984515267765,0.5541153535725092,0.05848619490071428,0.015551812537441987,0.015910181517632262,0.007408817827552115
0.75,0.24923252017436437,0.7385982366699029,0.01216924315573263,0.013798457545805151,0.013988949294619331,0.0033775950362382565
0.0,0.7401927687467315,0.0,0.2598072312532687,0.013902682518837646,0.0,0.013902682518837648
0.1875,0.6349199240942478,0.18009746559565695,0.18498261031009536,0.014951615753953894,0.012130215557933893,0.011956156649292829
0.375,0.5185160355612063,0.3677045097661219,0.11377945467267181,0.016030139492261092,0.015516871186799636,0.009980341290239579
0.5625,0.39831945964833165,0.5528408671403957,0.04883967321127255,0.014771176888201714,0.014910777351591326,0.00672338600581083
0.75,0.2515188777428268,0.7386070912846939,0.009874030972479133,0.014289373071472189,0.014397071314297181,0.00298728620979365
0.0,0.6314365580008946,3.0116742605998756e-06,0.3685604303248447,0.015095076466888742,5.4917979905521895e-05,0.015094681060258335
0.1875,0.62083390586013,0.1796431868452152,0.19952290729465466,0.01488711876484164,0.011960180049228813,0.01228028114413785
0.375,0.5188878206137694,0.3674708680111514,0.1136413113750792,0.015674343430264054,0.014769966060444372,0.009880525945131434
0.5625,0.3870152381073486,0.5535926805650517,0.05939208132759963,0.015777452329967696,0.015834579478671493,0.007341897254803624
0.75,0.25788069409227704,0.7376943115563594,0.004424994351363418,0.013848110792610618,0.013889714094045002,0.002114097903393604
0.0,0.740276697849044,0.0,0.259723302150956,0.013782287616980363,0.0,0.01378228761698036
0.1875,0.6312116457595733,0.17921338804269216,0.1895749661977345,0.015422891068865897,0.012181576233601407,0.012578059574513824
0.375,0.5206195757058671,0.3666489156114125,0.11273150868272021,0.015835648491844136,0.014802314108724231,0.009937712576805329
0.5625,0.38253057245532956,0.5545222517417494,0.06294717580292102,0.016066698161813685,0.016339692920290853,0.00786616864761132
0.75,0.2574491403979838,0.7380093327640367,0.00454152683797947,0.01370109165364092,0.013776958121011972,0.002093700928453082
0.0,0.7398795993279248,0.0,0.2601204006720752,0.014188751530775544,0.0,0.014188751530775548
0.1875,0.6366240299959119,0.1805483456735479,0.18282762433054028,0.01521582610845081,0.012639596085422988,0.012092274342954283
0.375,0.4933351267812347,0.3665616355070401,0.14010323771172523,0.01611432330480292,0.015942380942460276,0.010801287092807326
0.5625,0.38020643193564524,0.5552540540447531,0.06453951401960153,0.015250100372591268,0.015457522596339427,0.0076569420977478765
0.75,0.25098836885889736,0.7384172086973249,0.010594422443777696,0.01375288725812047,0.013965907775800455,0.0032746382341313973
0.0,0.7403190624199576,0.0,0.2596809375800423,0.014269992534038442,0.0,0.014269992534038444
0.1875,0.616409887639552,0.17916971573771626,0.20442039662273173,0.015379915055300888,0.011970199644692982,0.012510154708398448
0.375,0.5183527726340034,0.3675375878140119,0.11410963955198467,0.015606822138950057,0.015364512276080627,0.01047580403187499
0.5625,0.3823364333510581,0.5546984030307233,0.0629651636182187,0.015393691841511061,0.015520262371608697,0.007740757104442474
0.75,0.2510829809631371,0.7390073142064012,0.009909704830461762,0.013751057945513881,0.013897709078118464,0.0031039476955168443
0.0,0.7402686622673609,0.0,0.25973133773263907,0.014353342107338673,0.0,0.014353342107338674
0.1875,0.6377161724530874,0.18080494368881467,0.18147888385809796,0.014912099843747039,0.01173306977960509,0.011915452595599193
0.375,0.5068321500150738,0.36620034909899285,0.1269675008859334,0.015817238604039455,0.014652760062656651,0.010752074516323169
0.5625,0.37824098482028384,0.5545348824706674,0.06722413270904873,0.01555725413549021,0.016013767336965957,0.0081405750925258
0.75,0.25178176656384155,0.7381274064008283,0.010090827035330251,0.014021191074942077,0.014303309855305693,0.0031948779659911196
0.0,0.63075015124127,0.0,0.36924984875872996,0.014980730122765377,0.0,0.014980730122765377
0.1875,0.6227714290324896,0.178555886962042,0.19867268400546834,0.015568912471700806,0.01225176532187326,0.012545943183929133
0.375,0.5201995844139402,0.36783420011983486,0.11196621546622487,0.015432566248279185,0.014568013709715243,0.00993308243943336
0.5625,0.3815464552341613,0.5551883447227176,0.06326520004312108,0.01597377782145562,0.016073185113969893,0.007700855303035788
0.75,0.25153310497822706,0.7383821529440365,0.01008474207773647,0.013415591314915595,0.013577646948574516,0.003024170573473601
0.0,0.7403781290207597,0.0,0.2596218709792403,0.013783975158305971,0.0,0.013783975158305973
0.1875,0.6224809363808647,0.17979545556792684,0.19772360805120837,0.015283081633554723,0.012219299418075383,0.012649583715691602
0.375,0.5214580060452111,0.36715514353016504,0.11138685042462385,0.015242742289835248,0.014724433846355696,0.009878827921363324
0.5625,0.38218713446060715,0.5535979573959071,0.06421490814348567,0.01519728670791382,0.0156212175770723,0.007889893563544435
0.75,0.2480778197215849,0.739745830341008,0.012176349937407068,0.013866999019954555,0.014196189180554363,0.0034034813734618924
0.0,0.6296822764912552,4.035592280937231e-06,0.3703136879164639,0.015530986384654978,6.370710912731407e-05,0.01552868219534715
0.1875,0.6320446682401538,0.17962993880741573,0.18832539295243036,0.015418599058436492,0.012029434113808683,0.01284943539722649
0.375,0.4998173044710793,0.3683077703517959,0.13187492517712468,0.015113109140914713,0.014490979593301773,0.010287654883178645
0.5625,0.3822564920066617,0.5553687207082366,0.062374787285101686,0.01558814077308672,0.015618184856458009,0.00735576970266686
0.75,0.24996433319267589,0.7382456898075719,0.0117899769997522,0.013545843849113398,0.013661176596290856,0.0034640848259176672
0.0,0.7399504817182235,0.0,0.2600495182817765,0.013909738569759286,0.0,0.013909738569759286
0.1875,0.6225648710051552,0.17870795744039944,0.19872717155444525,0.015494835351274256,0.012403903615343543,0.012518718681098386
0.375,0.5172180678962246,0.36725990909467887,0.11552202300909652,0.015735891289944674,0.015348463075297103,0.010300430699038963
0.5625,0.3867008440225239,0.553727949934765,0.05957120604271097,0.01474665446054374,0.015213663539101226,0.007729041915706967
0.75,0.2533052655642894,0.7388888661542828,0.007805868281427727,0.013857431697298823,0.014114295459751028,0.002727452008096691
0.0,0.7405510814504057,0.0,0.2594489185495942,0.013764955370591771,0.0,0.01376495537059177
0.1875,0.6331698337163763,0.18022333694205775,0.18660682934156597,0.015156524249628192,0.01214477921672976,0.01197801271895425
0.375,0.5079453681253749,0.36690450844830425,0.12515012342632081,0.01590781708970844,0.015398758989222133,0.010841802740859609
0.5625,0.3905142024286201,0.553876647311019,0.055609150260360764,0.015272930838605385,0.015399276254951666,0.007345433708154521
0.75,0.2486828639431529,0.7390674710178914,0.012249665038955733,0.01359097077981662,0.013923655561753656,0.0035668623503969598
0.0,0.7413896771880196,0.0,0.2586103228119804,0.013952527910356937,0.0,0.013952527910356938
0.1875,0.6310343933028448,0.17953677338305346,0.18942883331410174,0.015119843576643845,0.012289485951749154,0.012136665579261593
0.375,0.47407799415635754,0.3673040692956088,0.15861793654803358,0.015493715111698107,0.015307390343391113,0.011374072960136717
0.5625,0.3822379559903024,0.5551354977970206,0.0626265462126769,0.01508453656272687,0.015087640977218118,0.008021622571837606
0.75,0.25145356328635793,0.7383080193584337,0.010238417355208302,0.013849043902394843,0.014023089081191617,0.0032806807323276822
fixed rate,success rate,failure rate,error rate,success std,failure std,error std
0.0,0.7400078444820882,0.0,0.2599921555179118,0.013967218045042492,0.0,0.013967218045042487
0.1875,0.6367383956662537,0.1791907256232144,0.18407087871053193,0.014496120252266253,0.012062480853745937,0.012068872571809977
0.375,0.5240698313094602,0.3673255481611129,0.10860462052942702,0.016353153824102736,0.015713671254059664,0.009866512860510396
0.5625,0.3820625740318277,0.5539484665452699,0.06398895942290238,0.015191856192905435,0.015449166483911808,0.007610150416254883
0.75,0.25083260124140205,0.7388808792597883,0.010286519498809495,0.013293044247616837,0.013591515169187692,0.0030428966613813536
0.0,0.7401294454209144,0.0,0.25987055457908553,0.01448084160202371,0.0,0.01448084160202371
0.1875,0.6143801687264744,0.17921838310684582,0.20640144816667982,0.015371291987639113,0.011971571576271486,0.012883659022363362
0.375,0.4953482834862674,0.3676079487714229,0.1370437677423096,0.016010397685676036,0.015640108001914482,0.010652011877218651
0.5625,0.39535563133155127,0.554416623793481,0.05022774487496776,0.01517098544661685,0.015600262584526431,0.007237767093829157
0.75,0.25125605441600335,0.7382773173303657,0.010466628253630901,0.014211930375052887,0.014438565687366924,0.003267669471289729
0.0,0.7399133135432607,0.0,0.26008668645673927,0.01374744382952801,0.0,0.01374744382952801
0.1875,0.6348109644836151,0.180261160113682,0.18492787540270292,0.015339366287718313,0.012332771184044853,0.012627819666794361
0.375,0.5160253938402243,0.3683717673046267,0.115602838855149,0.015511036746366228,0.015013283853761805,0.010174870080599656
0.5625,0.3821666164673072,0.5553220154787395,0.06251136805395326,0.015603415528028136,0.01576842018473914,0.007458353380485347
0.75,0.24507720628940063,0.7399747074933445,0.014948086217254936,0.014172674034632841,0.014302796334633681,0.0037743668303240486
0.0,0.7395530306629556,0.0,0.26044696933704437,0.013663160170493724,0.0,0.013663160170493724
0.1875,0.6141902714683063,0.17954806409767418,0.20626166443401953,0.015562192207323206,0.012717613079085513,0.012531951599944115
0.375,0.5264775890346177,0.36766081294306174,0.10586159802232058,0.015715921991776502,0.014771054307362598,0.010038185150626811
0.5625,0.39240594204865875,0.5545906931897789,0.053003364761562366,0.015704863012851296,0.015911482806874877,0.00691413666703065
0.75,0.2516466737618506,0.738080287546327,0.010273038691822325,0.013315406304244931,0.013855659980791085,0.0032344792020570423
0.0,0.7402815477976014,0.0,0.2597184522023987,0.013504445829196644,0.0,0.013504445829196647
0.1875,0.614952801017672,0.1787387721318795,0.20630842685044848,0.01602763183449852,0.012161985451643428,0.013234328027415622
0.375,0.503149418049882,0.36678655417297223,0.13006402777714576,0.01586813070392485,0.01545895916517428,0.010892887403660486
0.5625,0.3794007428983705,0.5560381040257701,0.06456115307585936,0.015268526082286116,0.015414376350477972,0.007916606065282985
0.75,0.24657678898709887,0.7390451940405456,0.01437801697235564,0.013332246071580412,0.013700207586429484,0.0037350083478539862
0.0,0.7398501164069592,1.0319917440660473e-06,0.2601488516012968,0.014000126437044045,3.2618123073847485e-05,0.014001007674618083
0.1875,0.6311595462763221,0.18016957457994007,0.18867087914373787,0.01541148109525223,0.012136418403251822,0.012435307581917665
0.375,0.5086561086233473,0.3673520453208073,0.12399184605584532,0.01552250446046255,0.015531660386907436,0.01043755011159189
0.5625,0.38202700004843027,0.5552010400421546,0.06277195990941507,0.015077816994486364,0.015312800833202658,0.007663813605173646
0.75,0.2520951600124304,0.737697469472384,0.010207370515185716,0.013425002227090642,0.013704503168872019,0.003077420378734362
0.0,0.7408971425367883,0.0,0.25910285746321177,0.014041248367739049,0.0,0.01404124836773905
0.1875,0.6148999113879644,0.17977388411401227,0.20532620449802327,0.01539989182636714,0.01172196022629992,0.013127193344902097
0.375,0.49465960297467204,0.3673075259625143,0.13803287106281364,0.016210563734741768,0.015356275914770628,0.01086560595252761
0.5625,0.3990692777768078,0.552710319446335,0.04822040277685712,0.015408941743639746,0.01576618393246536,0.006759421454876051
0.75,0.25098819387836085,0.7381891661868015,0.010822639934837498,0.013441394298602211,0.013709379213178979,0.003278310453019259
0.0,0.7396131542246734,0.0,0.26038684577532656,0.013866014536368087,0.0,0.013866014536368087
0.1875,0.6253029689699211,0.178689494167137,0.19600753686294178,0.015424355903661507,0.012311765442673359,0.012676726882709927
0.375,0.5176701106588699,0.36797229724061015,0.11435759210051992,0.01567429555780051,0.015090055337136088,0.010331641508206611
0.5625,0.3833828755253198,0.5544563499172743,0.06216077455740596,0.015236433438853312,0.015570218882346035,0.007596643051371623
0.75,0.2575484473420848,0.7379208618220499,0.004530690835865339,0.013566036003948487,0.013656270809801639,0.0021271611191858333
0.0,0.7401621085387325,0.0,0.2598378914612674,0.01402175816332808,0.0,0.014021758163328077
0.1875,0.6164100303279902,0.178485269876135,0.2051046997958747,0.015711848120693907,0.012421763050129504,0.012716760316700685
0.375,0.5165683707756639,0.3676845228466872,0.11574710637764891,0.015362692436522978,0.01490457319577265,0.009619510743316165
0.5625,0.3891880477479584,0.5554000333048844,0.05541191894715702,0.01555197911941046,0.01529736705290706,0.007338600041193392
0.75,0.24733582782497035,0.7376649604974023,0.014999211677627371,0.013286587835843066,0.01357443000256569,0.003933084731619975
0.0,0.7400965411209758,0.0,0.25990345887902416,0.013561070045883005,0.0,0.013561070045883005
0.1875,0.6210252279796198,0.17988356636938993,0.19909120565099026,0.015000939312047901,0.012150400896210315,0.012230384121200798
0.375,0.4932846424225597,0.3674078433376652,0.13930751423977505,0.016329874688680482,0.015049628125269549,0.011366458063781119
0.5625,0.3940713236088427,0.5536036965844775,0.05232497980667979,0.015444388386631841,0.015816326665343272,0.007212754730877672
0.75,0.251047592257039,0.7390918531303018,0.009860554612659118,0.013613571507950097,0.01367814480699558,0.003082263590409531
0.0,0.7403647443388752,0.0,0.2596352556611248,0.01388965906702634,0.0,0.013889659067026343
0.1875,0.6355904105608025,0.1804315390134268,0.18397805042577084,0.0150795980461805,0.011971749691982213,0.012236989270599422
0.375,0.528276115092811,0.3664820866632176,0.10524179824397155,0.015339072038937012,0.014599040948320147,0.010148944451441487
0.5625,0.37896516160587934,0.5554925922682321,0.06554224612588848,0.01539116961839974,0.015808495591892055,0.007767397614921509
0.75,0.2525518093810633,0.7374130426300272,0.010035147988909636,0.013674721384088583,0.013944925901414471,0.0031351061571554227
0.0,0.7400383059697673,0.0,0.2599616940302327,0.014118373854241932,0.0,0.014118373854241932
0.1875,0.6318269386085699,0.1804004668865399,0.18777259450489014,0.014937722074355276,0.011497206538688756,0.012194398532824554
0.375,0.49764852849028385,0.36733040986450866,0.13502106164520739,0.0159106602385436,0.015472821437192346,0.010601628489778088
0.5625,0.3819999204050404,0.5561059574000558,0.06189412219490384,0.014980978098062696,0.01551354230048749,0.007537896415337643
0.75,0.2510433000365036,0.738948893837907,0.010007806125589443,0.013496172522548082,0.013667775537942812,0.0030979242722709507
0.0,0.7405729765229881,0.0,0.25942702347701185,0.013495430453936476,0.0,0.013495430453936476
0.1875,0.6340326937645243,0.1788792128609856,0.18708809337449014,0.01592137928895783,0.012374318222369394,0.012779252973371378
0.375,0.5208512418566407,0.36663288772914737,0.112515870414212,0.016034467345726534,0.015067546379227617,0.010172361603683792
0.5625,0.4033692887799991,0.5532872975387909,0.04334341368120992,0.015089839948086175,0.015396678228710324,0.006390857659513266
0.75,0.2513906121209943,0.7383064778409327,0.010302910038072943,0.013236999272455523,0.013301349585585796,0.0031954135701271306
0.0,0.7398258892356927,0.0,0.2601741107643073,0.014126204014283371,0.0,0.014126204014283373
0.1875,0.6271140469046644,0.18007635062379998,0.19280960247153553,0.01554262443059812,0.012062060687052819,0.012996419725513509
0.375,0.49407403446397846,0.36869944311447805,0.1372265224215435,0.015443553772184943,0.014784679081303058,0.010815665297474242
0.5625,0.3888430670778106,0.5527005253640745,0.05845640755811476,0.015833959632754475,0.01596560125379194,0.0074619591651727294
0.75,0.24944122585282902,0.7379963941685621,0.012562379978608899,0.013380211644648131,0.013705698996711674,0.0036149883552756457
0.0,0.7404389600479585,0.0,0.2595610399520416,0.01420646316437634,0.0,0.01420646316437634
0.1875,0.6179379308939572,0.17969547928461754,0.20236658982142516,0.015336311838597797,0.0121615971603021,0.012163734622703775
0.375,0.5182624317187983,0.36824049455663593,0.11349707372456584,0.015172884506369656,0.015087741417302972,0.00970934496029659
0.5625,0.3816776830594054,0.5552531689590692,0.06306914798152533,0.015655049607625125,0.01581384694765319,0.007578978887156009
0.75,0.24469707547470584,0.7387957820084842,0.016507142516810014,0.01336651510477136,0.013515049269747855,0.003938038817240643
0.0,0.7409401256423505,9.852216748768472e-07,0.2590588891359745,0.013786098298280324,3.113986330892435e-05,0.01378690412189163
0.1875,0.6163677438054951,0.17939639476552469,0.20423586142898018,0.015370741727206578,0.012621047254658924,0.01222157989207936
0.375,0.4989132314774943,0.36731065849113353,0.13377611003137216,0.01610335484152819,0.015320487286045837,0.010741894280786153
0.5625,0.39797069654746237,0.5547408483810179,0.04728845507151968,0.015336949885024079,0.0157342716135552,0.006789094773928077
0.75,0.24736712940058964,0.7381640475607067,0.014468823038703574,0.013345000101110824,0.013589734431559539,0.0037588299492893524
0.0,0.7403516586042648,0.0,0.2596483413957352,0.013876660142180176,0.0,0.013876660142180176
0.1875,0.6331387864184934,0.17964816919067841,0.1872130443908282,0.015198442569571535,0.011432357234588977,0.01235193539580978
0.375,0.5088076943494072,0.36802343255987086,0.12316887309072191,0.0160500001537868,0.015508830116532448,0.010154787406491917
0.5625,0.3810816154683205,0.5562885401105288,0.06262984442115067,0.01504524043268836,0.015139018285322239,0.007569361830014517
0.75,0.25089637562555184,0.7390121853023116,0.010091439072136556,0.013898914295020067,0.014046835918981187,0.0030939056069213848
0.0,0.7399385698303432,0.0,0.26006143016965677,0.01417076356236624,0.0,0.01417076356236624
0.1875,0.6279446602734196,0.17950590275254216,0.1925494369740383,0.015534686059013652,0.012203996634749883,0.013051567345781974
0.375,0.5083347663573329,0.36650282258466904,0.12516241105799814,0.015812576296487812,0.0151348980149706,0.010426161274159828
0.5625,0.3939230738761504,0.5548065637967518,0.051270362327097835,0.015668672135125603,0.01577729648278347,0.006784028671432699
0.75,0.2436925542115751,0.7401838927203567,0.016123553068068154,0.013709477882101846,0.01386280986470557,0.004069269597068001
0.0,0.7399996612676262,0.0,0.26000033873237377,0.01428573496297196,0.0,0.014285734962971959
0.1875,0.6341866225650092,0.1795569628849904,0.18625641455000047,0.015624946810265123,0.012309039490540553,0.012635064123095766
0.375,0.4825243033719975,0.3678630184244129,0.14961267820358962,0.01656476467550368,0.015574580860186286,0.011653015105751879
0.5625,0.38037647140864134,0.5555779054980725,0.06404562309328608,0.014922676659105412,0.015219869015491062,0.007701083544004683
0.75,0.2509091872028602,0.7386985235672205,0.010392289229919287,0.013824439353993518,0.013956254826059597,0.0032214608231121637
0.0,0.6305938422055724,3.093481905483421e-06,0.3694030643125221,0.015493051535668321,5.6400650109905066e-05,0.01549200396813645
0.1875,0.6326263886381005,0.18008156526332625,0.18729204609857333,0.014419878716574741,0.01174041935063156,0.012102369258298839
0.375,0.518387198544872,0.36706804376147095,0.11454475769365695,0.01607678847772008,0.015333588779045938,0.010190024422312918
0.5625,0.40198996148330046,0.5525710030602916,0.04543903545640802,0.01497855389578195,0.01551613218267033,0.006868933836164909
0.75,0.2508871230783457,0.7382177405060958,0.01089513641555859,0.013736751850437273,0.013959695179750452,0.0032136687179026083
0.0,0.7398447039350752,0.0,0.26015529606492477,0.014146025495827576,0.0,0.01414602549582758
0.1875,0.6222289812482539,0.17842128303644533,0.1993497357153007,0.015301144042265742,0.011848106180102284,0.012706538418234263
0.375,0.5149078525606676,0.3661592472516418,0.11893290018769065,0.015442932390822724,0.015617730039115138,0.010571848186378845
0.5625,0.3808912749859527,0.5559572867796242,0.06315143823442321,0.014890526275408395,0.015097284361608896,0.007415550533673422
0.75,0.2513777172643892,0.7385212131971419,0.01010106953846891,0.01354484086796327,0.013788018030503313,0.0031395240000110613
0.0,0.7393632077941579,0.0,0.2606367922058421,0.014225747849928081,0.0,0.01422574784992808
0.1875,0.6376756938107363,0.17997624163454493,0.18234806455471875,0.014731982494925027,0.011909203904248943,0.012073429370003053
0.375,0.5082616273765471,0.3685265029293768,0.12321186969407606,0.015187978330827225,0.01492884569570556,0.010608469063036826
0.5625,0.3814487714043389,0.5541121636197786,0.06443906497588248,0.015508047457526418,0.015776616555721386,0.00801794246451257
0.75,0.2566688683685136,0.7392444255195281,0.004086706111958316,0.013533265260547336,0.0135307180600111,0.0019665614590049577
0.0,0.7397935443824103,0.0,0.26020645561758954,0.013983626128594407,0.0,0.013983626128594408
0.1875,0.6158531610485088,0.17962485533959552,0.20452198361189564,0.015103621993354948,0.012416949662820434,0.01277116250085287
0.375,0.5198335115132604,0.36725206063766824,0.11291442784907132,0.015841657255722355,0.014756683129063142,0.01002703812157245
0.5625,0.3973564286900754,0.5540015283614765,0.048642042948448046,0.015460403189212053,0.016189052100508694,0.006640577460009139
0.75,0.25216025909323475,0.7383097367289103,0.009530004177854916,0.01372598086082925,0.01390695992426485,0.003150725737863102
0.0,0.6308214227820087,8.955941176782382e-06,0.3691696212768145,0.01550493330607049,9.400280296126894e-05,0.015501758722196132
0.1875,0.632730345188457,0.17998968982341285,0.1872799649881302,0.015453221716675935,0.012312744757623274,0.011986999075604025
0.375,0.49435446894999163,0.3677822333497134,0.13786329770029482,0.015562667651962013,0.015290157064404975,0.011065940082939763
0.5625,0.3823364030946024,0.5550426793391858,0.06262091756621178,0.015776657267902443,0.016131684479179065,0.007679899841455164
0.75,0.2503813343012203,0.7392027497452791,0.010415915953500485,0.013902828457528963,0.014165090817391274,0.0031106521718360374
0.0,0.7404289390222564,0.0,0.25957106097774363,0.013767328525608778,0.0,0.01376732852560878
0.1875,0.6323892332604985,0.17913889182667747,0.18847187491282402,0.014705253581986823,0.011929043527803614,0.011877910038417962
0.375,0.5205232580322495,0.3681917205401232,0.11128502142762718,0.01624196038264955,0.014962995220197539,0.010238207577315186
0.5625,0.3796409145982202,0.5556662244458428,0.06469286095593715,0.016365021791703467,0.016237562442519848,0.008144971050141236
0.75,0.25104057357975706,0.7385629876646261,0.010396438755616775,0.01370109220390213,0.01379689821056627,0.0032567124078659625
0.0,0.740585429002732,0.0,0.2594145709972679,0.013979089173399763,0.0,0.013979089173399762
0.1875,0.6341543759663677,0.1810315611083938,0.1848140629252385,0.015271894435946183,0.012222105933360015,0.011942845805810244
0.375,0.4971543254645719,0.36702440392279256,0.1358212706126356,0.01599964659188589,0.015149993842937245,0.010927143918691222
0.5625,0.3992490658350698,0.5536076460718359,0.04714328809309429,0.015793482728441083,0.01641227558662214,0.006801501931558926
0.75,0.25078674294094067,0.7391946227279975,0.010018634331061775,0.013891557495841514,0.014128615843167113,0.0031107788665851593
0.0,0.6291890380613834,3.01514443921917e-06,0.37080794679417745,0.01503835910520285,5.4975896634001036e-05,0.015037582096166194
0.1875,0.6348259583026975,0.17915771138139736,0.18601633031590514,0.015414997315548162,0.012002233922857165,0.012293287674017985
0.375,0.521878306977296,0.36730696425508036,0.11081472876762359,0.015619822075675851,0.014638026344001331,0.010043631109566718
0.5625,0.38233201653854115,0.5551316201648828,0.06253636329657596,0.015328475630493476,0.01549857395155072,0.007516794831828767
0.75,0.24327145600587413,0.7397264170388089,0.017002126955316908,0.013412019058242642,0.013712465382566277,0.004066275272249954
0.0,0.7411526275364028,0.0,0.25884737246359724,0.013928912185335166,0.0,0.013928912185335167
0.1875,0.6296334521236387,0.18007877000862554,0.19028777786773568,0.015029688909249208,0.01150181017730531,0.012318634797282098
0.375,0.5185936356692243,0.3667305567375736,0.11467580759320202,0.01605444547963896,0.015385088213806969,0.010361422713989132
0.5625,0.3809328234091804,0.5553058895806167,0.06376128701020306,0.015707499287371886,0.016183562954827063,0.007695358765980756
0.75,0.25076183433952554,0.738568057823223,0.010670107837251525,0.013941574718369367,0.014081167886538213,0.0032741522827450472
0.0,0.7396085471708118,0.0,0.2603914528291882,0.014056573664895992,0.0,0.014056573664895993
0.1875,0.6286390969280021,0.18006957170222856,0.19129133136976925,0.01515674396422914,0.012119159971868928,0.012541324712727526
0.375,0.5253027696393896,0.3677664036795914,0.10693082668101897,0.015268295781346274,0.01513568311124056,0.009909930853802202
0.5625,0.3863480232634935,0.5542353886868188,0.059416588049687816,0.015310740233712048,0.01572484846949316,0.00753429891784091
0.75,0.25142729679877873,0.7392083713312451,0.009364331869976194,0.014279208559686445,0.014445670861423388,0.0029278327723215713
0.0,0.7408364505085482,0.0,0.2591635494914518,0.013604526679813348,0.0,0.013604526679813348
0.1875,0.627736979424536,0.17935450290868438,0.19290851766677958,0.015493898524587142,0.012711508696827198,0.01279375443783374
0.375,0.5089015331258679,0.36887037588669663,0.12222809098743535,0.01649415492342919,0.015664843383492378,0.010297390335152127
0.5625,0.382894680001818,0.5553529394873737,0.061752380510808315,0.015656213613751767,0.015700915017945422,0.007689500345827363
0.75,0.2513586836214874,0.7384125244537822,0.010228791924730331,0.013633147641605739,0.013774725845888746,0.0030709303969726613
0.0,0.7402660682805576,0.0,0.25973393171944237,0.014022898217767064,0.0,0.014022898217767064
0.1875,0.6148843011162524,0.17931397769504212,0.20580172118870554,0.015536228683556995,0.012410739159581633,0.01287729941859205
0.375,0.4990707455503455,0.36753866247692707,0.13339059197272746,0.015675751244225888,0.015022169078445847,0.010701139144327815
0.5625,0.3874772811209619,0.5537625919395058,0.058760126939532316,0.015066443174471957,0.015424742511368628,0.0074652163973921845
0.75,0.2459261597256016,0.7390994108195399,0.014974429454858385,0.013788765206151044,0.014058513913823997,0.003766013066976331
0.0,0.7401406354796384,0.0,0.25985936452036157,0.014000000054144975,0.0,0.014000000054144977
0.1875,0.634182805334734,0.18007248864190512,0.18574470602336096,0.015605542597734305,0.012005254258434343,0.012745914782730128
0.375,0.5176008596905562,0.3669912707122853,0.11540786959715849,0.016055165699450424,0.01592026070407997,0.010312520517636753
0.5625,0.3808307755791925,0.5540187835493903,0.0651504408714171,0.015372992640746203,0.015426225352955458,0.008056410745235169
0.75,0.2512857163260667,0.738521675982105,0.010192607691828148,0.013915811213297555,0.014153177494362314,0.003291272895364759
0.0,0.7395818657195018,0.0,0.2604181342804982,0.01382254850608232,0.0,0.013822548506082317
0.1875,0.6312596975485407,0.1798148372155242,0.18892546523593493,0.016450882531964063,0.012733844521063653,0.012774199472030779
0.375,0.50693371307623,0.36707926277633385,0.1259870241474361,0.015762999602695907,0.014722294001616234,0.010768551486007224
0.5625,0.38029323429158207,0.5544676145861801,0.06523915112223792,0.014877202007917482,0.014974013892813543,0.007832632272862202
0.75,0.2453365330243106,0.7381022433312343,0.016561223644455076,0.013363105559506639,0.01382959301155038,0.003985160178753344
0.0,0.7402732047600141,0.0,0.25972679523998593,0.01363089840660217,0.0,0.013630898406602171
0.1875,0.6155791491751034,0.17926188383492975,0.2051589669899668,0.015356618209517755,0.01196669441838617,0.012728749737975744
0.375,0.5123888008040203,0.3684464577935206,0.11916474140245907,0.016271195874609998,0.015656840187792363,0.010613341445548208
0.5625,0.38137950714118746,0.5549983782291704,0.06362211462964219,0.015192740792688245,0.015539990405797538,0.007724866067645084
0.75,0.2512205342356135,0.7388087617097068,0.009970704054679615,0.01382644248190481,0.013832071349116085,0.003105007900444349
0.0,0.7394918096615661,0.0,0.26050819033843403,0.013233971818636203,0.0,0.013233971818636203
0.1875,0.6157044325051486,0.17932791210516308,0.2049676553896884,0.015117025785879092,0.012446616225973343,0.012729280410457584
0.375,0.5015381810833123,0.3679687670127982,0.13049305190388957,0.015445120724683879,0.014728473589059139,0.010664238014325212
0.5625,0.381764850042364,0.5550888531208694,0.06314629683676658,0.014858532492396003,0.015585359621086786,0.007583918007452521
0.75,0.24429739907767686,0.7389277117420424,0.016774889180280708,0.01339806039836986,0.013727157126518397,0.004239706998352177
0.0,0.6306099239271985,2.0304620767726668e-06,0.3693880456107248,0.015132404860521665,4.5391684683223495e-05,0.015132378544686322
0.1875,0.6157562800257477,0.17937978845125213,0.2048639315230002,0.015251156483519348,0.012254269607542572,0.012502023238904132
0.375,0.480981514418814,0.3679579173447132,0.15106056823647282,0.01560681770907106,0.015097962691233924,0.011310590281972625
0.5625,0.37074770278564245,0.5557169416570362,0.07353535555732126,0.01532703484318658,0.01567456769068234,0.008472548104400438
0.75,0.25140349844828647,0.7386017058032246,0.00999479574848895,0.01352464545929453,0.01369338567475262,0.003030358714329838
0.0,0.7403222707484685,0.0,0.25967772925153154,0.014183447051693731,0.0,0.01418344705169373
0.1875,0.6239925413257127,0.17898591285571752,0.1970215458185699,0.014821077827062174,0.012262793564005505,0.012257224987922904
0.375,0.5059269587212786,0.36781131886795093,0.1262617224107705,0.016146560538399708,0.015298614732962762,0.010612364071361511
0.5625,0.3780715824434757,0.5546145756417142,0.0673138419148099,0.015341948492972372,0.015618373224739239,0.007926587214079883
0.75,0.2520500043160913,0.7384010760856305,0.009548919598278086,0.01357600345383467,0.013752076522361685,0.0030960253630808584
0.0,0.7400694183251263,0.0,0.25993058167487376,0.014395838458944534,0.0,0.014395838458944533
0.1875,0.6329896754207285,0.18026845108391826,0.1867418734953532,0.014886070671942838,0.011605346278333995,0.012554110137102463
0.375,0.5145394521073308,0.36860754215309066,0.11685300573957856,0.015802610893937728,0.015636568374570007,0.010384636748710561
0.5625,0.3822870696223455,0.5549333979623069,0.06277953241534763,0.015711979757979434,0.01650015464656367,0.007800350689985755
0.75,0.2603534387303606,0.7380587807350265,0.0015877805346129106,0.013991301327576398,0.013981501105491791,0.0012471047319498703
0.0,0.7404541604571357,0.0,0.2595458395428642,0.014283707503669332,0.0,0.01428370750366933
0.1875,0.6310171777885836,0.18015792563379535,0.18882489657762108,0.015360210654369292,0.012813113703932746,0.01213614709255588
0.375,0.5081121299010464,0.3672438047272796,0.12464406537167405,0.015555908551878028,0.015376463671577195,0.010775664806069993
0.5625,0.3799318272048537,0.5553141468142442,0.06475402598090209,0.01571275625771777,0.016239073043662317,0.007562612867956041
0.75,0.25147522708688325,0.7382789700019773,0.010245802911139407,0.013516156446833983,0.01376391750548091,0.003156686410988529
0.0,0.740551991562564,0.0,0.259448008437436,0.013728294951351359,0.0,0.013728294951351359
0.1875,0.6149961063690329,0.17892702718009634,0.20607686645087073,0.01542816510451488,0.012274623188911168,0.012739069336283135
0.375,0.5032506295764415,0.3669360192936479,0.12981335112991055,0.015512512427732448,0.01464606450441,0.01068070433479695
0.5625,0.3802953765389956,0.5558286249601062,0.06387599850089817,0.015044481466168217,0.015421917483220509,0.007768054067127313
0.75,0.25196047200453964,0.7378448189791292,0.010194709016331101,0.013494674009118404,0.013629080857295982,0.0032829499449157297
0.0,0.7398477242385668,0.0,0.2601522757614332,0.014028779475522127,0.0,0.01402877947552213
0.1875,0.6312779508201258,0.17976315462421122,0.1889588945556628,0.014870270777420062,0.012253148537815376,0.012501572155023372
0.375,0.49273322475649495,0.36854495502459905,0.13872182021890603,0.015808124653841262,0.01549266586366008,0.01122167495976682
0.5625,0.39713963546936826,0.5540755150183886,0.048784849512243066,0.015547926460755354,0.015724313863209213,0.006479910099015939
0.75,0.25052566174558194,0.7392356531475948,0.010238685106823237,0.013417848074700414,0.013529995104183677,0.0033143775363948707
0.0,0.7406618675369676,0.0,0.2593381324630324,0.014059837771924655,0.0,0.014059837771924657
0.1875,0.6323783652974924,0.1787993442136592,0.18882229048884844,0.015515882481886163,0.012151567422103908,0.012583660604692508
0.375,0.5076373311338079,0.3670189021378142,0.125343766728378,0.015692440822485925,0.015086605361031343,0.01050960746452363
0.5625,0.38052660726494564,0.5543147831557494,0.06515860957930487,0.015506003563145047,0.015911562535909175,0.007897351521120734
0.75,0.251328927796749,0.7381778479872005,0.010493224216050555,0.01359620209414455,0.013576996990236987,0.0031756232773785488
0.0,0.7403932354482062,0.0,0.25960676455179366,0.013593467408906747,0.0,0.013593467408906748
0.1875,0.6148553722035861,0.17942236415878454,0.20572226363762947,0.015481464006678165,0.012323409414300117,0.01291132409687185
0.375,0.5131617028302403,0.36605724666195966,0.12078105050779996,0.015503925075303071,0.015175076847729336,0.01017041661165811
0.5625,0.38922805269955174,0.5543772973973794,0.05639464990306888,0.015219253609185173,0.015791253277752892,0.007522361355157631
0.75,0.24967294754679759,0.7380973228362944,0.012229729616908172,0.013421842569840506,0.01384554858499567,0.003558234719075115
0.0,0.6307525592517218,0.0,0.3692474407482782,0.015080510361135908,0.0,0.015080510361135906
0.1875,0.615632493571592,0.1786322738776524,0.20573523255075563,0.01601528093371337,0.012560236075723706,0.01338483518622936
0.375,0.5244966366581655,0.36713157501467353,0.10837178832716098,0.016242766799537737,0.015131415856752655,0.009727262503091921
0.5625,0.3825483023547408,0.5546125947048266,0.0628391029404326,0.015777758685222198,0.01566975664807781,0.007579855221378818
0.75,0.25075513354630974,0.7388768924615673,0.010367973992122966,0.01370080705520953,0.01385124494204513,0.003184088150765164
0.0,0.7399287824139663,0.0,0.26007121758603363,0.013549180235791358,0.0,0.013549180235791358
0.1875,0.6340903079578087,0.1796596805710467,0.18625001147114448,0.014820476211084226,0.01203370764564772,0.012125587258194471
0.375,0.3003068689057722,0.3693760157843961,0.3303171153098317,0.014491366347678112,0.015519420139627175,0.01501406492398187
0.5625,0.393615725647274,0.5531151128473726,0.05326916150535358,0.015364424177193933,0.015445311947604668,0.006876485535240848
0.75,0.24653913443610645,0.7387206170525508,0.014740248511342783,0.013534822380200375,0.013910407123219254,0.003793380763537155
0.0,0.6297164656583905,0.0,0.37028353434160954,0.015165509208810345,0.0,0.015165509208810346
0.1875,0.6358557606222144,0.18051435096423038,0.18362988841355518,0.015421274313784223,0.012482473100854019,0.012588624540323879
0.375,0.49336236874329137,0.3678420240063725,0.1387956072503361,0.015151507680993314,0.014611488540230302,0.010487322603071392
0.5625,0.3831261176040988,0.5545924120707088,0.06228147032519239,0.015567771212280705,0.015743301345218504,0.00746868636055469
0.75,0.25227220171695863,0.7379123074375149,0.009815490845526496,0.014335253809134675,0.014430206850431136,0.003129760563765039
0.0,0.7401340215678479,0.0,0.25986597843215214,0.013572701621391717,0.0,0.01357270162139172
0.1875,0.6243831162804638,0.17968929926859345,0.19592758445094277,0.01495149262346477,0.011992793937788616,0.012346765094834162
0.375,0.4953853089006445,0.3665793155681853,0.13803537553117012,0.015317225119907582,0.015122986900578355,0.01077336164566561
0.5625,0.38628528655251976,0.5542896701566226,0.059425043290857515,0.015472543256965149,0.015479629551925046,0.007863033124721313
0.75,0.2549573150309316,0.7390609561919546,0.005981728777113817,0.014280591525532982,0.014371343609632851,0.002424589351199792
0.0,0.7405917406146557,0.0,0.25940825938534423,0.014248898576238239,0.0,0.014248898576238242
0.1875,0.6169569720662136,0.17926197187063936,0.20378105606314714,0.014845899926552268,0.011971896072145972,0.012853151832295752
0.375,0.513038044759862,0.3681357207051668,0.11882623453497113,0.015430544685633438,0.015236163494484731,0.01000976295639079
0.5625,0.38000674903930043,0.5544871031361995,0.06550614782449996,0.0151676185094649,0.015020028358161755,0.008039739287336136
0.75,0.24895342902969464,0.7390734262620188,0.011973144708286497,0.013884827664343102,0.014174881876845957,0.0034021972990561453
0.0,0.7403733489509126,0.0,0.2596266510490874,0.014331623992487039,0.0,0.01433162399248704
0.1875,0.631411138633312,0.1805223677183982,0.18806649364828973,0.014948374463060148,0.011995053724700397,0.012060099069898847
0.375,0.49919758053195007,0.3681194943637267,0.13268292510432322,0.016728990674883443,0.016062935503847554,0.010684456709228747
0.5625,0.3824885085912625,0.5547126201015027,0.06279887130723484,0.015811842915790315,0.015866191112195543,0.007977350140309055
0.75,0.25289563677028504,0.7372226831775484,0.009881680052166594,0.013866489740752939,0.013901734999792813,0.0031013661731562484
0.0,0.7396650071970523,0.0,0.2603349928029476,0.014156075863492098,0.0,0.014156075863492098
0.1875,0.6181361796144845,0.1799859135314919,0.20187790685402357,0.016154506865390092,0.012633211089124357,0.013139537346179439
0.375,0.5211992800818787,0.367126761547792,0.11167395837032934,0.015447371613350917,0.014734612924797786,0.009800575186354446
0.5625,0.39505301999563847,0.5544746508124802,0.05047232919188146,0.015018567177355828,0.015225009560121537,0.006752620526561044
0.75,0.25094680841038464,0.7389810638766143,0.010072127713000934,0.013992526572718529,0.014218046243290457,0.0032626876649529115
0.0,0.7395321956351838,0.0,0.2604678043648162,0.014342592263350419,0.0,0.014342592263350423
0.1875,0.6148188813679648,0.1787423453708375,0.20643877326119783,0.015524516452311173,0.012547228795150881,0.012743513075571068
0.375,0.5149573438417117,0.3660531758931543,0.11898948026513395,0.016075343506494665,0.015059612154230174,0.010064099505311876
0.5625,0.4004499268177195,0.5530180578401923,0.04653201534208812,0.01574233925493264,0.016012387597264397,0.006989914179591864
0.75,0.24651277408686373,0.738592778811651,0.014894447101485232,0.013744640059508517,0.01396761167844298,0.0038264152142410642
0.0,0.7403482122993625,0.0,0.2596517877006374,0.014474903648426077,0.0,0.014474903648426076
0.1875,0.6377790610113234,0.18030179400099305,0.18191914498768358,0.015161265286585155,0.011948728965106157,0.012050254835957813
0.375,0.49370165660694415,0.3677098001139517,0.13858854327910416,0.01570091438232051,0.014970856997502675,0.010724287892140145
0.5625,0.3826985841680082,0.555009515812508,0.062291900019483884,0.015574617506728913,0.015527188191717573,0.00783277733063147
0.75,0.2506120968405118,0.7388925378483355,0.010495365311152652,0.01342539417787253,0.013582651874605929,0.0031283432746382666
0.0,0.6308056596092051,0.0,0.36919434039079474,0.015597169747249787,0.0,0.015597169747249787
0.1875,0.6374342541942452,0.17999148203161827,0.18257426377413657,0.014976473453377267,0.011513586403715925,0.012063033238556179
0.375,0.49519203504204085,0.36726661953423556,0.13754134542372357,0.0165772669761976,0.015477189966446215,0.010547201416297797
0.5625,0.3851180073650439,0.5550252624177379,0.05985673021721836,0.015244245656674205,0.01567371650008363,0.007478590449959984
0.75,0.25243105923093184,0.7391198162138142,0.008449124555253956,0.01439420979839186,0.014559207085895762,0.002973516718940691
0.0,0.6308706310372578,1.0090817356205852e-06,0.3691283598810066,0.015492223555392919,3.1894007324478545e-05,0.015492900961755781
0.1875,0.6304574142382592,0.17951582063807267,0.1900267651236681,0.015430469467587355,0.012040066264615198,0.012574308351326785
0.375,0.5039381163991364,0.3674963113676764,0.12856557223318724,0.01659974672156749,0.015555416258767505,0.010892241820972827
0.5625,0.3837833410058587,0.5543335532692258,0.06188310572491541,0.015752007385009682,0.015830525114804293,0.00771059697888723
0.75,0.25051073739150304,0.7390112512032752,0.010478011405221872,0.013435086682388986,0.013637034466084217,0.003330006394217455
0.0,0.740860453461677,1.0121457489878542e-06,0.2591385343925741,0.013815804094011884,3.1990851476273506e-05,0.013814805213619758
0.1875,0.6163165796906219,0.17874523822078134,0.20493818208859677,0.01481123196417652,0.012142722617307686,0.012527167662708909
0.375,0.5115776053335599,0.3675659169240783,0.12085647774236184,0.015923130693838744,0.0156434263254242,0.010004932930842458
0.5625,0.39313558526930503,0.5545538067411729,0.05231060798952212,0.015395891476335551,0.015671928441780923,0.0070201865074974315
0.75,0.24314257423446425,0.7397338345991419,0.017123591166393802,0.013716184421982627,0.014034802581433097,0.00401868778257606
0.0,0.7413583171106995,0.0,0.25864168288930045,0.014023656173504914,0.0,0.014023656173504916
0.1875,0.6280897464276003,0.1800444210185612,0.19186583255383846,0.01601557749185346,0.012843206975423396,0.012183884335965327
0.375,0.49376009100808466,0.3673635299850037,0.1388763790069116,0.01589764909206851,0.015148089568186661,0.011288365834086624
0.5625,0.3817446552690217,0.554749745698814,0.0635055990321644,0.015443522249155885,0.01611416433195346,0.007869292594278864
0.75,0.2512090184828668,0.7387264596805205,0.01006452183661274,0.01383304860915817,0.014029852822257965,0.0031619320232636108
0.0,0.630782539526632,0.0,0.369217460473368,0.014318764402432689,0.0,0.014318764402432689
0.1875,0.6158028210026142,0.17947396291368586,0.20472321608369998,0.015444897536550305,0.012014529919728886,0.012539633856222766
0.375,0.49426185162572367,0.3679137452304402,0.13782440314383615,0.015816199922476775,0.015244202593797575,0.0106381015567854
0.5625,0.3865260597225463,0.5546448786996709,0.05882906157778276,0.016005006311450437,0.016199247094257997,0.007475245372656379
0.75,0.2512546932921491,0.7389858100867223,0.009759496621128579,0.01381286416169747,0.014099030126918967,0.0031133931057148764
0.0,0.7395094571855054,0.0,0.2604905428144946,0.01383235616949047,0.0,0.01383235616949047
0.1875,0.6287073702221078,0.17968410759395367,0.19160852218393842,0.015086877269158222,0.012069763744256386,0.012221151731809309
0.375,0.49654989546487116,0.36694083310721093,0.13650927142791788,0.015199655064717595,0.014921142663292591,0.011142503455287568
0.5625,0.38288727568495556,0.55453308303005,0.06257964128499445,0.015423808770838234,0.016081748212897994,0.007779696286911949
0.75,0.24911579729380157,0.7358799522007257,0.015004250505472687,0.013886035244443401,0.014162681185040831,0.003914218550569692
0.0,0.7398621452849713,0.0,0.2601378547150286,0.013827505760393414,0.0,0.013827505760393412
0.1875,0.6275928460791105,0.1797988798612015,0.192608274059688,0.015662308191000295,0.012280860396901365,0.012624000938061956
0.375,0.4971206544626813,0.36655904017141155,0.13632030536590717,0.016195229636789935,0.015590083530660702,0.010962198648569486
0.5625,0.3860006134572253,0.5544855563505187,0.05951383019225614,0.015493706544847266,0.0157528008808518,0.007450748565290463
0.75,0.24985366245341123,0.7386008223847998,0.011545515161789068,0.013610159221706412,0.01373313622049713,0.0032357589062196094
0.0,0.6305422240992434,9.871668311944719e-07,0.3694567887339253,0.014998100311689407,3.120134378929735e-05,0.014996720198492634
0.1875,0.622929052246428,0.17974661847973447,0.19732432927383745,0.0153505544539268,0.012017491592795873,0.012299232901973836
0.375,0.5258231548502733,0.3670676398994933,0.10710920525023332,0.015991522200205856,0.015089928822140084,0.00977196551663731
0.5625,0.3946541624715262,0.5530961125505132,0.052249724977960765,0.015432807568495754,0.015647915608902815,0.007122461674340729
0.75,0.24982561223771432,0.7388836746323024,0.011290713129983176,0.013704613089641429,0.013768830782891246,0.003322126083366587
0.0,0.7402934916207093,0.0,0.25970650837929066,0.01396893131101903,0.0,0.01396893131101903
0.1875,0.6347471022523998,0.18034791782814097,0.18490497991945912,0.015879167979537576,0.011845195767742591,0.012263533221640241
0.375,0.5193415508839155,0.3679253211125248,0.11273312800355972,0.016340874924160337,0.015668233341382717,0.010217428945712766
0.5625,0.40114066572597473,0.5537306174141825,0.045128716859842814,0.015320322651346781,0.015768879493043925,0.006581681697834106
0.75,0.2600875604383134,0.7372238202331188,0.002688619328567743,0.014120318884543783,0.01421054747127867,0.0016316894001096893
0.0,0.7398198232032432,9.633911368015413e-07,0.26017921340562,0.014109813069811137,3.0449866337724675e-05,0.01410998189089431
0.1875,0.6323102923816423,0.18149055186629567,0.18619915575206203,0.014317493657412696,0.01190504498246286,0.012310680964144324
0.375,0.5193114495890048,0.3675923817319069,0.11309616867908832,0.015325086671393678,0.014971431459203394,0.010105481377646568
0.5625,0.3992213736749051,0.5553099700410637,0.04546865628403107,0.01562507442002327,0.015696784524184867,0.006598845037076146
0.75,0.2585212137173399,0.738399229466347,0.0030795568163130543,0.014710790063565298,0.014730351188303403,0.0017282476509695142
0.0,0.7404879320616351,0.0,0.25951206793836495,0.013652885955462764,0.0,0.013652885955462764
0.1875,0.6273207610894324,0.18052864797389048,0.1921505909366772,0.015292890685749653,0.011972131579502122,0.012840183437061062
0.375,0.5148114340715438,0.367638119307545,0.11755044662091114,0.01596278455346707,0.015428789819258281,0.010353879866516822
0.5625,0.38228288630042007,0.5554017204467421,0.06231539325283791,0.015559016616897242,0.015785608815687843,0.0077408501272348265
0.75,0.25115846263354863,0.7381345558723297,0.010706981494121649,0.013384471444747838,0.013651741997054148,0.003277024811112054
0.0,0.7408901796022972,0.0,0.2591098203977029,0.014443157065982565,0.0,0.014443157065982568
0.1875,0.622613759722553,0.1784561853112486,0.19893005496619845,0.015968825938355368,0.012338606043315513,0.012663607200915543
0.375,0.5246571451987007,0.3671555230650629,0.1081873317362365,0.016199078870225567,0.015460176614640322,0.00967875421251181
0.5625,0.399653225325255,0.5532202209967068,0.04712655367803819,0.0160776990340382,0.016054317571280483,0.0069445722426981545
0.75,0.25011765622524074,0.7386348096861374,0.01124753408862183,0.013521037778817758,0.013760652272390908,0.0034446482553164427
0.0,0.7398980134895001,0.0,0.2601019865104997,0.014210084759231108,0.0,0.01421008475923111
0.1875,0.6359909020410899,0.18080816129096663,0.1832009366679435,0.015585559726896197,0.012181409422917682,0.012358203941013666
0.375,0.508927297134463,0.36811438606159314,0.12295831680394383,0.01621628953607689,0.015772637491287142,0.009966563670076405
0.5625,0.38131367395159277,0.5541837010436574,0.0645026250047497,0.015230098177624987,0.01573631339081657,0.007404360243607603
0.75,0.24861951328572543,0.7388130169500825,0.012567469764192105,0.013402782224058895,0.01384220231703475,0.003390219736876311
0.0,0.7403129505333583,1.0070493454179254e-06,0.2596860424172963,0.01376824115686214,3.182976964608079e-05,0.013769078536066143
0.1875,0.6329189110103276,0.17969043334420823,0.18739065564546414,0.015058337697338395,0.012154020205987059,0.012256221629412697
0.375,0.5189003606544156,0.36720427892478996,0.11389536042079433,0.015900773302262194,0.01509840109582242,0.009689019558994155
0.5625,0.39318255969907784,0.5532313261658862,0.05358611413503581,0.015454170938421247,0.016231029601876418,0.007357408889590438
0.75,0.24980255307221386,0.7385713000812273,0.011626146846558947,0.014244237100930614,0.014492133241591038,0.0035338780193033227
0.0,0.7402608276633075,0.0,0.25973917233669247,0.014140326092832849,0.0,0.014140326092832849
0.1875,0.6314511638952274,0.17949695122847278,0.18905188487629976,0.015189069724858536,0.012134627822120223,0.012432279446719523
0.375,0.5001515652377819,0.36624616663634446,0.1336022681258736,0.015300444965144542,0.014836639713602544,0.01049746291763209
0.5625,0.3817126518104386,0.5558860488687762,0.06240129932078513,0.015435329321035123,0.015620272111994194,0.007650609912513528
0.75,0.2504679249001869,0.738726513336294,0.010805561763519093,0.013498392282912716,0.013576608740200544,0.0031673274639586373
0.0,0.7406004512858503,0.0,0.2593995487141498,0.01387311805013698,0.0,0.013873118050136985
0.1875,0.6369892446707257,0.18063139099845602,0.1823793643308183,0.01555570906785347,0.012455890457017893,0.012319607153420252
0.375,0.5220154663117987,0.3666834976613949,0.11130103602680645,0.01544022846669528,0.014913693972073991,0.010026701703325976
0.5625,0.3816351409232779,0.5551475137738362,0.0632173453028859,0.015535531659353194,0.015994877409363516,0.007623491053682154
0.75,0.25060280321348377,0.7390105948619026,0.010386601924613728,0.013206758610191006,0.013386700143501051,0.0032453915395804396
0.0,0.740091763246525,0.0,0.25990823675347496,0.014085037457486786,0.0,0.014085037457486788
0.1875,0.6298537232564754,0.1801119289253125,0.19003434781821202,0.015824853549875426,0.012608557674287927,0.012711066899242836
0.375,0.5019854421862205,0.36772017927420736,0.1302943785395721,0.01609422845234511,0.015489327077253371,0.010788810031128726
0.5625,0.3818552112184781,0.5551415771201949,0.06300321166132707,0.015798197455369322,0.015936287674562448,0.007650508482396397
0.75,0.25057452060815655,0.7388008787948734,0.01062460059696992,0.013747039055484158,0.014045718879083936,0.0032105845517656976
0.0,0.7400437885907143,0.0,0.2599562114092859,0.01407138544849915,0.0,0.01407138544849915
0.1875,0.6292291745119392,0.179738100819007,0.1910327246690538,0.015656128898874848,0.012313361956454494,0.012505387670778143
0.375,0.49485579913247235,0.36634524386316547,0.13879895700436223,0.015924145573964547,0.01545579622254251,0.0108378468444119
0.5625,0.3818972678894813,0.5550475580773785,0.06305517403314011,0.015481882846206009,0.015331544082064578,0.007654878544826885
0.75,0.25093770421743733,0.7386835944462578,0.010378701336304913,0.013352277747360562,0.01343810584615872,0.003067723254016252
0.0,0.6303389825302944,0.0,0.3696610174697055,0.01494122509166656,0.0,0.01494122509166656
0.1875,0.6333317326053918,0.17937839293059152,0.18728987446401668,0.015251204280373867,0.012067811253992498,0.01263590971934134
0.375,0.5188362755284963,0.3666438231560379,0.11451990131546579,0.01589826197925633,0.01525940859787304,0.010461351224894326
0.5625,0.3874274859728856,0.553204081868045,0.059368432159069284,0.014837118183827292,0.015412650079102592,0.0072823546340197234
0.75,0.25249763444534556,0.7375475879481699,0.009954777606484536,0.013074845186997214,0.013070434077881334,0.0031223660772177453
0.0,0.6303421818681686,9.70873786407767e-07,0.369656847258045,0.015292300546162211,3.068637015394001e-05,0.015291267883171937
0.1875,0.628455114200712,0.18076358046889238,0.19078130533039564,0.01549938486626415,0.012479396902933029,0.01227403328124037
0.375,0.5046143190758712,0.36594746089157376,0.1294382200325551,0.016156837906818843,0.015144669251838239,0.011012922520333234
0.5625,0.3630034134599884,0.5561215282677109,0.08087505827230072,0.015306067881754787,0.016031033463112195,0.009054907425976262
0.75,0.26110195920816986,0.7375866671613686,0.0013113736304614832,0.01410655344754734,0.01414440604902696,0.0011340710308462038
0.0,0.7394501470596906,0.0,0.2605498529403094,0.013544715939134514,0.0,0.013544715939134514
0.1875,0.614280514403775,0.17884625070850807,0.20687323488771697,0.014959032086361524,0.012097951302810144,0.012662915187793479
0.375,0.5128755371127284,0.36635899747386635,0.12076546541340545,0.015894738616384074,0.015179344133741442,0.01037368796529086
0.5625,0.3805156698227721,0.5552026370872808,0.06428169308994713,0.015741645122816766,0.01576681350040701,0.007760977063114079
0.75,0.25142940556937554,0.7387774679481104,0.009793126482514148,0.014196414301748637,0.014402764984233965,0.00312697280619655
0.0,0.740562029196743,0.0,0.25943797080325703,0.014944943751232218,0.0,0.014944943751232218
0.1875,0.6260358269968815,0.17960187892708984,0.19436229407602876,0.014954466607932806,0.01225438733987413,0.011782587904246014
0.375,0.5117129537481291,0.3674876407925877,0.12079940545928324,0.01578058029366693,0.014933719208608512,0.01038361867357359
0.5625,0.38130906530849246,0.55614557145863,0.06254536323287749,0.01557309087233921,0.015806343672618482,0.007699353584721781
0.75,0.261495298534564,0.7375484864448513,0.0009562150205847149,0.013953768206571968,0.014008284368801109,0.0009768726942281486
0.0,0.7401737011670075,0.0,0.2598262988329925,0.013995432855338405,0.0,0.013995432855338405
0.1875,0.6375240214763812,0.1795365777233499,0.1829394008002689,0.015997501501160298,0.012531227933433878,0.0125977625207483
0.375,0.49562202164123437,0.3668173848477367,0.13756059351102895,0.016199763403305614,0.01585731614040856,0.010746653448436966
0.5625,0.39753012104024127,0.5529338296122873,0.04953604934747126,0.015914460329423202,0.016119653939534438,0.0066808934634223546
0.75,0.2516264889998455,0.7384922593071237,0.009881251693030777,0.013883888509043313,0.014022101990761893,0.0030731444101348704
0.0,0.6302588282699041,1.0030090270812438e-06,0.3697401687210687,0.015484077993356098,3.1702067460941045e-05,0.015483956589865396
0.1875,0.616747026060523,0.17907088913480199,0.20418208480467498,0.015712901371510136,0.012113617973489694,0.0126562819538628
0.375,0.5232806992051823,0.3678801300847485,0.10883917071006928,0.01603402058905963,0.015791761317679443,0.009796144808003893
0.5625,0.38239317122864697,0.554910966460196,0.06269586231115692,0.014561595650668816,0.01567509754134995,0.007806629645316337
0.75,0.248949751211191,0.7380437914646816,0.013006457324127422,0.013167627924147902,0.013666093405322004,0.003465911909587186
0.0,0.7395848835165575,0.0,0.26041511648344245,0.013630511273632807,0.0,0.013630511273632807
0.1875,0.6326624303315832,0.17897097638259418,0.18836659328582261,0.01490121351079638,0.012116662192125309,0.012144272727125099
0.375,0.5084710630940709,0.36736497542782576,0.12416396147810335,0.01638816511201669,0.01581945285686793,0.010664661385786435
0.5625,0.3989824182430942,0.5547999214667375,0.046217660290168265,0.015217188149031509,0.015585748777431166,0.006829039910997043
0.75,0.24547230160752798,0.7365415953882929,0.017986103004179136,0.013678443868392984,0.013959633465633186,0.004336050820397586
0.0,0.740121115926363,0.0,0.2598788840736369,0.013656146926825562,0.0,0.013656146926825563
0.1875,0.6259763216398685,0.17950206202092564,0.1945216163392058,0.015431782997349115,0.012027904455693694,0.012814628855817665
0.375,0.49520085527060376,0.36700627981661754,0.13779286491277867,0.015729539911872814,0.015296545006374972,0.011094675820106918
0.5625,0.40060772741413314,0.5535680579655584,0.0458242146203085,0.01565361174331656,0.015969914689793713,0.006566740436297025
0.75,0.24910599284713306,0.739041425913675,0.011852581239191784,0.014168179785049495,0.014331575576638417,0.0035026368582792575
0.0,0.7395937246701806,0.0,0.2604062753298194,0.014187569732797016,0.0,0.014187569732797018
0.1875,0.6138008958449258,0.17893126681175145,0.20726783734332274,0.01526282099538858,0.011544439611048167,0.013270578551871392
0.375,0.5176422552914082,0.36713233907432996,0.11522540563426181,0.015535091871460805,0.014894069786257524,0.009906924568164853
0.5625,0.39836477168322254,0.5529086038645048,0.04872662445227258,0.01593364366312952,0.01590604643405056,0.006926591063454661
0.75,0.2502337782742124,0.7387092012221443,0.011057020503643227,0.013737231841541011,0.014134850699040476,0.003259173282784537
0.0,0.7401947923841208,0.0,0.25980520761587916,0.013900825886417003,0.0,0.013900825886417004
0.1875,0.6383867735120358,0.1802823440802664,0.18133088240769776,0.015297397049554068,0.012296778972173721,0.011824564828618246
0.375,0.48246924552285947,0.3684478301579541,0.1490829243191864,0.01576468594189459,0.01525677322894358,0.011298226744814444
0.5625,0.4010541587752957,0.5551914738311944,0.04375436739350989,0.015244834111668099,0.015223612384129672,0.006758396077746528
0.75,0.24940039261409908,0.7397389346876819,0.010860672698219031,0.01374541239152414,0.013769335887195793,0.0033668665268877956
0.0,0.7398995297610655,0.0,0.26010047023893446,0.013904671154661836,0.0,0.013904671154661838
0.1875,0.6145260646919967,0.17935733004904467,0.20611660525895872,0.015091358405652986,0.012233998252170347,0.013061370118396236
0.375,0.49371292998792593,0.3672390298734384,0.13904804013863564,0.016173094790509046,0.015561413416408473,0.010790469004069035
0.5625,0.4019755146839794,0.5546690057380126,0.04335547957800802,0.015466440767453628,0.015824088881165925,0.006194924339515036
0.75,0.24910814688150848,0.7386824215689114,0.012209431549580077,0.013436501920964284,0.013541387400932895,0.003470523980951161
0.0,0.630419736415255,0.0,0.36958026358474494,0.014872955702163309,0.0,0.014872955702163309
0.1875,0.6147286072896978,0.17913820810405218,0.20613318460625002,0.01586102857495024,0.012298699298770388,0.012844546763563908
0.375,0.5169295618376968,0.36735545495678273,0.11571498320552052,0.016138386137840362,0.015736336790656127,0.010241424763022422
0.5625,0.38425956584605403,0.5533039365486193,0.062436497605326526,0.015956494971655275,0.016371866604208155,0.0075855034024775525
0.75,0.2550924928881329,0.7386011729837197,0.006306334128147317,0.013572772549243191,0.01355519056439347,0.002506629968478587
0.0,0.7401663544061473,0.0,0.2598336455938528,0.013556853086503014,0.0,0.013556853086503012
0.1875,0.61446195491263,0.17942373631413436,0.2061143087732357,0.015644261041897978,0.012144236271605222,0.01321471525151144
0.375,0.4964197036027416,0.367161884026619,0.13641841237063945,0.016048126918309747,0.015114201368033573,0.011372162760292182
0.5625,0.3805596913864354,0.5547986179063835,0.06464169070718111,0.014574039028292723,0.015398646900269779,0.008053757573688263
0.75,0.25082239452723354,0.7387517403472876,0.01042586512547885,0.013382070508613975,0.013766469414409791,0.003189298473105397
0.0,0.7402141682833737,1.0683760683760685e-06,0.25978476334055783,0.01370198535532764,3.376812100273314e-05,0.013701290503934083
0.1875,0.6359779023576395,0.18081902475078504,0.1832030728915755,0.014608054586521795,0.011992690290413856,0.012091699468168975
0.375,0.5171876923264985,0.3669039965406691,0.11590831113283238,0.01589009863382676,0.015402440420305174,0.01029008294421993
0.5625,0.39667986074714406,0.5546276484937765,0.04869249075907945,0.014555859217651745,0.015008428348636844,0.006769763929088459
0.75,0.2504421226360588,0.7384909170281874,0.011066960335753728,0.01347548031620187,0.013621441138405788,0.0033683787938908805
0.0,0.7403293830315472,0.0,0.2596706169684527,0.014020670634699752,0.0,0.014020670634699754
0.1875,0.6310376797353433,0.18005693343955192,0.1889053868251049,0.015479389856372976,0.012148094187005149,0.012308430570789205
0.375,0.5082101853993795,0.36829683980597716,0.12349297479464337,0.015090433939210548,0.015135457089823662,0.010461854507288083
0.5625,0.3835351180330299,0.5545247387123479,0.061940143254622285,0.01532406081164236,0.01604357762421326,0.007421986510555696
0.75,0.2572607056397954,0.7379029952962428,0.004836299063961765,0.014481028775654643,0.014619294261310466,0.002220752449655526
0.0,0.7406266839017197,9.784735812133073e-07,0.2593723376246991,0.013626199943059416,3.0926576573931735e-05,0.013626521673181005
0.1875,0.6298658236642907,0.1798548167806532,0.1902793595550561,0.014986424771936678,0.011961591507678249,0.012499551190054577
0.375,0.4926506431125982,0.36681218386530234,0.14053717302209942,0.01591555300090154,0.015484498429400974,0.011474661592971109
0.5625,0.3844712873715952,0.554338709677552,0.061190002950852786,0.015184209354939386,0.01576409475563401,0.007877262455884689
0.75,0.2544000186139152,0.7381804388647363,0.0074195425213485055,0.013691352860371493,0.013981156227196801,0.0027243311604324234
0.0,0.6308262161861273,9.569377990430622e-07,0.3691728268760737,0.014828362733967617,3.0245895941204035e-05,0.014826527629934326
0.1875,0.6252679276812707,0.17911651096253445,0.19561556135619476,0.015511619874772722,0.011972059275453426,0.012914201081146156
0.375,0.5042588561815586,0.3666691823796456,0.1290719614387957,0.016082321834174157,0.015318488111780855,0.010789844105955126
0.5625,0.3810513711029323,0.555176926485621,0.06377170241144665,0.015621114147950045,0.016324348424114753,0.007512804254618693
0.75,0.24949679342333758,0.7388216362345618,0.01168157034210067,0.013313577238647848,0.013531928906714959,0.003253047382582772
0.0,0.7410109796107502,0.0,0.25898902038924976,0.013956626424274468,0.0,0.013956626424274471
0.1875,0.6149070824316513,0.1792113397782679,0.20588157779008082,0.015088284002587311,0.0118525401525473,0.012701112388781823
0.375,0.5220731726965931,0.36803390607900033,0.10989292122440651,0.016260919372509588,0.015392399102312796,0.009914315713331723
0.5625,0.3860526980596478,0.5548409471135185,0.059106354826833594,0.015348303825707205,0.015710771428146173,0.007555699999251588
0.75,0.2495214246958016,0.7383246862951987,0.012153889008999804,0.013334881544259115,0.013453530613821664,0.003275308838386718
0.0,0.7401506763083329,9.79431929480901e-07,0.25984834425973763,0.013947908218717024,3.095686705049776e-05,0.013949476621678189
0.1875,0.6343635371161772,0.18029616106658275,0.18534030181724012,0.015348723996935097,0.012295234604147545,0.01279092708600192
0.375,0.5184434048625958,0.3675881274267097,0.11396846771069441,0.015503698199746202,0.015024253501856702,0.00998585592519284
0.5625,0.39799461647124895,0.5533912142808091,0.04861416924794197,0.014861838633327034,0.015274117480947055,0.006529569884908019
0.75,0.25115644479840377,0.738913978165865,0.009929577035731193,0.013373728925219482,0.01369032552979776,0.0030626360407025976
0.0,0.6307854091702233,4.776522297572505e-06,0.3692098143074792,0.014869842410941565,6.740159446137809e-05,0.014868464900964738
0.1875,0.6217163081178839,0.1785699368523319,0.19971375502978406,0.014537893150847744,0.01144926034646188,0.012504360862043765
0.375,0.5176029187236213,0.3681582711498507,0.11423881012652796,0.01601967744452593,0.01504577487306128,0.01011306739645212
0.5625,0.3858933050680865,0.554602730468882,0.059503964463031564,0.015451577359607992,0.0157167192536235,0.0071509936475375215
0.75,0.2571995583056072,0.7382597772613958,0.004540664432997052,0.013906882170147203,0.013977998414493866,0.0021552025313167585
0.0,0.7402487096553212,0.0,0.259751290344679,0.013457940753623845,0.0,0.013457940753623847
0.1875,0.6305321234037048,0.17917290620435328,0.19029497039194193,0.014898340235433932,0.01178165712843303,0.01211234973080511
0.375,0.5205554382805201,0.36644115008639033,0.11300341163308962,0.015732637079140372,0.015431565173428682,0.009687815920474796
0.5625,0.3820737960567891,0.5550258393130759,0.06290036463013507,0.015292784649468908,0.015501787116136838,0.007617071394803697
0.75,0.25823964032765934,0.7373088233360142,0.004451536336326319,0.013549337217135575,0.01364046730613189,0.0021040010613532613
0.0,0.739805542899891,0.0,0.26019445710010897,0.013656346433476659,0.0,0.013656346433476657
0.1875,0.6367708612408925,0.18098191718375506,0.18224722157535223,0.014983369215533768,0.011967095729907366,0.011559977130184479
0.375,0.4943932360584101,0.3660620559415526,0.13954470800003724,0.016159783621551963,0.0157883937483866,0.010635303246391378
0.5625,0.3800463292967206,0.5553627590197793,0.0645909116835001,0.015609424528054082,0.01590127602652688,0.00793693852692406
0.75,0.25094237383531715,0.7384325515841101,0.010625074580572637,0.013847817264277145,0.013974715096004947,0.003307999349613404
0.0,0.7406597253833488,0.0,0.2593402746166512,0.014203135264174594,0.0,0.014203135264174594
0.1875,0.6169806139323527,0.1789833668497804,0.20403601921786685,0.01608168120102834,0.012423585455044706,0.013079927117777166
0.375,0.5177093693636141,0.36827937960845614,0.11401125102792983,0.016152059706332905,0.015877163677968882,0.010398139217205572
0.5625,0.3826117823416863,0.5549983036645257,0.062389913993787925,0.015152825470778137,0.015489000271598484,0.007566400285673946
0.75,0.2518184197868341,0.7380293810206138,0.010152199192552207,0.01407820559465539,0.014183888820197204,0.0031105037653747286
0.0,0.7404331677462228,0.0,0.2595668322537772,0.013560599440802082,0.0,0.013560599440802084
0.1875,0.6384640173106446,0.18035020404783675,0.1811857786415187,0.01495133377425472,0.012178886767813769,0.011805811514407882
0.375,0.5058549955792463,0.36717193845212465,0.12697306596862898,0.016002435271015917,0.015095625274012975,0.01051343998423534
0.5625,0.3783436449098516,0.5545269481613939,0.06712940692875455,0.015454289343553505,0.015925446817226272,0.007794342039690537
0.75,0.25127450021928593,0.7385650254277548,0.010160474352959248,0.013619746510536008,0.013745099463821483,0.003293627019827423
0.0,0.6306009297656544,0.0,0.3693990702343455,0.015064609861473214,0.0,0.015064609861473215
0.1875,0.6217955174166382,0.17970921644101334,0.19849526614234844,0.015587072691534327,0.012406943657443216,0.012933989851461271
0.375,0.5214992992930118,0.3660413181261554,0.1124593825808328,0.016031128602052826,0.015283342589705385,0.01004416574924865
0.5625,0.38132685835646735,0.5558455096964356,0.0628276319470969,0.015012713999610565,0.015399707911668701,0.007312389112785866
0.75,0.2510566432145811,0.7391462346480892,0.00979712213732978,0.01360180023813024,0.01380009543007837,0.003119168323959517
0.0,0.740136199374289,0.0,0.259863800625711,0.013752411345118771,0.0,0.013752411345118771
0.1875,0.621508423181137,0.18030266251719637,0.19818891430166663,0.015390360525213179,0.012008638267381444,0.012395669814470567
0.375,0.5223491200121351,0.36653947490246447,0.11111140508540054,0.015911684391297906,0.015029260877752984,0.009787429865734387
0.5625,0.38287216193794993,0.5535016804817094,0.06362615758034068,0.01526688243662732,0.015437785300843193,0.007498934550707694
0.75,0.2479858975344097,0.7398745256577753,0.012139576807814892,0.013456801218864032,0.013720538020207248,0.003451105192118599
0.0,0.6302493033274789,4.11702103587688e-06,0.3697465796514852,0.014832928411027754,6.499738249938723e-05,0.014834799888667961
0.1875,0.6321778514903601,0.1795679895586289,0.188254158951011,0.014825620943122704,0.01225916806616576,0.012745605378387792
0.375,0.5008000660397929,0.3670304934535973,0.13216944050660978,0.01640605644780706,0.015538465433102984,0.011088289560677849
0.5625,0.3832380342132736,0.5540550991170047,0.06270686666972165,0.014964611040214834,0.01513940862509774,0.007814223488604208
0.75,0.24952180081265213,0.7386674005735399,0.011810798613808028,0.013247993230698477,0.013457365316845894,0.003459448745036535
0.0,0.7402084024702347,1.0080645161290323e-06,0.2597905894652492,0.013666037722569377,3.1861856107417554e-05,0.013664863747767283
0.1875,0.6216635019804967,0.17888051056345694,0.19945598745604642,0.014757324852293028,0.011848260002312398,0.01221390300805326
0.375,0.5183713631336427,0.3669909005714969,0.11463773629486036,0.0157288870525702,0.015187084738117987,0.010378637762885104
0.5625,0.3866429763132518,0.5536360214051556,0.05972100228159264,0.015548804109163818,0.01584759878771294,0.0076229722156349366
0.75,0.25337242751781147,0.7387013787016548,0.007926193780533768,0.013538921983268488,0.013646331690656436,0.0028203590092230357
0.0,0.7408284847628434,1.0090817356205852e-06,0.259170506155421,0.013560219198645833,3.189400732447854e-05,0.013560319705002998
0.1875,0.6327157602802738,0.18000935624862247,0.18727488347110383,0.01571379179767908,0.011978748730353685,0.012809738969745545
0.375,0.5078077036678219,0.3671346021431915,0.1250576941889866,0.015976587329373654,0.01578158250557093,0.010109969539800907
0.5625,0.3899794193290828,0.5543147010622331,0.05570587960868396,0.014919543804041282,0.015618256495546764,0.0072046966754827635
0.75,0.2479161551570888,0.7398506020781054,0.012233242764805844,0.01399630616309033,0.014272725439692258,0.003446296288546087
0.0,0.7402876929760343,0.0,0.25971230702396575,0.014050125212852618,0.0,0.01405012521285262
0.1875,0.6314104606981554,0.1788650469925848,0.1897244923092598,0.014594876936221851,0.011631734697975809,0.012519388889817403
0.375,0.47380437954561444,0.36762863160265774,0.15856698885172785,0.016144624479837912,0.015426373165912324,0.011490070909188056
0.5625,0.381852994777495,0.5557742791825138,0.06237272603999117,0.015487161877574606,0.015675062202191115,0.007378913917332131
0.75,0.25120570579618723,0.7387618279388375,0.010032466264975278,0.013800200374473123,0.014042599373323906,0.0031352227162304686
