fixed rate,success rate,failure rate,error rate,success std,failure std,error std
0.0,0.6563721025345323,0.0,0.34362789746546774,0.014861699409877166,0.0,0.014861699409877164
0.1875,0.6177251464769572,0.1830389675451294,0.19923588597791336,0.014502353502491632,0.011360620111464166,0.01216372344965304
0.375,0.4645210110060603,0.3703613013759161,0.1651176876180236,0.015552033348191325,0.015511525186056887,0.011483041684179768
0.5625,0.3920847745541399,0.5575268375549401,0.05038838789091983,0.015317174096856975,0.015764559819846008,0.00674436956641191
0.75,0.24661756663804194,0.743742383878825,0.009640049483133156,0.013587000702553687,0.013611020803250775,0.002913794559927929
0.0,0.7400547003728424,0.0,0.2599452996271576,0.013442656477708346,0.0,0.013442656477708342
0.1875,0.6117579764767904,0.18310624183545512,0.2051357816877545,0.015210380959400529,0.012222000287726492,0.013030883407511304
0.375,0.4884246815661312,0.3704387868357889,0.14113653159807987,0.01530803079257286,0.014798531941574112,0.010751770667056576
0.5625,0.377659520164213,0.5582123001550379,0.06412817968074916,0.014849931766063272,0.01503164906278324,0.007810179832383474
0.75,0.25293955982364563,0.7426372237515866,0.004423216424767715,0.014175150915932399,0.014162495374704522,0.0019992771867833052
0.0,0.7398529806490015,0.0,0.2601470193509984,0.013967014822718551,0.0,0.013967014822718555
0.1875,0.6183955842976653,0.18339230801284326,0.1982121076894914,0.01554637365658972,0.012562944759860839,0.012594562114538856
0.375,0.4974608292685129,0.37082786567634674,0.13171130505514034,0.015660024968932578,0.01541492936711972,0.01079621286092811
0.5625,0.39366150091255264,0.5581773081649485,0.04816119092249886,0.015491105304690196,0.015676235055593433,0.006899743577062342
0.75,0.2465389963350078,0.7435585901874565,0.009902413477535694,0.013880573202456212,0.014072556991724211,0.003150080171028353
0.0,0.7404563988503091,0.0,0.2595436011496907,0.013953454281680834,0.0,0.013953454281680837
0.1875,0.6260213785502573,0.18394745450342215,0.19003116694632058,0.015357662536347192,0.012194077749409267,0.012038760130277939
0.375,0.4921968896832443,0.3713777438828847,0.136425366433871,0.016368136363874984,0.015723445144062195,0.010550164521816771
0.5625,0.3773467625102918,0.5581840828861327,0.06446915460357544,0.01538245381174239,0.015779905163506365,0.007855837226081469
0.75,0.23508031221841372,0.7437759432874193,0.021143744494166918,0.013564797329659806,0.013960443890198885,0.004611647601534333
0.0,0.7397056022957522,0.0,0.2602943977042479,0.01349480664958497,0.0,0.01349480664958497
0.1875,0.5698508880333627,0.18401134707209071,0.2461377648945465,0.016309059445065246,0.012852901860284737,0.014130630150501597
0.375,0.5131354051885851,0.36979887190840977,0.11706572290300517,0.015951553155713637,0.015467645311818785,0.010373986446749143
0.5625,0.3824554353649179,0.5578118508195478,0.05973271381553433,0.014726913630303437,0.015321181659147082,0.007413868332023228
0.75,0.24489930253365594,0.7440568228488746,0.011043874617469368,0.013383681103480769,0.013663326891433143,0.0032278549974044312
0.0,0.7403857346561735,0.0,0.25961426534382637,0.013968782720995908,0.0,0.01396878272099591
0.1875,0.6332857121165407,0.1836241046269675,0.1830901832564918,0.015140609022342197,0.012797677086998244,0.012266559953451118
0.375,0.509621758891163,0.36994380579266417,0.12043443531617279,0.015609213357634271,0.015248828067877796,0.01034881159523217
0.5625,0.37666880108419115,0.5580933640460812,0.06523783486972756,0.015944356804994616,0.01622022622626377,0.007694502729928511
0.75,0.24413802133450663,0.7443332496454527,0.011528729020040757,0.014271302122262897,0.014285021633647747,0.0034678691157206086
0.0,0.740354615869187,0.0,0.259645384130813,0.014049593477890832,0.0,0.014049593477890834
0.1875,0.6117152769649236,0.18309114844814373,0.20519357458693283,0.01537307179198484,0.012056152687197692,0.012872245283423747
0.375,0.47122556051269754,0.37142132536368266,0.1573531141236198,0.015937876958921463,0.015371065533462638,0.011395695155557776
0.5625,0.38162908577920956,0.5578213062765647,0.06054960794422578,0.015522599604637675,0.015631832374934814,0.007544807743180378
0.75,0.24826608391433244,0.7430467289114985,0.008687187174169093,0.013319633995756005,0.013523348541956139,0.002934958587683716
0.0,0.6576038852994075,0.0,0.34239611470059256,0.015087170129662212,0.0,0.01508717012966221
0.1875,0.6126320596315168,0.18244207327719908,0.20492586709128416,0.015548915309407956,0.012769685025556797,0.012988171095600198
0.375,0.5128419004542318,0.3700450093524099,0.11711309019335824,0.015591691819097421,0.01520401451685649,0.010071380874894805
0.5625,0.3787109556285388,0.5591684001130427,0.062120644258418414,0.01587972435607861,0.01621737517583233,0.007710466301681542
0.75,0.23906071500171425,0.7443872269582458,0.016552058040039983,0.012783166921024314,0.013172371488534758,0.004099277546377971
0.0,0.6578679160245754,0.0,0.3421320839754245,0.014658176733859715,0.0,0.014658176733859715
0.1875,0.6281694418023295,0.18304608400889136,0.18878447418877906,0.015473114474938503,0.012565115922153336,0.012419462327112604
0.375,0.4857308527461502,0.3699264133619948,0.144342733891855,0.015428932687255774,0.015272562161141348,0.011363248902424185
0.5625,0.3955470600590787,0.5579201991962637,0.04653274074465774,0.015958997417926706,0.016150046974983543,0.006661517384439948
0.75,0.24592611004951379,0.7431542125198739,0.01091967743061231,0.014172487589113032,0.014237652477909151,0.0032590916343072933
0.0,0.7405134679688247,0.0,0.25948653203117544,0.014285644660393861,0.0,0.014285644660393861
0.1875,0.6195218516766989,0.1827190507819636,0.19775909754133747,0.015031938740976027,0.012327650325883075,0.012875564198159991
0.375,0.49525625293843384,0.37058566134180476,0.1341580857197614,0.015894428844322867,0.015202480929438857,0.010410226096500462
0.5625,0.3835767030509215,0.5564364370034792,0.059986859945599234,0.014828976085127253,0.0150944680863337,0.007473466523053344
0.75,0.23391209728092882,0.7452322379823463,0.020855664736724868,0.014033890222639425,0.014418446563616032,0.004385134110256095
0.0,0.7399437475957568,0.0,0.2600562524042432,0.01381051570148498,0.0,0.01381051570148498
0.1875,0.6284629993812136,0.18257590873363883,0.18896109188514756,0.015300341046743764,0.01253087530190044,0.012062446392269952
0.375,0.4910494061021678,0.3709895532943893,0.13796104060344283,0.01539380010997602,0.014813367139787443,0.010314796254505036
0.5625,0.39948871802500313,0.5572973758684762,0.043213906106520594,0.016152668386730348,0.016385229294909494,0.006861157265750438
0.75,0.2449616837868448,0.7440672254815389,0.010971090731616262,0.01395872385735323,0.014161433581370089,0.0033425739703761143
0.0,0.7399787622247084,0.0,0.2600212377752917,0.014193158793148274,0.0,0.014193158793148277
0.1875,0.6320237461014387,0.18364598957448583,0.18433026432407548,0.015835607491954576,0.012409146399759697,0.012479637873719699
0.375,0.5070585998532204,0.3723622108394653,0.1205791893073142,0.015830371453940985,0.015257890115228373,0.010229059454140852
0.5625,0.37610883035963943,0.5586333312832791,0.06525783835708149,0.01502895613474986,0.015446457297419077,0.007633712287851462
0.75,0.2471810581124693,0.7431540312493484,0.009664910638182147,0.01345757072071264,0.013868099306582754,0.003111096863323455
0.0,0.7402780483795594,1.023541453428864e-06,0.25972092807898717,0.013392591139115215,3.235103506505447e-05,0.01339394028611486
0.1875,0.6256688149996298,0.18431828711592688,0.19001289788444328,0.015064506761900878,0.012657281651261924,0.01209087040934356
0.375,0.4903234752782328,0.3700765990286966,0.1395999256930706,0.015948054696574357,0.01555909800317596,0.011074174142125784
0.5625,0.3796263536522472,0.558041482086212,0.06233216426154077,0.015405952574997899,0.01573427098648923,0.00782202396561226
0.75,0.24673053590758992,0.7433035381308899,0.009965925961520142,0.013294659051382192,0.013572668897826226,0.003096677776644087
0.0,0.6576686562994843,0.0,0.3423313437005156,0.015055660858346356,0.0,0.015055660858346354
0.1875,0.6208982718857151,0.18307624379188844,0.19602548432239644,0.014917823879804842,0.012039682537373024,0.01249571274270108
0.375,0.48956397992686335,0.36963078440482433,0.14080523566831227,0.015466715747829896,0.015149490903075302,0.011411338875881777
0.5625,0.38493448166195965,0.5576417718725809,0.05742374646545949,0.014957373236648192,0.015360721780934705,0.007322948241670615
0.75,0.24666682177347093,0.7431842490709837,0.010148929155545414,0.01382991196687275,0.014111296495881736,0.003120433271302769
0.0,0.7395126566062125,0.0,0.2604873433937875,0.013516337240319863,0.0,0.013516337240319866
0.1875,0.6214701148498515,0.18291900035511832,0.19561088479503014,0.015313730029251859,0.012515173721957077,0.01218209217018162
0.375,0.511064272812264,0.3705533550464297,0.11838237214130629,0.01561215310597913,0.015087515022172482,0.010028737552621028
0.5625,0.37899117838726887,0.5588374637342306,0.06217135787850049,0.015375061125788883,0.015937761253346495,0.00764124487735572
0.75,0.2538308283195389,0.7426137165651401,0.003555455115321043,0.014014598458279362,0.014082019793519113,0.0019284758344608405
0.0,0.7403774817162119,0.0,0.25962251828378813,0.013727680656140549,0.0,0.01372768065614055
0.1875,0.6120242223062975,0.18247516330967678,0.20550061438402575,0.015541714498904284,0.012279227075695785,0.012877887108812394
0.375,0.5124198700138582,0.3709394660123418,0.11664066397379994,0.016229217335692884,0.015219548345342695,0.010344950194507822
0.5625,0.39452726381118985,0.5568355205045066,0.048637215684303646,0.015292007618347729,0.015808077739808492,0.007154377391379401
0.75,0.252888226269156,0.7431912738550961,0.003920499875747939,0.013418495496871964,0.013506106765625657,0.002001556214584483
0.0,0.7401990986527894,0.0,0.25980090134721057,0.014016648144310478,0.0,0.014016648144310478
0.1875,0.6134164475490924,0.1823989632561535,0.20418458919475413,0.015209672763871241,0.012106494138487627,0.013117484964005376
0.375,0.5181557423234984,0.3709114144601355,0.11093284321636611,0.015673568998837532,0.015238340049523465,0.009790777181542141
0.5625,0.3794633228969129,0.5578618196146046,0.06267485748848256,0.015176301460973058,0.01602406530604606,0.00759983323736275
0.75,0.24797266527490186,0.7424466809453364,0.009580653779761613,0.01396154844147162,0.014214305729166623,0.0030186061177313868
0.0,0.7400062000018142,0.0,0.25999379999818584,0.014549111918658793,0.0,0.014549111918658793
0.1875,0.615497038842474,0.18372247586559146,0.20078048529193449,0.014660914987070495,0.011988238546341592,0.012263573343094938
0.375,0.4953958971225666,0.36962608712814377,0.13497801574928964,0.015948113666380243,0.01550985240591341,0.01076220904411942
0.5625,0.33182868876147054,0.5584202721922122,0.10975103904631721,0.01442363030562742,0.015660831803423585,0.009582737922620963
0.75,0.24652940099309567,0.7439772277786167,0.009493371228287532,0.013654994682357398,0.013718548551855678,0.0031435486677547546
0.0,0.7401198330006168,9.881422924901185e-07,0.25987917885709066,0.014386363386850495,3.123217515667807e-05,0.014386940163504352
0.1875,0.6137532743540907,0.18343591825030692,0.20281080739560242,0.015879578186674428,0.012340281259551828,0.013351083855887576
0.375,0.5139823267075359,0.3712204732790902,0.11479720001337392,0.015749175124593808,0.015512041045238045,0.010104379239057158
0.5625,0.3895695225483586,0.5576020370626031,0.05282844038903828,0.015388076670552635,0.01565741594477637,0.007390737771065233
0.75,0.24498931446907043,0.7436262638389682,0.01138442169196129,0.013883121854920813,0.014147821577774286,0.003277814471072244
0.0,0.7406026499216121,0.0,0.25939735007838793,0.014133893240152105,0.0,0.014133893240152108
0.1875,0.6138122931631013,0.18263723006982968,0.20355047676706908,0.015296595822019138,0.012592485842706067,0.012554257170390397
0.375,0.47961650298685254,0.37102257610647577,0.14936092090667177,0.015746732516365675,0.015894364495707518,0.011522017767177952
0.5625,0.3784629079344789,0.5577572660597219,0.06377982600579926,0.015359959960844815,0.015594410080533727,0.0076091663309793885
0.75,0.24813173631215488,0.7437439301926758,0.008124333495169275,0.013407215187358741,0.013664121258937246,0.002726217453166922
0.0,0.7396933484445808,0.0,0.2603066515554191,0.014407172416721332,0.0,0.014407172416721332
0.1875,0.6284285040525289,0.18304568278195113,0.18852581316551983,0.015198125241372089,0.012702153579472911,0.012267129277525516
0.375,0.5056958790930961,0.3701114982649668,0.12419262264193708,0.01549140462814011,0.014890063363051275,0.010063197870166615
0.5625,0.36769808264948906,0.5583588941757754,0.07394302317473558,0.01493088440124573,0.01590051103239555,0.008473050792342314
0.75,0.24686915286252276,0.743178163112063,0.009952684025414323,0.013585243359689247,0.013674987195104446,0.003138148339576294
0.0,0.6573933778634605,6.906513382760579e-06,0.3425997156231566,0.015701767338837103,8.228408564939364e-05,0.015699452937118368
0.1875,0.6233266198281558,0.18345453826774621,0.19321884190409808,0.015407603590253633,0.012013792530216996,0.01227190854717568
0.375,0.5157339281630282,0.3704523995240115,0.11381367231296022,0.015456546584682495,0.01518157725454208,0.010205304332965175
0.5625,0.3929666290321952,0.5583532821032772,0.0486800888645276,0.01575320114295087,0.016152127872646898,0.006772356885672398
0.75,0.24560380457335404,0.7440633382145673,0.010332857212078665,0.013990665606102307,0.01423011541692467,0.0031719755216917714
0.0,0.740518669030196,0.0,0.2594813309698039,0.01345853020310232,0.0,0.013458530203102321
0.1875,0.632756894669067,0.18318534679175139,0.18405775853918152,0.015143333653510652,0.012067923250046955,0.012268105604244054
0.375,0.491611778400549,0.3714826375268011,0.13690558407264988,0.015823039152520785,0.015479063737690757,0.010946801411518001
0.5625,0.38567845731150907,0.558354363719221,0.05596717896927002,0.015332696575597077,0.015383920624268233,0.007051465793921967
0.75,0.24789564510949041,0.7426514650396175,0.009452889850892068,0.013553100420000599,0.013806431902218788,0.0030559416930075463
0.0,0.739394075658937,0.0,0.26060592434106306,0.013162705705387922,0.0,0.013162705705387918
0.1875,0.6131344816323478,0.18295701196071265,0.20390850640693953,0.015569052060295489,0.012705443090855213,0.012305098157002392
0.375,0.494383216699298,0.3701866204362306,0.13543016286447138,0.015161965753233305,0.01447068068346133,0.011188286565637784
0.5625,0.3817758421025832,0.5576265355260129,0.060597622371403856,0.015536003355767148,0.015422616979710731,0.007608834410637723
0.75,0.24710724543136167,0.7427507286873154,0.010142025881322934,0.013517389404890981,0.013648982947157984,0.0031504845552685163
0.0,0.7403454322629245,0.0,0.2596545677370755,0.01338577510626054,0.0,0.013385775106260543
0.1875,0.6190755565659959,0.18213834583402871,0.1987860975999755,0.015060228139511835,0.011834604146634658,0.012323326295851013
0.375,0.49250005643191447,0.37080814106395305,0.13669180250413251,0.01554534139080746,0.015198182043449868,0.010816512996255514
0.5625,0.38341904348575767,0.5577056466838023,0.058875309830439954,0.015399181009890265,0.01612216678856009,0.007552283582217183
0.75,0.24552027284587136,0.744125072755388,0.010354654398740688,0.013882177776382235,0.014070827038444618,0.0032612999504679045
0.0,0.656641508827962,0.0,0.34335849117203787,0.014469092398071731,0.0,0.01446909239807173
0.1875,0.6338689721908719,0.18328206561735896,0.18284896219176908,0.01486394896193462,0.012058624941567482,0.012324185895472003
0.375,0.5071647757776337,0.3713240266356703,0.12151119758669589,0.01614880803482887,0.01578167500659734,0.010679978130921025
0.5625,0.379127122836202,0.5580764569723933,0.06279642019140465,0.01527694465382465,0.015369462391134212,0.007309404712732807
0.75,0.24523467039638144,0.7438664500600838,0.010898879543534704,0.014322267642810142,0.014495029192044102,0.0031850007931634823
0.0,0.7408552371033404,0.0,0.2591447628966596,0.014079820643994741,0.0,0.014079820643994748
0.1875,0.616593255884351,0.18417717729909583,0.19922956681655313,0.01566612009898437,0.011999546053033243,0.012884599630302349
0.375,0.4943644196605533,0.37123387662340634,0.13440170371604043,0.016418198302641882,0.015675237402317105,0.011020967677541033
0.5625,0.39491216706340787,0.5575342540787905,0.0475535788578014,0.015509516196868717,0.016000491312126594,0.0066758727364329635
0.75,0.24957648077311873,0.7424353123843229,0.007988206842558233,0.013650740589968884,0.013984501544931931,0.0028559041800989096
0.0,0.7400271219994579,0.0,0.2599728780005421,0.013788459727585403,0.0,0.013788459727585405
0.1875,0.6322319201128281,0.18237401184682855,0.1853940680403434,0.015529482703243974,0.012430925982191735,0.012328227381003117
0.375,0.49011856132095555,0.37107340803173294,0.1388080306473115,0.01629802603863829,0.015505911537152618,0.0111884275544108
0.5625,0.37696521778018466,0.5586962510874303,0.06433853113238504,0.01516559923041017,0.015671399578150856,0.007485904923954794
0.75,0.24474128973000603,0.7443439778322755,0.010914732437718563,0.01303494944985344,0.013139398482287672,0.003246910498796432
0.0,0.7404317620548359,0.0,0.25956823794516415,0.013653056402927933,0.0,0.013653056402927934
0.1875,0.6142040107514175,0.18264311919746254,0.20315287005111998,0.01545366935525923,0.012001635850309679,0.01261061596762828
0.375,0.4961378753870062,0.3703532075172603,0.13350891709573343,0.015760754741075474,0.015084015004048663,0.010940631329835476
0.5625,0.37665702973186965,0.5589936846908878,0.06434928557724257,0.014662767012732546,0.015365480702400758,0.007636993293693414
0.75,0.24902090367316418,0.7436538299085735,0.007325266418262196,0.013726906398711106,0.013829659213753398,0.002732222871202598
0.0,0.741198950679319,0.0,0.25880104932068104,0.013563691771523318,0.0,0.01356369177152332
0.1875,0.6157535282260872,0.1821586790280914,0.20208779274582134,0.01577328549199296,0.012225810593003705,0.013138306281975317
0.375,0.5073001738566364,0.3692460503954934,0.12345377574787014,0.016501672248147397,0.015582849519080027,0.010348336390716157
0.5625,0.37355213239765395,0.5589839677484292,0.06746389985391672,0.015410910860506603,0.015963908880950735,0.00784152686400129
0.75,0.2467121569456255,0.7428619865486165,0.010425856505758075,0.013795811361605282,0.013822607709346528,0.003235281405470016
0.0,0.7403619211774788,0.0,0.25963807882252116,0.013805281498495817,0.0,0.013805281498495818
0.1875,0.6117503845388,0.18274342140534292,0.20550619405585696,0.015582627472632449,0.011979229160965076,0.013207505502331874
0.375,0.48321605828494346,0.3712777470926769,0.14550619462237954,0.01573585676731496,0.015287039383272085,0.011514639004594217
0.5625,0.3946303044059682,0.5563471586947422,0.049022536899289725,0.01567196328369217,0.01603142423307855,0.006708998984971604
0.75,0.24549905091731522,0.7443585955123253,0.010142353570359532,0.014240776534029876,0.014348107376895918,0.0030991061909826654
0.0,0.7402014000208145,0.0,0.2597985999791855,0.014041886117468124,0.0,0.014041886117468124
0.1875,0.6295087345460555,0.18406490536813114,0.18642636008581331,0.015554033510175622,0.012060633106883198,0.01276651861986078
0.375,0.47921162930155686,0.3715857798715057,0.14920259082693746,0.01587487295818542,0.015459185263856517,0.011285053957795815
0.5625,0.37384344633200545,0.5588162389758377,0.06734031469215689,0.01506074225222243,0.015725591980135886,0.007918560814157448
0.75,0.24515330238206026,0.7434109227903694,0.011435774827570284,0.014227544913452803,0.014359879028417292,0.003256809660395377
0.0,0.7412294789502869,0.0,0.25877052104971326,0.01342367914440629,0.0,0.013423679144406292
0.1875,0.6335302093729108,0.1844047240109873,0.18206506661610186,0.014569583545904779,0.01276717388268078,0.011883089422958756
0.375,0.5034129772401292,0.36985475369945914,0.12673226906041168,0.01590100340547542,0.015488212866414476,0.010784643645376048
0.5625,0.37556090365815625,0.5578620967267789,0.06657699961506484,0.015568426150959054,0.015805036219856988,0.008234692339768802
0.75,0.24605511142351907,0.7443760809888991,0.009568807587581964,0.013770660456072933,0.013818057801226923,0.0030950292590333443
0.0,0.7406897622469889,0.0,0.25931023775301093,0.013718829241799095,0.0,0.013718829241799098
0.1875,0.6113223281147323,0.18364018972581397,0.2050374821594539,0.015608771490976128,0.012093156635797834,0.013309792731544395
0.375,0.5076606742625717,0.3695803036119319,0.1227590221254965,0.016017609833187507,0.015117561141805439,0.010560671866386097
0.5625,0.36175055411331014,0.5582881158429359,0.07996133004375404,0.015272231162140494,0.015788777550540624,0.008617991413619411
0.75,0.24624859001687713,0.7434008995126292,0.010350510470493695,0.013399367911971879,0.013530603249036967,0.0032989232540783257
0.0,0.7403542190680492,2.029615289562567e-06,0.2596437513166611,0.013825173145365265,4.5340281968150675e-05,0.013825102394685094
0.1875,0.6268682536049855,0.18370840476660202,0.18942334162841246,0.016043220990251687,0.012258592685053502,0.01266570801579866
0.375,0.49901073362266196,0.37046683569746935,0.1305224306798687,0.01596564915578511,0.015484493477377606,0.01043409884782225
0.5625,0.37612109047592307,0.5586969427803901,0.06518196674368687,0.015918786667905135,0.01662185094024908,0.00766129557468046
0.75,0.24735628993869035,0.7430840934226719,0.009559616638637755,0.013602694997267666,0.013750550798845055,0.0031662871260592666
0.0,0.7401722348799499,0.0,0.25982776512005024,0.013284865976061629,0.0,0.01328486597606163
0.1875,0.6254881929945452,0.18265517431867404,0.19185663268678083,0.014855009319180679,0.012692606496453126,0.012696015671069904
0.375,0.4875337055990879,0.37205250327883227,0.14041379112207983,0.01612293186656459,0.01565503673521597,0.011033795619738027
0.5625,0.3907331680230515,0.5583648617817583,0.05090197019519034,0.015639570538972768,0.016002164395087722,0.0070774050651041176
0.75,0.24607001329062178,0.7431233038491177,0.010806682860260505,0.014120316196276567,0.014232005857699275,0.00309322472224826
0.0,0.6571085492874423,0.0,0.34289145071255767,0.015078363167712267,0.0,0.015078363167712269
0.1875,0.6238293395620188,0.1828082093162688,0.19336245112171238,0.015146759868000612,0.01236936014167759,0.011597329374647166
0.375,0.4910892469477883,0.37007520850864295,0.13883554454356867,0.01565085329910711,0.01469122274291293,0.01094255213190024
0.5625,0.3776898366693202,0.5580699526727756,0.0642402106579041,0.0157822121873557,0.016245355556154417,0.007640323862451268
0.75,0.2513860734038339,0.7429442346930593,0.005669691903106926,0.013906511191657842,0.01389416429085005,0.002342347771249964
0.0,0.7405962198823195,0.0,0.2594037801176806,0.013942599088764768,0.0,0.013942599088764763
0.1875,0.6117161114003719,0.18313638934991128,0.20514749924971692,0.015463381179604729,0.012054343025127172,0.012801806354144284
0.375,0.5146044976874304,0.36947931272405216,0.11591618958851746,0.01607980368532684,0.015236123458150145,0.010287460300254993
0.5625,0.3659276763544392,0.5572876845373914,0.07678463910816924,0.015309206598335113,0.015527864183568607,0.008153368822270579
0.75,0.24614507574275712,0.7424902320867184,0.011364692170524453,0.014179532145289924,0.014297191745986038,0.003287311069530365
0.0,0.7398107143608442,0.0,0.2601892856391558,0.013713234398139772,0.0,0.013713234398139776
0.1875,0.624391442576173,0.1828892263781981,0.19271933104562894,0.015457198521760121,0.012038657285766821,0.012790906935840158
0.375,0.5042438078760629,0.3705597911605013,0.1251964009634357,0.015826187535383784,0.015220912177176362,0.010670948259934577
0.5625,0.37817831556977927,0.5575544511725441,0.0642672332576766,0.01538937292235589,0.015709744818696154,0.007471142187793652
0.75,0.24595399354661168,0.7434384324575953,0.010607573995793044,0.013783296097880529,0.013938528601805267,0.0032762219965584167
0.0,0.7405125222661936,0.0,0.2594874777338065,0.013976092438986976,0.0,0.013976092438986981
0.1875,0.6118242901562917,0.18265437460195139,0.205521335241757,0.015602630041201616,0.012662285611640837,0.012513747085546121
0.375,0.4845342000633189,0.369883288274087,0.14558251166259406,0.016006431195389435,0.015918965201267173,0.011581751815904434
0.5625,0.3789140371365911,0.5580692374922714,0.06301672537113738,0.015614970164410706,0.016265557313585206,0.00751775513559027
0.75,0.2469869277951302,0.742461664256951,0.010551407947918636,0.0134277988986626,0.013619033632900679,0.0032736620876798123
0.0,0.741183883376842,0.0,0.258816116623158,0.014510036313838433,0.0,0.014510036313838431
0.1875,0.6156536377609195,0.18242319763362536,0.20192316460545498,0.015351081894366837,0.012176102699766364,0.01227339705339764
0.375,0.49283608479011776,0.37057150682048007,0.13659240838940223,0.015940714150878436,0.015533317498349663,0.010911493514951397
0.5625,0.3588793032763357,0.5592821133015442,0.0818385834221201,0.014596051666976636,0.015228490487930246,0.00856174097994954
0.75,0.2445117616278692,0.7443789686339295,0.011109269738201252,0.013850959002463463,0.014120154310010498,0.003243697770970208
0.0,0.7396193287275628,1.977798624140088e-06,0.2603786934738131,0.013391584807330393,4.419761581478331e-05,0.013390734709925517
0.1875,0.6302270715403998,0.1827405165052969,0.18703241195430326,0.015139373942776453,0.011683047620221963,0.01229196761518986
0.375,0.49526235941829083,0.3703231423144649,0.13441449826724428,0.016219501244715193,0.015282903337153663,0.010907905089075241
0.5625,0.3759557473826802,0.558227642957043,0.06581660966027685,0.015088736955428768,0.015363232018317373,0.007794279705246414
0.75,0.24549959121356849,0.7440864901084546,0.01041391867797682,0.013987535520753325,0.014014154579394474,0.0031212816418268586
0.0,0.7409379189930981,0.0,0.25906208100690176,0.014104131691000362,0.0,0.014104131691000363
0.1875,0.6276114223711939,0.18285859444102232,0.18952998318778372,0.01538923206628253,0.012252231958280582,0.012012538015287412
0.375,0.512482261224494,0.3696905776979831,0.11782716107752297,0.01571978510088101,0.014950444870572052,0.010411601354196935
0.5625,0.378606966612033,0.5593392641621241,0.0620537692258429,0.014753915085395938,0.015293889120711527,0.007802653213845344
0.75,0.2504072384069098,0.7427540040915466,0.00683875750154353,0.013168611358586624,0.01318299297294318,0.0026318341160680714
0.0,0.7401112530722473,0.0,0.2598887469277526,0.014234711985553573,0.0,0.014234711985553573
0.1875,0.6078850709615167,0.18262375105451248,0.20949117798397082,0.015250578917222438,0.011856067938420992,0.012770157936661556
0.375,0.505781862523397,0.36926482295842356,0.12495331451817955,0.015771194133398635,0.015168712452321525,0.010518749955065802
0.5625,0.3902433433649499,0.5587488686636052,0.05100778797144497,0.015073928647498716,0.014976363903507409,0.006929978683266243
0.75,0.2407646446157481,0.7423662261540658,0.016869129230186075,0.012935412430128072,0.013399960701918666,0.0041006536174303405
0.0,0.7391663546864563,0.0,0.26083364531354375,0.013538804678855829,0.0,0.013538804678855829
0.1875,0.6265339787482826,0.18384429807717764,0.18962172317453974,0.014422533778320371,0.011678370254167849,0.012028704505544404
0.375,0.4907896890254648,0.37008595035439606,0.1391243606201391,0.015834103691885745,0.016021404419345787,0.010941144096108045
0.5625,0.3853679742564991,0.5584618509405209,0.05617017480298008,0.015365019872858588,0.015409716045434308,0.007244371333264768
0.75,0.24682848800932275,0.7432307695243081,0.009940742466369062,0.014209850116564553,0.014199582808103522,0.0031358061857686597
0.0,0.6572902675043568,0.0,0.3427097324956431,0.014481870156910739,0.0,0.014481870156910735
0.1875,0.6147557802738676,0.1818781480258423,0.20336607170029022,0.015704976779747346,0.012165140205768749,0.01270066891364091
0.375,0.5091761404658809,0.3709516067259188,0.11987225280820032,0.01568384801839808,0.015633954091054423,0.01055685648296594
0.5625,0.3904936577581261,0.5568282181003936,0.052678124141480154,0.01652070658980122,0.01680474461455255,0.006991301676857196
0.75,0.2269055255517924,0.7447364771575528,0.02835799729065492,0.013085369069648562,0.01391423662119049,0.005233211764278395
0.0,0.74014444165286,0.0,0.25985555834714,0.014310667555786504,0.0,0.014310667555786508
0.1875,0.6158212562640385,0.1819305090122546,0.20224823472370693,0.01530573471577808,0.012344362477019784,0.012710362088492657
0.375,0.4907532521263749,0.3707965175082842,0.13845023036534093,0.015323415813711142,0.01486069262148426,0.010609317363357218
0.5625,0.3883872326047564,0.5580282544119494,0.053584512983294204,0.015310244704661727,0.015532953720214118,0.0069429484536379345
0.75,0.25192662392639653,0.7434783094549409,0.00459506661866261,0.013820396762526084,0.013855716988268372,0.0021335371176332933
0.0,0.7407036556889935,0.0,0.25929634431100645,0.013932889720427676,0.0,0.013932889720427674
0.1875,0.6169055701029021,0.18340934643432955,0.19968508346276828,0.015555023118117154,0.012564603298150174,0.012677186365199985
0.375,0.4909067535563918,0.3710428776422045,0.1380503688014037,0.016486220058191368,0.015800946828705885,0.010988262619995824
0.5625,0.3804922682122215,0.5577810817392916,0.06172665004848684,0.01535037440718722,0.015794752982183705,0.007653309078407339
0.75,0.24756091561016796,0.7428533322905945,0.00958575209923751,0.013937608839201898,0.01407667974391193,0.003081347709963273
0.0,0.7399449901866683,0.0,0.26005500981333174,0.013908223694239047,0.0,0.013908223694239047
0.1875,0.6316532439199043,0.18405681959390052,0.18428993648619513,0.015294746706303208,0.012272379351260725,0.012636494968603687
0.375,0.5049345169001994,0.3705374023412835,0.12452808075851711,0.015790362793029745,0.01492251329273533,0.010299707859295919
0.5625,0.379249963985868,0.5587391645121405,0.06201087150199149,0.014966999170899825,0.014979088841971125,0.007569060192697671
0.75,0.252262072572924,0.7432252079456385,0.004512719481437511,0.013954251204738024,0.013979370336063775,0.002133609760491447
0.0,0.7399955213394902,0.0,0.26000447866050974,0.014415578435212451,0.0,0.014415578435212451
0.1875,0.6242719222090081,0.1824369269030512,0.19329115088794074,0.015635089828356805,0.012048815003176923,0.012974473284171877
0.375,0.4888267711367929,0.37240028372013134,0.13877294514307564,0.015546301143779265,0.015236937602017948,0.011113796615699717
0.5625,0.39358625054185803,0.5581080413326436,0.04830570812549836,0.015433992494043989,0.015495103166727508,0.006658277444209879
0.75,0.2501844617382623,0.7435068814396477,0.006308656822089943,0.013887632991623412,0.013819322682068886,0.0024945061644659574
0.0,0.7398787717174957,0.0,0.26012122828250417,0.013823785994060856,0.0,0.013823785994060861
0.1875,0.6211063866153859,0.1828199152370592,0.1960736981475549,0.015687675522700888,0.012714013923524687,0.01238620210204117
0.375,0.5112145832192035,0.3710846736551736,0.11770074312562281,0.016147179294766972,0.015402342599628248,0.010275781426662833
0.5625,0.38587500359336524,0.5588842310313169,0.055240765375317885,0.015526838181413814,0.015876877519642573,0.007361646895519498
0.75,0.2506395291989592,0.7435683768037062,0.00579209399733458,0.01401358132853632,0.014197995647485544,0.002355707242833754
0.0,0.740493652373214,0.0,0.259506347626786,0.013851174243514548,0.0,0.013851174243514548
0.1875,0.5760842167983657,0.184921404431073,0.23899437877056112,0.015085005398181384,0.012090280392215096,0.013208231991857472
0.375,0.4990528122428476,0.371581918538732,0.12936526921842045,0.016644857904657546,0.01563401743061577,0.010623818102654059
0.5625,0.38201820946458975,0.5583666472885348,0.05961514324687555,0.01514252989132398,0.015461236016359509,0.007575393377431068
0.75,0.24635717347315716,0.7432317248458753,0.010411101680967504,0.013972845078278682,0.014156337936693198,0.0032715854396644533
0.0,0.7399865336035913,0.0,0.2600134663964087,0.014086317704605951,0.0,0.014086317704605951
0.1875,0.6104179582387387,0.1828972736441742,0.20668476811708694,0.015631606286553527,0.012748883440019353,0.012928282179522554
0.375,0.4852302563783101,0.37037033143323345,0.1443994121884565,0.015804049141203418,0.01510048631941962,0.01117196848305144
0.5625,0.395231144531856,0.5567341566879968,0.04803469878014722,0.015151122375702555,0.015269189841376155,0.006841848019880456
0.75,0.2463712452326846,0.7442281977680827,0.009400556999232647,0.013717010406652238,0.013885196048804425,0.002999247567051092
0.0,0.7403204266944154,0.0,0.25967957330558455,0.013729193462044478,0.0,0.013729193462044476
0.1875,0.6139104513201361,0.18219979661959826,0.2038897520602656,0.015400207546372273,0.012439306721016345,0.01317670376665226
0.375,0.5161643353713262,0.36912989392106627,0.11470577070760749,0.015226211763974,0.015306771571970149,0.009736087753842486
0.5625,0.3962102651839609,0.5575387985072063,0.04625093630883271,0.015745848506742797,0.01606158266294196,0.0065958725479181276
0.75,0.248535266104008,0.7436337860394028,0.007830947856589164,0.013457708357259695,0.013560826220351535,0.0027031614974958166
0.0,0.7396692286443223,0.0,0.2603307713556776,0.014160779424302243,0.0,0.014160779424302246
0.1875,0.5572970489353853,0.18435718252868896,0.25834576853592567,0.015218495883800713,0.012446269683695636,0.013470356386960432
0.375,0.49057934549822585,0.3706423178629666,0.13877833663880756,0.016004663267165046,0.015562184429571236,0.010917372947454191
0.5625,0.37737320019519915,0.557734069734024,0.06489273007077694,0.015141891897794512,0.015813389462630285,0.007925040577726757
0.75,0.2452684667590273,0.7446135084222346,0.010118024818737985,0.013373748758703055,0.013352247434446346,0.0031057599349086622
0.0,0.6570790507197872,0.0,0.34292094928021266,0.015053116208067175,0.0,0.015053116208067173
0.1875,0.6139597848087731,0.1823526098063724,0.20368760538485453,0.015485734441057835,0.01242208072318456,0.012971969092188075
0.375,0.5148948776456583,0.3705356533908981,0.11456946896344351,0.015434984760479423,0.015009263658706432,0.009879568757683223
0.5625,0.382119038532563,0.5571034685477407,0.06077749291969627,0.015288674182116881,0.015683855288590502,0.007244681518480506
0.75,0.24701859125975797,0.7431135258602686,0.009867882879973446,0.013047212592112766,0.013333901461940268,0.003139002096382183
0.0,0.7408736569516318,0.0,0.2591263430483682,0.013493376288023117,0.0,0.013493376288023117
0.1875,0.6283408694703142,0.183803257647802,0.18785587288188374,0.01592712584504822,0.01260952140428903,0.01247070602088063
0.375,0.49930686166296084,0.3723814784955096,0.12831165984152954,0.015795539467891428,0.015314284254284107,0.010902530045549998
0.5625,0.3687222474088721,0.557944960010646,0.07333279258048193,0.01489860389074177,0.015343396754809672,0.007952057285974088
0.75,0.24967391597028038,0.7430237112943319,0.00730237273538775,0.013599591715341718,0.013753239988533698,0.0027248709162340087
0.0,0.7400618745204922,0.0,0.25993812547950773,0.013391879704496557,0.0,0.013391879704496552
0.1875,0.6308435641574672,0.18290257108031568,0.18625386476221714,0.015212835186154417,0.011439362759776348,0.012947437429247585
0.375,0.512500467746801,0.3706607851171935,0.11683874713600531,0.015648260214897163,0.01512635888876283,0.01022862523451308
0.5625,0.3902221594979984,0.5580790335138529,0.05169880698814878,0.014844298421969075,0.015307051946178984,0.007205464879785576
0.75,0.24692631640538185,0.7433235816910028,0.0097501019036153,0.014050745002980362,0.014305123664373354,0.0031953252722240217
0.0,0.7410047227448987,0.0,0.2589952772551013,0.01380921981890401,0.0,0.013809219818904008
0.1875,0.611408386398121,0.18332259355440159,0.2052690200474774,0.015624856080518869,0.01196622689767509,0.012632305805286737
0.375,0.509145821614958,0.3698054889774535,0.12104868940758845,0.015864683387246694,0.015127082844523973,0.01050335111464309
0.5625,0.39258302853732335,0.5574640398710063,0.0499529315916703,0.015228357672154288,0.015713239737277264,0.006733810516629574
0.75,0.24734717662027694,0.7431406074493937,0.00951221593032942,0.014143315233594862,0.014227333656545197,0.0029834292382033586
0.0,0.7404642721155769,0.0,0.2595357278844232,0.013568510712848586,0.0,0.013568510712848593
0.1875,0.6155884144426667,0.1827298478665758,0.20168173769075748,0.015219945072638815,0.012236298466580484,0.012274631834254786
0.375,0.49858324806527415,0.36967744476242215,0.13173930717230367,0.015550704171181333,0.014860913058746702,0.010611105904656738
0.5625,0.3803514095869848,0.5581442216951017,0.06150436871791344,0.016317017247387364,0.016513298793022435,0.007647431357318564
0.75,0.22831431039697453,0.7452039050350684,0.02648178456795717,0.01345790956330622,0.013958892678167295,0.0051606406752782085
0.0,0.7398455323551629,0.0,0.2601544676448371,0.01368056098699909,0.0,0.013680560986999093
0.1875,0.6341831164902383,0.18450360463595877,0.18131327887380302,0.015160904782821817,0.012256008571118764,0.011915497989084298
0.375,0.4901623118076111,0.3703709589915968,0.13946672920079214,0.01596772420770375,0.014894892108780457,0.011201015629963243
0.5625,0.3843762447837658,0.5574152909482418,0.05820846426799245,0.015626346181808436,0.01608114496698315,0.007560365563867795
0.75,0.2465468761463534,0.743036714133619,0.010416409720027563,0.01394299990321579,0.014103699514974465,0.003349083180017829
0.0,0.7405012099589452,0.0,0.25949879004105486,0.014003512246162161,0.0,0.014003512246162163
0.1875,0.6137145134094899,0.18266756875821055,0.20361791783229946,0.015467034996203279,0.012665069352385101,0.013180533791485302
0.375,0.4952767164934378,0.370786415210221,0.13393686829634124,0.01582131811280617,0.015367743074047655,0.01092877886713384
0.5625,0.37875952997441015,0.5569241939727532,0.06431627605283669,0.015404966065133576,0.01607129886469767,0.007866017652871139
0.75,0.24415981251968263,0.7436034869038254,0.012236700576492043,0.014064058683788115,0.014230907419075942,0.003473659415682473
0.0,0.7408070912785042,0.0,0.25919290872149575,0.013614348508674294,0.0,0.013614348508674295
0.1875,0.6322901351740031,0.1827570699820155,0.18495279484398128,0.015766399750042872,0.012699943104127516,0.012188017218029696
0.375,0.5115969980930227,0.37070994346694386,0.11769305844003346,0.015964333305593964,0.015261684430649772,0.01039668700696643
0.5625,0.3863004575813699,0.5579325029624292,0.05576703945620096,0.015499480982741155,0.01622924664230998,0.00730931305854008
0.75,0.2538330087522609,0.7433898956933853,0.0027770955543536457,0.013546355455302563,0.01355671222460289,0.001707074943319176
0.0,0.6572884633889345,0.0,0.34271153661106524,0.015066894834385102,0.0,0.015066894834385102
0.1875,0.6163796392660142,0.1826677414496014,0.2009526192843843,0.015076228783670285,0.012528162633962047,0.012674961984506239
0.375,0.4901529321486197,0.37131068418629526,0.13853638366508506,0.016148482875129672,0.01580351928587002,0.010903328669242675
0.5625,0.37990070040125956,0.557327542132519,0.06277175746622136,0.015831865719760564,0.01616077715012707,0.00751680818160124
0.75,0.24479135088460663,0.7452422369499409,0.009966412165452443,0.01374246083682161,0.0140494741180967,0.003139149398198949
0.0,0.7402221862116406,0.0,0.2597778137883594,0.013843308742412208,0.0,0.013843308742412207
0.1875,0.5770497132053763,0.18421040159668953,0.2387398851979341,0.01575611484533564,0.012125114378701179,0.013658136450592764
0.375,0.4935427055559996,0.37105182136763326,0.13540547307636713,0.015905461621121265,0.015302624741709774,0.011082411036420391
0.5625,0.37559806231669257,0.5575755195068757,0.06682641817643178,0.01574434739460229,0.015675868471399228,0.007695089610976099
0.75,0.24735677198131287,0.7429162655607592,0.009726962457928024,0.013606963398824591,0.013927744448527467,0.003092896232505479
0.0,0.7400267256366474,0.0,0.2599732743633526,0.013902649460616172,0.0,0.013902649460616172
0.1875,0.5446293201453825,0.18310811444182348,0.27226256541279403,0.015583785743690716,0.012485010509597936,0.014077743980729245
0.375,0.5020291952621102,0.3703659093112764,0.12760489542661338,0.015934220076090272,0.015133883756156142,0.010778233442938814
0.5625,0.38762460728841236,0.5573572713944852,0.05501812131710249,0.015478968500245856,0.01564266649038389,0.007111595397043322
0.75,0.24561332866608046,0.7439317870523063,0.010454884281613185,0.013663830408187883,0.01384898897114828,0.003168980865565829
0.0,0.7403233091652693,0.0,0.2596766908347305,0.013944839464060407,0.0,0.013944839464060403
0.1875,0.6131768211571159,0.1825946686669596,0.2042285101759245,0.015588103923175216,0.01236220841064921,0.013149280717674244
0.375,0.49332887318653784,0.370377463683981,0.13629366312948116,0.015664661532536893,0.015220684753988478,0.010962607087483863
0.5625,0.38920483903110803,0.5589180708645395,0.051877090104352576,0.015195200819610068,0.01543400278097389,0.007135444152229053
0.75,0.24639196012370138,0.7435239197225574,0.01008412015374126,0.013589076710614609,0.01368558942993551,0.003101062591281002
0.0,0.7400291257387472,0.0,0.25997087426125287,0.013695639842910962,0.0,0.013695639842910964
0.1875,0.6216571907249572,0.18426119445110364,0.1940816148239391,0.015147279837286714,0.012067047154919788,0.012224519318760715
0.375,0.49218812138788104,0.37030049003387794,0.137511388578241,0.01597930271439042,0.014932437773322505,0.01096905482582157
0.5625,0.3806861293660486,0.5581845987382856,0.061129271895665596,0.014853445144642792,0.01530256885759962,0.00763189203340078
0.75,0.2490396169728984,0.7428726938682303,0.008087689158871243,0.013379960705943553,0.013501118070114249,0.002731618972426332
0.0,0.7405147192639414,0.0,0.2594852807360586,0.013354220885771075,0.0,0.013354220885771076
0.1875,0.6304665384568381,0.18425358562966704,0.1852798759134949,0.015012693708129188,0.012691580019431355,0.012001403149582097
0.375,0.49143041799058856,0.36918810411140657,0.13938147789800479,0.015943728890124884,0.015689578391005352,0.01119548731290125
0.5625,0.38485230190449987,0.5590174174292797,0.05613028066622042,0.015016676507901375,0.015469843553987877,0.007246793282020074
0.75,0.24539493461716622,0.7425074087794425,0.012097656603391172,0.01401829325984049,0.01419075528762523,0.0035125796556950274
0.0,0.7399250552167136,0.0,0.26007494478328624,0.014096861439057336,0.0,0.014096861439057334
0.1875,0.6160159787573701,0.18331147671862538,0.20067254452400446,0.015299857844623354,0.012104427910206158,0.012682279435793795
0.375,0.5163525841938424,0.3703607117888385,0.1132867040173191,0.016299872187765845,0.015714628819474667,0.010282636620760262
0.5625,0.3836266406508264,0.5578214338542937,0.058551925494879926,0.015847091646049426,0.016286994764958013,0.00728748688169198
0.75,0.24571761092542024,0.7443873366352449,0.009895052439334836,0.013195749333485737,0.013264884840620342,0.0032066460855195047
0.0,0.6575135401618186,2.9627017758439135e-06,0.34248349713640563,0.015088142734046215,5.4048465593680744e-05,0.015085157514997945
0.1875,0.5499029129436734,0.18250475697859964,0.267592330077727,0.015489383895714482,0.01243465763670669,0.013671241366891978
0.375,0.5188815527656382,0.36972060527298006,0.11139784196138172,0.015599565269666256,0.014990441883987859,0.009911730235196734
0.5625,0.3862912407905385,0.5574706366760368,0.0562381225334247,0.01564844376950459,0.016169443261960948,0.00745089533423195
0.75,0.2448464507786701,0.7433004810101557,0.01185306821117433,0.01393804626688592,0.01407263997008779,0.0034793540631373673
0.0,0.7400451691887517,0.0,0.25995483081124826,0.013722632563956163,0.0,0.013722632563956165
0.1875,0.6249429326142122,0.1837910683159642,0.1912659990698236,0.015354905166810767,0.012503384398470003,0.01225407725126673
0.375,0.502855274193286,0.37034636095518236,0.1267983648515315,0.016035214376411547,0.015773609802412467,0.010443545832156977
0.5625,0.38402681499912333,0.5576755677885996,0.05829761721227701,0.015586273592785476,0.0161462732084001,0.007489412568479687
0.75,0.24892313720888473,0.7429093262504134,0.008167536540701828,0.01358039899197788,0.013716060447085194,0.00278381077073263
0.0,0.740660570956006,0.0,0.25933942904399404,0.014115731072711923,0.0,0.014115731072711923
0.1875,0.6133045322298635,0.1827139960795031,0.2039814716906333,0.014983400223138783,0.011926317407666925,0.012741738178798832
0.375,0.49449778937680844,0.3704492667606751,0.13505294386251648,0.01589630232263989,0.015226585016161948,0.01099381829273917
0.5625,0.3778588095065496,0.5583059210508434,0.06383526944260705,0.015010538462563042,0.015632628342060802,0.0075317500729562845
0.75,0.24493706901998746,0.7440533836002977,0.011009547379714792,0.013242209651375715,0.013586171821026461,0.0033222875757089416
0.0,0.7394442247219161,0.0,0.26055577527808393,0.014175424901988799,0.0,0.014175424901988797
0.1875,0.6158651898638823,0.18315842954640962,0.20097638058970807,0.015142274511641034,0.012208553690891601,0.01265440826304541
0.375,0.45306402581584165,0.3707341114118902,0.17620186277226804,0.015892572384684615,0.01570670925591462,0.011824418295334916
0.5625,0.38088989067897727,0.5582190176949835,0.060891091626039284,0.015150242663142082,0.015541070989309966,0.007624163867837605
0.75,0.24721899842831918,0.7437682248910663,0.009012776680614447,0.013377266750655675,0.013516850136852311,0.003030802813967073
0.0,0.7402497784473203,9.891196834817012e-07,0.25974923243299625,0.013710337037108939,3.1263067515883504e-05,0.013710487388119275
0.1875,0.6110411654770075,0.1827992696622702,0.20615956486072234,0.015160890460981813,0.011954298816033592,0.013010830424852628
0.375,0.49073928363524655,0.370482111597394,0.1387786047673594,0.01560294795876537,0.015204028117717013,0.01107055257145261
0.5625,0.3904569842036412,0.5565574463475572,0.05298556944880148,0.015168607024187031,0.015672259896288763,0.0070743383817217405
0.75,0.2462505535236537,0.7436075706084937,0.010141875867852701,0.013564998623877868,0.013761436083643707,0.0032405833189212297
0.0,0.7400612973234281,0.0,0.2599387026765719,0.01395820394998163,0.0,0.013958203949981634
0.1875,0.63257922073982,0.18327363286710638,0.18414714639307356,0.01498714345687187,0.012505143285442827,0.01231691568865916
0.375,0.4973299464747817,0.3714107401494142,0.13125931337580407,0.01579764654438879,0.015554368800274098,0.010328963692160884
0.5625,0.403064015333499,0.5563271299677619,0.04060885469873901,0.015142390008697394,0.015533539022839066,0.006185273932381598
0.75,0.24889024581433744,0.7428292473467358,0.008280506838926619,0.01365313799924325,0.013834870271904774,0.0029285017398568963
0.0,0.7392768298223725,0.0,0.2607231701776275,0.013532593582032324,0.0,0.013532593582032331
0.1875,0.6309141442201177,0.18431611545666185,0.18476974032322038,0.01507387765432622,0.012513047691241792,0.012394694041131055
0.375,0.5189004432388501,0.37087400283307714,0.11022555392807272,0.016022333449259286,0.0157513735823413,0.009586495777822342
0.5625,0.396028786997298,0.557514990866825,0.04645622213587704,0.015696479555135423,0.016232667681282075,0.006669968692903772
0.75,0.24649735375590626,0.7435689526139534,0.009933693630140501,0.01391604012597068,0.014095935560175611,0.003041924078622493
0.0,0.7406020125082616,0.0,0.25939798749173837,0.013856027119102067,0.0,0.01385602711910207
0.1875,0.6316102631792618,0.1839065081065541,0.18448322871418413,0.0156881416608253,0.012753547912871118,0.012618831837962701
0.375,0.49176845912746947,0.3707115087373913,0.13752003213513928,0.015694271321542837,0.015056376067557343,0.010934263681819077
0.5625,0.3959680652336319,0.5572662450123416,0.0467656897540266,0.015826729151227615,0.016200104065749187,0.006524672772248646
0.75,0.25196281884607136,0.7427898641230833,0.005247317030845211,0.01360396187912758,0.013706996495818429,0.0022378350862060073
0.0,0.7403303028049452,9.813542688910695e-07,0.25966871584078594,0.013516331676847617,3.101762635776076e-05,0.013516196506858555
0.1875,0.6132016381833248,0.18286422787213846,0.2039341339445368,0.01500020613341419,0.012194503924605834,0.012553524814261946
0.375,0.4911717659110198,0.3701763773890551,0.13865185669992508,0.01622516912178052,0.015506296533009428,0.010407530195941928
0.5625,0.3778224438185358,0.5579536486222406,0.0642239075592236,0.015116125672156323,0.015578314655005756,0.008033821922699988
0.75,0.2488628113828524,0.7429411011246618,0.008196087492485625,0.014362123130703102,0.014431882470291833,0.002921098932973008
0.0,0.7398753031829393,0.0,0.26012469681706074,0.013658204783088487,0.0,0.01365820478308849
0.1875,0.6228523404562237,0.18295564246997492,0.19419201707380138,0.015146573255589109,0.012191385090082985,0.01230030873330104
0.375,0.5098456388190163,0.37136494712447154,0.11878941405651215,0.015941102859741256,0.014771391281955416,0.010132752014079949
0.5625,0.37721900588105384,0.5584223091468014,0.06435868497214481,0.014850353740797826,0.015228291876364135,0.0075497537442173815
0.75,0.24675853810030554,0.7430811827522968,0.01016027914739766,0.014354516113615564,0.014543473534748134,0.0031431825101792847
0.0,0.7405350862931938,9.689922480620155e-07,0.25946394471455814,0.013882269602044462,3.062690044433936e-05,0.013883234555920821
0.1875,0.6332836860808222,0.1831143105652995,0.18360200335387822,0.015289297794821148,0.012478946821486227,0.012674745328547898
0.375,0.5100549601566534,0.36991698163073206,0.12002805821261453,0.015202822199237713,0.015046222947906663,0.009913730189824126
0.5625,0.38486998412351503,0.5589579739880808,0.056172041888404176,0.01506785342246943,0.015520648363304163,0.007360478964361009
0.75,0.24636360378834501,0.7427730875911259,0.01086330862052905,0.013868086037754327,0.014023652631229044,0.00329353360688084
0.0,0.7399755958779624,0.0,0.2600244041220376,0.013510417032536465,0.0,0.013510417032536462
0.1875,0.6145955521539698,0.1831858801465096,0.20221856769952054,0.01571538199458038,0.012738848746853399,0.012790909451440265
0.375,0.5191130041007669,0.3709174869765234,0.10996950892270982,0.015428309049473956,0.015067569037655106,0.009451496273682115
0.5625,0.39424468364148324,0.5577502924788843,0.04800502387963255,0.01590050148134712,0.01618829066696109,0.0069868091693505215
0.75,0.247191909837554,0.7432058353842957,0.009602254778150254,0.013890043250980677,0.014090749495038671,0.0031374632086415234
0.0,0.7405511400487121,0.0,0.2594488599512879,0.013963510000628399,0.0,0.013963510000628395
0.1875,0.6197480862791367,0.18422300786381496,0.19602890585704838,0.015170308650976754,0.011912749830919384,0.012275363356432352
0.375,0.5175384575209715,0.37039100690162663,0.11207053557740188,0.016158921789947687,0.015697250980936633,0.010175624055488242
0.5625,0.38142320700848587,0.5583258659490654,0.06025092704244879,0.015107745959837679,0.015568279222809532,0.007582149979466287
0.75,0.2447021674660336,0.7433107632258443,0.01198706930812212,0.013762843364511718,0.014087638551441874,0.00340263982062381
0.0,0.7403867411823333,0.0,0.2596132588176668,0.013740016813218856,0.0,0.013740016813218854
0.1875,0.6146476884003352,0.1826738441831516,0.2026784674165131,0.015281817757339397,0.011457669925892791,0.012698993676702929
0.375,0.4741305679148047,0.3722412329962281,0.15362819908896722,0.015892599287303535,0.015385552721166372,0.011673761267982084
0.5625,0.3760289442736153,0.5583882371090662,0.06558281861731849,0.014961071396742708,0.014854254255214975,0.007829885075438126
0.75,0.2522811743737367,0.743995205901183,0.0037236197250802936,0.013964915390830005,0.013934077198320969,0.0018592403390223786
0.0,0.7410299423413058,0.0,0.25897005765869413,0.013753070362750452,0.0,0.01375307036275045
0.1875,0.6264272065512838,0.1837667035335168,0.18980608991519943,0.015244848323837117,0.012201019683754928,0.012538235158501677
0.375,0.4676760047064426,0.37036374348998485,0.16196025180357249,0.015576490966621554,0.014940565138063341,0.011742680213636239
0.5625,0.3803056532055927,0.5565543768867797,0.06313996990762775,0.015667920190856083,0.016491575531870972,0.0078570849328125
0.75,0.2464696411676746,0.7429385952215269,0.010591763610798431,0.013914135864471,0.01413142113183171,0.003242637829343996
0.0,0.7405175895936656,0.0,0.2594824104063344,0.013718442828578672,0.0,0.013718442828578672
0.1875,0.5755776357588861,0.18438650535943213,0.24003585888168175,0.015691750452680977,0.012331587252425768,0.013440401893341229
0.375,0.49089051856832466,0.37040792613515466,0.13870155529652065,0.01564916023301549,0.014829684729764576,0.011119215922744181
0.5625,0.38003693172945135,0.5574158479275604,0.06254722034298825,0.015410689452260493,0.015796569019282645,0.007645053899226904
0.75,0.24586707891355608,0.7433600209020835,0.010772900184360341,0.013228098507104871,0.01330438793457315,0.0031918740670352956
0.0,0.7400830234515434,0.0,0.25991697654845647,0.01402188065871501,0.0,0.01402188065871501
0.1875,0.6241161293676257,0.1842867303002965,0.1915971403320778,0.015442079321679436,0.012539706633735392,0.012340155678518608
0.375,0.5192649477704463,0.3719333542967239,0.1088016979328298,0.015574834397760582,0.01501087415390884,0.009703423075896564
0.5625,0.3535095544621418,0.5564539953559882,0.09003645018187001,0.015364821667547247,0.01598291917371192,0.008819668783840717
0.75,0.24518690823164616,0.7439952201076584,0.010817871660695443,0.013234711245725417,0.013524711311825399,0.003235492979638248
0.0,0.7399957432878437,0.0,0.26000425671215627,0.013706342629457462,0.0,0.013706342629457462
0.1875,0.6328291907513505,0.18267149805912908,0.1844993111895204,0.015456297287945387,0.012430609951807562,0.012554563016844678
0.375,0.4909960465065784,0.3699563935900216,0.13904755990339995,0.015757656853424284,0.015358771486198401,0.011032863158587756
0.5625,0.39327265582961385,0.5574724947375,0.049254849432886036,0.014998596287570802,0.015368510340253569,0.0069808436447821335
0.75,0.24700746556256417,0.7429946561901002,0.009997878247335583,0.014199681549706472,0.014467352955792873,0.002986748657678645
0.0,0.7402439467569171,2.0501311118155995e-06,0.25975400311197105,0.013949818781892087,4.5818837977053606e-05,0.013947612968193907
0.1875,0.6281268027919699,0.18251529609992906,0.18935790110810102,0.015472957435089627,0.012487239223816709,0.01240230475169394
0.375,0.49870575269839856,0.37023233941507,0.13106190788653152,0.01608016149046397,0.015676609908979032,0.01085145590486321
0.5625,0.3692454149895875,0.5573300987796533,0.07342448623075916,0.014831542219328564,0.015432458510026224,0.008116502670322524
0.75,0.24556162542660803,0.7439588196545976,0.01047955491879431,0.013606193658797719,0.013749392755786032,0.003248895216123967
0.0,0.7399537098218193,0.0,0.26004629017818076,0.013613059081759115,0.0,0.013613059081759114
0.1875,0.6174995423566185,0.18284237616251697,0.1996580814808644,0.015365556277567097,0.012362832191156234,0.012168992962201836
0.375,0.5164959195108226,0.3704307142249603,0.11307336626421716,0.0160278208678433,0.015114584265963965,0.009872864033788106
0.5625,0.38847381286675914,0.5563655334343363,0.055160653698904626,0.01576702151136898,0.016085731725050286,0.007175727307019873
0.75,0.24822908779768899,0.7426894397462308,0.009081472456080184,0.013952067836257413,0.014156638338525072,0.00300173994512107
0.0,0.7405838536681005,0.0,0.2594161463318994,0.013949418723997704,0.0,0.013949418723997707
0.1875,0.6172608748723919,0.18325566306890737,0.1994834620587007,0.015130305101939334,0.011900695726184069,0.012777491697009171
0.375,0.48864541558719804,0.3717533288031333,0.1396012556096686,0.01598106065217692,0.01511185137102346,0.011404296429536099
0.5625,0.38157664196204405,0.5577059060820856,0.0607174519558704,0.015080171181619507,0.015580333309524005,0.0076813354488482885
0.75,0.2464042250224806,0.7431896368382345,0.010406138139284885,0.014068025738659019,0.014233422250344805,0.003212007831778787
0.0,0.7404577592740318,9.98003992015968e-07,0.25954124272197615,0.014150825423825805,3.154387351153514e-05,0.014149316337768284
0.1875,0.6174646681041984,0.1839689613506524,0.19856637054514914,0.015702011398129007,0.012146087204905908,0.012834265198359654
0.375,0.4906912291951863,0.37159674809557325,0.13771202270924038,0.015220474183489534,0.015241351948830766,0.01067640859509728
0.5625,0.37893097476408205,0.5573485223482242,0.06372050288769379,0.014876629374511173,0.015319867468912132,0.007645566359911858
0.75,0.2501872591084303,0.7430548751514262,0.006757865740143357,0.013606559880573988,0.013763304031781456,0.0026188724145252817
0.0,0.7399055353697207,0.0,0.2600944646302793,0.014166851947752754,0.0,0.01416685194775275
0.1875,0.6178404054134483,0.18345775511085413,0.19870183947569756,0.015293001979323267,0.012100391776144396,0.012604045905515776
0.375,0.5076888054898364,0.37098998630929486,0.12132120820086865,0.016026766478799817,0.015232679362712992,0.01033972107707081
0.5625,0.379471647849657,0.5580206847413552,0.06250766740898779,0.015547625665725928,0.015528987862327401,0.007723258562988453
0.75,0.24578045374173502,0.743586146457847,0.010633399800417859,0.013688926818027018,0.013988891816211635,0.003316725707068578
0.0,0.7397737909772586,0.0,0.2602262090227414,0.013886510922661948,0.0,0.013886510922661948
0.1875,0.6197685485311625,0.18268453917832178,0.1975469122905158,0.01608387469975892,0.012374381088267564,0.012606093006624542
0.375,0.4583379554239349,0.3722964567561746,0.16936558781989045,0.0159082609609319,0.01567632442952131,0.01221019389052889
0.5625,0.3678544083319508,0.5586693325590878,0.07347625910896136,0.015195872750069483,0.01620277980856335,0.008175027287772198
0.75,0.24908972402668106,0.7429976182867742,0.00791265768654475,0.013898720894839185,0.014077721121139608,0.002729722003148189
0.0,0.7408101557254572,0.0,0.25918984427454284,0.013933547156541843,0.0,0.013933547156541841
0.1875,0.6329385823465163,0.1830706551097648,0.1839907625437188,0.014920741817717676,0.012140846170536774,0.012474776846972513
0.375,0.4932205308844207,0.37024903380748525,0.1365304353080941,0.015907120899157273,0.01577684145389264,0.010935612686509139
0.5625,0.35876088561601654,0.5585514854031273,0.0826876289808562,0.0155513352015814,0.016427432997163875,0.009052465985114656
0.75,0.24657652452236342,0.7432714347399424,0.010152040737694093,0.013419673199209987,0.01361099526328898,0.0031610255575787688
0.0,0.7395928820113868,0.0,0.26040711798861327,0.013956724486597684,0.0,0.013956724486597686
0.1875,0.6250130841198288,0.18257697241298795,0.19240994346718326,0.014800752582309482,0.012719869776454099,0.012191334140481251
0.375,0.4899968467470347,0.3718074803820915,0.13819567287087375,0.015500654254652555,0.015226601879436748,0.010790470879607451
0.5625,0.35602927621996083,0.5574700116647595,0.08650071211527971,0.014519656464891062,0.01539386968227842,0.008660930301339133
0.75,0.2518988127844016,0.7441180298231774,0.003983157392421006,0.01448313999473122,0.014550740283828993,0.001959553455585832
0.0,0.7407630515951987,0.0,0.25923694840480127,0.013465442241560184,0.0,0.013465442241560186
0.1875,0.6321344793215039,0.1829536673890236,0.18491185328947243,0.01545782684729162,0.012361059860823215,0.012334200808673815
0.375,0.48927742973571775,0.3718599077635192,0.13886266250076307,0.016713896769982223,0.016052785851382746,0.010540555780997864
0.5625,0.3804159889005199,0.5580387194949473,0.061545291604532766,0.015946754585089883,0.01615658765826873,0.007422449645766885
0.75,0.24930005778368572,0.7422999608516385,0.00839998136467575,0.013683191064298768,0.01396946617087623,0.0028566989320773966
0.0,0.7398067635316736,0.0,0.2601932364683264,0.013447796954336823,0.0,0.013447796954336823
0.1875,0.6281777452040905,0.18181211429138233,0.19001014050452716,0.014970966555946272,0.011751700175810795,0.011970176360390137
0.375,0.5071844665667927,0.37143562615990744,0.12137990727329986,0.016001141689011858,0.015486499762653044,0.010163251787346958
0.5625,0.3845131519805134,0.5579727274188871,0.05751412060059944,0.01574033675154653,0.015543951920695047,0.00743232672141579
0.75,0.24636149223512607,0.7428989101548578,0.010739597610016086,0.013732605815222879,0.013789946566425527,0.0032790038408893676
0.0,0.7410366155377157,0.0,0.25896338446228423,0.013812318145325606,0.0,0.013812318145325601
0.1875,0.6286751476094891,0.1836452648601348,0.18767958753037617,0.015388936988513843,0.012500203727719436,0.012234626622820696
0.375,0.4892912964087491,0.3706698012383101,0.14003890235294073,0.01633940435336444,0.015655917753790598,0.010892677456381932
0.5625,0.37777857995939673,0.5580994747498221,0.06412194529078116,0.0156446567038772,0.016256185446104035,0.00791147342170215
0.75,0.2517150802408879,0.7424187546654142,0.005866165093697911,0.013616083889376573,0.01375763175110082,0.0024213833396466346
0.0,0.7406589417051662,0.0,0.25934105829483384,0.013662775534020122,0.0,0.013662775534020122
0.1875,0.6252792083999561,0.18342117311241202,0.1912996184876319,0.014611889055755629,0.012484103087459208,0.012724273985763144
0.375,0.4961114916943624,0.3714378537649713,0.13245065454066626,0.01597781240665418,0.015206311971372356,0.010875115825794084
0.5625,0.35759467936170763,0.5597559969855069,0.08264932365278546,0.01483960283558823,0.015380774264055288,0.009084598248750667
0.75,0.24644965047866352,0.7432754506578575,0.01027489886347901,0.013689535582855983,0.013837901357895619,0.003340029408107852
fixed rate,success rate,failure rate,error rate,success std,failure std,error std
0.0,0.6558627537263342,0.0,0.3441372462736658,0.014869162363693284,0.0,0.014869162363693282
0.1875,0.6171807738905134,0.18280043774610463,0.2000187883633819,0.015164987088120875,0.011821022160905848,0.012499400995744607
0.375,0.46485510377183414,0.3697469017503589,0.165397994477807,0.015871003230700693,0.015035691202245037,0.012398620208812711
0.5625,0.39175871689544883,0.5576660662267328,0.050575216877818456,0.015265986722506746,0.015200280079728132,0.006850994617323225
0.75,0.24641068421411333,0.7438803555129048,0.009708960272981963,0.013642462934451358,0.013795496087072354,0.0031057815427250135
0.0,0.7408521191930022,0.0,0.2591478808069978,0.013493636437282137,0.0,0.01349363643728214
0.1875,0.6118258582822148,0.18259211398916853,0.20558202772861678,0.01604751441146176,0.012383062824360592,0.012928761547691795
0.375,0.4878562948708401,0.3711133371928784,0.1410303679362814,0.015603919546337134,0.014854452846538298,0.011257373735312208
0.5625,0.37780800492718336,0.5590896976162424,0.06310229745657439,0.015774543465863038,0.0160480969739484,0.0074776146808094605
0.75,0.2520463083638358,0.7434731897817459,0.004480501854418344,0.013984581951006133,0.014153963862206045,0.0021333002717124857
0.0,0.7408847578522063,0.0,0.25911524214779363,0.013997950841298833,0.0,0.013997950841298833
0.1875,0.618727402231947,0.1828133254215674,0.19845927234648555,0.015736444915229207,0.012047486476509233,0.012338844058417368
0.375,0.49786067906554704,0.3699936430189252,0.1321456779155277,0.015687392087364572,0.015038205672963479,0.011133765036166568
0.5625,0.39365844295721286,0.5581462919554521,0.048195265087335085,0.015699708830237136,0.016098316830315314,0.006759825866274921
0.75,0.24724479240403865,0.7428968091515185,0.00985839844444283,0.013428318035984639,0.013645335620029763,0.003100746792222053
0.0,0.7405658809455049,0.0,0.2594341190544951,0.014412872195990582,0.0,0.01441287219599058
0.1875,0.6271250020316502,0.18330983218072422,0.18956516578762558,0.015146800800365293,0.011802885024165603,0.01244136316628539
0.375,0.49270453162730554,0.3715787486687466,0.13571671970394786,0.015398638364834369,0.014975062502123795,0.010920872050195391
0.5625,0.3789263186595474,0.5570612138877359,0.06401246745271667,0.014430446024423536,0.01486149814621239,0.007488823416654168
0.75,0.23554587824364284,0.7432381142556491,0.021216007500708005,0.013953207831688722,0.014299780200052922,0.004550304411950333
0.0,0.7405935941710194,0.0,0.2594064058289806,0.014082005626122345,0.0,0.014082005626122347
0.1875,0.569109295679722,0.18410617087386885,0.2467845334464091,0.015547476992193028,0.012324705938079038,0.014018127518048264
0.375,0.5135417819263173,0.36959494480678123,0.11686327326690153,0.01550425192325891,0.014638982699627478,0.01006890773331396
0.5625,0.38161252071401514,0.5585673803612093,0.05982009892477559,0.015368811090619673,0.015639283613445944,0.007836721016287533
0.75,0.24522903171083482,0.7435105442667186,0.011260424022446548,0.013669769495476002,0.014146629172183485,0.003289877204923569
0.0,0.7394837879266405,0.0,0.2605162120733595,0.014337069277325407,0.0,0.01433706927732541
0.1875,0.6331417340092405,0.18417812257636784,0.1826801434143916,0.014907958115685682,0.0120992980816623,0.012386674491148573
0.375,0.5068153315536809,0.3722682920297108,0.12091637641660827,0.01565507672512493,0.015642367455213232,0.010114529274357065
0.5625,0.37704608379077287,0.5575548290692878,0.0653990871399394,0.015297225304162828,0.015963998245187225,0.0076640142643559835
0.75,0.24461888960587716,0.7437681166546977,0.011612993739425186,0.013689389850321303,0.013941274970337793,0.003327447947633263
0.0,0.7402502829908999,0.0,0.25974971700910016,0.013928708231719412,0.0,0.013928708231719412
0.1875,0.6119011381255935,0.1831099637680724,0.20498889810633403,0.015763470677008336,0.012447972370517061,0.013209216561148667
0.375,0.4707234517271105,0.3719466305103067,0.1573299177625828,0.015320409840423415,0.015109326963519881,0.011612093204898475
0.5625,0.38114908677278464,0.5578658393133065,0.06098507391390895,0.015832550561148497,0.016180194570140725,0.007233196118184578
0.75,0.2484407827080222,0.7429619831846649,0.008597234107312977,0.013200651731196278,0.013429502017116823,0.002838151790013578
0.0,0.6569866274965066,9.775171065493646e-07,0.34301239498638686,0.01454644389320031,3.089634531628369e-05,0.01454502508727813
0.1875,0.6119696908559147,0.18296356944432585,0.20506673969975941,0.01529395827380346,0.012304174396361243,0.01280874260041829
0.375,0.5125131515277614,0.3702559558934302,0.11723089257880821,0.015637756077401144,0.01520595522980612,0.01039190070167361
0.5625,0.3792450958079105,0.558780407316408,0.06197449687568159,0.015274743253430482,0.015644135364682038,0.007658560717701885
0.75,0.24013245040823342,0.7432515961781178,0.016615953413648712,0.013236169091527965,0.01345988289120352,0.004022837981366186
0.0,0.6563421264234095,0.0,0.34365787357659056,0.014584370148562347,0.0,0.014584370148562347
0.1875,0.628388931685665,0.1834728975817761,0.18813817073255887,0.015534011360926393,0.012282562231758753,0.012427714573731683
0.375,0.4855889648567511,0.37089263537969,0.14351839976355876,0.01579134060360518,0.015155251243655674,0.011266257983331689
0.5625,0.3956021784459472,0.5580255541920742,0.046372267361978685,0.01567111840654772,0.015778804072622693,0.006713166584550626
0.75,0.2455090526241869,0.7436047101926966,0.010886237183116482,0.013814815460816914,0.013777789125795777,0.003283900950099852
0.0,0.7409573959875456,0.0,0.2590426040124545,0.013594833206874237,0.0,0.01359483320687424
0.1875,0.618720148154215,0.18299974937969138,0.19828010246609362,0.015227161685397627,0.012773417798297547,0.012289216854141876
0.375,0.494939437061774,0.37114964221505,0.13391092072317592,0.01556382174378062,0.015312637814169063,0.010622204079554316
0.5625,0.38330936758456163,0.5565930509451951,0.060097581470243217,0.015480963326013774,0.015433404062541414,0.007413777518109832
0.75,0.23336835617496307,0.7453829741184672,0.0212486697065697,0.013231235127721749,0.013693860688995708,0.004438914307742679
0.0,0.7401715078571108,0.0,0.2598284921428893,0.01369933512302952,0.0,0.013699335123029526
0.1875,0.6281791393325697,0.18274808723478567,0.18907277343264456,0.014615441755698476,0.012101020856633782,0.012451269934184125
0.375,0.4920852032928152,0.37073549637402564,0.13717930033315914,0.016561163024251473,0.015723849537871495,0.010827419704852253
0.5625,0.399846344746884,0.5570142254126086,0.043139429840507434,0.01535781227919805,0.015332085254936536,0.0062142108079116555
0.75,0.24515826301961574,0.7439295759364227,0.010912161043961597,0.013699151915627938,0.014007884675112265,0.0032695673904904687
0.0,0.7397800154270312,0.0,0.26021998457296874,0.013320435677688126,0.0,0.013320435677688123
0.1875,0.6321866966919316,0.18311658691619065,0.1846967163918777,0.015314163530988745,0.011966343286958893,0.012306745095357808
0.375,0.5071280878542598,0.37137240575604685,0.12149950638969324,0.015590821800588088,0.015224035536783264,0.010262082899739167
0.5625,0.37674353918006653,0.5581370011205292,0.06511945969940416,0.015171425489105949,0.015830669571339002,0.00774003585361373
0.75,0.24658691697130877,0.7435040943227037,0.009908988705987462,0.0132547783269155,0.013431191959650772,0.0030961009140417794
0.0,0.7404861764751163,1.001001001001001e-06,0.25951282252388275,0.013704111841211905,3.163859985841664e-05,0.013703435771204777
0.1875,0.6263868320619818,0.1840003054896154,0.18961286244840278,0.015371674731039987,0.012118887015976904,0.01253788064166042
0.375,0.4903089564862969,0.3695043947718001,0.140186648741903,0.016158567990352053,0.015463559676321358,0.011146733975676887
0.5625,0.3801243002558184,0.5575755164821671,0.062300183262014426,0.015911164300570817,0.016077034687327477,0.00747532727066294
0.75,0.2476042611954307,0.7424708491143369,0.009924889690232459,0.013654538486369496,0.013963130694258351,0.003208954259726515
0.0,0.6565451846156577,0.0,0.3434548153843422,0.014057933920526882,0.0,0.014057933920526882
0.1875,0.6198873947275825,0.18401913909779333,0.19609346617462417,0.014681587309579133,0.01203517562377583,0.012755786457212568
0.375,0.48960072999101684,0.3700986080337473,0.14030066197523586,0.015005796820164742,0.014901701939466754,0.01139787711604442
0.5625,0.3848922710536207,0.5581466877293862,0.0569610412169931,0.01526136728293157,0.015610573318171837,0.007427472561042324
0.75,0.24692900382032912,0.7430539956505093,0.010017000529161489,0.013559530580960901,0.01363107534152929,0.0031185239408203793
0.0,0.7399661042530931,0.0,0.260033895746907,0.01360669686195883,0.0,0.013606696861958832
0.1875,0.6216173960485014,0.18328956563152685,0.19509303831997182,0.0153731027627358,0.012201628991025686,0.012755189132543535
0.375,0.5111697286784839,0.37031405453441835,0.11851621678709785,0.016049212444006124,0.015604452401016971,0.010033792628035438
0.5625,0.3791056513353253,0.5585283059759443,0.062366042688730305,0.01610557096604292,0.016657162359018516,0.007793123006766088
0.75,0.254644071817166,0.741816721463324,0.0035392067195098935,0.013840910920580353,0.013933159595741528,0.001910569253357028
0.0,0.7403514473480537,0.0,0.2596485526519463,0.013762272388122398,0.0,0.013762272388122401
0.1875,0.6125706816733737,0.18279067041583802,0.20463864791078828,0.01506458604789323,0.011561383673362888,0.012419758765553799
0.375,0.5114079459798339,0.37210972470145603,0.11648232931871005,0.01601756699522562,0.014970007612800084,0.010269022688708959
0.5625,0.39471663462855416,0.5565423038580277,0.04874106151341807,0.015598964268271174,0.015749285269653454,0.006834572659005431
0.75,0.2542588911119781,0.741871251958132,0.003869856929889938,0.01442038138293644,0.014531639620057275,0.0020380091218304393
0.0,0.7404953832809348,0.0,0.2595046167190652,0.014386515504368976,0.0,0.014386515504368978
0.1875,0.6143644711931056,0.1823282367129998,0.20330729209389456,0.015272886062990352,0.012294343590516317,0.013000065525207107
0.375,0.5177083021979181,0.37073376651132467,0.11155793129075721,0.016493604181951636,0.01579787952113249,0.009752252778717642
0.5625,0.3783234077018593,0.5588999179828485,0.06277667431529199,0.015239285432605757,0.015691776978283237,0.007450591973614193
0.75,0.2474254141459545,0.7430173813184301,0.009557204535615359,0.013330512987739579,0.013457674124169518,0.003019301467205852
0.0,0.7405717270863056,0.0,0.25942827291369447,0.013441379478201733,0.0,0.013441379478201735
0.1875,0.6171694866340902,0.18251054675190231,0.2003199666140075,0.01595748007406045,0.012813452894028245,0.01326230226517576
0.375,0.49501269659362096,0.3692704436758266,0.13571685973055245,0.0156671251695211,0.0154394278979796,0.011281004438039173
0.5625,0.33066159261317796,0.5599415697702026,0.10939683761661939,0.01514816054227716,0.01608377166845926,0.009778350677385748
0.75,0.24625704484744226,0.7442392828329112,0.009503672319646477,0.013655685406860362,0.013762885051526834,0.0030483207190356455
0.0,0.7400485949026556,0.0,0.2599514050973444,0.013973058189921,0.0,0.013973058189920999
0.1875,0.6144796620516968,0.18288440281044221,0.202635935137861,0.015329175768352719,0.012020669881065059,0.013140831591932743
0.375,0.5135407102481063,0.37100245974374274,0.11545683000815105,0.015296314573535872,0.014869130878291873,0.010029706527524546
0.5625,0.3890046196364467,0.5582293760078598,0.05276600435569356,0.01576998562495869,0.016264301774369508,0.0068409569848644665
0.75,0.24439270340067046,0.744171698150059,0.011435598449270537,0.013658879633667739,0.013819448513092586,0.0033737373196307016
0.0,0.7398045727032097,0.0,0.2601954272967904,0.013709883151506319,0.0,0.01370988315150632
0.1875,0.6144580657142731,0.18234947827858278,0.2031924560071441,0.01581552963253162,0.012234272631556119,0.012889848833352292
0.375,0.4786771812508711,0.3722389217997809,0.14908389694934793,0.016227057305166548,0.016085335835589434,0.011441978866919151
0.5625,0.37920431520274966,0.557041288634609,0.06375439616264124,0.015116057537607417,0.015597850159469365,0.008060279577848444
0.75,0.24802196490831568,0.7437413571600786,0.008236677931605683,0.013557230721656495,0.013780627451520417,0.002866173703459338
0.0,0.740477069221158,0.0,0.25952293077884203,0.013728908144955088,0.0,0.013728908144955088
0.1875,0.629017142769414,0.18230111084437986,0.18868174638620605,0.015250828355230487,0.012150996762441944,0.012373768695389043
0.375,0.5054092280115338,0.37054250122810883,0.12404827076035735,0.01606116232175938,0.015197326251823448,0.010416082799084856
0.5625,0.36745873597114764,0.557899393601343,0.07464187042750925,0.015731384529145066,0.016295743381010395,0.00859659395743674
0.75,0.24706549997080868,0.7433835726575698,0.009550927371621571,0.013546878956485667,0.013961735151821959,0.003028223498184338
0.0,0.6572403323403598,5.0230486874867374e-06,0.3427546446109527,0.015420614292582308,7.089330634214923e-05,0.015419676465937506
0.1875,0.6242980572567838,0.18295596817097118,0.19274597457224513,0.014814567250154224,0.012032073862945558,0.012173145144609165
0.375,0.5159318222676509,0.3703862857244269,0.11368189200792223,0.015663199708157795,0.014722331345869727,0.009858518229108097
0.5625,0.39383106661231015,0.557485681262412,0.0486832521252778,0.015220004013777445,0.015479716268641105,0.006828671020243308
0.75,0.24617633057650165,0.7435501153230728,0.010273554100425552,0.014038951752483543,0.014207692871150365,0.0031018431531780483
0.0,0.7408805163708524,0.0,0.25911948362914766,0.013694614456926829,0.0,0.013694614456926827
0.1875,0.6325735474721059,0.18283104367657377,0.1845954088513203,0.014569155664287969,0.01198408864923013,0.011645199481039767
0.375,0.49218590560821757,0.37146444030293785,0.1363496540888446,0.015923875751117773,0.01585808318397919,0.010838639574775955
0.5625,0.38578435609069606,0.5582826049776762,0.0559330389316277,0.015132378379034911,0.015314670998117392,0.007203049549947173
0.75,0.24762633543260448,0.7428113828915253,0.009562281675870282,0.014247226028738754,0.014427084499554313,0.003094604918109623
0.0,0.7403157367303222,0.0,0.2596842632696777,0.013733017897367573,0.0,0.013733017897367573
0.1875,0.6132843069729924,0.183092825414049,0.20362286761295845,0.015234728338330951,0.012049274472873397,0.013066796843442119
0.375,0.4944278704899342,0.3701786746855868,0.135393454824479,0.015605854147559696,0.015065834907739632,0.011054777305280985
0.5625,0.3813337293312869,0.5581361213980963,0.06053014927061675,0.015276343995423701,0.015743950700600716,0.007292356107185797
0.75,0.2481968808181151,0.7413592676143204,0.01044385156756449,0.013881975365203195,0.014014794513357303,0.0032280588772476203
0.0,0.73992299467655,0.0,0.2600770053234501,0.013545357855384549,0.0,0.01354535785538455
0.1875,0.6185062752241063,0.1824210165413115,0.1990727082345822,0.015093855924321092,0.01222661942780777,0.012378556593943804
0.375,0.49182731642630995,0.37157315115011386,0.13659953242357623,0.01643706545842364,0.015962292138342153,0.010686876288836389
0.5625,0.3835351297654568,0.5582302511347716,0.05823461909977161,0.015531124717038327,0.015601527054383385,0.00757511716221197
0.75,0.24563804684305207,0.7441541916097014,0.010207761547246378,0.013481218339283422,0.013925194721424172,0.003191841066989196
0.0,0.6566241764991227,0.0,0.34337582350087736,0.015498575200195774,0.0,0.015498575200195775
0.1875,0.632462300263599,0.18356488615716998,0.18397281357923095,0.015545334836474292,0.012585201441340238,0.012054856516023804
0.375,0.5080182065381683,0.3707342015598031,0.12124759190202855,0.01574119257689869,0.015213968617947035,0.010003818386010787
0.5625,0.3793178006407963,0.5579959872384357,0.06268621212076805,0.015866594963954504,0.015895428571375294,0.0075409312143140395
0.75,0.2453220297880288,0.7437423135495085,0.010935656662462665,0.014110562045155478,0.014366127163252335,0.0033276925768126226
0.0,0.740077413015912,0.0,0.2599225869840879,0.01362145635867402,0.0,0.013621456358674018
0.1875,0.6160747590912986,0.18365260886377613,0.20027263204492537,0.015382815769212497,0.01226601809733571,0.012480249855470572
0.375,0.494275697193622,0.3714815257949697,0.13424277701140824,0.01539155164844949,0.015133143544677152,0.011048289092697068
0.5625,0.39485078708384436,0.5584743176426024,0.04667489527355336,0.015109873964026178,0.01516495449472021,0.006679206429438727
0.75,0.24936850360141274,0.7424446289414527,0.008186867457134398,0.013957042267370493,0.014213929425005366,0.0027678137555678523
0.0,0.7407342717521813,0.0,0.2592657282478187,0.01375729790813456,0.0,0.013757297908134562
0.1875,0.6323713505454864,0.1831864408964858,0.18444220855802773,0.015049305806583394,0.012337444777095684,0.012186795807957253
0.375,0.4893462964106531,0.37130104394262675,0.13935265964672017,0.016174398053359948,0.015176906515547489,0.01124331232278567
0.5625,0.37647990424639294,0.5592451175081157,0.06427497824549136,0.015188327984526403,0.016225947570429063,0.007623768660066377
0.75,0.24573091114364973,0.7432132136525665,0.011055875203783696,0.013613248390019716,0.01382572244803923,0.003295850192916405
0.0,0.7402201165880048,0.0,0.2597798834119952,0.013801025650402147,0.0,0.013801025650402147
0.1875,0.6143702249080516,0.18236034211583924,0.20326943297610917,0.015420313663900172,0.0120936803842855,0.012594863884415025
0.375,0.4955831368361891,0.36995049281083286,0.13446637035297804,0.01631585300919019,0.015420222272473026,0.010778652151849324
0.5625,0.3763212783627062,0.5594104607251479,0.06426826091214591,0.014680007483647211,0.015663476388818733,0.008234254894490894
0.75,0.24935026371933627,0.7432779272987968,0.007371808981866778,0.013889405540108351,0.014075983228194686,0.002669998980078059
0.0,0.7402142613400644,0.0,0.25978573865993565,0.013878944790566115,0.0,0.013878944790566115
0.1875,0.6154620445439266,0.18286791300332222,0.2016700424527511,0.015674951156993827,0.012460312006228637,0.012692027739435419
0.375,0.507598218561332,0.3698080702769712,0.12259371116169675,0.015745835866155966,0.015316790583474897,0.01010180796593759
0.5625,0.3734924243821873,0.5593605749020638,0.06714700071574888,0.015784521927706113,0.016079058318565022,0.007668278132186592
0.75,0.24663312833896547,0.7430698648450259,0.010297006816008668,0.013221071896670735,0.013275479409951956,0.0032359142201320245
0.0,0.740982315081711,0.0,0.25901768491828886,0.013854447176317454,0.0,0.013854447176317461
0.1875,0.6128561290394985,0.18194856280057828,0.20519530815992323,0.015018918026791448,0.012132398127462467,0.012327168131606463
0.375,0.48234901131839625,0.37235439432439216,0.14529659435721162,0.015574922160133583,0.014708465484987665,0.011306018119064166
0.5625,0.394631253529974,0.5570646853395205,0.04830406113050552,0.01537350362617414,0.015823520877672897,0.007084509459998104
0.75,0.24531920639890284,0.7445412491167791,0.01013954448431799,0.014059816999887103,0.01418134023105977,0.0031412643000380993
0.0,0.739837688829115,1.0162601626016261e-06,0.26016129491072243,0.014227200896376429,3.212089558796567e-05,0.014226148212565796
0.1875,0.6293970998092521,0.18357164699412862,0.1870312531966193,0.015106542041870463,0.012417129763358138,0.012268009660273051
0.375,0.4792316243358274,0.37175685612074655,0.149011519543426,0.015372541476575782,0.015105488474979875,0.01122940902024936
0.5625,0.3740332557899509,0.5589851734315214,0.06698157077852772,0.015264511801959308,0.015626971330538912,0.008202577425096457
0.75,0.24465598700931693,0.7439503061239384,0.011393706866744669,0.013366405786998856,0.013272240349940938,0.0031640612510098172
0.0,0.7405535778381086,0.0,0.2594464221618915,0.01357871911194707,0.0,0.01357871911194707
0.1875,0.6341023362492824,0.18334357205388846,0.18255409169682915,0.01477671613426126,0.012029491035721101,0.01224900285930809
0.375,0.5032281581107074,0.3702342684211459,0.1265375734681466,0.01570674236310325,0.015022461318329076,0.010783526171453648
0.5625,0.3749075225085999,0.5585981536601987,0.06649432383120149,0.015402088016710945,0.015521879740795342,0.007815836492376691
0.75,0.24684050413042985,0.7435729687590618,0.009586527110508463,0.013700656083112626,0.014095647863334134,0.0031479328901737134
0.0,0.7405055343076568,0.0,0.2594944656923433,0.01413011422405674,0.0,0.014130114224056741
0.1875,0.6114193864959069,0.18285135677196782,0.20572925673212522,0.015763529529556498,0.012357602528510708,0.013012450934379702
0.375,0.5067526159723607,0.37061755555879106,0.12262982846884823,0.016086507728406994,0.014527315476175584,0.010146296304547955
0.5625,0.36259502077260514,0.5580009227859194,0.0794040564414754,0.014762196948246922,0.014927469842826177,0.00840126798614205
0.75,0.24629434274712622,0.7432661148825211,0.010439542370352653,0.013188574846792665,0.013429488236910958,0.003149318667897084
0.0,0.7395817281724919,1.0384215991692628e-06,0.260417233405909,0.013901922775494317,3.282135125499295e-05,0.013901479267790768
0.1875,0.6276958853752267,0.18406352010034216,0.1882405945244312,0.015201412001844383,0.01237023836243262,0.012439127502025783
0.375,0.4990027878685593,0.37060184242765193,0.1303953697037888,0.014940219333498803,0.014556448621644293,0.01055003472024617
0.5625,0.3754136994673206,0.5589514407082717,0.06563485982440762,0.015178584919633947,0.015559638717390648,0.0076110975801174496
0.75,0.24634523822311188,0.7440353310006206,0.009619430776267588,0.01382824981147459,0.013993546314232438,0.0029553659293886964
0.0,0.7395939459427747,0.0,0.26040605405722533,0.013626301334374093,0.0,0.0136263013343741
0.1875,0.6254529380776526,0.18277922879340122,0.19176783312894616,0.015376149334326336,0.012245567836485957,0.012606546484740536
0.375,0.48918960692384733,0.37032855554704336,0.14048183752910928,0.01575340885833734,0.01518861287719187,0.011364532446627114
0.5625,0.3905324612447227,0.5581137051218311,0.05135383363344616,0.015230549426460177,0.015362084296354715,0.00711004208031721
0.75,0.24598791169909043,0.7432242801450336,0.010787808155875836,0.01324108650148726,0.013261168948610976,0.0032947435474768964
0.0,0.6575884679580739,0.0,0.34241153204192604,0.014796037125474797,0.0,0.014796037125474795
0.1875,0.6226897578223067,0.18337485185341437,0.19393539032427878,0.015437228851679146,0.012077944933008273,0.012902083472298466
0.375,0.49049703568899233,0.3700300665372825,0.13947289777372515,0.015437356609603207,0.015419698791999534,0.010670761076899318
0.5625,0.37689809345502284,0.5582772317467715,0.06482467479820578,0.01532662393698552,0.015626797398081538,0.007913717019769994
0.75,0.25187214520000095,0.7424529861018675,0.005674868698131455,0.01392559018969309,0.014048598020097568,0.0023728230824240954
0.0,0.7403675945297103,0.0,0.25963240547028954,0.014486533645969558,0.0,0.014486533645969558
0.1875,0.6122800110081879,0.18301913842255427,0.2047008505692578,0.015120599462404096,0.012219532408800008,0.012982777654737135
0.375,0.5139990367013458,0.3699273236477839,0.1160736396508703,0.01595396512162734,0.015641925357964156,0.009924721997313255
0.5625,0.36627337663850323,0.5574746996142336,0.07625192374726318,0.015635596577422767,0.015923442575931753,0.008154869220148535
0.75,0.24578670204612796,0.743052134441816,0.011161163512056167,0.013371248443161595,0.013383469695437564,0.0033181005106340715
0.0,0.7398389534127116,0.0,0.2601610465872883,0.01400963629853767,0.0,0.014009636298537667
0.1875,0.6247765006372101,0.1830515849682943,0.19217191439449566,0.015664151928555727,0.012012580709199661,0.012881988437196325
0.375,0.5057138346113513,0.37006948918523946,0.12421667620340918,0.01562492834608147,0.015249776057268108,0.01067058967547063
0.5625,0.3777055293937465,0.5583083920969013,0.06398607850935215,0.01530103215567177,0.015514391282186636,0.007773774369173657
0.75,0.24544391685743994,0.7437192961027067,0.010836787039853257,0.013715690645970658,0.013739848196245429,0.003329224355753832
0.0,0.7399467277653933,0.0,0.2600532722346069,0.013550956123462313,0.0,0.013550956123462311
0.1875,0.6112999943208202,0.18300701648844772,0.20569298919073215,0.01533062465704742,0.011944946206181611,0.013038959096491432
0.375,0.4841949488238613,0.37068643451478406,0.1451186166613546,0.015496398635245174,0.014877528967644962,0.010883933962981644
0.5625,0.37846048657138587,0.5579591134601753,0.06358039996843881,0.014890415553454224,0.015583464725417166,0.007821650003689872
0.75,0.24597365283752642,0.7432899805605744,0.010736366601899139,0.013605251305980675,0.013740263983197864,0.003285282892653105
0.0,0.740039771106764,0.0,0.25996022889323606,0.013582654448369208,0.0,0.013582654448369208
0.1875,0.6159676736639544,0.1823952151900224,0.20163711114602306,0.0148842224287938,0.012387764179234942,0.011984002643981704
0.375,0.49389534018372117,0.36937152737419343,0.1367331324420854,0.015407514289897997,0.015107552187349445,0.011092469009150258
0.5625,0.3592005941852668,0.5589389377010011,0.08186046811373208,0.015622691264842895,0.015691057225357463,0.008764272514284565
0.75,0.24534237299749623,0.7435998290241012,0.011057797978402605,0.013241763957776287,0.013399007665173018,0.003393952716993312
0.0,0.7404373314049818,9.92063492063492e-07,0.2595616765315261,0.013607185570658955,3.135611235968078e-05,0.013607412584665728
0.1875,0.629575833035829,0.18319276103738283,0.1872314059267882,0.015563365494557104,0.012163482385020135,0.012122551014552764
0.375,0.49443139389737234,0.37109090522587146,0.13447770087675623,0.01597161301471963,0.014826106276860932,0.01082263630138745
0.5625,0.3749852361701023,0.559024430014852,0.06599033381504558,0.014621483751503506,0.015002471437573347,0.00764203650942675
0.75,0.2458056453946914,0.7436754709655731,0.010518883639735561,0.013771672755140258,0.0139499534051886,0.0030847104796021215
0.0,0.740186853043194,0.0,0.259813146956806,0.014094678919747408,0.0,0.014094678919747411
0.1875,0.6280537665605114,0.18269175930664658,0.18925447413284213,0.015325772915907688,0.012248837971843937,0.012091655844639832
0.375,0.5114048382431043,0.37052866008710256,0.11806650166979314,0.01577903133932729,0.015414104204385987,0.010304378384347914
0.5625,0.3794373147856891,0.5580280913160736,0.06253459389823732,0.01537946824451548,0.015424084655578435,0.007759724809830062
0.75,0.24947050899571388,0.7433644058086314,0.0071650851956547,0.013988076193618627,0.014209832699187309,0.0026797026621150203
0.0,0.7398854913472201,0.0,0.26011450865277974,0.013730484979987797,0.0,0.013730484979987797
0.1875,0.606971064659711,0.18332321463784923,0.20970572070243976,0.015315757114003285,0.012022898611155769,0.013104091648447528
0.375,0.5045652792211254,0.3707013040654003,0.12473341671347436,0.015768299681685638,0.01529499181146523,0.010137898372520354
0.5625,0.3903399850561083,0.5585124601320132,0.05114755481187848,0.015750362663034232,0.01598914401479191,0.0068696335386457625
0.75,0.24069770914717475,0.7423833196957045,0.01691897115712078,0.013781821636509099,0.013870734272242329,0.0040814538978067695
0.0,0.740003649291734,0.0,0.25999635070826593,0.01413543656717509,0.0,0.01413543656717509
0.1875,0.6279904666388787,0.18320753185838912,0.18880200150273213,0.014720769756894105,0.012211459514292774,0.01211775351141986
0.375,0.489154035846862,0.3712358303944874,0.1396101337586506,0.01572396117077028,0.015469346175899337,0.010910694180205795
0.5625,0.385122448492593,0.558512093547698,0.056365457959709056,0.015845545225010395,0.01622598047843622,0.007574999697305148
0.75,0.24564719870557059,0.7444561454328158,0.009896655861613635,0.01380765636489147,0.013872992920257284,0.0031316183345742417
0.0,0.6576691627611849,0.0,0.3423308372388151,0.014828874478758676,0.0,0.014828874478758676
0.1875,0.6152159840016036,0.18202394354110857,0.20276007245728792,0.015248261718902053,0.012218734148233344,0.012402252275111735
0.375,0.5096336432090562,0.3711750715941574,0.1191912851967862,0.015892929384673037,0.015189561369041432,0.010607014846963478
0.5625,0.3896350184410792,0.5574121575789331,0.05295282397998759,0.01529866114471108,0.015335661222521921,0.007449309054352534
0.75,0.22744125722166592,0.7440433703574566,0.028515372420877448,0.013515703204237173,0.013922372256070884,0.005105694345484802
0.0,0.7400564321743056,0.0,0.25994356782569433,0.01373987889361871,0.0,0.013739878893618709
0.1875,0.6149653116576497,0.18247007533055137,0.20256461301179907,0.01560847830601119,0.011990028569298988,0.012650032829053129
0.375,0.4908407142653338,0.3704052498466946,0.1387540358879716,0.015748636069821454,0.015360393251223495,0.010900891395219279
0.5625,0.3884679310764717,0.5576480222778496,0.05388404664567877,0.015600001022135174,0.01576472038700666,0.00705610820716223
0.75,0.251516093920466,0.7439235052135832,0.0045604008659507235,0.013757675063945143,0.01370569751304121,0.0020759643959847346
0.0,0.7409557330798667,0.0,0.2590442669201332,0.01417876327702027,0.0,0.014178763277020268
0.1875,0.617916765194465,0.18216393113026724,0.1999193036752677,0.015656117709647456,0.012481266472088455,0.012479736332509359
0.375,0.4904223403927406,0.3714675126005883,0.13811014700667104,0.015394431941868139,0.014837101525218476,0.010724817070148114
0.5625,0.3798528003874461,0.558918425347367,0.06122877426518688,0.015286963410044974,0.015106700320937635,0.007428811341410786
0.75,0.24684063344036428,0.7435079780593391,0.009651388500296648,0.013496510992621997,0.013827778229611048,0.0031301976399029873
0.0,0.7392361649528325,0.0,0.2607638350471675,0.013952941367345017,0.0,0.013952941367345014
0.1875,0.6320707795669867,0.18391120427506377,0.1840180161579496,0.015409322070785578,0.012472799860968869,0.012241869920469405
0.375,0.5051347765746107,0.3701699022456157,0.12469532117977365,0.015725659769398142,0.015116672107261375,0.010136569265149002
0.5625,0.3785792984329498,0.5590586725939729,0.06236202897307734,0.0159712759930369,0.01590441433739237,0.007718567139376712
0.75,0.2523931170456085,0.742961534277984,0.004645348676407531,0.013697833251679403,0.0137233760330115,0.0022250249989394085
0.0,0.7407644998471896,0.0,0.2592355001528103,0.013485611830810484,0.0,0.013485611830810484
0.1875,0.6253994832498684,0.1813826499990006,0.1932178667511311,0.015258161099575385,0.011932938468345594,0.012552638541694333
0.375,0.4899477372339485,0.3716514805034186,0.13840078226263283,0.01583108641241588,0.01570255008619867,0.010623366231125676
0.5625,0.3944040928085268,0.5574285360006395,0.04816737119083369,0.015528774649724835,0.01588101151289432,0.0068318074070479245
0.75,0.24988765902275265,0.7438600616649569,0.00625227931229041,0.013875644393088188,0.013945491598171936,0.0024445606885683644
0.0,0.740964961948016,0.0,0.25903503805198397,0.013810664210720249,0.0,0.013810664210720247
0.1875,0.6210377913501384,0.18310176869667305,0.1958604399531887,0.014957581199482407,0.012142201623520595,0.012093298289120192
0.375,0.5113042375766266,0.3706454486557736,0.1180503137675999,0.015282436006551586,0.014617164960964426,0.009870412831892864
0.5625,0.38538861929517676,0.5595783750389433,0.05503300566587999,0.01595009110459244,0.01657376676005954,0.007306443772468145
0.75,0.25007228684492067,0.7440667437680883,0.0058609693869909885,0.013687077503260012,0.013736738437399663,0.002470010061414369
0.0,0.739735097060993,0.0,0.2602649029390069,0.014564776630454362,0.0,0.014564776630454362
0.1875,0.5770936397359954,0.18431217891588017,0.2385941813481244,0.015567825853610474,0.012336302338884225,0.013431493699837328
0.375,0.5002769068063025,0.3706208288197907,0.1291022643739068,0.015278514143458276,0.015433317623674385,0.010609762485332573
0.5625,0.3822982886353299,0.5584024330569644,0.059299278307705754,0.015153466685606147,0.015542344229680033,0.007203009874904062
0.75,0.2461845149152094,0.7435459375877425,0.010269547497048183,0.013555564675633363,0.013849606208698165,0.003243979909971538
0.0,0.7403381736717786,0.0,0.25966182632822143,0.013846018340604433,0.0,0.013846018340604435
0.1875,0.6106708084069882,0.18307794646281486,0.206251245130197,0.01541233903918582,0.011630129431720655,0.012831920966342494
0.375,0.48518591022942587,0.3704443204951243,0.14436976927544978,0.015648390573260517,0.015326642856112484,0.01118542069651633
0.5625,0.39472061789929,0.5573663866501902,0.04791299545051976,0.015410384287424073,0.01576749609102722,0.00698171031389306
0.75,0.24758757073914217,0.7429520956028408,0.009460333658017057,0.014306273382806253,0.014407631950292222,0.0029764913867953904
0.0,0.7398683449255753,0.0,0.26013165507442465,0.013904554926557736,0.0,0.013904554926557735
0.1875,0.6145505433459277,0.1820240689607608,0.2034253876933115,0.015509256148602688,0.012172125150171522,0.01228265567142854
0.375,0.5155012567169929,0.37093017609864204,0.1135685671843651,0.01565910745656709,0.014606017356857176,0.009822341928170336
0.5625,0.3963216401860866,0.5572300744586637,0.04644828535524978,0.014928301180008577,0.015352013718702408,0.006681368310053254
0.75,0.24838547312801246,0.7433187113494851,0.008295815522502352,0.013104949870540672,0.013281892427014885,0.002956117181214999
0.0,0.741271326037755,0.0,0.258728673962245,0.014504021943859732,0.0,0.014504021943859734
0.1875,0.5563818809831105,0.18452702868118945,0.25909109033570005,0.01563925799234863,0.012315771946118884,0.013957845692515184
0.375,0.49095818592938567,0.3704617935537246,0.13858002051688978,0.01633176348792213,0.01554288772033846,0.010615197522560111
0.5625,0.3765055422923422,0.559181224294974,0.06431323341268394,0.015057879441208092,0.015284931819599784,0.007616972059175964
0.75,0.2457626723791313,0.7441515816628094,0.010085745958059292,0.013959062683803583,0.013985857652039165,0.0030476852590793995
0.0,0.657211800591356,0.0,0.3427881994086439,0.014796548817391234,0.0,0.014796548817391232
0.1875,0.6138630793202212,0.18300904580723573,0.20312787487254294,0.016044236505797366,0.012551135538314589,0.012625383773429534
0.375,0.5150594571265821,0.37015296714089696,0.114787575732521,0.01599814006295708,0.015445247235971352,0.010240145961032524
0.5625,0.3812713114930547,0.5576389563957026,0.06108973211124268,0.014644740494606082,0.01495929004606021,0.007689709212613659
0.75,0.24643442596326492,0.7438008009211846,0.009764773115550457,0.013511791287728865,0.013606379605094447,0.0030847446682028576
0.0,0.740096729711659,0.0,0.259903270288341,0.01353234884046683,0.0,0.013532348840466828
0.1875,0.6278778316971486,0.1842886989349852,0.18783346936786616,0.015046899187571017,0.012295886329557968,0.012109686024650556
0.375,0.5015731531204465,0.36993821997006615,0.12848862690948742,0.016100155611288344,0.015392951848769805,0.010537167925718755
0.5625,0.36840093722616774,0.5589755391401677,0.07262352363366464,0.015497034697384397,0.015730467948368743,0.008151530546013395
0.75,0.2488365016582713,0.7436064864486778,0.007557011893050914,0.01399404782708108,0.014165099903932384,0.002708562044350618
0.0,0.740451115071186,0.0,0.2595488849288139,0.01400387580428743,0.0,0.014003875804287429
0.1875,0.6315832101717297,0.18235649108983562,0.18606029873843472,0.014568034547826703,0.011654807572832413,0.012416829823072873
0.375,0.5133874041675913,0.37044427237856237,0.11616832345384634,0.015294516403153728,0.015117047725374937,0.009968643626958993
0.5625,0.39006697896192294,0.5581465045549505,0.051786516483126675,0.01589449655203626,0.016361077995533192,0.007083442423480592
0.75,0.2466119600349783,0.7436444395069312,0.0097436004580906,0.013683886934228692,0.013930814851841623,0.003164820345557822
0.0,0.7399948201317145,0.0,0.2600051798682855,0.013819901282500224,0.0,0.01381990128250023
0.1875,0.6111245768549284,0.1832429531319679,0.20563247001310378,0.015455207904188266,0.012556587522161803,0.012528010611612446
0.375,0.5085323929600768,0.36945946650705,0.12200814053287307,0.01574126159253472,0.01571399489073446,0.010194498681913858
0.5625,0.3925530949278733,0.5577360637292709,0.04971084134285577,0.016146435556489716,0.01621046885037849,0.006924751364400196
0.75,0.24736401977013758,0.7431006416430183,0.009535338586844208,0.013505515660321899,0.01355068976109975,0.003157647631964131
0.0,0.7402649655775018,0.0,0.2597350344224982,0.014177988434759509,0.0,0.01417798843475951
0.1875,0.6138674413854196,0.18348406432851716,0.2026484942860633,0.014968258551953937,0.012279734729786579,0.012681601126210007
0.375,0.4970481558372759,0.37009732442608756,0.1328545197366366,0.015953603399277642,0.01520721864389225,0.010900704955744064
0.5625,0.3810109798233225,0.5578275685442886,0.06116145163238882,0.014981684194845994,0.015236272978372477,0.007482378215588856
0.75,0.22854306253757714,0.7446503830954089,0.02680655436701401,0.012623761596051882,0.013285441536399685,0.004833592109236497
0.0,0.7406671033085581,0.0,0.25933289669144194,0.013361891681314056,0.0,0.013361891681314055
0.1875,0.6347987216297197,0.18375703813857608,0.1814442402317042,0.015191385233602556,0.012621010572474873,0.012083281481814982
0.375,0.48935478676592187,0.3710701008394567,0.13957511239462145,0.01586374016989203,0.015286032148827138,0.010885846309338691
0.5625,0.3845187702623399,0.5572352640826032,0.05824596565505689,0.015529039142626617,0.015750996680644586,0.007389210712620849
0.75,0.2471201786285348,0.7425312877337908,0.010348533637674455,0.013381335505331991,0.013558764858183055,0.0032060859780048247
0.0,0.7402040571800353,0.0,0.2597959428199647,0.013303853664708513,0.0,0.01330385366470851
0.1875,0.6126829035670023,0.18210148162853285,0.2052156148044649,0.015228791211821899,0.012191872943332013,0.012880582788753535
0.375,0.4942698326538058,0.37159292880772804,0.13413723853846618,0.01581888182674394,0.015788164520886452,0.010556382867590986
0.5625,0.3765360378228239,0.5581467527797058,0.06531720939747027,0.015018528532316932,0.01557708708812105,0.00798091027019201
0.75,0.24380703093456446,0.7440441002380545,0.012148868827381136,0.013973216155961796,0.013912035960326042,0.0034110099210852758
0.0,0.740285923295255,0.0,0.259714076704745,0.014159375573684505,0.0,0.014159375573684503
0.1875,0.6322934496932179,0.1825036736825333,0.1852028766242489,0.015241190960909682,0.011844720236146175,0.01263008168068144
0.375,0.5115917597088229,0.3704062131384228,0.11800202715275433,0.01638008390094863,0.015625810972156786,0.010442244733338883
0.5625,0.38495897408381596,0.559302142786644,0.05573888312953991,0.015527001384916646,0.015890425179303228,0.007371149499894328
0.75,0.2536592573755657,0.7435922664065331,0.002748476217901179,0.013927637020089421,0.01388954130424339,0.0016365333784389006
0.0,0.6560676625206183,0.0,0.34393233747938157,0.015088028745241422,0.0,0.01508802874524142
0.1875,0.6165202237427315,0.18229194674610608,0.20118782951116226,0.015441206306348829,0.012497404187597743,0.012567837788373164
0.375,0.4905004458617366,0.3707518363993523,0.13874771773891115,0.015555409080315524,0.01481100555163971,0.010645091124027018
0.5625,0.3791428973699633,0.5578474256284537,0.06300967700158296,0.015682075235651446,0.016073250660365558,0.0073894677247394736
0.75,0.24647447339188672,0.7434749127645607,0.010050613843552535,0.014050125558696511,0.014090818332865197,0.003131734608485587
0.0,0.740172565392327,0.0,0.259827434607673,0.014536189422593085,0.0,0.014536189422593085
0.1875,0.5773271662971703,0.1839405201944901,0.2387323135083396,0.015777119583924464,0.012160758380006,0.013201183940047852
0.375,0.4937672171275839,0.3706470146364363,0.1355857682359798,0.015391047129849775,0.014728178980707675,0.01076365818759618
0.5625,0.3738443327861794,0.5587108499860074,0.06744481722781319,0.015867887817654806,0.016253341411750312,0.008006830878013653
0.75,0.24689019954804808,0.7434913235304993,0.009618476921452644,0.01412457589586857,0.014407770643818131,0.0031632336767670934
0.0,0.7406071651447327,0.0,0.2593928348552674,0.013799641681695573,0.0,0.013799641681695573
0.1875,0.5437217652041788,0.18380070511955746,0.2724775296762637,0.015561497386616767,0.011705167176806088,0.013633442021414111
0.375,0.5014313996899399,0.3705903929743151,0.12797820733574491,0.01560414533878916,0.014901565368807494,0.010399906378887694
0.5625,0.38752901990596667,0.5572713538639027,0.05519962623013059,0.015828871323412208,0.015769232072301912,0.007241665608598688
0.75,0.2464580208184834,0.7432558088106768,0.010286170370839837,0.013451044415830532,0.013563191613241618,0.0032015847034937237
0.0,0.739926536107663,0.0,0.2600734638923371,0.014285975284316684,0.0,0.014285975284316684
0.1875,0.6128472392495817,0.1831509997394512,0.20400176101096695,0.015458637833220375,0.012187975436183197,0.012994746308282895
0.375,0.49423942891497463,0.3692876805726622,0.13647289051236305,0.015262555423439055,0.0149681160567076,0.010949728242011712
0.5625,0.38973319592345557,0.5575432561177615,0.05272354795878302,0.015842489734753225,0.01601193035253672,0.006919852600263912
0.75,0.24611210758034027,0.7438364977838436,0.01005139463581601,0.01340904248510515,0.0135289758932434,0.0030957744623379235
0.0,0.7394319118996803,0.0,0.26056808810031973,0.014271319296072298,0.0,0.014271319296072298
0.1875,0.6237018682759098,0.18311944710336933,0.19317868462072088,0.015346763968909357,0.011966397938243214,0.012032727007144455
0.375,0.49259959183866864,0.36903766491061335,0.13836274325071804,0.01526092472389225,0.015387175440974577,0.010537288592953418
0.5625,0.38131423388296154,0.5572374216900157,0.061448344427022746,0.015414663750731491,0.015902539318178574,0.007890441586561497
0.75,0.24849505606302427,0.7434570236936934,0.008047920243282394,0.013351017555234448,0.013415046494700305,0.002827080631055451
0.0,0.7400013550195848,0.0,0.2599986449804153,0.013882139681785078,0.0,0.013882139681785078
0.1875,0.6306187749031549,0.18382385449245844,0.18555737060438668,0.015182311899720498,0.012373348408298426,0.01261713460444146
0.375,0.49150925588706396,0.3701600003929119,0.13833074372002416,0.01615370561308105,0.015112526990516014,0.010867749927481681
0.5625,0.3855595370624956,0.5581851068975096,0.056255356039994917,0.015719634318207373,0.01574602161747139,0.007359313613665574
0.75,0.2451116904331249,0.7429397731037343,0.011948536463140862,0.013237919284661647,0.013419428350813344,0.0033477119422678
0.0,0.7400631182933746,0.0,0.2599368817066254,0.01372864070539933,0.0,0.01372864070539933
0.1875,0.6151171890182127,0.1837720880812729,0.20111072290051438,0.015445621210574127,0.012004820660697352,0.012585262795050461
0.375,0.5163800026255649,0.3697408371447884,0.11387916022964668,0.016315156389444425,0.014942209066336823,0.010460827295451053
0.5625,0.383945844645753,0.5573357662627,0.05871838909154705,0.015814551135843513,0.01601878597916377,0.007456472499350632
0.75,0.24538812815971175,0.7448340452894465,0.009777826550841752,0.013567692646140554,0.013668955078240964,0.003002236733509578
0.0,0.6575501215991639,3.8779315101511496e-06,0.3424460004693259,0.01445992274395997,6.12376551280835e-05,0.014461911738260334
0.1875,0.5490834188739078,0.18313306342317234,0.26778351770291975,0.015315381101676781,0.011916636389603389,0.013853396944190558
0.375,0.5206884705726752,0.36930592432508924,0.11000560510223556,0.015759682834938865,0.015464969635473226,0.009595213924292427
0.5625,0.3861179219380831,0.5575047689204768,0.05637730914143995,0.01582015185332995,0.016008614299667576,0.00748936580399214
0.75,0.2448539680723053,0.7433111462673251,0.011834885660369632,0.013770803876456813,0.014185037671299012,0.00340760269081514
0.0,0.7405167305215944,0.0,0.25948326947840566,0.013508491766835102,0.0,0.013508491766835103
0.1875,0.6249788377191773,0.18343735978735382,0.1915838024934689,0.01480706683539637,0.012233544953016923,0.01229257724843909
0.375,0.5026459643568096,0.3705802319073496,0.12677380373584066,0.015255442187043519,0.015164709384493524,0.010584195311322837
0.5625,0.385115287130487,0.5568066065978292,0.05807810627168383,0.01542209341989213,0.015344887067122759,0.0069813692407903055
0.75,0.24937304423487633,0.7427315514009077,0.00789540436421587,0.014409238713336122,0.01449472449779914,0.002791119694467366
0.0,0.7404452466257628,0.0,0.25955475337423717,0.013700516555836015,0.0,0.013700516555836017
0.1875,0.6120256292714428,0.1830445762940518,0.20492979443450537,0.015357606695772035,0.011795905977161453,0.012926915199201068
0.375,0.49346132766350526,0.3706606318257092,0.1358780405107856,0.015489141566999312,0.015533126813783611,0.010444952856464077
0.5625,0.3776787811754541,0.5584799581117496,0.06384126071279637,0.015619019066121727,0.016185123654687696,0.00807596868373627
0.75,0.24599891382301392,0.7432610396860679,0.010740046490918169,0.014469370097216758,0.014585694115535178,0.003155930956674338
0.0,0.7402172541727584,0.0,0.2597827458272416,0.014593187661744052,0.0,0.014593187661744056
0.1875,0.6162496776910654,0.1822437030942565,0.20150661921467808,0.015416618885510344,0.012738110408155449,0.012742339070645163
0.375,0.4530155573927307,0.37079067804557303,0.17619376456169622,0.01602139144330186,0.015633612592027776,0.012510471833485219
0.5625,0.3798500327242503,0.5586017690959518,0.0615481981797978,0.015449270541631685,0.015216041553545128,0.007716049081249174
0.75,0.2478114205320863,0.743309416336639,0.008879163131274705,0.013376362873188273,0.013602734649003833,0.0030015746803565154
0.0,0.7398952522603757,1.0224948875255625e-06,0.26010372524473685,0.013568222858959405,3.231795629709428e-05,0.013568830186405891
0.1875,0.6118972951219648,0.1831552719533832,0.2049474329246519,0.01540120995507787,0.012000474792057769,0.012870903803168176
0.375,0.4909114945523934,0.37085195578921193,0.13823654965839463,0.015929667888646866,0.015308713072027944,0.010931371015312639
0.5625,0.38991883560735685,0.5571185065038937,0.05296265788874935,0.01539402515925756,0.015203389546718595,0.00721504207925489
0.75,0.24675732084293991,0.7430567616981295,0.010185917458930532,0.014106716870845058,0.014237473502250728,0.003184000892838072
0.0,0.7410110791650388,0.0,0.2589889208349612,0.013996535354812633,0.0,0.013996535354812633
0.1875,0.6323282039466905,0.18265877240672565,0.1850130236465838,0.015265398278211868,0.012074348571107384,0.012633144842484827
0.375,0.49636685903110767,0.37197315408010445,0.1316599868887879,0.015718566727491615,0.015201760819588676,0.010576727343002216
0.5625,0.40281995614947264,0.5566270962599846,0.04055294759054268,0.015246943455165259,0.01539938802691061,0.006395049074067243
0.75,0.24853734790705503,0.7429287754790348,0.008533876613910174,0.013924355574068445,0.014013034174571443,0.002869209499056287
0.0,0.7405046599331387,0.0,0.2594953400668612,0.014086081223282462,0.0,0.014086081223282464
0.1875,0.6323461307614401,0.18364329058823045,0.18401057865032938,0.015541710513782775,0.012564301303972234,0.012345520872800303
0.375,0.5190480960741811,0.3708672531652461,0.11008465076057268,0.015712186984560325,0.015063749221169261,0.010124697359764708
0.5625,0.3958287410931881,0.5575817692833391,0.046589489623472743,0.014681593244501483,0.014888404748713977,0.00630844420190899
0.75,0.24650458409096332,0.7434466038444558,0.01004881206458084,0.01340464115125627,0.01374368858432783,0.003269262392026037
0.0,0.7401352233604643,0.0,0.25986477663953567,0.013480509950738233,0.0,0.013480509950738233
0.1875,0.6307281549477896,0.18325688286775232,0.1860149621844581,0.015167548198661172,0.012462539663959311,0.01266969129273392
0.375,0.4919659341734992,0.3702342117468124,0.13779985407968842,0.015622002687989313,0.015072331764287399,0.011060851373488702
0.5625,0.39628041239463346,0.5572055103602146,0.04651407724515194,0.015466428139806452,0.015808073612382557,0.00682571409589083
0.75,0.25184417234284745,0.7431411900723156,0.005014637584836953,0.014470457008887784,0.014434512338998007,0.002161228661378918
0.0,0.740735905876915,0.0,0.2592640941230849,0.013792166361567902,0.0,0.013792166361567906
0.1875,0.613209749255618,0.18263619989478252,0.20415405084959948,0.015582032834770446,0.012267358715049392,0.0128102384860452
0.375,0.49188049607359857,0.3694852532931635,0.13863425063323798,0.015516801620664808,0.014846164478381618,0.010579143561304911
0.5625,0.3774067564366993,0.558238137173843,0.06435510638945771,0.014713167826719943,0.014941464165270797,0.007583507319952061
0.75,0.2479359142603501,0.7438762699856534,0.0081878157539966,0.013703369221757768,0.01381211968086335,0.0028487433831728944
0.0,0.7395248266250394,0.0,0.2604751733749606,0.013991878851607202,0.0,0.013991878851607206
0.1875,0.6227353371239795,0.18274320541362338,0.19452145746239705,0.015322277222065446,0.012455545775804761,0.012826092477423378
0.375,0.5091186496389861,0.37238265545928423,0.11849869490172965,0.015323911430955944,0.014906933652831342,0.010408322029795665
0.5625,0.3782375911770615,0.5583212916784762,0.0634411171444623,0.015604394380206634,0.016079080437278365,0.007655430875339324
0.75,0.24550588633114348,0.7441063180202495,0.010387795648606986,0.013354107937112277,0.013680687379970809,0.0032934450381889562
0.0,0.7408180061208366,0.0,0.25918199387916346,0.013721651617597959,0.0,0.013721651617597957
0.1875,0.6334169096075093,0.18237624819993528,0.18420684219255554,0.015318051625429204,0.011953365391227697,0.01248339414104485
0.375,0.5091715566632352,0.37013485768310245,0.1206935856536623,0.015645112445939552,0.015088801135975053,0.010206284346680453
0.5625,0.3857492755321474,0.5576844352053378,0.05656628926251471,0.015914727441990965,0.016655148441845576,0.007269433799415187
0.75,0.24642165756825654,0.7428873796898531,0.010690962741890367,0.013481753235647452,0.01369555409933011,0.0032477005323910697
0.0,0.7400366416531513,0.0,0.25996335834684864,0.014205946061408077,0.0,0.01420594606140808
0.1875,0.6140715104309079,0.18304415173136043,0.20288433783773166,0.015009155759422774,0.012334396611619277,0.012949040490992365
0.375,0.5189662803314852,0.3709453662268103,0.11008835344170459,0.01567894761162438,0.015236163089503546,0.010169979502311003
0.5625,0.3935803017248613,0.5579343228542906,0.048485375420848055,0.015424906957585555,0.015620860730626563,0.006733430769530004
0.75,0.24741736279645976,0.7430835145213971,0.009499122682143103,0.013889059141511872,0.0141406487051425,0.0029648530021504802
0.0,0.7396197242888946,0.0,0.26038027571110545,0.013887876004707537,0.0,0.013887876004707539
0.1875,0.6193732207016716,0.18410857091104368,0.19651820838728473,0.015653697825258467,0.012560239603844565,0.012686542846122854
0.375,0.5179160743364164,0.3702425109309886,0.11184141473259507,0.015639638895479667,0.015461157462507438,0.009630493310040792
0.5625,0.38162753100668667,0.5583706077569123,0.060001861236400944,0.015212718073920769,0.01562612065417385,0.007632261216366304
0.75,0.24394188163480335,0.7438502718198932,0.01220784654530354,0.01338604979839989,0.01369083334588122,0.0035730894044859202
0.0,0.740371251218587,9.737098344693282e-07,0.2596277750715784,0.014284790139649594,3.077600901514919e-05,0.014285263910437707
0.1875,0.6143362973041224,0.18263576235194398,0.20302794034393362,0.015109016424189709,0.012558595174737177,0.012879655485299575
0.375,0.47546199203734374,0.3712007675259169,0.15333724043673935,0.015781218276654355,0.015545651153430958,0.011831536626831281
0.5625,0.37519841545765575,0.5583997023389459,0.06640188220339842,0.015417966127783915,0.015753449156395417,0.007931203007545677
0.75,0.2520711043434794,0.7441246511020758,0.0038042445544447787,0.013998901739489518,0.014170131151850677,0.0019898823178374956
0.0,0.7404397315068534,0.0,0.2595602684931467,0.014068062995868047,0.0,0.014068062995868047
0.1875,0.6260372393722325,0.18349799387475924,0.1904647667530081,0.015184536025500314,0.011878163401201706,0.012128412886126122
0.375,0.46760879016993845,0.3713295728030134,0.1610616370270481,0.015885824227037555,0.015398967339513764,0.01160171032253724
0.5625,0.3791554832285144,0.5571398258727779,0.06370469089870757,0.014967767655826924,0.01568391824712387,0.007585993607890952
0.75,0.24660595150480225,0.7429218116074876,0.010472236887710103,0.013407367946278084,0.013573624128930475,0.003332619913208459
0.0,0.7404739940020487,0.0,0.2595260059979513,0.014317387471963034,0.0,0.014317387471963037
0.1875,0.5758345108176371,0.18447338035865526,0.23969210882370748,0.015254968821875008,0.011919253975658087,0.013242766845308207
0.375,0.4915579129617574,0.3702263805961842,0.13821570644205838,0.015640682530577533,0.015314769853001953,0.010412604770529767
0.5625,0.3801750055486987,0.5574950986465568,0.06232989580474451,0.014760650129045783,0.015709843388557847,0.007860074074077466
0.75,0.2451766138444477,0.743816019046561,0.0110073671089912,0.013370315388888032,0.013551180242814346,0.0034637932492285056
0.0,0.7405806838962448,9.784735812133073e-07,0.2594183376301741,0.013792968254327576,3.092657657393172e-05,0.01379252581196884
0.1875,0.6241072585530785,0.18466321544133485,0.19122952600558674,0.014261295403406546,0.01243700052710095,0.012321373394485677
0.375,0.519842402503035,0.37168923345054294,0.10846836404642204,0.016257185032924927,0.015022452363562875,0.009779848336483274
0.5625,0.353340922734623,0.5574354581401524,0.08922361912522463,0.015056488367909304,0.015896907995905693,0.009110010804971433
0.75,0.24558586637131793,0.7435220261864486,0.010892107442233488,0.014257866651369983,0.014479163197007703,0.003209390326391484
0.0,0.7396597519958608,1.0111223458038423e-06,0.26033923688179345,0.014268955105666415,3.195850481148456e-05,0.0142674486602162
0.1875,0.6327674076444896,0.1827778321000206,0.18445476025548985,0.0151243772998413,0.012393412360811661,0.012095261865610314
0.375,0.49001823252045257,0.37149484228973056,0.13848692518981687,0.016717050718086674,0.015500878041429945,0.010836678095300695
0.5625,0.39329132810311923,0.5572149995248978,0.049493672371982905,0.015664570863363144,0.015632125680122008,0.0069232260060692686
0.75,0.24789072292667236,0.7422337755161196,0.009875501557208174,0.013413715106794193,0.013930222059963155,0.0031748925364236467
0.0,0.7402199758737436,1.0309278350515464e-06,0.2597789931984214,0.013504003632779048,3.258449614284352e-05,0.013503884484883311
0.1875,0.628321894599723,0.18246384565398274,0.18921425974629436,0.015607009221376493,0.012989751868154724,0.0125386106403552
0.375,0.49933198151374847,0.3697185635638123,0.13094945492243923,0.016036728406755737,0.01592935152550935,0.01067784468969865
0.5625,0.36849170136508436,0.5583518599253248,0.07315643870959082,0.015974486832978346,0.016061750195619028,0.008188218866375252
0.75,0.2458455202841577,0.7436667683759376,0.01048771133990466,0.013104362574883253,0.013333460307838742,0.0033236142632068243
0.0,0.7403865642801315,0.0,0.2596134357198685,0.013704812894824878,0.0,0.013704812894824878
0.1875,0.6181458934602444,0.18280009242064368,0.19905401411911183,0.015705191298835623,0.012159162210095362,0.013177666633794122
0.375,0.5157844180306455,0.37058123037230284,0.11363435159705172,0.015835946279601526,0.015709437375946544,0.010087735968442306
0.5625,0.3872550024270815,0.5578543484835554,0.054890649089363114,0.015827549358218267,0.01608257779984888,0.007026987851584681
0.75,0.24841177792217678,0.7423048430713755,0.009283379006447741,0.013156755707250922,0.0133699645413513,0.003012581656065282
0.0,0.7397683146732669,9.784735812133073e-07,0.2602307068531519,0.01415904089487168,3.0926576573931735e-05,0.014159815528244121
0.1875,0.6181458483754873,0.18253133502195926,0.1993228166025534,0.015706787161352067,0.012208852836500863,0.013170685320928568
0.375,0.48984226685374543,0.3704437595693147,0.13971397357693982,0.0159602649008958,0.01546479684534478,0.010740270496732561
0.5625,0.3820170472841413,0.5575821830352322,0.060400769680626534,0.015645176398523426,0.016013014750069755,0.007944457166161673
0.75,0.24633891289435556,0.7435377431942822,0.010123343911362104,0.014246550631991928,0.014445200347280108,0.0030695295528763438
0.0,0.7393784397038232,9.881422924901185e-07,0.26062057215388423,0.01393190317911045,3.123217515667806e-05,0.013930448724092895
0.1875,0.6181470987484098,0.18317185541131864,0.19868104584027158,0.015234355868766042,0.012446986151852225,0.012522608428517084
0.375,0.4904111344927843,0.3709235454663502,0.1386653200408655,0.016240196959211087,0.015100634644453225,0.010865508705971657
0.5625,0.38019630357947315,0.5562422432719192,0.06356145314860774,0.015616028187091971,0.01612443908647379,0.00786772998779574
0.75,0.2501615206120837,0.7430913511289252,0.0067471282589911365,0.013844735238893605,0.014068416663065585,0.0025929815786417533
0.0,0.7393547741969368,0.0,0.26064522580306304,0.013595616912056945,0.0,0.013595616912056945
0.1875,0.6189317096687144,0.18283138535641968,0.19823690497486599,0.01521913614605135,0.011623540988181242,0.012717880215236869
0.375,0.5080070479257079,0.3707261600273955,0.12126679204689664,0.015663744826205583,0.015120970951044007,0.010336606569656273
0.5625,0.3800117405362664,0.5576384981842225,0.062349761279511015,0.014773493287670976,0.015368089230169826,0.007767632505626841
0.75,0.24593506454609823,0.7435270462462472,0.010537889207654581,0.013487373982748272,0.013822364440045556,0.0032137092661438434
0.0,0.7399389562300558,0.0,0.26006104376994416,0.014144036103194391,0.0,0.014144036103194391
0.1875,0.6200342841266729,0.18221465891637983,0.1977510569569472,0.01529369990135592,0.012316150175364186,0.01262679688813914
0.375,0.4580745830047577,0.37246173771526453,0.16946367927997777,0.015525821379672131,0.01524204442121087,0.011432809096351935
0.5625,0.3686076311736166,0.5571138744474045,0.07427849437897897,0.01526016632632705,0.015532182004376905,0.00812609338495151
0.75,0.24950839507655473,0.7425668883413518,0.007924716582093618,0.013638063021101269,0.013769954305346088,0.0028487471584847167
0.0,0.7398373733073768,9.293680297397769e-07,0.26016169732459343,0.013603991357229223,2.9374499310927708e-05,0.01360344751715835
0.1875,0.6329781032687274,0.18276415671259685,0.18425774001867576,0.01511333928732755,0.011721044324318338,0.012353471477310548
0.375,0.4932068242846039,0.3703876508596644,0.1364055248557317,0.01570138926435604,0.015524917226057814,0.01119190855373065
0.5625,0.3587377861042954,0.5588912089506038,0.08237100494510068,0.01518412784198569,0.01583631055476441,0.00856743516077356
0.75,0.24621436097847182,0.7435519762459036,0.010233662775624396,0.013356423836669384,0.01355508301147294,0.0032359552815946872
0.0,0.7405179644486465,0.0,0.2594820355513535,0.013902312176437288,0.0,0.013902312176437288
0.1875,0.6251525278847241,0.1826283322404175,0.19221913987485834,0.015398218103882136,0.012188032093326313,0.012378022207431994
0.375,0.4904122242760237,0.37169573528022226,0.13789204044375394,0.015711989083891487,0.015067680020863011,0.010750994557286305
0.5625,0.3564517730697289,0.5571604307457896,0.08638779618448154,0.015306384781483972,0.01569805982374631,0.009287281872356211
0.75,0.2522372012538304,0.7437852664725999,0.003977532273569604,0.013638302129644744,0.013751136530215702,0.001989704987101796
0.0,0.7392570276386099,0.0,0.26074297236139005,0.014216095380714364,0.0,0.014216095380714364
0.1875,0.6320504110250669,0.1832777520071189,0.18467183696781428,0.015629052136381993,0.012609139587018802,0.012276554829322625
0.375,0.48895830458950995,0.3723242867106869,0.13871740869980312,0.015867151737902374,0.015213062475403615,0.011110881623703142
0.5625,0.37917546502328753,0.5591843380484842,0.061640196928228294,0.015311334586510685,0.015746115223214122,0.007647883676811107
0.75,0.24790754871265833,0.743732446722381,0.008360004564960558,0.013729145559290128,0.013880841337805492,0.002831199495941574
0.0,0.7403278601241656,0.0,0.2596721398758343,0.013905638564675348,0.0,0.01390563856467535
0.1875,0.626580104111307,0.18293766681074486,0.19048222907794807,0.014996911951072708,0.0124943151553949,0.01191609025976793
0.375,0.5078524099390784,0.37057090854109165,0.12157668151982992,0.015381854708024249,0.014880429234999933,0.01027392067634237
0.5625,0.38462662389190816,0.5583322181662581,0.057041157941833745,0.015326959550349724,0.015595260503080636,0.007511137024743865
0.75,0.24624241998295013,0.7428461551316303,0.010911424885419503,0.01378561867676724,0.014035027813064945,0.003279159902107473
0.0,0.7404971114592636,0.0,0.2595028885407365,0.013875397594035213,0.0,0.013875397594035213
0.1875,0.6287882409172542,0.1828191382535822,0.18839262082916367,0.014981748381741784,0.012431712453627067,0.012268823504837633
0.375,0.4896066757604318,0.370121908298594,0.14027141594097411,0.015526226107828152,0.014658503824604832,0.011078333246850413
0.5625,0.3772790157837663,0.5591774209337164,0.06354356328251735,0.015431421547223257,0.015573280587388211,0.008006930003571297
0.75,0.2520099805962662,0.7420032336156587,0.0059867857880751,0.013929204388545613,0.013966413394537445,0.0024081317870172196
0.0,0.7401108601035246,9.487666034155598e-07,0.259888191129872,0.013559127459013694,2.9987629277569465e-05,0.01355915551793719
0.1875,0.625981724823856,0.1828208886244214,0.1911973865517226,0.015478991352683609,0.012276893121708996,0.012660563460328065
0.375,0.4962813955914629,0.3715928964203095,0.1321257079882276,0.01590876602269407,0.015493402589873043,0.0111799413280151
0.5625,0.3579897906536419,0.5592415587477425,0.08276865059861561,0.015149196507393525,0.015965690261627807,0.008810706408340576
0.75,0.24685745400597467,0.7428528089269836,0.010289737067041749,0.013595725029983562,0.01379245551087176,0.0030691266984157715
