fixed rate,success rate,failure rate,error rate,success std,failure std,error std
0.0,0.7390604417379959,0.00010680619675871381,0.26083275206524537,0.013897249496374147,0.0003340088366174448,0.013908099047673372
0.1875,0.6257005858424156,0.177074804018034,0.19722461013955037,0.015757643256799483,0.011759745347028823,0.012811003474598416
0.375,0.506954326560894,0.3634232017976824,0.12962247164142357,0.015049737638015813,0.014439073279734189,0.010736163098169988
0.5625,0.3775933724931701,0.5498755041244882,0.07253112338234169,0.015429326228946352,0.015529495198530353,0.008325709407920472
0.75,0.254192894473286,0.735538650861359,0.010268454665354955,0.013841306614520644,0.014012336006574437,0.0030937164618066995
0.0,0.739403979286027,4.893255710595694e-06,0.2605911274582626,0.014355938474343957,6.90539957876744e-05,0.014354834515388762
0.1875,0.6328822941397603,0.1773336044169484,0.18978410144329141,0.01570003554576796,0.012336576048761604,0.01269222581061844
0.375,0.5237867117408841,0.3641348152722712,0.11207847298684459,0.016027725746927336,0.015068264912638234,0.010154123330814247
0.5625,0.40557886360438805,0.549456346892283,0.04496478950332894,0.01627960626396101,0.016163667903280336,0.006576571719289874
0.75,0.2536755411391762,0.7343592229386495,0.011965235922174427,0.01346963689604537,0.013786863217612725,0.0034342676131231616
0.0,0.7399642871866047,7.28950632265092e-05,0.25996281775016883,0.013374125988996876,0.0002783606262134933,0.013374880716496933
0.1875,0.6330108313012788,0.17802282175045206,0.1889663469482691,0.01483369059101417,0.012257014185271703,0.012616462324027434
0.375,0.5138034392893617,0.36334442948019186,0.12285213123044648,0.015919705243788815,0.0154841931742855,0.010455141703340168
0.5625,0.3869533027740789,0.549188123701621,0.06385857352430008,0.01503664225521561,0.015554223247666392,0.007773844181613015
0.75,0.25439338337396866,0.7350410296780574,0.010565586947973975,0.014081567871029127,0.01430573744793679,0.0030831873989954767
0.0,0.7400588307716448,9.569377990430622e-07,0.25994021229055614,0.013941118531107742,3.024589594120403e-05,0.013940339348847941
0.1875,0.6323203137792384,0.17843898279136244,0.18924070342939922,0.015145306287766405,0.012018287889614529,0.011902570263681866
0.375,0.5150317620875893,0.364892253267698,0.12007598464471267,0.015871174556656858,0.0153247280937807,0.010505764835497505
0.5625,0.3779189010835471,0.5506151409985279,0.07146595791792494,0.015262196756919356,0.015408997681989414,0.008260313524486829
0.75,0.2632495902413905,0.7338206376807891,0.0029297720778202773,0.013129644481019559,0.013235845279903171,0.0016380242699346528
0.0,0.7403139890421946,0.0,0.2596860109578054,0.014399923370812199,0.0,0.0143999233708122
0.1875,0.6291546793442446,0.17649619463738914,0.1943491260183662,0.015937302404972722,0.011802749669146803,0.01284684242084369
0.375,0.5172593267968894,0.3645136407343222,0.11822703246878853,0.015100853525856467,0.01446904529891798,0.010167195048188207
0.5625,0.39726594643144625,0.5515401910308785,0.0511938625376753,0.015101356049746007,0.015392577675072919,0.0069645189643465135
0.75,0.2528000330216869,0.7340092382379485,0.013190728740364534,0.013264744571291853,0.013532914355863889,0.003693064731082492
0.0,0.7397394691919477,0.0,0.2602605308080522,0.013870204914992402,0.0,0.013870204914992402
0.1875,0.6332352224223937,0.1777281370003973,0.18903664057720898,0.015467023325508363,0.011850573096482374,0.012700731397305279
0.375,0.5236347030447427,0.36520676398768637,0.11115853296757092,0.01564519084908975,0.015002671550252748,0.009793688020786246
0.5625,0.3834049427826323,0.5523059000019939,0.06428915721537376,0.015316862648815235,0.015284268128899423,0.007871372517304843
0.75,0.2539555155374465,0.7349637049889084,0.01108077947364513,0.013741883791562824,0.013818933872413237,0.0033179920005873328
0.0,0.7403122526464283,9.718172983479105e-07,0.25968677553627334,0.013833567348752414,3.071619169927912e-05,0.013832592283776174
0.1875,0.6317780977095915,0.17746551430398605,0.1907563879864224,0.015077397238835022,0.011697155061848085,0.012630835602084821
0.375,0.5240770388656981,0.364473490051746,0.11144947108255582,0.015533104974466203,0.014785499804917938,0.009639884282730757
0.5625,0.4021198758541058,0.5516932315912936,0.0461868925546006,0.015794844736561012,0.015762548466394372,0.006341702173780579
0.75,0.2501922486938941,0.73423759437268,0.015570156933425863,0.013575108418816133,0.013938884264592957,0.00403745090645162
0.0,0.7402832624622541,3.687414080839586e-05,0.25967986339693755,0.013796124162496246,0.00018821367405215224,0.01380074197774896
0.1875,0.6332096550365759,0.1776291986966181,0.189161146266806,0.014678754903200933,0.011804341554308248,0.01248127219378312
0.375,0.514596696150538,0.36417548737432226,0.12122781647513975,0.015954901386755704,0.015444222264258688,0.010790613461376091
0.5625,0.400703962769559,0.5506992241159018,0.04859681311453932,0.01555950433596826,0.01587401645072116,0.006374313337010744
0.75,0.2551288893807348,0.7346146866326863,0.010256423986578885,0.014308672632201962,0.014629156922857786,0.003159964307204892
0.0,0.7388951669955665,0.0,0.26110483300443355,0.014222925196058209,0.0,0.014222925196058205
0.1875,0.6328138962664969,0.1775354813429312,0.18965062239057187,0.015302339198193283,0.01218102819117208,0.012309967326272249
0.375,0.5128466109520923,0.3652050192214781,0.12194836982642951,0.015661758841186143,0.015453631419421807,0.010268308140461563
0.5625,0.3816020943019298,0.5515253721363845,0.06687253356168579,0.016086792756707387,0.016614371692228437,0.007932449922104927
0.75,0.2544368009833218,0.7345720919540976,0.01099110706258073,0.013835634714235968,0.014146957117581883,0.0033628670895999215
0.0,0.7411652456898185,9.891196834817012e-07,0.25883376519049794,0.014041053543933193,3.12630675158835e-05,0.01404113586427099
0.1875,0.6334761406622869,0.17682704529906418,0.18969681403864894,0.015122330002268916,0.011933775403680466,0.012518827708297353
0.375,0.5194467795046664,0.364512424619072,0.11604079587626141,0.015890638877063122,0.015296534052716837,0.010012437176934782
0.5625,0.38237637273207065,0.5522867084256007,0.06533691884232862,0.014985222921403831,0.015735488544445262,0.007771972493948888
0.75,0.25323359697796716,0.7349404215884355,0.011825981433597213,0.014173889373782896,0.014435921626836774,0.0034872249978071877
0.0,0.7394820167039025,0.0,0.26051798329609765,0.013151903926111526,0.0,0.013151903926111524
0.1875,0.6335140000639807,0.1772016525652579,0.18928434737076144,0.015209820752475931,0.011864448005788767,0.012306658798002024
0.375,0.5212001959624686,0.3637979439466238,0.11500186009090768,0.015802546856678458,0.015048421641919739,0.009982195927777602
0.5625,0.4044298067532209,0.551455221841411,0.04411497140536808,0.016193427053603934,0.016659863845330088,0.006419601466598
0.75,0.2540234087073633,0.7356438395679857,0.010332751724650927,0.013945453421528635,0.014188811189896412,0.003126890466613428
0.0,0.7395578080471896,5.182299548834339e-05,0.26039036895732215,0.013791802208158219,0.00023429504813035748,0.01379389926493255
0.1875,0.6334726670404235,0.17766573906020905,0.18886159389936738,0.014773918399328668,0.011889490294390525,0.011857348049009312
0.375,0.4931576079503661,0.3645939868026758,0.14224840524695803,0.01593374771393085,0.015328465192026321,0.011188667877912431
0.5625,0.38093510148368803,0.5513129308377056,0.0677519676786064,0.015187709527672864,0.015281567226277718,0.008030881916852872
0.75,0.25926320169714134,0.7342994417239672,0.006437356578891522,0.014117960902434279,0.014352557131304141,0.0026299546770971326
0.0,0.7396976504805388,0.0,0.260302349519461,0.013435484527363843,0.0,0.01343548452736384
0.1875,0.6326430781510787,0.1772770247529466,0.19007989709597473,0.015190550639392468,0.011976271636822121,0.012441207248848648
0.375,0.5149892629349487,0.36498132467691996,0.12002941238813127,0.01483035049390274,0.014302850576513764,0.010690361685923857
0.5625,0.37624661434842405,0.5507946482747836,0.07295873737679233,0.015579855297352733,0.01601888137107642,0.008208835859409293
0.75,0.25352207425239043,0.7351903502134367,0.011287575534172839,0.013636219874346791,0.013664752812876756,0.0033518778913106803
0.0,0.7399076486101165,2.828904038826649e-05,0.2600640623494953,0.013827120363522195,0.00016676457808894506,0.013825238294882015
0.1875,0.6275240869759798,0.17726517038860146,0.1952107426354187,0.01549347063445318,0.012522151091472802,0.01219922065079774
0.375,0.513923923177522,0.3636155263692358,0.12246055045324213,0.01590956492891277,0.015000195356243803,0.010430757311630914
0.5625,0.4036446470864031,0.5489280504867169,0.04742730242688009,0.015353740208832558,0.01569692431456239,0.006742316550676908
0.75,0.2546983183902431,0.7342199348692589,0.011081746740498067,0.014057844329758325,0.014377229979423978,0.003256580075212705
0.0,0.7403504526504755,0.0,0.2596495473495245,0.014624413636968179,0.0,0.01462441363696818
0.1875,0.6288843241493212,0.1773810898389146,0.19373458601176424,0.014924009263764878,0.011915700500848284,0.012374883019959136
0.375,0.5210270759385432,0.3650229182462142,0.1139500058152426,0.015483086830639514,0.01499404824666938,0.009748651423573585
0.5625,0.4045360114847341,0.549958805303547,0.045505183211718744,0.015856862971383855,0.016035348439674284,0.006425443696434015
0.75,0.2712966622975396,0.6405015666352185,0.08820177106724189,0.014415513144489325,0.015229111820896177,0.009233608012996056
0.0,0.7394754150640818,0.0,0.26052458493591824,0.013517539156441941,0.0,0.013517539156441943
0.1875,0.6323190603274716,0.1786809541511679,0.18899998552136038,0.015224082511953636,0.012376731947915179,0.012240386198154337
0.375,0.5153884470471478,0.364715290218092,0.11989626273476021,0.01631520660513205,0.015329847479198046,0.010237011423540748
0.5625,0.40454575663571507,0.5510757771200493,0.044378466244235554,0.016156354021168644,0.016307235348828185,0.00663582522879971
0.75,0.2552660531764179,0.7344704621772751,0.010263484646307065,0.01347436854680561,0.013553183941692363,0.003174685317871159
0.0,0.7390215850713624,0.0,0.26097841492863755,0.014228903697071823,0.0,0.014228903697071823
0.1875,0.6374408785349054,0.17763060973815625,0.18492851172693833,0.014830733739052422,0.011796163891482756,0.011852556742340177
0.375,0.49291846732093825,0.3649060744040314,0.14217545827503028,0.016260581754841855,0.014977534468414735,0.01149336281363397
0.5625,0.3823395518561584,0.551961953835788,0.0656984943080535,0.015775828470053304,0.015798852476907634,0.008110690378796807
0.75,0.25437419656390753,0.7348845113821891,0.010741292053903388,0.01415814320880526,0.014278113905490978,0.003289561189559863
0.0,0.7406837338810052,2.0276950461755392e-06,0.25931423842394863,0.013920794434731721,4.5298919625103396e-05,0.013922047724283014
0.1875,0.6325816496697014,0.17652987716992816,0.19088847316037044,0.015758606522352288,0.012414661726929165,0.01291935080096387
0.375,0.5224060471376137,0.36386532849175507,0.11372862437063122,0.014836647345718015,0.014857262005954561,0.009971528073210362
0.5625,0.40166699382564275,0.5505117855477526,0.04782122062660457,0.015706619331309846,0.015952864568365612,0.0066039569737571845
0.75,0.25333976256538093,0.7339796692018763,0.01268056823274285,0.013490828644325147,0.013760935953326652,0.003478279722622452
0.0,0.7409984374447336,0.0,0.25900156255526635,0.0140308857481303,0.0,0.014030885748130302
0.1875,0.6316618424044784,0.17824144402449596,0.19009671357102553,0.0156075830731567,0.012266170148676463,0.01294566680652476
0.375,0.5128989610915806,0.3645394566497749,0.12256158225864436,0.015535178614052668,0.01511422958924884,0.010131871489557211
0.5625,0.400813087860005,0.550336585702966,0.04885032643702901,0.015015922399775231,0.015421433506590186,0.00665683364735212
0.75,0.25455117806821587,0.734323974758915,0.011124847172868988,0.013523950601349971,0.013866561534481342,0.003260070115978818
0.0,0.7404495101410716,0.0,0.25955048985892837,0.01376132243820502,0.0,0.01376132243820502
0.1875,0.6353927000331724,0.1771523388851822,0.18745496108164542,0.014779045961373147,0.012083211483961397,0.011890729319215297
0.375,0.523086765871639,0.36481417045804426,0.11209906367031663,0.015953700625872095,0.015535783424188522,0.009535553716246743
0.5625,0.38030394046233335,0.5516960059078413,0.06800005362982543,0.015025217467824089,0.015551547074908374,0.008063051169323137
0.75,0.24472050322413352,0.7354550226912051,0.019824474084661304,0.013915802312827564,0.014455208553329055,0.004424534798314901
0.0,0.7402820495355434,0.0,0.25971795046445645,0.01370556561173018,0.0,0.013705565611730182
0.1875,0.6315832230881394,0.17709281862865134,0.1913239582832091,0.015505758959325305,0.012262037624608322,0.012129926674533205
0.375,0.5258877727947564,0.3637793003700446,0.11033292683519906,0.015565050588028501,0.015248500839346191,0.009654244451351927
0.5625,0.3823709643330694,0.5527960130473651,0.06483302261956544,0.015299798759250038,0.015756523883400503,0.00797117449730945
0.75,0.2527981436016452,0.7353982960322446,0.011803560366110086,0.013968367339166746,0.014164248505805112,0.0033835224656761035
0.0,0.74039636713345,0.0,0.25960363286655014,0.013974967568746062,0.0,0.013974967568746069
0.1875,0.6326597774076028,0.17657386278221254,0.19076635981018472,0.015317538396335437,0.012367342869287081,0.012419222571177382
0.375,0.5196786152585751,0.36396061602445773,0.11636076871696716,0.01587485140908813,0.015417516889191098,0.010266132955858133
0.5625,0.37574224818144025,0.5498395843468817,0.074418167471678,0.014699261921153086,0.015404456137343673,0.00830364313876897
0.75,0.26401938598522906,0.7347066892819628,0.0012739247328082278,0.013744566602826963,0.013757599600785361,0.0011283668291264138
0.0,0.7396198683370429,0.0,0.26038013166295715,0.01353674240723611,0.0,0.01353674240723611
0.1875,0.6320071906856667,0.17773920469804502,0.1902536046162883,0.015161787382158471,0.011967196805721518,0.012516437969453434
0.375,0.4950107699253497,0.36420109579319526,0.14078813428145504,0.01598081374475024,0.014866246180177914,0.011318358286613598
0.5625,0.38328176415322707,0.5508096192739061,0.06590861657286674,0.015265430601683803,0.01553660316216167,0.007993326031807635
0.75,0.2537053543893157,0.7348400609884945,0.01145458462218977,0.01411978699479637,0.014512310263034796,0.003392174823839067
0.0,0.7398696505976341,0.0,0.2601303494023659,0.013226848740296821,0.0,0.01322684874029682
0.1875,0.6326590504884377,0.1772966246639068,0.19004432484765557,0.015360190449967157,0.012382050929465604,0.012904692959591246
0.375,0.49871584811791136,0.3645590016703261,0.13672515021176246,0.015729839322096387,0.014950024430554322,0.010715268882130634
0.5625,0.3749727155061508,0.5502466076736754,0.0747806768201738,0.01542081557118912,0.016383950623348468,0.008306559089028389
0.75,0.25198183239137056,0.7340181440691481,0.01400002353948136,0.013555281655271485,0.01387404436101702,0.003767327155036592
0.0,0.7396793069329753,9.775171065493646e-07,0.2603197155499182,0.013740590889495398,3.089634531628368e-05,0.013740229795918444
0.1875,0.6350484895660474,0.1778903499614816,0.18706116047247093,0.01489271898175475,0.01234360570450678,0.012081950656610968
0.375,0.5013537330638476,0.36332759164955064,0.13531867528660171,0.01599655024513048,0.015213602840161534,0.010840978298585602
0.5625,0.4019591516295762,0.5506297156139247,0.0474111327564991,0.015576389870287807,0.015916962701387788,0.006844502569572933
0.75,0.25625780384286817,0.7339029089746327,0.009839287182499096,0.013700286049407847,0.013983676544080647,0.0030657762500299157
0.0,0.7401901859918214,0.0,0.25980981400817854,0.014328667288225252,0.0,0.014328667288225254
0.1875,0.6361092249784327,0.17709213434667337,0.18679864067489385,0.01568763636901268,0.011846413841446784,0.012496357713966236
0.375,0.5240291407976818,0.36466960854877956,0.11130125065353855,0.015494208283850393,0.015355286459436174,0.009782474740373682
0.5625,0.3890162530566856,0.5501623826190355,0.06082136432427895,0.01527750354681193,0.01571789296159367,0.007964991917572462
0.75,0.26000067930394927,0.73296202635593,0.007037294340120785,0.0141225965140555,0.014067689430772492,0.002666517949965953
0.0,0.739915116766053,0.0,0.2600848832339468,0.01365602113296469,0.0,0.01365602113296469
0.1875,0.6331551687182959,0.17761583070989712,0.18922900057180694,0.01508068383657354,0.012235972047973201,0.012387172272389226
0.375,0.5258591906258109,0.36305679662807555,0.1110840127461135,0.015691882465252455,0.01521331384866992,0.010057175940613896
0.5625,0.37565830710176673,0.5494326014301847,0.07490909146804858,0.015592670418348014,0.015723711903840403,0.008561178246142002
0.75,0.2548509749027207,0.7348986381556606,0.010250386941618686,0.013885533892662477,0.013975601103831944,0.0031744641523862582
0.0,0.7407103343178694,0.0,0.2592896656821306,0.013236803669463655,0.0,0.013236803669463655
0.1875,0.6325843311496223,0.1762905418324654,0.19112512701791215,0.015188525148574586,0.01210573329344938,0.012157957197252373
0.375,0.5213973678171054,0.3664412629702399,0.11216136921265467,0.015604507265323492,0.015123648377583497,0.009978608746337865
0.5625,0.3977759494204552,0.5517054488031372,0.050518601776407636,0.015606527649199913,0.015696576939228088,0.006976643309176089
0.75,0.2546172343809969,0.7348626278438828,0.010520137775120258,0.014213991538446697,0.014280943033511812,0.003312252706060718
0.0,0.7401259638961442,0.0,0.2598740361038557,0.013954482299796235,0.0,0.013954482299796237
0.1875,0.6337565793382743,0.1775584704653828,0.18868495019634282,0.014614698775583797,0.012152563311831507,0.012160285074922247
0.375,0.5137886492386835,0.36495602750218165,0.12125532325913474,0.01587215361757208,0.015402421231280836,0.010548074652472863
0.5625,0.39592176976085425,0.5512193025931783,0.052858927645967294,0.01575276754424735,0.015877839452913795,0.007344038313612557
0.75,0.25424288488726626,0.7353304914650477,0.010426623647686118,0.014100457059140833,0.014216326038708565,0.0032238484058234483
0.0,0.7398767673475634,0.0,0.2601232326524366,0.013520158289909927,0.0,0.013520158289909929
0.1875,0.632519994695789,0.1771372754971284,0.19034272980708256,0.014963667719192239,0.012017720840524358,0.011933066405062122
0.375,0.5143065627523052,0.36406986120220064,0.12162357604549409,0.015952515460982846,0.015379129397240746,0.010537679030762142
0.5625,0.37580579035679934,0.5499258426383183,0.0742683670048823,0.015578035941735622,0.01610719301635941,0.008519692647725783
0.75,0.2548499321861493,0.7348220055762694,0.010328062237581218,0.0134068263467983,0.013566934462226678,0.003090063272919011
0.0,0.7393918103597051,6.271328793987383e-05,0.260545476352355,0.013747167182721415,0.00024196567022372837,0.013748378325432024
0.1875,0.6322971031521495,0.17780160742972867,0.1899012894181219,0.014980117527243047,0.012062275869507885,0.01238590624924853
0.375,0.5132385941905588,0.3645637941260453,0.12219761168339591,0.015422045360156336,0.014795318498084964,0.009945693461197324
0.5625,0.3803723526170495,0.5512261960000444,0.06840145138290618,0.015588766747306826,0.015856461397250637,0.008385858689627873
0.75,0.25516111019749516,0.7342213003716664,0.010617589430838383,0.014422735293333514,0.014719429975491825,0.0033152481873833383
0.0,0.7396831505627401,0.0,0.26031684943725986,0.014044570704255833,0.0,0.014044570704255833
0.1875,0.6344565086983275,0.17813999554461685,0.18740349575705545,0.015225525625275326,0.011856238951435822,0.012548058673061994
0.375,0.5162869893091361,0.3653587076112085,0.11835430307965547,0.01616555626934748,0.015596099670092274,0.01056168551904787
0.5625,0.407639345923409,0.5495119450365857,0.04284870904000536,0.014920014019294624,0.015116640661429467,0.006494768150781567
0.75,0.2542901716534381,0.7352579014994248,0.010451926847137081,0.013570276960212544,0.013733792034534424,0.0032207880531788502
0.0,0.7406001167239802,0.0,0.25939988327601987,0.013890803127338558,0.0,0.013890803127338562
0.1875,0.6261068747869956,0.17607153042615828,0.197821594786846,0.015298522454010324,0.011702143427690142,0.012645318506066872
0.375,0.5080682205479161,0.36447142931352666,0.12746035013855728,0.016024804268389547,0.0157362604011513,0.010455669659469759
0.5625,0.385838234441087,0.5520114682535157,0.06215029730539732,0.01593054744438536,0.01587546827746996,0.008044723698155253
0.75,0.2536882347441882,0.7357800727248465,0.010531692530965194,0.013678770288168392,0.013949585440981103,0.003175577220844297
0.0,0.7403598606963973,0.0,0.2596401393036027,0.013460340924480257,0.0,0.013460340924480256
0.1875,0.6224362546996157,0.1758820250373243,0.20168172026305992,0.015199291273810507,0.012092263802246954,0.012210580383693638
0.375,0.4954603968678995,0.3642450949165662,0.14029450821553438,0.01566114898184119,0.015237359876868112,0.010707660805343836
0.5625,0.39666047831716233,0.5494909992141047,0.053848522468732944,0.0150696725546175,0.015319972455493948,0.007265200861929994
0.75,0.259608911227093,0.7348669151033834,0.005524173669523489,0.013769855435877325,0.01392708390739689,0.0023493636693919053
0.0,0.7392453415842953,0.0,0.2607546584157045,0.013632207693240958,0.0,0.01363220769324096
0.1875,0.6151145117324212,0.17723833012708354,0.20764715814049522,0.015384431647016212,0.0120363626087354,0.013204429728585832
0.375,0.5148700994981602,0.36453723635986396,0.12059266414197577,0.015219016825349442,0.014808403057885203,0.010483725674051605
0.5625,0.40102476881883364,0.5500012705706772,0.048973960610489045,0.01529853760186593,0.015371056415628952,0.00699436332003358
0.75,0.25360828929216883,0.7349021544753994,0.011489556232431631,0.014005924077430095,0.014056686189549321,0.0035500436027532094
0.0,0.739659290485439,0.0,0.260340709514561,0.014691527188611143,0.0,0.014691527188611145
0.1875,0.6336449053286617,0.17737133524616344,0.18898375942517487,0.015125492910582254,0.011965757392624612,0.012526481718739565
0.375,0.5175585094106391,0.3637959773372662,0.11864551325209462,0.015930805558336262,0.015539763815274221,0.0100627785182809
0.5625,0.38434110686583534,0.5522644092305523,0.06339448390361228,0.014906326206500006,0.015404901669498282,0.007625898182643008
0.75,0.25262955743445836,0.7352898793692204,0.012080563196321085,0.013428110032478846,0.013757240441196831,0.0034071701667900654
0.0,0.7403750534970525,1.0384215991692628e-06,0.2596239080813484,0.01388382141831316,3.282135125499297e-05,0.013884405334187317
0.1875,0.6324260038369943,0.17726300731211342,0.19031098885089226,0.015215744524755498,0.011987836780303775,0.01232504164771787
0.375,0.5252697634929006,0.36415874059335457,0.11057149591374485,0.016105547565867365,0.01578702233243671,0.009608931212100495
0.5625,0.3996061525003615,0.5511849994557165,0.0492088480439221,0.015612476860627219,0.01634614696130134,0.0067714678773019045
0.75,0.262768326057461,0.734133960459405,0.0030977134831339697,0.01408608387368738,0.014057315313536808,0.0017909605266251034
0.0,0.7402648464949767,0.0,0.2597351535050234,0.013727961300271213,0.0,0.013727961300271216
0.1875,0.6357005062362352,0.17762174869309513,0.18667774507066967,0.015465513505755202,0.012105942105079938,0.012608087659645823
0.375,0.5148338826408075,0.36350571733092624,0.12166040002826616,0.015798153426553347,0.015090509404932463,0.009999406593506307
0.5625,0.3771858933265938,0.5509714377761525,0.0718426688972536,0.015079655332350549,0.015521885241483237,0.00831151334893848
0.75,0.25434706457031736,0.7349682915759925,0.010684643853690109,0.013074234500882003,0.013218503480592633,0.0032103324547380356
0.0,0.74020845336981,0.0,0.25979154663019,0.013592646253659618,0.0,0.01359264625365962
0.1875,0.6263619377344913,0.17672742292511873,0.19691063934038994,0.01519150744701139,0.012173397875538672,0.012672658558023133
0.375,0.5168809601843447,0.36372387050452243,0.11939516931113278,0.015615671602988192,0.01486349352639769,0.010443977225698245
0.5625,0.40191251582490983,0.5508054443743188,0.04728203980077134,0.01577568475196763,0.01617890773950613,0.006780574969018333
0.75,0.25468506967498683,0.7352208888278424,0.010094041497170761,0.013474880922370595,0.013477377146472087,0.003144452233790568
0.0,0.7402488984265916,0.0,0.2597511015734084,0.013631177343226313,0.0,0.013631177343226313
0.1875,0.6366846742127539,0.1785463621624646,0.1847689636247816,0.014572717837276152,0.01144758088697424,0.01178515329497942
0.375,0.5236753722416619,0.3649165757579755,0.11140805200036254,0.015577384257186608,0.014987259974008148,0.00994374595629726
0.5625,0.38714087690592347,0.5513542848888012,0.06150483820527535,0.015294388202137835,0.015490862110577751,0.0074131483476369804
0.75,0.2516750565315157,0.7357090508298297,0.012615892638654563,0.013468414325119025,0.013611221467663118,0.003543660317042203
0.0,0.7400968880348535,4.6239601052036005e-05,0.25985687236409444,0.013938963424734057,0.00021976184477875355,0.013927780281757346
0.1875,0.635159498527298,0.17723419119892964,0.18760631027377225,0.015491112666935085,0.012007918866950974,0.012064079464338006
0.375,0.5141858438349375,0.3641263825050496,0.1216877736600128,0.01566634858095795,0.015073342542809775,0.010619999682253198
0.5625,0.38830005449313587,0.5509959949612744,0.06070395054558975,0.015149147324466225,0.015565507631776807,0.007230251303928288
0.75,0.253844057113819,0.7358429395492038,0.010313003336977357,0.013795176515510616,0.01391987287164538,0.0033033244416475387
0.0,0.7394515739329434,1.0384215991692628e-06,0.26054738764545743,0.014105502898234519,3.282135125499296e-05,0.014106069176206269
0.1875,0.6156050991385087,0.17702318214680304,0.20737171871468826,0.015139004466334344,0.01234495639549097,0.012932234763193625
0.375,0.5145597815104381,0.3654118954686944,0.12002832302086748,0.016107548720649234,0.015041741804590131,0.010762449504272437
0.5625,0.3873349941063827,0.5500560594773826,0.06260894641623477,0.015807149017668772,0.016032980521242548,0.007458106210869562
0.75,0.25341808810590627,0.7352231443870564,0.01135876750703728,0.013024336540760626,0.013426614754812691,0.0034388278762399766
0.0,0.7400017102922939,0.0,0.2599982897077061,0.013631060546757784,0.0,0.013631060546757782
0.1875,0.6321027799668573,0.17659756428018383,0.19129965575295887,0.015173401113242613,0.012225609265921013,0.012449513421386152
0.375,0.5243209508006922,0.3624334458588286,0.1132456033404791,0.01595538352421109,0.015339062545973465,0.009937011832744052
0.5625,0.37521298416790877,0.5501225539617886,0.07466446187030262,0.01570178480071587,0.015904723053918175,0.008558610973664827
0.75,0.2547946215565472,0.7346302597561972,0.010575118687255513,0.014560856020895399,0.014697631688617147,0.0031063996344642595
0.0,0.7394504446637795,3.0748783380362327e-06,0.2605464804578824,0.013853072683625805,5.606533181926928e-05,0.013852897367964136
0.1875,0.6337641337686963,0.17673730946654093,0.18949855676476282,0.015610827049245418,0.012141096651022582,0.011897171208532297
0.375,0.5241730938655903,0.36493113759031415,0.11089576854409552,0.01596055935453498,0.015328500388129551,0.01008425890742308
0.5625,0.38256511235195817,0.5509357083419344,0.06649917930610741,0.015349214530383126,0.016155538133806144,0.007994954029632885
0.75,0.252436246329816,0.7350304377907599,0.012533315879424084,0.014030548692696898,0.014127038984784835,0.0034229638155441385
0.0,0.7389850647003792,9.80392156862745e-07,0.26101395490746393,0.013752397797265536,3.098721692015511e-05,0.01375286848647897
0.1875,0.6387325570432092,0.17672379565467708,0.18454364730211376,0.0152838563599019,0.012011261302285024,0.012434398559224603
0.375,0.5146520858558663,0.36385901596707604,0.12148889817705753,0.016301656099711542,0.016069956287038428,0.010665346566268552
0.5625,0.4011851133264464,0.5506106989598117,0.048204187713741846,0.015449403884418232,0.015570485811781672,0.006962827911475871
0.75,0.25361824601854877,0.735223426585367,0.011158327396084237,0.014378147996146966,0.014463793750763608,0.0033373018490151347
0.0,0.7402025010856234,0.0,0.25979749891437665,0.014467963986511699,0.0,0.014467963986511697
0.1875,0.6387728817367934,0.17811609824554012,0.1831110200176666,0.014633586533476189,0.011956307466473488,0.011984781304663735
0.375,0.5245043918193943,0.36441821623556536,0.1110773919450403,0.016759754195930534,0.015897183831051778,0.010227401042568812
0.5625,0.4073453992077516,0.5487097744443216,0.04394482634792686,0.01512788193173387,0.015190589412318148,0.006457861613459335
0.75,0.2545024870951576,0.7342714477358236,0.011226065169018737,0.013436806745067833,0.013735877217933571,0.0032962546063334004
0.0,0.739992331226202,8.66993481348236e-05,0.2599209694256631,0.014338253789059941,0.00028452243527949685,0.01433101615601961
0.1875,0.631789092017959,0.17799790807029336,0.19021299991174764,0.015170500299109978,0.011934014318125897,0.0122716190251595
0.375,0.5134360638635735,0.3647610235352475,0.12180291260117887,0.015637963610819743,0.01498552670222236,0.010301922029614854
0.5625,0.40284057072458745,0.5502705229585874,0.046888906316825255,0.01518295200408806,0.015410821395752419,0.0067332038559789545
0.75,0.2547666622111481,0.7347601393510398,0.01047319843781216,0.013857667204358116,0.014230005526812129,0.003253633076792962
0.0,0.7403181055375483,0.0,0.2596818944624517,0.01366712873085473,0.0,0.013667128730854732
0.1875,0.6322752184340954,0.17777866984307042,0.18994611172283415,0.015262402574832823,0.011755814004096865,0.012330897143983917
0.375,0.4936706897942868,0.3640304724455018,0.14229883776021138,0.0162816628209609,0.01561080854528236,0.011262779579118335
0.5625,0.3813317176559019,0.5513683538148598,0.06729992852923829,0.015294790904540055,0.01573442092421425,0.008201004838285805
0.75,0.25773744485787076,0.7330904974498883,0.009172057692240911,0.01368090630544555,0.013934119928088998,0.0029642205171129792
0.0,0.7402031118553016,0.0,0.2597968881446985,0.01414238225370546,0.0,0.014142382253705461
0.1875,0.638001289290457,0.1771062883332038,0.18489242237633924,0.015349165410650598,0.012164525097823564,0.012682527489931476
0.375,0.521393151770481,0.3658360786260749,0.11277076960344413,0.015748563065531147,0.01538304554061338,0.010278515911759765
0.5625,0.38272717533879835,0.5520386767392331,0.06523414792196845,0.01573464797717094,0.016186850398599004,0.007572137999902427
0.75,0.2502513244713729,0.7355048295762672,0.014243845952359889,0.013643524176882742,0.01404303744883749,0.0037932887620243582
0.0,0.739420516069515,0.0,0.260579483930485,0.013243983457232943,0.0,0.013243983457232942
0.1875,0.6168239051128609,0.1766276802177989,0.20654841466934018,0.015720441982907302,0.012151169197658402,0.012587282064476827
0.375,0.5130789401896048,0.3652541757185644,0.12166688409183088,0.01594064246494535,0.015392614176974037,0.010477192115817059
0.5625,0.38182969596994076,0.551812135762008,0.06635816826805112,0.015511613812641701,0.015546157876656865,0.00821293179090649
0.75,0.25195571757618246,0.733806052394102,0.014238230029715467,0.012985593448194183,0.013435141775440486,0.003945022834414648
0.0,0.7403160748908804,0.0,0.25968392510911964,0.013705704254955901,0.0,0.013705704254955903
0.1875,0.6314793590480151,0.17707197305404296,0.19144866789794188,0.015052900849919422,0.01194715522354144,0.012522490308439705
0.375,0.5175380359106013,0.3639848532441292,0.11847711084526942,0.015888733552307455,0.01542700931858865,0.009850321890001902
0.5625,0.38040762758319235,0.5490901531703342,0.07050221924647349,0.015431201635089056,0.015965938448368387,0.007848390710403918
0.75,0.2544575643115978,0.7354168346164408,0.010125601071961352,0.013988227603835432,0.01414702060797308,0.0030986805504033816
0.0,0.7393748130869721,0.0,0.26062518691302794,0.014148262111820206,0.0,0.014148262111820208
0.1875,0.6347617251093209,0.17842825273868218,0.18681002215199674,0.014885743997583268,0.012286223804965014,0.012190515270653676
0.375,0.5102386556479622,0.36473681966739996,0.12502452468463773,0.015378215074174724,0.015047029695926027,0.010173867071627412
0.5625,0.37519026048830356,0.5499299199839245,0.07487981952777192,0.014578804753522277,0.015471619420708483,0.00801582078274041
0.75,0.25115546811679673,0.7350746254355264,0.013769906447676747,0.013901248550266764,0.014061442636851993,0.003562206566256499
0.0,0.7409942631600388,0.0,0.2590057368399612,0.01407435372273659,0.0,0.014074353722736592
0.1875,0.6361774360573392,0.17797995886760526,0.18584260507505557,0.01511242884452557,0.011717173545528536,0.012183189760238536
0.375,0.5249231398745404,0.3644274140075059,0.11064944611795363,0.015624873242656413,0.015195827139029958,0.009979722109718774
0.5625,0.37602520323717065,0.5497096004762807,0.07426519628654864,0.015426708756694227,0.01595864039713626,0.007977037430740849
0.75,0.25441187636544677,0.735228742939868,0.010359380694685243,0.013613661208119994,0.013695487167907664,0.0032021988525459976
0.0,0.7398789709495239,0.0,0.26012102905047607,0.013990049510342486,0.0,0.013990049510342484
0.1875,0.6321641115701492,0.17729089771068762,0.19054499071916303,0.015258035548422956,0.012212117085812874,0.01198723224433329
0.375,0.5138996360996297,0.36573442298065617,0.12036594091971392,0.01531934880887891,0.014795912728270943,0.010199918521533149
0.5625,0.3820239490787004,0.5528218776490291,0.06515417327227045,0.014734527444718211,0.015248368103391764,0.007758980137221543
0.75,0.25455131243867296,0.734183622775147,0.01126506478617997,0.013408200358153956,0.013705958704393473,0.0034064902521837304
0.0,0.7409391957366198,0.0,0.2590608042633801,0.014492399957959319,0.0,0.014492399957959323
0.1875,0.6379074838609066,0.17754196391847396,0.18455055222061942,0.015706171843749676,0.012111669044332595,0.012413324681982925
0.375,0.5161085315074185,0.3630673799562194,0.12082408853636212,0.01602936953391524,0.015233378539823221,0.010285198827406476
0.5625,0.38490558079287834,0.5522173739418222,0.06287704526529944,0.015444746936274262,0.01608578004752685,0.007351803463880349
0.75,0.254594116305304,0.7351873490541019,0.010218534640594011,0.013452806577872999,0.013696111099776864,0.0031744325281094243
0.0,0.7398584816406423,0.0,0.2601415183593577,0.01393807220087888,0.0,0.013938072200878882
0.1875,0.6328529138313657,0.17708089825590467,0.19006618791272958,0.014824259259956367,0.01180239567059729,0.012327548984530905
0.375,0.5143059649906067,0.3646718465419498,0.1210221884674436,0.016417909918515775,0.015241167683515572,0.010071054968122384
0.5625,0.37758455452085554,0.5503977593762144,0.07201768610293002,0.015787086807600142,0.01606483934686492,0.00841971276899243
0.75,0.25425016448026005,0.7354132631224215,0.010336572397318335,0.013483976501591062,0.01368380938641371,0.0031293385754662434
0.0,0.7397535388251812,0.00014489417871719522,0.2601015669961014,0.013645317600928202,0.00039255495942937306,0.013657076628361213
0.1875,0.6387931303974433,0.17784436506397816,0.18336250453857852,0.01571701157633915,0.01210670614865894,0.012718012295321296
0.375,0.5036598246025518,0.36456650280745045,0.13177367258999778,0.015749333879122213,0.01532913690108699,0.010671690308075292
0.5625,0.382188706418467,0.5519947423555741,0.06581655122595885,0.015512237191190038,0.015890382460541076,0.007784513210954984
0.75,0.25437259457196537,0.7354814333724051,0.010145972055629525,0.01345551092042,0.013442301812040713,0.003124413057010569
0.0,0.7399523905254576,0.0,0.26004760947454236,0.01384364085806267,0.0,0.01384364085806267
0.1875,0.632811513776775,0.1764901596186734,0.19069832660455155,0.015307450779162296,0.0120869054826285,0.012424370305791703
0.375,0.5143852376976168,0.363832786546585,0.12178197575579816,0.01602458410014751,0.015341432529670877,0.010457963137148453
0.5625,0.38382474793405863,0.5515757965259012,0.06459945554004014,0.015507526797938799,0.015793063998675604,0.007674122714271859
0.75,0.2627743964991182,0.7342128536997001,0.0030127498011817294,0.014227378184630228,0.01430790911983647,0.0017568836259865732
0.0,0.739525441234653,9.384420557797582e-05,0.2603807145597689,0.014220495275367713,0.00031374218388427667,0.014234349936455193
0.1875,0.6341692764618428,0.17707011772537418,0.188760605812783,0.015744147236213275,0.012291752157675194,0.012584702357640153
0.375,0.5229632314566789,0.3645850881661398,0.11245168037718141,0.015887097642665396,0.015117635357020664,0.01016939082024026
0.5625,0.38906982107602206,0.5505041490775484,0.06042602984642962,0.01554325882118307,0.01541642658072904,0.007570165643030308
0.75,0.25629668052624366,0.7332237356030918,0.010479583870664456,0.01362800556882389,0.013874576465696542,0.0031916677060973117
0.0,0.7395609978125228,0.0,0.26043900218747706,0.01356184205467872,0.0,0.013561842054678721
0.1875,0.6376591695351538,0.17670963984270827,0.18563119062213793,0.015267102351334877,0.011583993518444323,0.01212150626957745
0.375,0.4932731205555126,0.36436577379666,0.1423611056478274,0.016192163373277668,0.015377774155834363,0.010760383920849093
0.5625,0.3807793303294425,0.5490987641214587,0.0701219055490987,0.015264163965676536,0.015746559736157795,0.008389335416728753
0.75,0.2609562669295591,0.7345877155181955,0.004456017552245472,0.01384110164438519,0.013988676683664965,0.002034664918889611
0.0,0.7394257256309216,0.0,0.2605742743690784,0.013615763375040123,0.0,0.013615763375040125
0.1875,0.6334688239479758,0.17812512282159598,0.1884060532304282,0.015318007931963008,0.012269735783389744,0.01271947740948371
0.375,0.49268810138063945,0.3653748597195413,0.14193703889981918,0.01605031090656443,0.015256034160206634,0.011489308102722822
0.5625,0.40460868631020735,0.5506798287018095,0.04471148498798306,0.01506442461541359,0.015406585136596112,0.00624538607864049
0.75,0.2634400613044503,0.7347226782439636,0.001837260451586054,0.014304091396173372,0.01433549309090447,0.0013470905869997546
0.0,0.7391455555582128,5.905226445236701e-06,0.26084853921534185,0.014167983406825268,7.603708820341976e-05,0.014169527634846066
0.1875,0.6372227094882983,0.1780962716153182,0.18468101889638347,0.015563847464603866,0.012395479198363537,0.011774552924766252
0.375,0.513126835571802,0.36454736512030345,0.12232579930789453,0.015500359587523634,0.015217525649137507,0.010288337405851949
0.5625,0.37603638448397975,0.5494496766234068,0.0745139388926134,0.016044494209236822,0.016306501692814238,0.00838449236159045
0.75,0.26402633196213277,0.7343546055172945,0.0016190625205728352,0.013586365309605402,0.013655527001126155,0.001236626921344941
0.0,0.7399309803179608,0.0,0.2600690196820392,0.013384701287463975,0.0,0.013384701287463973
0.1875,0.6315320854041137,0.17809081302360943,0.19037710157227683,0.015535551401901842,0.011949850568990405,0.012573148613560684
0.375,0.5187882821241431,0.3634838005394267,0.1177279173364303,0.01583971411368113,0.01521175571539339,0.009785065022526155
0.5625,0.3942471660563125,0.5498179716853331,0.05593486225835443,0.015514235385063429,0.015338392310544818,0.007313997514477315
0.75,0.2541647849878744,0.735320351562448,0.010514863449677624,0.013728204786371344,0.013893620246936127,0.0031335861157009595
0.0,0.7402385985382934,1.7306438281586577e-05,0.25974409502342494,0.013295520761671478,0.00013166709023721725,0.013297241317341469
0.1875,0.6333681366082256,0.17794984939554018,0.18868201399623427,0.015333525717349104,0.01219208290112325,0.012361962560613336
0.375,0.512081194637236,0.36413725039366424,0.12378155496909969,0.015937347110529285,0.015313463532257477,0.010791796216630869
0.5625,0.3756706050562025,0.5499535062804303,0.0743758886633673,0.015535304990121871,0.015966380066215303,0.008372280480851674
0.75,0.25343543374198135,0.7356938355519126,0.010870730706106072,0.013398950946935509,0.013536293753688346,0.0032857395288090284
0.0,0.7407392471528096,9.746588693957115e-07,0.2592597781883209,0.014009795764809724,3.08060051253004e-05,0.014008676977363426
0.1875,0.6184494944908882,0.17597922940918267,0.20557127609992915,0.014894406861479427,0.011631388164798707,0.012452467808232098
0.375,0.49517837977228146,0.36508024790999516,0.13974137231772335,0.015737750502994186,0.015384048079384486,0.01071342097899829
0.5625,0.4024483103679214,0.5505146593714598,0.047037030260618784,0.015126077470152197,0.0156935585667016,0.00666090120283924
0.75,0.270931609234022,0.6402694805009831,0.08879891026499497,0.014232421071302534,0.0151823934563191,0.008952241679210179
0.0,0.7395182517275082,0.0,0.2604817482724918,0.014012668751993848,0.0,0.01401266875199385
0.1875,0.6388825231536189,0.17769720802096492,0.18342026882541626,0.015130472862751303,0.012222825517661452,0.012377518324255569
0.375,0.5135252764533655,0.3641468509396399,0.12232787260699451,0.01563571308715026,0.014557850051452739,0.01014684997725597
0.5625,0.38367978388984725,0.5524355749592008,0.06388464115095191,0.01503762009000184,0.01577630375377399,0.007484434424601095
0.75,0.25207745293534684,0.7348380001297523,0.013084546934900732,0.013537235614223651,0.01397480864682951,0.0035306753346025246
0.0,0.7390562602571313,3.3271984080886536e-05,0.26091046775878773,0.013564487054335743,0.00018020496897886543,0.013556967418715572
0.1875,0.6368774963535473,0.1783915679224488,0.18473093572400381,0.015178663197686985,0.012206140905111401,0.011679208678424619
0.375,0.4940429361394155,0.3641169504835557,0.14184011337702873,0.01576766026345449,0.015395356314232759,0.010856474286462902
0.5625,0.3841804264410461,0.5524282175114908,0.06339135604746303,0.015015127816267727,0.015242979128372825,0.007605336069855815
0.75,0.25368563321958515,0.7361419298949272,0.010172436885487603,0.013841106436988817,0.013930127594019239,0.0031818296494697503
0.0,0.7398565122348651,0.0,0.26014348776513485,0.014082525984703543,0.0,0.014082525984703541
0.1875,0.6365609153900081,0.17648082386864988,0.18695826074134198,0.014878171224006247,0.0115560632661025,0.012530267183951997
0.375,0.5202233869758388,0.3646883619686954,0.1150882510554657,0.016250112315031307,0.015245485509664963,0.01016159591111405
0.5625,0.3857782493973917,0.5513621579031365,0.0628595926994719,0.015876411686043826,0.016433427106933785,0.007780190928540204
0.75,0.2546064815420222,0.7350490252003066,0.010344493257671228,0.013713454158329213,0.013743894640737738,0.0032327054968749494
0.0,0.7395732200292402,0.0,0.2604267799707597,0.013789517941752845,0.0,0.013789517941752845
0.1875,0.6158658694936129,0.17766565339613039,0.20646847711025662,0.015390219440551823,0.011763094886256265,0.012882870899064562
0.375,0.5230184344050056,0.36507963852874603,0.11190192706624828,0.015647331642696813,0.014837564356320453,0.01028128495143724
0.5625,0.3765212050201778,0.5479985509000276,0.07548024407979458,0.016014386319513328,0.0159981699762446,0.00825386460570792
0.75,0.25234566823966986,0.7350110874504683,0.012643244309861804,0.013747492394779882,0.014072427748781442,0.0036240408851662066
0.0,0.7391341302819824,1.0120931799976747e-05,0.26085574878621753,0.013792353681671024,0.00010074547975688115,0.013794907050059308
0.1875,0.634949771388581,0.17830035883019757,0.18674986978122132,0.015141364145986144,0.011909301084004443,0.012417659686791845
0.375,0.5132957563404106,0.36496051160813137,0.12174373205145807,0.015638519936733493,0.015092183465286985,0.010467023988459804
0.5625,0.3826377757185276,0.5521327280164455,0.06522949626502685,0.01498011421842641,0.015390891618226184,0.007999514890783757
0.75,0.2535107222370812,0.7358941132036236,0.010595164559295104,0.01385140225677072,0.013859458613708308,0.0033532914588172884
0.0,0.7398173494772575,0.0,0.2601826505227425,0.013840320623115401,0.0,0.0138403206231154
0.1875,0.6332140337325887,0.17664742286349447,0.19013854340391687,0.01607541324387406,0.012515732731505167,0.012859197433675485
0.375,0.5211428657459135,0.36342035617982743,0.1154367780742591,0.015791336377887894,0.015300654399236857,0.010508487652826403
0.5625,0.37609802672506576,0.549064752855705,0.07483722041922918,0.015289038220612006,0.015513689434080838,0.008320661329322368
0.75,0.25377599760247954,0.7356780035270005,0.010545998870520011,0.013649101301361712,0.013764476472373747,0.0031556426867052905
0.0,0.7389633393473168,0.0,0.2610366606526831,0.013500850689980116,0.0,0.013500850689980115
0.1875,0.6347757232345927,0.17810277589603335,0.1871215008693738,0.015683066347605957,0.01210652056232063,0.012735921461929617
0.375,0.517445115819212,0.36407250064483276,0.11848238353595528,0.01575682847638713,0.015397253062397009,0.0102624817774415
0.5625,0.386000699495836,0.5510146013634712,0.06298469914069288,0.015415163604799411,0.01578782800059323,0.007691710938337379
0.75,0.25155609392465994,0.7337827122730957,0.014661193802244427,0.014062933980196134,0.014065506525884716,0.003797600582234701
0.0,0.7389011164836506,5.917507811789076e-06,0.2610929660085376,0.013789227188903465,7.617979662120371e-05,0.013789219081261057
0.1875,0.6356119769191133,0.17719820068995068,0.18718982239093607,0.015148098974503024,0.012261076920439918,0.012578111160720704
0.375,0.5224015744729898,0.36400167693459523,0.1135967485924148,0.015702236815680747,0.015123442758996427,0.009790271899583102
0.5625,0.3768889154477087,0.5504182158852079,0.07269286866708335,0.015440576245849085,0.015890041180259575,0.008060859328755412
0.75,0.25266984191574565,0.7340301139810367,0.013300044103217659,0.01396499145232985,0.01407173080636835,0.0038427523236715696
0.0,0.7395304622337447,0.0,0.26046953776625537,0.013825603164776833,0.0,0.013825603164776835
0.1875,0.6309427734803006,0.17768038456453897,0.19137684195516044,0.015547000562630555,0.01210331812412128,0.01254970797252517
0.375,0.5139897355093743,0.36433174891363806,0.12167851557698763,0.01585710897388658,0.014640400581681671,0.010630303728631368
0.5625,0.36807190386597827,0.549172611345526,0.08275548478849563,0.014694413819717493,0.015516966886881683,0.008862072162737029
0.75,0.25149299360061644,0.7340529254478048,0.014454080951578739,0.0138721546185121,0.014060770555120186,0.003730524061255593
0.0,0.740509535690037,0.0,0.259490464309963,0.013926951680248944,0.0,0.013926951680248946
0.1875,0.6160142699075922,0.1760077432073055,0.2079779868851021,0.014997663172997647,0.012303413652142391,0.012727686413507923
0.375,0.5169041984834926,0.3631864159370192,0.11990938557948817,0.016749975203319622,0.016017191403895136,0.010333639489279288
0.5625,0.3881009527685802,0.5520845814881186,0.059814465743301196,0.015472736876562771,0.01558074249938904,0.007526740987761052
0.75,0.263262376289713,0.7341547307281496,0.0025828929821373726,0.013806122764321912,0.01377154783762132,0.0016176362705142262
0.0,0.7402021724612349,0.0,0.25979782753876507,0.013525073603202402,0.0,0.0135250736032024
0.1875,0.6166748228425526,0.17527427333598367,0.20805090382146374,0.01541975532976713,0.011984060024710792,0.012701295924403617
0.375,0.49346460472386855,0.3645483669837028,0.14198702829242865,0.015999011965049405,0.015640110653292474,0.011425100265036478
0.5625,0.37543290952147473,0.5501799069787238,0.07438718349980146,0.014907637539336523,0.014712578104344618,0.00798999850143328
0.75,0.26037449066124135,0.7336262705244769,0.005999238814281755,0.013576009511359786,0.013651779412340324,0.002379121851221472
0.0,0.739444920396526,0.0,0.26055507960347407,0.014246124587350362,0.0,0.014246124587350362
0.1875,0.6302538250869065,0.17535129473820216,0.19439488017489126,0.014837325881987783,0.012042636869705338,0.012815085367696585
0.375,0.5138951167079411,0.363677023403516,0.12242785988854281,0.015179908524681544,0.015140945426657016,0.010481893751629093
0.5625,0.38511297316683263,0.5485109590930638,0.06637606774010363,0.015231245844086966,0.015654105636658387,0.007875760976479722
0.75,0.2531617608134585,0.7341192274512075,0.012719011735333937,0.01402037798367098,0.014013060757780783,0.003553924227672163
0.0,0.739323279591778,0.0,0.260676720408222,0.013991908130939344,0.0,0.013991908130939342
0.1875,0.6337563455272284,0.17714255054648867,0.18910110392628302,0.015167439817214296,0.01202348204862492,0.01260287390769206
0.375,0.5116088756284779,0.3639919331440557,0.12439919122746643,0.01574472199702013,0.015263769764091738,0.010551687056658026
0.5625,0.38455611332405576,0.5507891726756927,0.06465471400025154,0.014954601524350058,0.015333445143017047,0.0071040674178838034
0.75,0.2555507163124194,0.7339915820765723,0.010457701611008379,0.013598109788284825,0.01374475012308648,0.003217917670945661
0.0,0.7398070057300073,0.0,0.2601929942699926,0.013847119137622944,0.0,0.013847119137622942
0.1875,0.6178406417756244,0.1760460699443566,0.20611328828001907,0.015587289129060305,0.01204425401081783,0.012435013766567306
0.375,0.5125165582196674,0.3636858528331518,0.12379758894718086,0.01602903594113713,0.015386389761625048,0.010389114378110366
0.5625,0.38391950223549687,0.551876192982855,0.06420430478164822,0.01489154251741484,0.015726944636693836,0.007717495358066371
0.75,0.25434385646129776,0.735518847902047,0.01013729563665519,0.013610234295480311,0.013839284311009031,0.003193211239025945
0.0,0.7391595884515675,5.8777011014625806e-05,0.2607816345374179,0.013671081440508378,0.00023483804961968777,0.01367763643937792
0.1875,0.6368392938719193,0.17757717371133674,0.18558353241674394,0.015335519339064872,0.012064918566765772,0.012862318179424563
0.375,0.5197091789406018,0.36530629556917765,0.11498452549022056,0.015826508394369606,0.014961354052769604,0.010202012385370425
0.5625,0.37754196639206,0.549810561506476,0.07264747210146406,0.014510681999264988,0.015195028757369588,0.008336845405471563
0.75,0.2537746375379569,0.7343022137352907,0.01192314872675242,0.013885816012179433,0.01400752861401798,0.0033791032453182324
0.0,0.740816872392443,0.0,0.2591831276075569,0.013926530473749858,0.0,0.013926530473749858
0.1875,0.6180460181756683,0.17594930908247056,0.20600467274186104,0.015260114301587045,0.011730981367781664,0.01312191541260269
0.375,0.5105146238190252,0.3630599895774076,0.12642538660356722,0.01577257233130911,0.014788459218552407,0.010219414579785827
0.5625,0.39789689259120986,0.5501805050784114,0.05192260233037875,0.015461858550552283,0.015798276041658756,0.007069942867114014
0.75,0.2551984397176861,0.7343686772554845,0.010432883026829348,0.014385515987488775,0.014450030551872394,0.0032036182757280594
0.0,0.7400185998515812,0.0,0.25998140014841875,0.013828242681271153,0.0,0.013828242681271153
0.1875,0.6316494540567487,0.17691154257590583,0.19143900336734532,0.014795835978231872,0.011618994219618971,0.012214463088030805
0.375,0.5162080785700726,0.3652622984433664,0.11852962298656106,0.01549457141556434,0.014613717302614633,0.009986510688277148
0.5625,0.38260756770471765,0.5495613805627184,0.0678310517325639,0.015351177130674803,0.015504781660266595,0.007772288965876975
0.75,0.2534986412472941,0.7344898289004859,0.01201152985221996,0.01414709254046788,0.014329313993568219,0.0034566140015077312
0.0,0.7404475358331206,0.0,0.25955246416687944,0.013650403186255673,0.0,0.013650403186255674
0.1875,0.6270448387847577,0.17713260466152858,0.1958225565537137,0.015832338295596736,0.012202052070894417,0.012675872634840664
0.375,0.5137759880995344,0.3640589690800615,0.1221650428204041,0.015491413986898349,0.015190831215646709,0.010330986889147945
0.5625,0.4027503897147029,0.5502164636398217,0.04703314664547533,0.01539960159442705,0.01574516939932794,0.006885534085086238
0.75,0.25167989347711645,0.7350309073519202,0.013289199170963235,0.013514809640339633,0.013875888453295477,0.0035645433909200002
0.0,0.7402024013296513,0.0,0.25979759867034863,0.013931600576821543,0.0,0.013931600576821544
0.1875,0.6346207605836519,0.17728335523489067,0.1880958841814575,0.015216286441897767,0.011625787276198504,0.012371932699339028
0.375,0.521800328466536,0.3646480126218778,0.11355165891158617,0.015321970243985355,0.014732470863219415,0.009683260175155887
0.5625,0.3772268553372222,0.5506433694006425,0.07212977526213521,0.015099483374373751,0.015711792194265224,0.007932657791986618
0.75,0.2547224940058633,0.7346495471972323,0.010627958796904433,0.013694445461998592,0.013993008604323185,0.0031722698911028392
0.0,0.7387680382123974,0.0,0.2612319617876027,0.013352843975425655,0.0,0.013352843975425655
0.1875,0.6289574460445058,0.17693358156737374,0.19410897238812047,0.015699541428633106,0.01252169046110143,0.012692119373247044
0.375,0.5140733285239482,0.36446508738113126,0.12146158409492061,0.015810384676928958,0.015249534151890528,0.010222336825874291
0.5625,0.37600241090097664,0.5493288746287844,0.07466871447023891,0.014940763645019966,0.015536049256110178,0.008542530083822697
0.75,0.25291441574372947,0.7358640047125286,0.01122157954374196,0.013986275805740465,0.014044970336311777,0.0033434187440147317
0.0,0.7395588177646332,0.0,0.26044118223536683,0.013860044298373045,0.0,0.013860044298373045
0.1875,0.6322762373250438,0.17821513574029474,0.18950862693466142,0.015152461192724256,0.012284460393824232,0.012551782193173376
0.375,0.5160158775511007,0.36429356969553905,0.11969055275336023,0.016058890830906537,0.015267950841563462,0.010612647558819154
0.5625,0.39231051574631465,0.5499129884810994,0.05777649577258615,0.0157140858572138,0.015784435205957577,0.007451178072020512
0.75,0.25353386781185916,0.7357142288678369,0.010751903320303844,0.01343061604802664,0.013785377977026784,0.0032693791042993216
0.0,0.7391916253992838,9.500135355451303e-05,0.2607133732471618,0.013597346917440899,0.0003036551461346647,0.013588041333087057
0.1875,0.6359952133538844,0.17751119863784043,0.18649358800827515,0.015602557706103705,0.012215252469031832,0.012364072481298798
0.375,0.5141794146449212,0.36446598889834336,0.12135459645673535,0.015341024186386793,0.014934517186616128,0.010109975989503054
0.5625,0.3827249982606023,0.5506341474550834,0.06664085428431438,0.01529186043147821,0.01539071420527521,0.007947785298998925
0.75,0.2553236221513756,0.7345221883254738,0.01015418952315057,0.01379655781551047,0.014062274292607825,0.0032286667986885192
0.0,0.7397839982278263,0.00011985422815670084,0.26009614754401705,0.014021622629457409,0.00034318268107316963,0.014018614599455336
0.1875,0.6353742254112608,0.17735903326117694,0.18726674132756221,0.015385698099362237,0.011923116231950796,0.01240888709542283
0.375,0.5142940612296877,0.3638861851836573,0.12181975358665491,0.015157316342087333,0.014569543744447999,0.009910211147276212
0.5625,0.390264908531633,0.5505963281568608,0.059138763311506325,0.01489281440079443,0.015564656568646683,0.007277675611131335
0.75,0.25452720154633546,0.7346526742456597,0.010820124208004756,0.014137403213865514,0.014077082518939712,0.003194146047713311
0.0,0.7402117939408985,0.0,0.2597882060591014,0.013968646342683237,0.0,0.013968646342683239
0.1875,0.6337806315175819,0.176535637503163,0.189683730979255,0.015179930049280463,0.011864131787393272,0.012271041593578622
0.375,0.5250842499589509,0.3639979236999819,0.11091782634106723,0.015740307273462904,0.015562598879558347,0.009844116130838703
0.5625,0.3761654352166991,0.5492459431651183,0.07458862161818254,0.015683463094997532,0.01581732256046159,0.008083101934584091
0.75,0.25748737760187734,0.7340723196337015,0.008440302764421237,0.013768634354317659,0.013917692033719545,0.0030080368568573524
0.0,0.738896596794759,2.9904871477437327e-05,0.2610734983337634,0.01367066032044378,0.00017014167304367706,0.013677520904244374
0.1875,0.6314129514372209,0.17768374417559488,0.1909033043871842,0.015267337197097802,0.012165834548321744,0.012304345679653488
0.375,0.5232904086522839,0.3648538869644336,0.11185570438328239,0.015959716499412187,0.015919371931824904,0.009661791272390969
0.5625,0.38157362303045145,0.5523957154026315,0.06603066156691696,0.015442254827908421,0.01563927370317186,0.00796302959099667
0.75,0.25441005717755627,0.7352895564574551,0.010300386364988645,0.013299031980530908,0.013470826805969524,0.0032455831936527165
0.0,0.7407422244636686,8.499951256338177e-05,0.25917277602376804,0.013718618623028617,0.0002922812080891024,0.013720415350289422
0.1875,0.61569172147934,0.17727761086271962,0.2070306676579404,0.015518045929036571,0.01212175368523182,0.012798395086877568
0.375,0.512350425706883,0.3642725065828927,0.12337706771022434,0.01607971924408354,0.015420400140500586,0.010297636457639063
0.5625,0.37709810939899113,0.5494620929872521,0.0734397976137567,0.015513269245858085,0.015864368697522824,0.008365622799444911
0.75,0.25437378317110504,0.7352526831423074,0.010373533686587482,0.013839848907726155,0.014001060440184166,0.003302268123944521
0.0,0.7402696943643013,1.0256410256410257e-06,0.259729279994673,0.014397581884658808,3.2417396162623815e-05,0.014397708762590007
0.1875,0.6331460015916608,0.17651534585216933,0.19033865255616986,0.015425128846072096,0.012149083942792358,0.012027028411078436
0.375,0.5142960738264878,0.36369248855516195,0.12201143761835019,0.015630190123028895,0.015448220202111002,0.010144765862145978
0.5625,0.3972995795711139,0.5510597835494746,0.0516406368794115,0.01541234375023357,0.015877155507481016,0.006749178527668301
0.75,0.25993665973858554,0.7348734631906784,0.0051898770707361225,0.014257844081636037,0.014331079906249183,0.0023191701081442463
0.0,0.7395744838823235,0.0,0.26042551611767645,0.013782662635024995,0.0,0.013782662635024995
0.1875,0.6332341735073309,0.17710933049558344,0.18965649599708564,0.015066065193443423,0.012390921092756432,0.012172351024298119
0.375,0.5120511693868447,0.3651543372205218,0.1227944933926335,0.015746824220642268,0.015464225717049015,0.010860944644495068
0.5625,0.3989441576656357,0.5512545471638952,0.049801295170469044,0.0160897807663829,0.01644826144307741,0.0070299049094264205
0.75,0.25355244470729027,0.7353503468892184,0.011097208403491337,0.013503699254237986,0.013654400396404445,0.0032266812709283513
0.0,0.7396309738187731,3.0456317623706162e-06,0.2603659805494645,0.013861007784052743,5.554921081799353e-05,0.01385950121439428
0.1875,0.632487644568952,0.1777108815862046,0.18980147384484336,0.015256737721900544,0.012281893547679184,0.011995468740471573
0.375,0.5135484052018017,0.3638101819020912,0.12264141289610715,0.015653333306337548,0.015359742563646951,0.01010960554018254
0.5625,0.38565873742675233,0.5511884593721698,0.06315280320107784,0.01515818217251876,0.015740819715562012,0.007712918306302902
0.75,0.25380981133313096,0.7348922443061229,0.011297944360746168,0.012994375837064661,0.01311986361627934,0.003336770563217935
0.0,0.7398468433447858,9.082072551094688e-06,0.26014407458266303,0.01456068754129639,9.536436124183162e-05,0.014557741636071523
0.1875,0.6172490542747716,0.17530529143367676,0.20744565429155157,0.015147966448790892,0.012430402218498839,0.012744771028041562
0.375,0.5198007746557203,0.3640652939516057,0.11613393139267404,0.015929813210573907,0.015514440073227437,0.010009199231354685
0.5625,0.38115513344389185,0.5525588944040569,0.06628597215205123,0.015230076508400043,0.01562729204456803,0.007496322952593345
0.75,0.2572839661620147,0.7340242189016825,0.008691814936302727,0.013732016009766524,0.013887429570651033,0.00288525062521644
0.0,0.7393153618910442,0.0,0.2606846381089558,0.01403140552660452,0.0,0.01403140552660452
0.1875,0.6314034985040461,0.1778976218005637,0.19069887969539018,0.015241640952653976,0.012357048952167512,0.012227324730562025
0.375,0.5183338307973001,0.364143835506198,0.11752233369650181,0.015683740072642033,0.015740003969904028,0.010473407286205732
0.5625,0.40232180708985704,0.5509777405589489,0.04670045235119412,0.0156523809460451,0.016002823312886678,0.0065620720651132025
0.75,0.2544476220297608,0.7352794865299498,0.010272891440289469,0.013673710315922653,0.013927382285043893,0.0032067043198122686
0.0,0.7397282850329168,9.756097560975609e-07,0.2602707393573271,0.013037675307373757,3.083605976444704e-05,0.013038352629966946
0.1875,0.6314803326110064,0.1780937936719282,0.19042587371706535,0.015917861344031396,0.012291028094114366,0.01268840574497519
0.375,0.5139082685772319,0.3644809985738165,0.12161073284895153,0.015801012315955716,0.01499637929451746,0.01083034822105752
0.5625,0.3888833199963846,0.5508869163944046,0.060229763609210826,0.015680129875204334,0.015825017094287512,0.0076759337519843535
0.75,0.2548536670239351,0.7347028080933043,0.01044352488276055,0.01409448631298865,0.01424020384157151,0.0032032647466359136
0.0,0.7400587477663885,0.0,0.2599412522336114,0.01399196765665796,0.0,0.013991967656657963
0.1875,0.6332644730593856,0.17768350056824203,0.18905202637237226,0.015573275239225571,0.012522286160205752,0.012574075361406025
0.375,0.5256974744795987,0.3640750580809157,0.11022746743948557,0.01562952234272423,0.015476247251480287,0.00965302962103626
0.5625,0.4013588233362675,0.5505012318848592,0.04813994477887327,0.015416209777614159,0.015682363042727715,0.006684789735770649
0.75,0.25345655479263035,0.7344592130298044,0.01208423217756512,0.014321834647336546,0.014351892572546657,0.003516035447038207
0.0,0.7383904491121007,0.0,0.2616095508878992,0.014105700828040352,0.0,0.014105700828040356
0.1875,0.6296503368864163,0.17768709896231438,0.19266256415126934,0.015331614060904004,0.01213614658369693,0.012316220780560693
0.375,0.49397367663462444,0.3641903308912958,0.14183599247407966,0.015768944894944344,0.015749249199675616,0.011332299799577582
0.5625,0.40399712477693495,0.5494646060957357,0.04653826912732935,0.015954508507161746,0.015859243784924055,0.0065647099901063165
0.75,0.2548015680978943,0.7346501808669508,0.010548251035154969,0.013556219402385767,0.013744497394135686,0.0032131355197873765
0.0,0.7398691209959829,0.0,0.26013087900401705,0.013153428039382553,0.0,0.013153428039382556
0.1875,0.6324838673008526,0.17825339419783864,0.18926273850130884,0.014853293457428482,0.012145380718059172,0.012407604130899835
0.375,0.5159324925628259,0.3647552192961741,0.11931228814099992,0.016064763993823426,0.015380681830786145,0.010200422250108983
0.5625,0.4011810605703905,0.5501929867977924,0.04862595263181704,0.015854512829834855,0.016075163561358075,0.006830451697878646
0.75,0.2549387638066951,0.7349175770363495,0.010143659156955401,0.013446830533958865,0.013600549389723082,0.003207767883365028
fixed rate,success rate,failure rate,error rate,success std,failure std,error std
0.0,0.7392023179699964,0.00012901591194732393,0.26066866611805645,0.01358369247464237,0.0003703637381933149,0.013581527412213024
0.1875,0.6263035512978172,0.17610667236189698,0.19758977634028582,0.015374685767193983,0.012091421472387261,0.012793673656816119
0.375,0.5077923259938235,0.3629568073076701,0.12925086669850636,0.016058830709654442,0.01566859337952312,0.01091574451426224
0.5625,0.37727264864175675,0.5509446565668439,0.07178269479139951,0.015629284104907243,0.01584727323599902,0.008122308054740702
0.75,0.2544506140555201,0.7351623636438896,0.010387022300590097,0.014247610897486612,0.014435799693813358,0.0032690964749163293
0.0,0.7397651687379633,6.9791362598338795e-06,0.2602278521257769,0.01328677252224539,8.316114715728039e-05,0.013283395849685107
0.1875,0.6328133054344341,0.17778891980864797,0.18939777475691794,0.01535591958603161,0.011888994564438687,0.01241412510104415
0.375,0.524134288020229,0.36382799577989944,0.11203771619987168,0.015582553968066829,0.014899701930571012,0.010108096943908738
0.5625,0.40434410092352335,0.5509972728244802,0.04465862625199634,0.014725148658969288,0.014997573110759523,0.006702043017334286
0.75,0.2534114815382075,0.7346869203352732,0.01190159812651943,0.014057504477469493,0.014378096459459533,0.0034603562572064423
0.0,0.7406182979476573,6.42511864127305e-05,0.2593174508659299,0.014013963553519165,0.00025737309267409667,0.014012067652381473
0.1875,0.6331945389393616,0.17767043413494957,0.18913502692568882,0.015212855138257965,0.012323150374207921,0.01230448673449386
0.375,0.5138226548543885,0.3634315249556832,0.12274582018992829,0.015334148492920998,0.014808590924282538,0.010346464841804183
0.5625,0.38688010204290035,0.5496563480194889,0.06346354993761065,0.015172367306824083,0.015440414711693069,0.007632526953527524
0.75,0.2541985715390259,0.7351124801777446,0.01068894828322955,0.014002848668547877,0.01414553767503045,0.0031811569878820033
0.0,0.7405013286896671,1.0330578512396695e-06,0.25949763825248157,0.01391001650684085,3.2651819481981625e-05,0.013909302527155524
0.1875,0.6328158604386195,0.1772927589811064,0.1898913805802742,0.015517257950640186,0.012698064474083857,0.012429549663851893
0.375,0.5150365351359544,0.36458377438096257,0.12037969048308306,0.01625529048402048,0.01563750202301058,0.01026432550825889
0.5625,0.3782464594504695,0.5504277732628358,0.07132576728669479,0.015134810860949225,0.015765019066907717,0.00808952513984502
0.75,0.2629982076602167,0.7339918923834754,0.0030098999563079503,0.014618019938558291,0.014565120582600562,0.0016788067748864874
0.0,0.7405981936735233,9.45179584120983e-07,0.2594008611468926,0.01369518074492803,2.9874254497692078e-05,0.013694981564721733
0.1875,0.6289182807556036,0.17643059390931087,0.19465112533508552,0.01525475444272499,0.011920308208287501,0.01230158789969248
0.375,0.5168849745681316,0.36472252768332497,0.1183924977485433,0.015549944080403165,0.014975446420453455,0.009910193785239153
0.5625,0.3971296935159133,0.5515038967824205,0.05136640970166613,0.01554970626171165,0.015792218093053107,0.007032882353605903
0.75,0.25244541286418354,0.7345378643638197,0.01301672277199672,0.013339577711963424,0.013573053736948608,0.003571851125547602
0.0,0.7396435511683525,0.0,0.26035644883164744,0.013829040814440143,0.0,0.013829040814440146
0.1875,0.6336455026060728,0.17743618872203354,0.18891830867189358,0.014489716515385229,0.011676963895925534,0.012082013196414103
0.375,0.5235968381909376,0.36558066251756377,0.11082249929149852,0.016122105438209477,0.015268727645472407,0.010098468627330498
0.5625,0.3834471777598243,0.5527762780937554,0.0637765441464203,0.015261614133297397,0.015477350589302084,0.007981198048843079
0.75,0.25374515388509256,0.7353639711578465,0.010890874957060962,0.013782425620883172,0.013904138711317118,0.003301586452274861
0.0,0.7398180291822021,9.881422924901185e-07,0.26018098267550543,0.013763638510000502,3.123217515667808e-05,0.013765752689625576
0.1875,0.631933843877308,0.17706096117904122,0.19100519494365067,0.015578870710314822,0.012263904771403857,0.01206583540259004
0.375,0.5243968702508307,0.3647039308478776,0.11089919890129163,0.015768944891073645,0.015042084566878082,0.009864848665183706
0.5625,0.402193798835999,0.5513797520311384,0.046426449132862625,0.015311985489854364,0.015574934940424478,0.006682386332408844
0.75,0.24982223615009075,0.7347175032523372,0.015460260597571997,0.013617729513419476,0.013840005579237796,0.003771638037259825
0.0,0.7394615420752381,3.912203022691097e-05,0.26049933589453494,0.013655583025400781,0.00019429080086220642,0.013655545816928544
0.1875,0.6325817795710125,0.17797852200664965,0.18943969842233785,0.015487488991305658,0.011888134705263986,0.012554720047915439
0.375,0.5136070419116148,0.3646873566246039,0.12170560146378143,0.015440235366473588,0.014906689450555073,0.010380424710189044
0.5625,0.401163437129743,0.5504833746622514,0.048353188208005535,0.015272597336653869,0.01569033803364096,0.006840524978298467
0.75,0.2547959748124529,0.7350235837312572,0.010180441456289923,0.013870979098113237,0.013926402481443863,0.0032024153019996255
0.0,0.7400197286956561,0.0,0.25998027130434376,0.014123761846871013,0.0,0.014123761846871015
0.1875,0.6328764549348606,0.17760154159135544,0.18952200347378392,0.015493365450574031,0.012532479542481729,0.01191175382180426
0.375,0.512124906605087,0.36551345809607055,0.12236163529884225,0.015450035023599665,0.014752552574799098,0.010481847303320253
0.5625,0.3817148183231224,0.5517554598643749,0.06652972181250276,0.014947214523549378,0.015480044464936024,0.007930437267022031
0.75,0.2544743407877469,0.7344540522291603,0.011071606983092886,0.013668791226481273,0.013868847224343854,0.0033924045506329797
0.0,0.7402254805271932,0.0,0.2597745194728068,0.01374298390891932,0.0,0.013742983908919319
0.1875,0.6328877130199245,0.17699598296114397,0.19011630401893145,0.015160893052375012,0.01186921757640712,0.012162365104029568
0.375,0.5195377231371322,0.3638391557056548,0.116623121157213,0.015529694025298406,0.014933925145164085,0.010011867554459505
0.5625,0.3821238361792979,0.5521555596321759,0.06572060418852615,0.014783208710875177,0.014936569095635307,0.007687898161972172
0.75,0.2534355550216809,0.7349487561639559,0.0116156888143632,0.013837461190242156,0.013801929699262198,0.003475774316996771
0.0,0.7400277670225566,0.0,0.2599722329774435,0.01405097543324606,0.0,0.014050975433246063
0.1875,0.6329608525698776,0.17735074501211376,0.18968840241800872,0.015364844075430097,0.012393806750315078,0.012486781427910702
0.375,0.5210495377951876,0.3643176210252529,0.11463284117955953,0.015525877817098526,0.015066419189909088,0.010140785698949372
0.5625,0.40543107169153836,0.5504520993256967,0.044116828982764845,0.015421335703130156,0.015403590262951313,0.006608744028546662
0.75,0.254094947000773,0.7356846399826157,0.010220413016611281,0.013863926780671353,0.013849211267791546,0.0031124400262257036
0.0,0.740249064135281,4.724758604281903e-05,0.2597036882786762,0.013824191613050877,0.00021786996969617173,0.01382033438183735
0.1875,0.6334756820852528,0.1777463670919817,0.18877795082276547,0.015545158494105421,0.012386303554954918,0.012300984332894808
0.375,0.4929120395867664,0.36416088934056406,0.14292707107266964,0.015490718619880856,0.014667424135861454,0.01103254266074358
0.5625,0.3811896313324973,0.551389738566495,0.06742063010100767,0.015404937891789709,0.015817357959062587,0.007632961739987058
0.75,0.25973434847756677,0.733684455346911,0.006581196175522278,0.014254713157936659,0.014467468638002972,0.0025296617501637635
0.0,0.7406381428125473,0.0,0.25936185718745275,0.013586815353129946,0.0,0.013586815353129944
0.1875,0.6324639261260665,0.17751138857803064,0.19002468529590283,0.015695016511563093,0.012508153823341354,0.012570577018619532
0.375,0.5146467852174395,0.3653670338694815,0.11998618091307908,0.015677846924257808,0.015174672441278356,0.009854342903374221
0.5625,0.37691163651000453,0.5502526181848773,0.0728357453051181,0.014670554783727646,0.014970332359787385,0.00826777924496634
0.75,0.2540106161406197,0.7347634886178618,0.011225895241518518,0.013232762763363444,0.013465136233977848,0.0034227840628773152
0.0,0.7395903842877428,1.9851822840399445e-05,0.2603897638894168,0.01424665409246438,0.00013904530741318925,0.014244941442962072
0.1875,0.628773937671705,0.17655517004939708,0.1946708922788979,0.01543790345325171,0.011776259672820252,0.012258710779119828
0.375,0.5141534188338394,0.3634775187508824,0.12236906241527806,0.01549026970788895,0.015162192288821735,0.010115671838227432
0.5625,0.4028667753400851,0.5501031215977873,0.04703010306212755,0.015650702518395735,0.015450257838905518,0.0066529071795068725
0.75,0.2539979598973705,0.7350453056532635,0.010956734449366035,0.013769888803691878,0.014014730535781962,0.003251096331365583
0.0,0.7405132737014447,0.0,0.25948672629855524,0.014454855394162526,0.0,0.014454855394162526
0.1875,0.6292599075538232,0.1778490163756493,0.19289107607052738,0.014356576312547878,0.011459834426786459,0.012056328865064234
0.375,0.5205344822316221,0.364867343597974,0.11459817417040379,0.015604059666538201,0.015270029851191568,0.00996116003883958
0.5625,0.4052231989330869,0.5491992364420585,0.045577564624854704,0.015523880036665178,0.015769352303105406,0.006330728998608362
0.75,0.27129436322221046,0.6401427110442214,0.08856292573356819,0.014080726620467105,0.015326352626422707,0.009171699780933502
0.0,0.7401860140680094,0.0,0.2598139859319905,0.01389576986628868,0.0,0.01389576986628868
0.1875,0.6334659049446447,0.17766946859501717,0.188864626460338,0.015566887743112072,0.012519759119618605,0.01294825748062949
0.375,0.5161202488136513,0.3637680301863018,0.12011172100004686,0.01502546234695814,0.014675370730081634,0.010409971983538494
0.5625,0.40525703694264953,0.5505345806420644,0.044208382415286136,0.015120937536526083,0.015542377668131095,0.0065179966565204325
0.75,0.25473631538100655,0.7349464202656949,0.010317264353298454,0.014165607653536966,0.014433820439733893,0.0032015979594611373
0.0,0.7393216298743948,0.0,0.2606783701256053,0.01472696786514417,0.0,0.014726967865144172
0.1875,0.6363311888743978,0.17819080755564218,0.18547800356995997,0.014701981797190632,0.01200650827323298,0.012687017360794188
0.375,0.4926206092143891,0.3653759444308889,0.14200344635472203,0.016191124822312095,0.01531887668316832,0.011365498589264925
0.5625,0.3824852544729077,0.5515118389068125,0.06600290662027981,0.014974913835273395,0.01496376062897738,0.007693967577121287
0.75,0.2542771866025206,0.7346645604643867,0.011058252933092738,0.014003463492479669,0.014180279663147402,0.0032128395152426683
0.0,0.7402280223964443,0.0,0.25977197760355586,0.01396278759293647,0.0,0.013962787592936473
0.1875,0.6328545066701243,0.17650381170745072,0.19064168162242492,0.01570421948521997,0.012103093617089188,0.012550839729524565
0.375,0.5212725158633074,0.3644285005539988,0.11429898358269383,0.015660849945916065,0.015245511868261617,0.009979571535603601
0.5625,0.4029011935799445,0.5491798515997884,0.04791895482026708,0.01584136210636847,0.015908836014407457,0.007042641182593786
0.75,0.2533578441037034,0.7340339965246693,0.012608159371627297,0.013374543951730024,0.013572934654060256,0.0034306556972308958
0.0,0.7396606388894149,0.0,0.26033936111058503,0.013892550442682408,0.0,0.013892550442682408
0.1875,0.632152799916337,0.17776814276055422,0.19007905732310867,0.015472409766753925,0.012351067853812746,0.012595294360064962
0.375,0.5132536864687127,0.3643630032994686,0.12238331023181859,0.015807539845063997,0.015232923945678111,0.01017392733527715
0.5625,0.40132228460170677,0.549834604659651,0.048843110738642316,0.016134196156623877,0.016162000449957407,0.006963416956268424
0.75,0.2538283115794079,0.734830062035479,0.01134162638511302,0.013362224229902641,0.013454946464089566,0.003307150096773784
0.0,0.7404563826976497,0.0,0.2595436173023503,0.013722757957805656,0.0,0.013722757957805656
0.1875,0.6353089638512193,0.17708131490608817,0.18760972124269265,0.015386089092603928,0.012254737454764037,0.012464284838504269
0.375,0.5226049178586472,0.3657284592731579,0.111666622868195,0.015419900539521227,0.014920573025602417,0.009992590709636805
0.5625,0.3810242119566829,0.5515028449381372,0.06747294310517987,0.014655541966449935,0.015278646353229886,0.007951225573234761
0.75,0.24510789163925104,0.735125856376271,0.01976625198447801,0.013879245027923834,0.014209739420855263,0.004455233457133595
0.0,0.739879830639019,0.0,0.2601201693609809,0.014035438736298674,0.0,0.014035438736298677
0.1875,0.6323464980457661,0.17682048428603028,0.19083301766820357,0.015424193755644747,0.011940271124556747,0.012628523629746325
0.375,0.5248452689841205,0.36411297528304604,0.11104175573283334,0.016204886287431892,0.015356215918069483,0.010070642131261031
0.5625,0.3827290281872091,0.5519715846298406,0.0652993871829502,0.015620670258416932,0.01612914994739031,0.007857982145680446
0.75,0.2537090263512296,0.7345502398919243,0.011740733756846162,0.013925288681867496,0.014297843277299155,0.003283745900894333
0.0,0.7405877140759539,0.0,0.2594122859240461,0.013831831344878795,0.0,0.013831831344878793
0.1875,0.6334985177879561,0.17688098195033522,0.18962050026170862,0.01473924673025163,0.011524061160237097,0.012164209110903334
0.375,0.5195414521746605,0.36435247093614803,0.1161060768891914,0.01584949676285734,0.015215741809624962,0.010005004740114341
0.5625,0.3744110197490989,0.5512828920443058,0.07430608820659536,0.015201409167357906,0.015575684483319504,0.00816597930464957
0.75,0.2644565594971883,0.7342778378164012,0.0012656026864104179,0.014570364043339668,0.014642078499961584,0.0011651628164635849
0.0,0.7404540846289406,0.0,0.2595459153710594,0.013768113741569105,0.0,0.013768113741569103
0.1875,0.6320681416223692,0.17759681656279921,0.1903350418148315,0.015027812864997048,0.011798408966079432,0.012370621487678013
0.375,0.49477592444210766,0.36509974055919275,0.14012433499869956,0.015605957881449998,0.015159858432047759,0.010911825843185603
0.5625,0.38424277978375415,0.5501886589860474,0.06556856123019836,0.015332743922015534,0.01560072986434835,0.007911259980928823
0.75,0.25268028530927783,0.7359247296678091,0.011394985022913062,0.013858058177363299,0.014009456844849718,0.0033485033623235575
0.0,0.7400422610271512,0.0,0.2599577389728488,0.01324314768706364,0.0,0.01324314768706364
0.1875,0.6328746211682588,0.1774961348148757,0.18962924401686554,0.015524053715955846,0.012144273670671083,0.012648255495150827
0.375,0.4977388410376684,0.3646445549816745,0.13761660398065714,0.015729832439946002,0.015537371180841263,0.010719316859384218
0.5625,0.375655225389618,0.5497447352322604,0.07460003937812164,0.015420882440981847,0.01602530843628265,0.008297723959333909
0.75,0.25191824260474843,0.7336977673098593,0.014383990085392328,0.013166035346570775,0.013374395968683244,0.003696756970515138
0.0,0.739522371895754,0.0,0.26047762810424596,0.01409708921835352,0.0,0.014097089218353518
0.1875,0.6352971361112686,0.17838054591863522,0.18632231797009624,0.015041137385823902,0.012242128184992767,0.012725728009738712
0.375,0.5015869401768291,0.3628613630091378,0.13555169681403306,0.01569913422660121,0.014970420786931431,0.010874161307136084
0.5625,0.40261046132200645,0.5499759080222429,0.04741363065575072,0.015614626776205662,0.01601828064136539,0.006740497929533677
0.75,0.25479094078669867,0.7353165288313134,0.009892530381988002,0.013655994995992812,0.013647695416491948,0.0032024331432290777
0.0,0.7391922482852336,0.0,0.26080775171476644,0.013525979767279765,0.0,0.013525979767279763
0.1875,0.6363777757395186,0.17688239415691648,0.18673983010356487,0.015440047787408024,0.01185730149322109,0.011969743533072893
0.375,0.523973240169479,0.3645510855113924,0.11147567431912855,0.015725501023400944,0.015031303743520541,0.009781410986255599
0.5625,0.3892763673285656,0.5501649353328869,0.06055869733854753,0.01567124610618316,0.016063730235516577,0.007452856131865295
0.75,0.2598127058189964,0.7332534962729957,0.0069337979080078445,0.013662598819535876,0.01367523428633753,0.002604015324900321
0.0,0.740448241423999,0.0,0.2595517585760011,0.013588017438278423,0.0,0.013588017438278425
0.1875,0.6339585313522582,0.17701628088112034,0.18902518776662144,0.01560658428923791,0.01205211531584199,0.012791963038847845
0.375,0.5238988087618858,0.3646217768398403,0.11147941439827383,0.015062298592277984,0.014644875130963884,0.00967953304656065
0.5625,0.37622756430896176,0.5492298006507212,0.07454263504031694,0.015502598192225124,0.0159076208080343,0.008206791487806425
0.75,0.25446416960397567,0.7349469641160151,0.010588866280009249,0.013855055941734137,0.014032734109340176,0.0032224268486380314
0.0,0.7400555148828539,9.891196834817012e-07,0.2599434959974625,0.014003877489309187,3.126306751588351e-05,0.014003060300060014
0.1875,0.6313712485342386,0.17646521732627857,0.1921635341394827,0.015098730621763132,0.012045420123330966,0.012301556169771709
0.375,0.5218853466001735,0.3655392637004431,0.1125753896993833,0.016214997592520104,0.01601085127087439,0.010052088773690702
0.5625,0.39735070210677226,0.5519970466023699,0.05065225129085796,0.01602106259444671,0.016399850096233085,0.0069238517242597
0.75,0.25433445399999255,0.7352235638277352,0.010441982172272294,0.01410558562108255,0.014375327205555975,0.0032863268523911676
0.0,0.7406063691204167,0.0,0.25939363087958334,0.014282372027958797,0.0,0.014282372027958798
0.1875,0.6333685557325709,0.17740252300339016,0.18922892126403884,0.014664464693976748,0.011820494287281064,0.012277572961665248
0.375,0.5143470510203916,0.3645091335244202,0.12114381545518808,0.015725160850464527,0.015639450811620003,0.010266043834337477
0.5625,0.3959982154979283,0.551538871919802,0.05246291258226965,0.015676338255185263,0.015642314602774602,0.00710506805397451
0.75,0.25557184511274395,0.7341014737568393,0.010326681130416588,0.013781914257091011,0.013962715621634423,0.003308116492362121
0.0,0.7401291705044817,0.0,0.25987082949551826,0.013972561852075446,0.0,0.013972561852075446
0.1875,0.6330277947841496,0.17696217384113522,0.1900100313747151,0.015173194695316788,0.011920280034911714,0.012595505296973333
0.375,0.5157550588873016,0.36357808118063717,0.12066685993206133,0.015229674536615246,0.01504674382260581,0.010641780377891779
0.5625,0.3760884839819744,0.5497860599944984,0.0741254560235271,0.01564815505976496,0.016269036119090946,0.00851327483471541
0.75,0.2547011887426852,0.7350350151891949,0.01026379606811975,0.013229913617808677,0.013494408775666704,0.003208612386617835
0.0,0.7399233549790629,7.311197741899234e-05,0.26000353304351814,0.014054051011737026,0.00027153554481690664,0.014036664781416667
0.1875,0.6324437226785551,0.17791641673787933,0.18963986058356552,0.015187448756594193,0.012536318453512493,0.013068095936223524
0.375,0.5134627511633876,0.3642548949038823,0.12228235393273003,0.01581912313130156,0.014862614681316586,0.01009594978177272
0.5625,0.38000759293787023,0.5516241359857192,0.06836827107641054,0.015485172692495809,0.015953534954827424,0.007842692630311116
0.75,0.25549163764588223,0.733874009762573,0.010634352591544688,0.013678834575515034,0.013893418832803173,0.0033072216541614147
0.0,0.7396811564755681,0.0,0.26031884352443185,0.013890617238478094,0.0,0.01389061723847809
0.1875,0.6353092675406582,0.17806433002436348,0.18662640243497833,0.01472510815479843,0.011792524447266323,0.012422001643814528
0.375,0.5156293392999739,0.3658616646531113,0.11850899604691471,0.015874807333150165,0.0154305414012799,0.010304871233888596
0.5625,0.4076304060390535,0.5498063409506528,0.04256325301029367,0.015639334306969854,0.015821137254502425,0.006450561746159635
0.75,0.25480721002350554,0.7345310223190595,0.010661767657434897,0.013666858930679343,0.013852344559064141,0.0031394257082544997
0.0,0.7404536389271898,0.0,0.25954636107281004,0.013656462819740539,0.0,0.013656462819740542
0.1875,0.6245540554940937,0.17735209634959692,0.19809384815630934,0.015369144000814636,0.012332497932491934,0.012561497928553584
0.375,0.5072405649096953,0.36546465969522157,0.12729477539508313,0.015753313309624487,0.015160972588487498,0.010644141080641642
0.5625,0.3869796181663977,0.551431196626466,0.061589185207136236,0.015158270166715731,0.015219431000993279,0.007185392383984557
0.75,0.2537202053291444,0.7359338126491723,0.010345982021683199,0.013401569030947398,0.013505209138391363,0.0031336968936263236
0.0,0.7398740140631035,0.0,0.2601259859368967,0.013623726621862698,0.0,0.0136237266218627
0.1875,0.6218189721778928,0.1763087960343061,0.20187223178780095,0.015061524800591785,0.012166905525414877,0.012593942771967724
0.375,0.49520985745072765,0.3650860337729681,0.1397041087763042,0.015529698815330603,0.015724969572108113,0.01104099223946981
0.5625,0.39695939787966256,0.5490926276362791,0.05394797448405842,0.015613914415130919,0.01583658017169804,0.007351271194931797
0.75,0.26022130277830413,0.7343598392135788,0.005418858008116953,0.01393360182816502,0.014056002648897902,0.0023729076928083338
0.0,0.7390446281655041,0.0,0.26095537183449596,0.014239275205752768,0.0,0.014239275205752768
0.1875,0.6152710138540951,0.17708264300163967,0.2076463431442651,0.0153990999189645,0.011804985090549206,0.013112388115746075
0.375,0.5142194669270533,0.36474086796104416,0.12103966511190248,0.015731912026998106,0.014601161050349028,0.010270842365895526
0.5625,0.4000334539790583,0.5506710870766098,0.04929545894433191,0.01608149823718615,0.016204790781399112,0.006745470036331796
0.75,0.2539467302605651,0.734771814489975,0.011281455249459971,0.013720419706406793,0.013716603751364614,0.0032685873110898586
0.0,0.7398378123554876,0.0,0.26016218764451243,0.013358554340129688,0.0,0.01335855434012969
0.1875,0.6332891309984217,0.17781325112161636,0.18889761787996193,0.014825263930991107,0.012172661491878492,0.01241549960395557
0.375,0.5170382015857308,0.3646105413143517,0.11835125709991758,0.015025742600455791,0.015060472919644814,0.010149886788828647
0.5625,0.38471921746800863,0.552059959378365,0.06322082315362625,0.015902598363727833,0.015986163379850017,0.008031242055826686
0.75,0.25198357759027595,0.7359499828760446,0.012066439533679458,0.013702320219469145,0.013700264414466532,0.003396441532611327
0.0,0.74009780626844,0.0,0.25990219373156004,0.013599831139270456,0.0,0.013599831139270454
0.1875,0.6316900206630928,0.17763208078638226,0.19067789855052497,0.015047742906618353,0.011993559240734036,0.012025388382110347
0.375,0.5253423662988266,0.3635002472850351,0.11115738641613813,0.01574150298723195,0.01549594784842298,0.00983599385153922
0.5625,0.3990617686358231,0.5517242861675765,0.049213945196600294,0.01513835002176323,0.015519411881010161,0.006701313635756145
0.75,0.2621234255946796,0.734669910411344,0.0032066639939763576,0.013880955407521467,0.013870526226919937,0.0017977401163025808
0.0,0.7388719928375916,0.0,0.26112800716240836,0.01363301867200165,0.0,0.013633018672001649
0.1875,0.6352436678850454,0.17811348798025858,0.18664284413469595,0.01515922728284163,0.012341550947300392,0.012315796851579871
0.375,0.5150870853715466,0.3632013186083292,0.12171159602012421,0.015662880518623253,0.014989818193951801,0.010358308721223506
0.5625,0.37697368277365295,0.5510652817387627,0.07196103548758437,0.01526819819421757,0.016008644753577845,0.008385576558611087
0.75,0.25376520341785824,0.7354466534416759,0.010788143140465823,0.013581619636007035,0.013760359617548278,0.003310588280466551
0.0,0.7401819659029661,0.0,0.2598180340970339,0.013757087076616983,0.0,0.013757087076616983
0.1875,0.6267263992662115,0.17700151260541755,0.19627208812837096,0.014741352837670207,0.012193877815465052,0.012628575150123824
0.375,0.5166270906870118,0.363476219043648,0.11989669026934004,0.015909497583548326,0.015113519597011378,0.010306971311912933
0.5625,0.40180329613789956,0.5512608040579544,0.04693589980414602,0.016008898422270903,0.016387910590981228,0.0066720748978429945
0.75,0.25431034946901304,0.7355224956851221,0.010167154845864891,0.013601336642643822,0.013916177031116512,0.0030818191839021877
0.0,0.7399434315837962,0.0,0.2600565684162037,0.013079728998899507,0.0,0.013079728998899507
0.1875,0.6368953194377895,0.178060099189485,0.18504458137272545,0.015608943456644512,0.012384972730248207,0.012705359074067035
0.375,0.5233647202826044,0.36468653716734717,0.11194874255004847,0.015676500454082764,0.014823774894299339,0.009984482658715429
0.5625,0.3883891815283136,0.5500621858592424,0.06154863261244397,0.015566887846844325,0.01557711926226646,0.007506482208272084
0.75,0.25166702191878865,0.7354184026214005,0.012914575459810913,0.013408864836626464,0.013808303740952559,0.003586550658873759
0.0,0.7401747860199428,3.663949178588932e-05,0.2597885744882715,0.014856573507346116,0.00018701194143747835,0.014855229287440123
0.1875,0.6351451291730378,0.17722343211676841,0.18763143871019383,0.015429171009444426,0.012157973994402105,0.012680053303651724
0.375,0.514619947149338,0.36405845905493267,0.12132159379572936,0.0157609704048497,0.015353296439953206,0.010166256262993806
0.5625,0.38863320315219035,0.5506623020175315,0.060704494830278136,0.015294211644727815,0.01552295840428997,0.0077203726921653525
0.75,0.2536237717406486,0.7362073898862964,0.01016883837305496,0.013542158811873494,0.013549100920186765,0.003214823103760709
0.0,0.7388495767191311,1.0111223458038423e-06,0.2611494121585232,0.013827345424687554,3.195850481148456e-05,0.013828068318986307
0.1875,0.6164931312501212,0.1763755683168249,0.20713130043305386,0.015406974659464086,0.011955245325545568,0.013224190058024448
0.375,0.5153426431249822,0.36418402620353413,0.12047333067148353,0.016028037911157336,0.015585269315532613,0.01039126501568586
0.5625,0.38729933273932876,0.550427916458183,0.06227275080248812,0.015330282013349076,0.015699461467027186,0.007686562048547449
0.75,0.252871531212662,0.7355202069659014,0.011608261821436589,0.013574790649422167,0.013811565978436881,0.0034698073517839896
0.0,0.7392892146914454,1.0090817356205852e-06,0.2607097762268189,0.014262119894855742,3.189400732447854e-05,0.014262538541793147
0.1875,0.6318938146928618,0.17706275559615584,0.19104342971098243,0.014771273431683154,0.011760215147454208,0.012609953938630979
0.375,0.5241641762189165,0.36365244686086934,0.11218337692021417,0.01606414444829875,0.015458401928214814,0.01020022376473412
0.5625,0.37531825588729806,0.5502772625735391,0.07440448153916274,0.015026777021098855,0.01588991249861847,0.008191456527362211
0.75,0.254302839070622,0.7351407003742038,0.010556460555174231,0.014126494061526494,0.014254228296823846,0.0032014421118666554
0.0,0.7391308790632894,2.9823271253165073e-06,0.2608661386095853,0.01355187406755867,5.437900294042867e-05,0.01354844268336567
0.1875,0.6333889077586403,0.17661014986088594,0.19000094238047371,0.015029214758732999,0.012674886199379171,0.012584860283205941
0.375,0.5241407557449171,0.3653705156683656,0.11048872858671722,0.01610948762911637,0.015585466472746057,0.010368354563772709
0.5625,0.38428630786230006,0.5500044015977412,0.06570929053995866,0.015358941002921357,0.015507976443732613,0.007503792282229227
0.75,0.2521584892397159,0.7352096594964389,0.012631851263845185,0.013439999287471052,0.013557301277533249,0.0035093521280045235
0.0,0.7400455359220232,9.9601593625498e-07,0.25995346806204067,0.013858948584396317,3.148103711011775e-05,0.013861274350908264
0.1875,0.6374236216478946,0.17710303877153882,0.1854733395805666,0.015722448055090543,0.012411264566085961,0.012487033778429529
0.375,0.5151649840078562,0.36337863981841123,0.12145637617373266,0.015535730324097614,0.015201224496837307,0.010224944949926458
0.5625,0.40011611988461426,0.5510275946505672,0.048856285464818634,0.016000635663280437,0.0158784942387729,0.0068967152098449325
0.75,0.25396493914782836,0.7347962409621193,0.011238819890052437,0.013454208099247886,0.01353702670295855,0.0033137758185241145
0.0,0.7407788882373432,0.0,0.25922111176265683,0.013777073256392745,0.0,0.013777073256392743
0.1875,0.6387651319447295,0.17829827933448864,0.18293658872078186,0.015033269142610254,0.012261633878750181,0.012096131555581889
0.375,0.5247162379376258,0.3645113516230534,0.11077241043932073,0.0156046615389824,0.014894913303533265,0.00978109235655256
0.5625,0.40524838598781904,0.5507073869371625,0.04404422707501843,0.015637000121428813,0.015592389712890514,0.006482322779463282
0.75,0.2548861837872448,0.7340034201232974,0.011110396089457636,0.01377363687584071,0.014084857441199175,0.0033882498055303597
0.0,0.7396828381103951,7.686247794981038e-05,0.2602402994116552,0.013855444808163605,0.00029143713752879686,0.013850007258150469
0.1875,0.632253071268583,0.17774443613007695,0.19000249260134,0.015519447097517878,0.01201658618847572,0.012424084081165654
0.375,0.5140570104506804,0.3646766552098411,0.12126633433947846,0.015927107358065976,0.01527049667445091,0.01038601651642395
0.5625,0.40331655852711534,0.5500561552836143,0.046627286189270346,0.015275020275055284,0.01555789970430609,0.006460212676276246
0.75,0.25557598303632495,0.734281187225928,0.0101428297377471,0.013635097378271883,0.013713807434667751,0.003243531339950298
0.0,0.7401392741153439,0.0,0.2598607258846561,0.013572694623169066,0.0,0.013572694623169066
0.1875,0.6318340620221149,0.1774465115081339,0.1907194264697511,0.015011248659367211,0.012139552632427294,0.012055082708316919
0.375,0.4934177047631669,0.3642366769472193,0.14234561828961387,0.015636261395144263,0.015310322907194642,0.010645059943758561
0.5625,0.38104487421730115,0.5516884039362603,0.0672667218464386,0.015486463722233737,0.01573555812292476,0.007724951031373533
0.75,0.25830099384909533,0.7326418124253491,0.009057193725555562,0.013973241420638088,0.014223905782834364,0.003004746263968563
0.0,0.7401269544079824,0.0,0.2598730455920177,0.013535261782207557,0.0,0.013535261782207557
0.1875,0.6368914457712636,0.17667029844358428,0.18643825578515208,0.014988932732104198,0.0122218381112886,0.012624828387701249
0.375,0.5230833767317253,0.36417170072980265,0.11274492253847203,0.01591991225851822,0.015227472314261905,0.009651139942287544
0.5625,0.38329133433543133,0.5509542479086496,0.06575441775591918,0.015437622592388327,0.015916485752952993,0.007845271536718402
0.75,0.2506829499836937,0.7347571655825788,0.014559884433727547,0.013262717012443746,0.013355879041326832,0.003881031850162349
0.0,0.7391680518187297,0.0,0.26083194818127026,0.014292970108085617,0.0,0.014292970108085617
0.1875,0.6179307242792401,0.17574876909352974,0.20632050662723014,0.014601519280599039,0.011914665724613731,0.01255590137842301
0.375,0.5144300809416518,0.3635665646469854,0.12200335441136283,0.01628408744615231,0.015764449251921255,0.010613929368687313
0.5625,0.3823424395536571,0.5511428596084704,0.0665147008378725,0.01533302642865885,0.01569610873830668,0.007786404197861274
0.75,0.2515404371603619,0.7340075264580513,0.014452036381586755,0.013937916877896687,0.01397357967038271,0.003892991754114731
0.0,0.7397414549534783,0.0,0.2602585450465217,0.014533822691937875,0.0,0.014533822691937875
0.1875,0.6312155954971119,0.177220472158541,0.19156393234434702,0.0145856738600758,0.01180970702719263,0.012272679356290003
0.375,0.5172839211960664,0.36400121236079486,0.11871486644313879,0.01646210924445703,0.015586497441254536,0.010236812574369505
0.5625,0.38044720093123535,0.5483781327721591,0.0711746662966055,0.015173278640976303,0.015151646791714688,0.008180444506684337
0.75,0.2548396354391475,0.7348502607102622,0.010310103850590264,0.014038996698143512,0.014184938983203303,0.0032012788175302146
0.0,0.738489314685969,0.0,0.26151068531403093,0.013985303466119805,0.0,0.013985303466119798
0.1875,0.6354069455337578,0.17758565955711278,0.18700739490912952,0.01525369551213942,0.012092152956019047,0.012722758677235055
0.375,0.5105124220355369,0.36436139933025863,0.12512617863420447,0.016229676603249577,0.01569061126784534,0.010842453157183794
0.5625,0.3759027631432999,0.5494259222805392,0.07467131457616083,0.0157054101328664,0.01620467152112966,0.008220447329271121
0.75,0.2509263560135249,0.7355279766354352,0.013545667351039807,0.014112430467070006,0.014381016931801832,0.0035670022632056935
0.0,0.7405890828573063,0.0,0.2594109171426937,0.013835733936299733,0.0,0.013835733936299735
0.1875,0.6354588097059484,0.17847058344829106,0.18607060684576052,0.015564144793125127,0.011912349793179797,0.012279898514224322
0.375,0.5253539483378613,0.3639357292879746,0.1107103223741641,0.015483098241411497,0.014938016773812143,0.009877630973860163
0.5625,0.3753472070840004,0.5506145229092249,0.07403827000677475,0.015641702093805773,0.01620873210719189,0.008064470105877335
0.75,0.25445996872194643,0.7352139793510314,0.010326051927022063,0.013388491376697986,0.01375179375466362,0.0032098634630158213
0.0,0.7397367581682794,0.0,0.2602632418317204,0.013933819324153806,0.0,0.013933819324153805
0.1875,0.6310734031930414,0.1780625393214649,0.1908640574854938,0.015202543427946207,0.011918645152532364,0.012192486412875196
0.375,0.5143129389094069,0.3645938347033536,0.12109322638723953,0.014812238782390194,0.014691444830897222,0.009951224167753677
0.5625,0.3809980716718964,0.5533310345845096,0.06567089374359414,0.015660546623741917,0.015874672802546973,0.007621644282642652
0.75,0.2543727294653307,0.7344815295541801,0.011145740980489158,0.013374136483520892,0.013428435559289008,0.003304023361853528
0.0,0.7401313879205667,0.0,0.2598686120794333,0.01396189103018494,0.0,0.013961891030184942
0.1875,0.6384427338668625,0.1778010152850204,0.18375625084811711,0.015479630981842869,0.012233447004711432,0.012171594356591785
0.375,0.5159048788142381,0.36309439117625664,0.12100073000950538,0.015719736995463973,0.015262608805583947,0.010430127096125685
0.5625,0.38394857602170035,0.5522837265099738,0.06376769746832571,0.014924247381067955,0.015211081374787504,0.007831872408600282
0.75,0.2545955221923395,0.7352220878909527,0.010182389916707826,0.014138378524293487,0.014226900905803858,0.003255376625087027
0.0,0.7406667110790897,0.0,0.25933328892091045,0.013741510943892494,0.0,0.013741510943892499
0.1875,0.633766364464571,0.17691849815034139,0.18931513738508768,0.015156792276484513,0.011902821912721379,0.012389323264231429
0.375,0.5152588094426441,0.36342086123851275,0.12132032931884301,0.016027812483832553,0.014979570724256538,0.01043546595476707
0.5625,0.37741896486243504,0.5498250166818214,0.07275601845574366,0.015108362714540045,0.015414746838374932,0.008214389251543348
0.75,0.25457856928677286,0.7349084627854269,0.010512967927800257,0.013944465926367711,0.014158358383775257,0.0031646695706898462
0.0,0.7389224981615293,0.00016443865863608985,0.26091306317983454,0.013783781700872218,0.00040786178755171506,0.013791030191626174
0.1875,0.6397503522629715,0.17719691849793595,0.18305272923909252,0.015363033869706227,0.011987370501238397,0.012266206727987412
0.375,0.5030153447831917,0.36449299784362427,0.13249165737318416,0.01563649065127368,0.015032082464307624,0.010621335958627198
0.5625,0.38300106106582893,0.5514241778729436,0.06557476106122745,0.0157203042661608,0.01606239726369342,0.008262400482218825
0.75,0.2547633529794431,0.7351236445317568,0.010113002488800113,0.014106072767665002,0.014405902367589155,0.0031168340342226635
0.0,0.7411095231059694,0.0,0.2588904768940306,0.013445142522790988,0.0,0.013445142522790988
0.1875,0.6317641739487635,0.17694136279070125,0.19129446326053523,0.015631440398251015,0.012081787331689428,0.013088292752490852
0.375,0.514567685966627,0.3644311655215909,0.12100114851178201,0.015276645601376974,0.014455796447393398,0.01005847831259123
0.5625,0.3836568445587375,0.5518840103255263,0.0644591451157363,0.015541723946388558,0.016007067352802197,0.007789938026026511
0.75,0.2619063178629624,0.7350168443973705,0.0030768377396670162,0.013806371010828211,0.013827150340491805,0.0017307727147882522
0.0,0.7394331474021832,8.785782474421178e-05,0.26047899477307246,0.013524950217123416,0.0003089533959574027,0.013530747173288282
0.1875,0.6331848299788493,0.17744791329599954,0.1893672567251512,0.015101791935273503,0.012030304413260801,0.01266254401934481
0.375,0.5236812101606169,0.364057033141935,0.11226175669744812,0.0162475469182005,0.015352001852898294,0.010074372984474108
0.5625,0.3885153924318107,0.5509189359318519,0.060565671636337345,0.015536259848125136,0.01608110242054784,0.0074069754979977104
0.75,0.2565457751480043,0.7329060351280163,0.010548189723979338,0.013611327136283425,0.013624444054509289,0.0032252697641505968
0.0,0.7393141839953485,0.0,0.2606858160046514,0.014117719966027318,0.0,0.014117719966027321
0.1875,0.6373810772311661,0.1772383403461234,0.1853805824227104,0.01494881613907125,0.01179196759379621,0.01223436744998622
0.375,0.49344624156354155,0.3634124745975721,0.1431412838388863,0.015037773483047788,0.015270492132558109,0.010934418738792254
0.5625,0.3811438056410976,0.5489381964848246,0.06991799787407785,0.015540667377564635,0.01578812404037599,0.008292924021364612
0.75,0.2605296852083084,0.7352007225728484,0.004269592218843208,0.014278815619696426,0.014251320121402013,0.001965858753049007
0.0,0.7387677632292667,4.134799594850384e-06,0.2612281019711384,0.013848213414909024,8.004615943977833e-05,0.013844689848332828
0.1875,0.633935733315056,0.17807560478833717,0.18798866189660668,0.01505756384368807,0.01190944692660717,0.012336970815231855
0.375,0.4931296910706653,0.36463546282315223,0.14223484610618245,0.0157179057341581,0.01511911042603212,0.010514083508386885
0.5625,0.4050688955425328,0.5504836483391838,0.044447456118283386,0.015784260509974418,0.016056153734071713,0.006465577482056783
0.75,0.263293884944136,0.7348267175755031,0.0018793974803607131,0.014107158577901367,0.014072781713105931,0.0014313542143368672
0.0,0.7391736127633562,6.990734883335601e-06,0.26081939650176045,0.013676751987369902,8.333510221375508e-05,0.013674918018946845
0.1875,0.6386073718476785,0.17677628200034315,0.18461634615197842,0.015322857426955605,0.01201978907097363,0.012127948659378647
0.375,0.5134494463243863,0.36453384506457326,0.12201670861104043,0.01611648802147975,0.015072890054152941,0.01044308517588061
0.5625,0.37481357797452153,0.5504916941262549,0.07469472789922353,0.015258723269452653,0.01543700380083789,0.008516673291855816
0.75,0.2647775368804832,0.7336527086747865,0.0015697544447302483,0.01411177731278814,0.014085449046866432,0.0012187634266115621
0.0,0.7401072474399103,0.0,0.25989275256008965,0.013853281402192101,0.0,0.013853281402192101
0.1875,0.632182186855526,0.17727700982870767,0.19054080331576637,0.01596995124214964,0.012380597864122165,0.01281821905821091
0.375,0.519143279819299,0.3630446961042461,0.11781202407645483,0.01541060536572337,0.014915642168179427,0.01027266408985704
0.5625,0.3938729967597126,0.5506425103911379,0.05548449284914951,0.016082820516600455,0.01581319879226733,0.00707811811270789
0.75,0.2539207346567017,0.7355241232485459,0.01055514209475254,0.013643013009695577,0.013787425515182946,0.003188677415983981
0.0,0.7403636280782685,2.084451366077169e-05,0.25961552740807087,0.01420646276846282,0.00014236495143133985,0.014201794026214298
0.1875,0.6331489325006844,0.17737688528148304,0.1894741822178325,0.015553956347799814,0.011698799657707834,0.012943791600814191
0.375,0.5130644847450971,0.36370009077973414,0.12323542447516866,0.015616256461121802,0.015208407483293317,0.010726523193147914
0.5625,0.3759685963371812,0.549054427844191,0.07497697581862767,0.01457337873028646,0.014897121774341293,0.008080230929305638
0.75,0.25396920654636174,0.7350919459537228,0.01093884749991542,0.013634706839531724,0.013853633490230827,0.003314698793905772
0.0,0.7395785397965308,0.0,0.2604214602034691,0.013679538389559915,0.0,0.013679538389559915
0.1875,0.6179145095697806,0.17618104336330412,0.2059044470669153,0.015045132704570386,0.012071817856412207,0.012595492612362705
0.375,0.49577414378029505,0.3643919780013828,0.1398338782183222,0.015987447919589365,0.015060711056059523,0.010677808800248847
0.5625,0.4014190505324306,0.5515383639428896,0.04704258552467989,0.014971278416319633,0.015270593540610326,0.0068532738870267255
0.75,0.27087353530430813,0.6405451279655855,0.08858133673010642,0.013803478545959307,0.014832074974625712,0.009136671908629662
0.0,0.7392295552233479,0.0,0.260770444776652,0.01324535693065471,0.0,0.013245356930654708
0.1875,0.6392493671016674,0.1774566441528729,0.1832939887454598,0.01549242122040223,0.012193614771241822,0.012646490613812414
0.375,0.5136016706769327,0.3638449396188057,0.12255338970426152,0.01579362731224039,0.015339461430904503,0.010617346919156513
0.5625,0.38368549309174504,0.5521413832987482,0.0641731236095067,0.014757598081357728,0.015163576707744214,0.007866778721050056
0.75,0.25164139966521515,0.73546236253542,0.012896237799364805,0.013877827299261,0.013975802523769352,0.003587706416282651
0.0,0.7392201665223734,4.2797049996157845e-05,0.2607370364276303,0.014301353127245847,0.00020199321970009379,0.014292233353718141
0.1875,0.6375780796798172,0.1780111622781727,0.18441075804201007,0.015245767125360866,0.01251978367155626,0.012087213002427965
0.375,0.4933048157790971,0.36445099770856804,0.14224418651233492,0.01633060396196063,0.015676003083304666,0.011144025075277517
0.5625,0.38427179550425367,0.5522401772653887,0.06348802723035772,0.015367987541962908,0.015195283089979682,0.00765144907887239
0.75,0.2540281884480008,0.7355145348658366,0.010457276686162668,0.013928003319564775,0.01411194078469532,0.0031315752702976525
0.0,0.7400954636429349,0.0,0.25990453635706523,0.013641406260819373,0.0,0.013641406260819371
0.1875,0.6363794690344201,0.1769619441795907,0.1866585867859892,0.015564269329660794,0.012091010038729954,0.012501519095298648
0.375,0.521338908226923,0.36376885975731627,0.11489223201576064,0.015757354907168813,0.015320463763691243,0.010158494110834084
0.5625,0.38561507284550284,0.5516584403505577,0.06272648680393957,0.015018045950410334,0.01552014114568095,0.007812697102896192
0.75,0.2546195380715083,0.7350198496987356,0.01036061222975615,0.013641080668320146,0.013872210276173722,0.0031907260430007163
0.0,0.7388029092627668,0.0,0.2611970907372332,0.013583852958077357,0.0,0.013583852958077356
0.1875,0.6171821861305699,0.17659460811721142,0.20622320575221864,0.014778665294569133,0.01194401764777001,0.012515218697249307
0.375,0.5228673818458188,0.3651483954523547,0.11198422270182637,0.015659591050703418,0.015026191379523827,0.009972822456726609
0.5625,0.37594459151803644,0.5491911019077367,0.07486430657422694,0.01591946435804908,0.016003817932443185,0.008781796431085969
0.75,0.25302071351041494,0.7342972689597472,0.01268201752983775,0.013753944592163463,0.01418171510872384,0.003750116591354537
0.0,0.7390531588290976,1.5128649918608e-05,0.26093171252098385,0.014028629840923791,0.00012266799820167328,0.01403012552270006
0.1875,0.6344926899667341,0.1782093470119143,0.18729796302135152,0.014993309707469774,0.011891002827784538,0.012291302521506344
0.375,0.5134940556508284,0.3645155461858309,0.12199039816334077,0.015554623419854021,0.014644939060093039,0.010213299241907097
0.5625,0.38209746592304916,0.5528406647410384,0.06506186933591247,0.01539327179270321,0.01590880840624902,0.0077103005461455765
0.75,0.25393510132980407,0.7356666167164002,0.01039828195379577,0.01395245272868044,0.014074696829859066,0.003214570405947322
0.0,0.7396876376639127,0.0,0.2603123623360873,0.014125899300010849,0.0,0.014125899300010847
0.1875,0.6324719860699825,0.17710246488920944,0.1904255490408081,0.01523290986541688,0.012418780451654543,0.01245898792593585
0.375,0.5213307154536392,0.3632305391300697,0.11543874541629104,0.016323681581523815,0.015386634085027346,0.010346183588946947
0.5625,0.3750634907030641,0.5501098540012399,0.07482665529569596,0.015231662680571738,0.015591753055840814,0.008203764274044885
0.75,0.25444990275723056,0.7350284780220059,0.010521619220763598,0.013275851875133252,0.013437841627078513,0.0031655602144853062
0.0,0.7391989815719765,0.0,0.2608010184280236,0.014019711302218487,0.0,0.014019711302218485
0.1875,0.6343613911324427,0.17852078122541706,0.1871178276421402,0.015374821212284966,0.012146066788091691,0.012309664508389006
0.375,0.517745291651278,0.36343226112532123,0.11882244722340066,0.015829072850447948,0.015215435249764268,0.010695929860676606
0.5625,0.3860459434929763,0.5510553679177028,0.06289868858932081,0.015099684646480349,0.01577139228641429,0.00737651773495716
0.75,0.2513144830245745,0.7340666561575201,0.014618860817905439,0.01331950803361025,0.013732372888859113,0.0038269999237372427
0.0,0.7396279926291848,1.9892023209668452e-06,0.2603700181684943,0.013601312742500881,4.443700479822706e-05,0.013602078721589283
0.1875,0.6344021389280082,0.17816628163785025,0.1874315794341415,0.015307624801534832,0.012021495053642337,0.012213735386401341
0.375,0.5222618920795237,0.3639431859802224,0.11379492194025391,0.01579649266010802,0.015069072737816458,0.009949521167070556
0.5625,0.37626021077371763,0.5511983926251258,0.07254139660115645,0.015052064782527024,0.015890264672139838,0.008290307945811214
0.75,0.2524309604251405,0.7341007559401448,0.013468283634714587,0.013808294962951176,0.013796501285466247,0.0036683613863890937
0.0,0.7394427779906652,0.0,0.26055722200933484,0.014436384552749336,0.0,0.014436384552749336
0.1875,0.6315861961654606,0.1774226078530815,0.19099119598145797,0.01504655176612579,0.011472671531369074,0.012139491505693668
0.375,0.5146420848566238,0.36337862492397177,0.12197929021940442,0.016018350881504294,0.015557205844295133,0.010085293069220652
0.5625,0.3680251292449842,0.5486376806723302,0.08333719008268545,0.014975261687954884,0.015642301687850912,0.008913000046187333
0.75,0.25158523085974266,0.7339057048023646,0.014509064337892666,0.013988405555516552,0.013930065662747678,0.003852171946741998
0.0,0.7401413950528646,0.0,0.2598586049471354,0.014364325263140841,0.0,0.014364325263140843
0.1875,0.6171850146207124,0.1755563664510638,0.20725861892822384,0.01514367673894011,0.011746101277589195,0.012758361708104394
0.375,0.5160172897087811,0.3640121736108225,0.1199705366803963,0.015565997195569106,0.015289939266407516,0.00978220023829327
0.5625,0.38996500559251784,0.5503191657975879,0.05971582860989422,0.015138988357844942,0.015378284366908435,0.007315496387122316
0.75,0.26334919654346345,0.7340030195798765,0.0026477838766600825,0.013800200003457124,0.013878523368441855,0.001619953425132231
0.0,0.7397796791418764,1.0298661174047374e-06,0.26021929099200614,0.013686892210375506,3.2550938474313295e-05,0.01368729310389922
0.1875,0.616518149012782,0.1762350272631485,0.2072468237240694,0.01538601491581615,0.01214739522908601,0.012609806872292479
0.375,0.4934130408189935,0.364511515228756,0.14207544395225047,0.016482770653227775,0.015092993018175268,0.010990020245869992
0.5625,0.3754609299788982,0.5494283406432003,0.07511072937790138,0.015398219380626169,0.016145128151061287,0.008401289552770603
0.75,0.25980456703646765,0.7342532120013686,0.0059422209621637695,0.013551506769000904,0.013692811549017454,0.0025764945565934214
0.0,0.738844006678936,0.0,0.26115599332106393,0.01415737340761823,0.0,0.01415737340761823
0.1875,0.6291192975776291,0.17618259531436456,0.19469810710800642,0.015155954789253641,0.011982070646050625,0.012218668897876074
0.375,0.514742256204154,0.3632835537302564,0.1219741900655896,0.015644613519330525,0.015186355649845775,0.010327962804862294
0.5625,0.38485739514900535,0.5483866084332177,0.06675599641777696,0.014681538677178203,0.014950489878492311,0.007601860032894573
0.75,0.2529731999803935,0.7343542519910193,0.012672548028587137,0.013727813422623303,0.013961803714859144,0.0035744171314008935
0.0,0.7395962230191804,0.0,0.26040377698081957,0.014064122489167143,0.0,0.014064122489167146
0.1875,0.6318398775677143,0.17763111505820212,0.19052900737408363,0.015373833051451102,0.011779899688948157,0.01240730556345415
0.375,0.5120076446628791,0.36383641451498644,0.12415594082213453,0.015358119543595115,0.015408886342579626,0.010604201883647475
0.5625,0.38410024137519283,0.5513014454951216,0.06459831312968561,0.01513477544123818,0.015424427226046063,0.0076888013607250534
0.75,0.2551991583840035,0.7345636811073335,0.010237160508663077,0.01365387592614718,0.013688694549241846,0.0030624993651624773
0.0,0.7398882501010674,0.0,0.26011174989893254,0.013940115239078128,0.0,0.013940115239078128
0.1875,0.6169685675798164,0.1766303510799185,0.20640108134026497,0.01539680836075009,0.011846108754467998,0.013124477040695037
0.375,0.5115276987202652,0.3634121810181216,0.12506012026161326,0.014920834705908284,0.01478921383765354,0.010094112095656015
0.5625,0.3836062539886551,0.5519547897251587,0.06443895628618618,0.01566639836701423,0.01569006294856081,0.008026645318964049
0.75,0.25404081069892176,0.7358756830068706,0.010083506294207777,0.013524958958161868,0.013675553855834388,0.0031023936974842957
0.0,0.738839924319725,5.709890774477068e-05,0.2611029767725302,0.013946599397738676,0.00023234649737508448,0.013944925954603737
0.1875,0.6359712523439212,0.17809244168272056,0.18593630597335833,0.015178397543456911,0.012336852210678385,0.012014351156481884
0.375,0.5208649391187654,0.36438888019663723,0.11474618068459738,0.015499403896828547,0.015387711520121139,0.010263257244476276
0.5625,0.3776937870245508,0.5498432589088045,0.07246295406664473,0.01502690388657877,0.014989594016108384,0.008458014573184918
0.75,0.25259591315452956,0.7354916701283597,0.011912416717110776,0.01468092229280082,0.014824520939165161,0.0035007726442046645
0.0,0.7400449249972975,0.0,0.25995507500270254,0.014475924741546048,0.0,0.01447592474154605
0.1875,0.6179789488437659,0.1765665839126523,0.2054544672435817,0.015082147382571314,0.012190046888448816,0.013050568712302481
0.375,0.5105034869503886,0.3634820223528899,0.12601449069672155,0.01571776884247048,0.01501288704301976,0.010529410405733425
0.5625,0.3982664054606354,0.5494654114887123,0.0522681830506523,0.015760872330562937,0.015704035546757172,0.007102661698866704
0.75,0.2552681620617035,0.7343136294004073,0.010418208537889178,0.013736437343589794,0.013895543552944388,0.003254417832769352
0.0,0.7394699079813263,0.0,0.26053009201867366,0.013595989379764507,0.0,0.013595989379764509
0.1875,0.63215088425211,0.17697993667208828,0.1908691790758016,0.015609157497755509,0.012721683677261663,0.0124683095935466
0.375,0.5154306917678105,0.3651975691303397,0.11937173910184978,0.01640621167021326,0.01581247909671637,0.010053098683415092
0.5625,0.38264505795122816,0.5493413827588477,0.06801355928992413,0.015402816352754705,0.015856437227777995,0.008197994428581629
0.75,0.25387459936213685,0.7339774234315177,0.012147977206345322,0.013679533953267443,0.013893974405823411,0.003472526224358146
0.0,0.7407010695934544,0.0,0.2592989304065456,0.014142980593376714,0.0,0.014142980593376717
0.1875,0.6271612003239276,0.17707948620369635,0.195759313472376,0.015874131551712523,0.012163595038380971,0.01299453653498751
0.375,0.513106665693226,0.3639941803721134,0.12289915393466048,0.016007423995828034,0.015410901861506536,0.010503886483615547
0.5625,0.4024556407681264,0.5502879372707504,0.047256421961123264,0.015402966356040099,0.015230069249535499,0.006770220999639941
0.75,0.25213425886180385,0.7344921430843228,0.01337359805387346,0.013610084662947072,0.0139254248658179,0.003577024734967845
0.0,0.7398522513443347,9.852216748768472e-07,0.2601467634339905,0.014051551142743628,3.113986330892435e-05,0.014051174622260203
0.1875,0.6346646821419816,0.1771493557371548,0.1881859621208638,0.015622166236785877,0.012278676091857503,0.012445666716015628
0.375,0.5217375910532006,0.36501074919305077,0.11325165975374864,0.015278618400221227,0.014849289887746416,0.00982450676354725
0.5625,0.37782820284627805,0.5496452265480227,0.07252657060569921,0.015249723657397846,0.01534335340119458,0.008207551388821786
0.75,0.2549439025029077,0.7343672244166098,0.010688873080482534,0.01400514184547879,0.014154713172683329,0.003190221403209249
0.0,0.7397253972395121,0.0,0.2602746027604878,0.014397110587108542,0.0,0.014397110587108543
0.1875,0.6281591821379868,0.17800828318752668,0.19383253467448644,0.014866542265643849,0.01190897045777666,0.01230019865665774
0.375,0.5142369500854106,0.3644215756131215,0.12134147430146786,0.015493302850501354,0.015297108792202566,0.009831450469697113
0.5625,0.375579877498141,0.5499136743639458,0.07450644813791324,0.01537625198375696,0.015951178595339167,0.008349957214731835
0.75,0.25302204256099986,0.7356031878507062,0.01137476958829387,0.013654830320372575,0.013994107593003758,0.003436323448989876
0.0,0.7398858191092168,2.0503216829662513e-06,0.26011213056910026,0.01321856508621249,4.5801735832578806e-05,0.013220346698665076
0.1875,0.6324328190002007,0.17759940997976786,0.18996777102003154,0.014976827661843908,0.011950723805111797,0.012216910864889852
0.375,0.5157869438382849,0.364150958870876,0.120062097290839,0.015935064893021,0.01501719259935345,0.009962461227118474
0.5625,0.39165075168539076,0.550492815062624,0.057856433251985195,0.015319287837573655,0.015471557122925925,0.007274052961715029
0.75,0.25403389303390345,0.7352183312869696,0.010747775679126935,0.013863645144728605,0.014140212508440829,0.003222030692032108
0.0,0.7401303488808211,0.00011885933024512548,0.25975079178893384,0.01426055353604388,0.0003440485125678397,0.014262349242689489
0.1875,0.6365920573655262,0.17661265438625323,0.18679528824822061,0.015090614236782795,0.01183448537211377,0.012380229531336625
0.375,0.5144995296883625,0.3640779517883446,0.12142251852329272,0.0156485654390003,0.015002480788719545,0.010027394565511863
0.5625,0.3849247357201099,0.5482196119645115,0.06685565231537861,0.015551604486177407,0.01567123467585073,0.007883665451977715
0.75,0.2554388369557487,0.7343559336994544,0.010205229344796788,0.013794337939113692,0.014057893204163998,0.003184815943290965
0.0,0.7401811196095031,0.00013414582945306232,0.2596847345610439,0.013770947314728423,0.00036013196765672376,0.013759544357887859
0.1875,0.6346276776423875,0.17782228558521365,0.18755003677239893,0.015135292557134881,0.012020563880277179,0.012629621724641295
0.375,0.5141952934895112,0.36410548970633716,0.12169921680415166,0.01565557038823179,0.014937460998714323,0.010395830207835854
0.5625,0.38946012637495364,0.551360799387648,0.059179074237398224,0.015527163901619111,0.015536528649889287,0.00746412813820487
0.75,0.2539128521167157,0.7350331537614422,0.011053994121842069,0.01333834169653408,0.013717529148443765,0.0033377866878054867
0.0,0.7401423657674697,0.0,0.2598576342325301,0.014085350593468531,0.0,0.014085350593468528
0.1875,0.6344374402506922,0.17611584868440935,0.18944671106489858,0.01521184936249787,0.012116420367005689,0.012564505951701053
0.375,0.5246982601964121,0.3642384468131473,0.11106329299044052,0.015495118309467058,0.014730429850764122,0.0103946811644823
0.5625,0.3753170241563979,0.5498064709065288,0.07487650493707335,0.014955302981094137,0.015886432974067166,0.007994151077608532
0.75,0.2574893866496345,0.7340233093639331,0.008487303986432384,0.013504364715023323,0.01384671738074026,0.003020130861032286
0.0,0.7390561423331614,2.475987073364627e-05,0.2609190977961048,0.0141247021264075,0.00015468957671103782,0.014124891531786327
0.1875,0.6312464359259646,0.1781299233966549,0.1906236406773805,0.015606022032316164,0.012204954931788768,0.012441362322331583
0.375,0.523128772487112,0.3650687461445576,0.11180248136833049,0.015045668937870954,0.014980872241853082,0.01017548783934408
0.5625,0.3821787449519411,0.5516597217186361,0.0661615333294227,0.01560533278629318,0.015602073871267153,0.0077798053297931805
0.75,0.25421571720582886,0.7353795772005198,0.010404705593651182,0.013698606867532125,0.013859575236127944,0.0031904027140474828
0.0,0.7398484786448831,9.057296271177757e-05,0.26006094839240507,0.013383206876649421,0.00031549611782285094,0.013384796033289927
0.1875,0.6152605332713241,0.17764369675074074,0.20709576997793513,0.015796107476957214,0.011913826517741043,0.012701423633149385
0.375,0.5129791564838052,0.36439418388019235,0.12262665963600236,0.016364383836081454,0.015317898372566955,0.01055985235647738
0.5625,0.3764310475023708,0.5503999795826916,0.07316897291493768,0.014987807833047729,0.015751667548462335,0.008166570996431671
0.75,0.25462236919220843,0.7348108341401582,0.010566796667633174,0.013601216897775579,0.013791276080266259,0.0033400519272147387
0.0,0.7393140976768474,0.0,0.2606859023231526,0.0137825893136658,0.0,0.013782589313665801
0.1875,0.6319388931949836,0.1772513614354397,0.19080974536957662,0.01505052762939238,0.011783477290715003,0.012445670360701462
0.375,0.514071911672881,0.3635718519835683,0.12235623634355068,0.01576171650041126,0.014901624465519547,0.010415055114994295
0.5625,0.39728263505433226,0.5514281090156021,0.05128925593006556,0.015191184315878466,0.015568957137313842,0.006813396150117118
0.75,0.2609613301873816,0.7337214944093596,0.005317175403258748,0.013313600293274278,0.01346188095562068,0.002371061701190177
0.0,0.7385919161022336,0.0,0.2614080838977662,0.013945564531159553,0.0,0.013945564531159553
0.1875,0.6330305840859173,0.1767722724427456,0.19019714347133715,0.014860277277006928,0.011802574094360717,0.012198283860374665
0.375,0.5118822827660462,0.3648118809591931,0.12330583627476063,0.016095083581390526,0.015125006290829746,0.010215291396722045
0.5625,0.3987755143413207,0.5510706717381629,0.050153813920516495,0.015438487464943647,0.015945356854753078,0.006913156638256962
0.75,0.2539847997311731,0.7348376291352113,0.011177571133615533,0.014024676211567055,0.014274687004863257,0.003355344190739039
0.0,0.7390615113265282,4.888058235315852e-06,0.2609336006152365,0.014125754112795427,6.899096917936564e-05,0.014126082643279827
0.1875,0.6323980575984424,0.1777181973660749,0.18988374503548278,0.01556644751014162,0.011714191944402498,0.012975880400980425
0.375,0.5142900501601321,0.3631835015272943,0.12252644831257353,0.01564312982235371,0.01480662018733682,0.010286095020652235
0.5625,0.38578970185114264,0.5510105233880598,0.06319977476079751,0.014999766851604878,0.015424459660160263,0.007712870461050368
0.75,0.25305095861543986,0.735659508015877,0.011289533368683121,0.013527959047222144,0.013679079532749576,0.00337885049401274
0.0,0.7393401561214148,6.109668278449337e-06,0.2606537342103067,0.013958589935060656,7.867027449276947e-05,0.013959295056956155
0.1875,0.6164050242528947,0.17587994684724395,0.20771502889986135,0.015049126568075749,0.011983607980217824,0.01280173864546413
0.375,0.5208907201582238,0.36373841361736425,0.11537086622441188,0.015612968712617368,0.015079725893499275,0.010247011792467085
0.5625,0.38197474259396963,0.5516266597722148,0.06639859763381559,0.01539640568239429,0.01565111492994001,0.00808863949198001
0.75,0.2570329037004765,0.7343332614996408,0.008633834799882757,0.013251526375742315,0.013587555349757622,0.0030196606394135416
0.0,0.739549323112473,0.0,0.260450676887527,0.014454061171255396,0.0,0.014454061171255398
0.1875,0.6315200817554244,0.17770550119496334,0.19077441704961234,0.015464144907587733,0.011837257206519985,0.012528349546060018
0.375,0.5186186831602608,0.3636521250796545,0.1177291917600847,0.015492588851918182,0.014531312013771952,0.010188778984290875
0.5625,0.401553426875549,0.5516828305838792,0.04676374254057182,0.01494057110483129,0.01517175397917067,0.006713869515742886
0.75,0.25503296374693507,0.7347074645237136,0.010259571729351347,0.014072751511462709,0.014283299598721017,0.0032013716229553693
0.0,0.7401329348448253,0.0,0.2598670651551747,0.013885299255032282,0.0,0.013885299255032282
0.1875,0.6310665954160855,0.17797966948522628,0.19095373509868835,0.014967855950714712,0.012900545385841216,0.012181070689235865
0.375,0.5144814479827537,0.3632310390485923,0.12228751296865417,0.016015914435151397,0.015696231097790708,0.01025581330803511
0.5625,0.3890178105014162,0.5508789850099663,0.06010320448861751,0.015568796805713337,0.015881070716924746,0.007330283703692601
0.75,0.25451716871285657,0.7351300889276644,0.010352742359479134,0.01360366834935425,0.013810727997034465,0.003229886030996068
0.0,0.7399022010168128,1.0162601626016261e-06,0.26009678272302456,0.013372884747549493,3.2120895587965676e-05,0.013372995628501595
0.1875,0.6341442080429662,0.1770746884356948,0.1887811035213388,0.014711005064163724,0.012328659718113859,0.01197343557356362
0.375,0.5254640150876357,0.36485916750139197,0.1096768174109722,0.01608279318042904,0.015491788555932775,0.009498974136585023
0.5625,0.40247078645778217,0.5498109967718985,0.0477182167703194,0.015230116419155447,0.015774109965038884,0.006559830192163829
0.75,0.2532256425153295,0.7347373922658555,0.012036965218815006,0.013232228402929645,0.013576124527716152,0.0034409489650352796
0.0,0.7395701160249096,0.0,0.2604298839750903,0.013861335530932379,0.0,0.013861335530932377
0.1875,0.6295614466396566,0.17813507819396948,0.19230347516637372,0.015773814694444034,0.011981670416219543,0.012350286410030196
0.375,0.4944095616410636,0.3633289821254245,0.1422614562335118,0.016248254671582894,0.01523251420819208,0.011165135344210975
0.5625,0.40431622940986406,0.5488999961504816,0.04678377443965442,0.015743639890921864,0.01545615451676421,0.006782662433374907
0.75,0.2548934857936146,0.7342921306270749,0.010814383579310428,0.014049221547929841,0.01411496296427241,0.0032791259174456268
0.0,0.739307755510066,0.0,0.2606922444899339,0.014268037657354299,0.0,0.014268037657354302
0.1875,0.631666943761483,0.1784858445729662,0.18984721166555082,0.01483173412856325,0.011716779937132943,0.01230641222446808
0.375,0.5159306038713573,0.3642486755512352,0.11982072057740757,0.015537730492193412,0.015578512568126734,0.009920298602602523
0.5625,0.40070175195472085,0.5513293595978246,0.04796888844745456,0.01511888598157792,0.015230293580078878,0.006847164096152788
0.75,0.2548160202045007,0.7350356446025849,0.010148335192914446,0.01377886973695683,0.014001741208758904,0.0032330442361244265
fixed rate,success rate,failure rate,error rate,success std,failure std,error std
0.0,0.7393986029478458,0.0001205884363860282,0.26048080861576817,0.01319236000300097,0.0003282037070812976,0.013207528520998863
0.1875,0.6274134628453667,0.17573578954796676,0.19685074760666654,0.01605213627255091,0.01216230787620881,0.012439563752763656
0.375,0.5074350411522656,0.36319912651047204,0.12936583233726245,0.015722499149819717,0.015592034019896077,0.010618974792270235
0.5625,0.3780454468977868,0.5490654136214443,0.07288913948076887,0.014632758547479635,0.015583074010379663,0.008492750914090802
0.75,0.25449082150611435,0.7353708535604826,0.010138324933403112,0.013765722314860613,0.014125173241782628,0.0030839692530822385
0.0,0.7399037121513663,1.2072295487256697e-05,0.2600842155531465,0.014162028641755935,0.00010962186349180463,0.01415967693748742
0.1875,0.6334792957001696,0.17723466314583697,0.1892860411539935,0.015303240303117548,0.012087500797170053,0.01221210852994136
0.375,0.5233688404089578,0.36437243804314984,0.11225872154789242,0.016249130109137023,0.015250054637182077,0.00995189659229824
0.5625,0.404872356636842,0.5501789392651777,0.044948704097980186,0.01523556653103982,0.015276784694590033,0.006459083861636077
0.75,0.2529765969844344,0.7349841906193624,0.012039212396203208,0.013834333615881274,0.014085416034531171,0.0034825582711988066
0.0,0.7402976458501723,6.493510936237145e-05,0.25963741904046533,0.013389089424392297,0.00025430361967151093,0.013393426153431458
0.1875,0.6339603382381076,0.17701965010431406,0.1890200116575784,0.01486252959559544,0.011818727740381209,0.01277894196516025
0.375,0.5139796692853129,0.3633295076338719,0.1226908230808152,0.01647058422006981,0.01519163907168039,0.010410602788880964
0.5625,0.38517950778525456,0.5510073723768107,0.06381311983793478,0.01526495840634279,0.015216750608786807,0.007757100340406899
0.75,0.25426125294609947,0.735169485858577,0.01056926119532352,0.013663370604953226,0.013736450398960307,0.0032180737084469345
0.0,0.7398609574738708,0.0,0.2601390425261292,0.014159074821008262,0.0,0.014159074821008264
0.1875,0.632480176915433,0.17799053348659283,0.18952928959797408,0.014943716908374854,0.01235679939380707,0.01200703975156801
0.375,0.5150726669417703,0.36482224728486645,0.12010508577336315,0.015841484768869086,0.01601477583087958,0.010526030741791826
0.5625,0.37814711747643925,0.5503767615754929,0.0714761209480679,0.014967112519516684,0.015112549945821632,0.008214588431922541
0.75,0.2635729775756133,0.7335363404684884,0.0028906819558983964,0.01411215870015203,0.014128921427380734,0.0016515710706915048
0.0,0.7395962077694952,0.0,0.2604037922305048,0.013533261691274208,0.0,0.01353326169127421
0.1875,0.6282243422934873,0.17659816041574164,0.19517749729077105,0.015120069228505523,0.01173461225094211,0.012362635653485981
0.375,0.5167682957049978,0.36528478262566666,0.11794692166933544,0.015362625307571038,0.014844530127868278,0.010544434706939346
0.5625,0.3967371921234013,0.5516895721275907,0.051573235749007906,0.015090776623257725,0.01568391317652409,0.006827462725794227
0.75,0.2538456061035123,0.7331600636988046,0.012994330197683117,0.013668774856953452,0.01384834126205259,0.003543383375249763
0.0,0.7401387571641573,0.0,0.25986124283584255,0.014498959402049065,0.0,0.014498959402049065
0.1875,0.6329999069906103,0.17780713403434373,0.18919295897504607,0.015179871774055869,0.012204214786981962,0.011885731443399586
0.375,0.5232271336802415,0.3660997987929307,0.11067306752682776,0.015330043743502405,0.014965616143422334,0.009986277236671483
0.5625,0.38364061079391143,0.5526608053570004,0.06369858384908825,0.015260978007285248,0.0157601947554068,0.007795730724767869
0.75,0.2534433435097958,0.7354501434047678,0.011106513085436375,0.014175139706738837,0.01424188803383642,0.0032918255863716565
0.0,0.7397639378692037,0.0,0.2602360621307964,0.01353861337745422,0.0,0.01353861337745422
0.1875,0.6323038986149127,0.17703290420204257,0.19066319718304478,0.01532532391175981,0.011878637894512576,0.012401112840842995
0.375,0.5241584493039088,0.3649613303193961,0.1108802203766951,0.015762539218040925,0.015326271873078067,0.009735981748764774
0.5625,0.4023623741316726,0.5511128534927326,0.04652477237559482,0.015129387504650465,0.015326469367439094,0.006539323154675274
0.75,0.24957054422720712,0.7346598099405547,0.015769645832238145,0.013932797302098336,0.01424630397211885,0.0038849413691340188
0.0,0.7391822875512333,2.4724497636595193e-05,0.26079298795113015,0.014089909915865378,0.00015448196849397324,0.014100380966008482
0.1875,0.6333106230472424,0.1774687063536765,0.18922067059908107,0.015238492506130862,0.012448861542269929,0.01276299113499191
0.375,0.5129316994565861,0.3652703081050704,0.12179799243834347,0.015745481348029635,0.015406809632585713,0.010190436206794195
0.5625,0.4006433108380037,0.5511372531154826,0.048219436046513735,0.015273644551842849,0.015557186533940948,0.00694656127786042
0.75,0.25548921569947985,0.7343870019607234,0.010123782339796725,0.013614391497877593,0.013988480174347558,0.003053907747437369
0.0,0.7401126865790767,0.0,0.2598873134209233,0.013642752391437253,0.0,0.013642752391437253
0.1875,0.6334357102342958,0.1777570464982777,0.18880724326742637,0.015199004444719924,0.011837280867836461,0.012177816409767372
0.375,0.5123853651989148,0.36503930455167405,0.12257533024941114,0.015583031678620907,0.015216911235410458,0.010550751614875748
0.5625,0.38284807165471013,0.550352717321071,0.0667992110242188,0.01517733331117445,0.01561932704950754,0.007715846656033128
0.75,0.25438445989278685,0.7345804513886376,0.011035088718575583,0.013925962876355995,0.01399907854408353,0.0033384740211977733
0.0,0.7408079636485104,0.0,0.2591920363514896,0.013916065994312254,0.0,0.013916065994312258
0.1875,0.633579175674101,0.17681146729732006,0.18960935702857887,0.015509197245390604,0.012639423007541244,0.012407346363925835
0.375,0.5191308338339949,0.3641084184934987,0.11676074767250647,0.015566102424736463,0.015121024288159004,0.009705380112495297
0.5625,0.38239503248333867,0.5523256958768181,0.06527927163984318,0.015694282163591984,0.015832992134300925,0.007749296932336557
0.75,0.2535438732281296,0.7346558309034555,0.011800295868414712,0.013931133517430229,0.014141507453721665,0.003360643308288416
0.0,0.7399760574479171,0.0,0.2600239425520829,0.013992244681818826,0.0,0.013992244681818826
0.1875,0.6332120507388413,0.17740356720931885,0.18938438205183988,0.015150267977229938,0.011937943333718934,0.012452858930292141
0.375,0.5202374241172604,0.3639890372388405,0.11577353864389896,0.01534641074268983,0.01484727740047872,0.00990556968758509
0.5625,0.40538999313916957,0.5502908001583644,0.04431920670246602,0.015471947760601859,0.015688568516572812,0.006310126624848373
0.75,0.25379930823827046,0.7359432931436656,0.01025739861806398,0.01364152821367954,0.013854351673706375,0.0031911582383682196
0.0,0.7400465048374136,5.976548171326478e-05,0.2598937296808731,0.013958030600978139,0.00023665869278033876,0.013952240666804039
0.1875,0.6331718394027421,0.17742419773842583,0.18940396285883213,0.015350979133735348,0.012323024058361548,0.01272813531857694
0.375,0.49402636969265634,0.3636260835195622,0.1423475467877815,0.016216341675410667,0.01544434238336956,0.011046006404262919
0.5625,0.38142165050997096,0.5509771404672611,0.06760120902276802,0.015359936212832178,0.015538822258934389,0.0077438035783588465
0.75,0.25915329218689714,0.734480051800167,0.006366656012935868,0.013610209484459183,0.013717178431024664,0.002502787115650983
0.0,0.7398719641048918,0.0,0.2601280358951082,0.013944509219179644,0.0,0.013944509219179646
0.1875,0.6323904722276192,0.17740404605751967,0.19020548171486099,0.01510355231432513,0.01207144477996427,0.01207704723803212
0.375,0.5153347977649392,0.3652167954641426,0.11944840677091832,0.015979526829445603,0.015910827130448228,0.010509438460169346
0.5625,0.37707910130175576,0.5504187418344063,0.07250215686383794,0.015278913138747482,0.015545309346979178,0.008343877935062057
0.75,0.25383681039360273,0.7348051523678364,0.011358037238560829,0.013510277335751922,0.013782581001627811,0.0034284689321833766
0.0,0.7402934913407511,1.804500730593272e-05,0.259688463651943,0.013990912865482093,0.00013982862441471488,0.013986934030226572
0.1875,0.6279740212103062,0.17718232582742433,0.19484365296226952,0.015059033929367749,0.012207943837028905,0.01234835181880251
0.375,0.5141050376675755,0.3628523837932967,0.12304257853912766,0.015265668153875603,0.015068654910253738,0.010487306174083685
0.5625,0.40324076127428454,0.5497712709505468,0.046987967775168796,0.015659227679683325,0.016029798595250055,0.00664996459397036
0.75,0.2540524056273185,0.7349028976165932,0.011044696756088317,0.014047400918886564,0.014116357861283431,0.00325457618858703
0.0,0.74050010989519,0.0,0.25949989010481006,0.014595549167928571,0.0,0.014595549167928575
0.1875,0.6284738515201571,0.17847360611685792,0.1930525423629849,0.015374592999726412,0.01198995764920024,0.012911453259820325
0.375,0.5217910036335304,0.36409112786696896,0.11411786849950059,0.015042362844182488,0.014639569298223042,0.0100981001743026
0.5625,0.40465112842479045,0.5494956771319259,0.04585319444328365,0.015859876642731193,0.016013104284257774,0.006546469479095146
0.75,0.2707294140838238,0.6399461292823319,0.08932445663384435,0.014398066463263809,0.01525052082361917,0.008813674325486947
0.0,0.7392767191802975,1.0471204188481676e-06,0.2607222336992836,0.014568568760490149,3.3096294511579284e-05,0.014569508771422152
0.1875,0.6340772682542355,0.1780020278723072,0.18792070387345727,0.015614678191749068,0.012411036522127076,0.012254073502294712
0.375,0.5164659205422947,0.36373199159616043,0.11980208786154493,0.015688820521975462,0.014621632798555034,0.010323684106791846
0.5625,0.40501148481351584,0.5508363916483842,0.044152123538099976,0.015650628800860773,0.015688673782725468,0.00653729659435695
0.75,0.25472070249545353,0.7349082641088421,0.01037103339570431,0.013527369477762044,0.01382405862271424,0.0032198769102006765
0.0,0.7391617206632229,0.0,0.26083827933677706,0.014441174221088978,0.0,0.014441174221088978
0.1875,0.6360068608243018,0.17783673753489848,0.18615640164079963,0.015104800236675946,0.011799829103584009,0.012729173195466086
0.375,0.493086652473629,0.36508710819130735,0.14182623933506364,0.015832729226559074,0.015568915226050022,0.011207127976015186
0.5625,0.3829631603698099,0.5512246588710906,0.06581218075909956,0.015224855306427752,0.015570466461342043,0.007724633788930705
0.75,0.2548295918930786,0.7341554921513914,0.011014915955529994,0.014416376510017965,0.014630761818308167,0.003190033011811429
0.0,0.7404597134718535,0.0,0.2595402865281467,0.014181152120136563,0.0,0.014181152120136563
0.1875,0.6329450761181387,0.17642935263046952,0.19062557125139187,0.015075157697680275,0.011736954399669106,0.012182938034400279
0.375,0.5224028653256737,0.3633257986142027,0.11427133606012366,0.015648795117231808,0.015005645202690036,0.009680739257206758
0.5625,0.4010027867863164,0.5511958659696415,0.04780134724404206,0.015515142481399576,0.015501817185820043,0.0065895784413921325
0.75,0.25279476777422283,0.7345761569745848,0.012629075251192287,0.013970321382997144,0.01423486158327529,0.003481676709309601
0.0,0.7410375362196784,0.0,0.25896246378032156,0.013910682902420653,0.0,0.013910682902420651
0.1875,0.6321480854914571,0.1781107702812986,0.18974114422724436,0.015076100731848419,0.01248461218272414,0.012062484187954832
0.375,0.5135601534223153,0.3640922686454045,0.1223475779322801,0.015486824997900862,0.015122167929962686,0.010404932011871416
0.5625,0.40151831458512455,0.5497681044214221,0.04871358099345345,0.015184283239236476,0.015610013008338466,0.006506685866314892
0.75,0.25491481011599304,0.7338648554627826,0.011220334421224408,0.014039148148028705,0.014268969576112669,0.0035463173730156863
0.0,0.7396273079011262,9.92063492063492e-07,0.26037170003538174,0.013990082318240102,3.135611235968078e-05,0.013990008815432295
0.1875,0.6341344709824237,0.17781344028769874,0.18805208872987753,0.01583139366176511,0.01273948816903039,0.0121891635488862
0.375,0.5221786087202159,0.3657944339418975,0.11202695733788649,0.016323157087178103,0.01575714370573936,0.010111369205126047
0.5625,0.3818648114559271,0.5503134467690807,0.06782174177499217,0.015864988325909095,0.016234507352410686,0.00827360178240758
0.75,0.24440407400325836,0.7358411289730654,0.019754797023676204,0.013903758880135151,0.0140682403246968,0.004363152781069048
0.0,0.740495314434458,0.0,0.259504685565542,0.0136292298659293,0.0,0.013629229865929302
0.1875,0.6327438624156076,0.1768507222357179,0.19040541534867447,0.015004957171698412,0.011623535799416301,0.011860431417327667
0.375,0.5253131138393546,0.36391336116740014,0.11077352499324516,0.015224032944406073,0.014862800668562094,0.009898417039341037
0.5625,0.3840873954586613,0.5511554672029669,0.06475713733837182,0.015083006857079435,0.01574937169438171,0.007571463009825369
0.75,0.2531814755374278,0.7350146032946043,0.011803921167968004,0.013709615780621088,0.013944040502994299,0.0034973175597077344
0.0,0.7402412154340459,9.72762645914397e-07,0.25975781180330826,0.014535467712987436,3.074607126318892e-05,0.014536153305410228
0.1875,0.6329674929552793,0.17672235655544286,0.19031015048927774,0.015374377290364227,0.012191886856385505,0.012173437628874184
0.375,0.5197406652875179,0.36373782265501936,0.11652151205746263,0.016311787971090404,0.015485315875877495,0.009965526043968023
0.5625,0.3750759324837312,0.5498739239545427,0.07505014356172603,0.014625033891758848,0.015034586512214128,0.008069853861858838
0.75,0.26419689356981546,0.7345293717616128,0.0012737346685717111,0.014062848605334948,0.014092310673339334,0.0012092307658041427
0.0,0.741201198868765,0.0,0.2587988011312349,0.014016728414317612,0.0,0.014016728414317612
0.1875,0.6317683120933424,0.17831521985163643,0.18991646805502124,0.014510413386396956,0.012307014340611233,0.012488016011915177
0.375,0.4950729150212363,0.36420537989068563,0.14072170508807816,0.01635206841845961,0.015440053058760882,0.01100464036581077
0.5625,0.3843664498202306,0.5497899598062213,0.06584359037354806,0.015273879209687282,0.015480663541707913,0.007522476860324227
0.75,0.2528541861639962,0.735612809473186,0.01153300436281785,0.01429427175438576,0.014338624479238848,0.003364335552922045
0.0,0.7395887287485222,0.0,0.26041127125147767,0.013855941016713792,0.0,0.013855941016713792
0.1875,0.6332747225399716,0.1772482526850731,0.1894770247749553,0.015012169631957707,0.01216052132534331,0.012340930343500995
0.375,0.49812193106746566,0.36494152357762605,0.1369365453549082,0.015407109954553166,0.014824242429644205,0.010971219447854395
0.5625,0.3761533709981443,0.5490472123401685,0.07479941666168718,0.016425870798163735,0.016694814069853663,0.008192197676007882
0.75,0.2513719809113906,0.7342792361255226,0.014348782963086833,0.013009685112547888,0.013263677618404938,0.003914597567142016
0.0,0.7393232431719784,0.0,0.26067675682802155,0.014174212158679407,0.0,0.014174212158679405
0.1875,0.6359878506471324,0.17751678685867062,0.18649536249419696,0.015019178102911276,0.011853000327338417,0.012068941144023062
0.375,0.5013733541352045,0.36336629983854396,0.1352603460262516,0.015772346977892183,0.01532056165174535,0.010706000788093192
0.5625,0.401689404387072,0.5512614867301097,0.04704910888281835,0.0157170891640705,0.016049820065361844,0.00679190460494461
0.75,0.25530051748683424,0.7348324802616545,0.009867002251511232,0.013348897589632439,0.013564785611468448,0.002929572641645963
0.0,0.7407040690332237,9.62463907603465e-07,0.25929496850286865,0.013766869957764188,3.042055944038326e-05,0.013766729189955173
0.1875,0.6357501679693263,0.17745331790421595,0.1867965141264577,0.01528148563467223,0.011901702668145133,0.012615380635862903
0.375,0.5225857973600403,0.3658569881757225,0.11155721446423719,0.015686033310970487,0.015294682942574305,0.009728786744742014
0.5625,0.3889255365037352,0.5505008153470919,0.060573648149172786,0.015408944821389192,0.01557060868637238,0.007787597445647124
0.75,0.25902752944878477,0.7340848673013523,0.006887603249863039,0.013948791557093058,0.014121470503550098,0.002638500357793892
0.0,0.740678221639806,0.0,0.25932177836019393,0.014249308037858996,0.0,0.014249308037858996
0.1875,0.6323786047344415,0.17821741901549704,0.18940397625006145,0.015622645969919635,0.012541477405630266,0.012256447916952483
0.375,0.524513091354151,0.36373249474845354,0.11175441389739546,0.016065181893690637,0.015567296511416218,0.01007071206551282
0.5625,0.37625639978164355,0.5487797883196042,0.07496381189875218,0.015046333647782571,0.015481125660102788,0.00837671215163179
0.75,0.25446519823569985,0.7352157247959855,0.010319076968314684,0.013926088087467394,0.013972092717281752,0.0033302718236027356
0.0,0.7401429249593021,0.0,0.2598570750406978,0.01383778706164591,0.0,0.013837787061645911
0.1875,0.6309966509034632,0.1780313572138034,0.19097199188273345,0.014567037741232268,0.011877792412808471,0.012467064949255369
0.375,0.5218987023185805,0.3656655439300263,0.1124357537513932,0.015775106581561928,0.01544451460669972,0.010386864894879269
0.5625,0.3986685341015871,0.5505949837173004,0.05073648218111248,0.015496170436511006,0.016115169913797352,0.00684155287194113
0.75,0.25469787864341414,0.734741623851479,0.010560497505106813,0.014081638092503132,0.014230844707745032,0.003328572739832762
0.0,0.7402266108937954,0.0,0.2597733891062046,0.013245554611433953,0.0,0.013245554611433952
0.1875,0.6334502087268895,0.17774577268632877,0.18880401858678159,0.0152088206321527,0.011905134824595234,0.01229213709564213
0.375,0.5144021361772748,0.3641586731449414,0.12143919067778382,0.015779030622765717,0.015309138463684441,0.01036745570327244
0.5625,0.396789191340055,0.5504161884444934,0.05279462021545156,0.01487123371099414,0.015035161605032595,0.007006167131606658
0.75,0.25474004901387143,0.734806677573728,0.01045327341240067,0.013951260330824262,0.014202486779749708,0.0033375009541877863
0.0,0.740117986265679,0.0,0.25988201373432096,0.013598449179937376,0.0,0.013598449179937376
0.1875,0.6328884322312733,0.17651971634861577,0.19059185142011092,0.014812819467576642,0.011771108638598088,0.011996119204394421
0.375,0.5145454387366638,0.3637837845769622,0.1216707766863739,0.016578243750679546,0.015577714108330112,0.010263203496049762
0.5625,0.3756510017795317,0.549908967372886,0.07444003084758229,0.01529287304593718,0.01531467701539586,0.008159019388382484
0.75,0.2546607476519288,0.735073111922386,0.010266140425685091,0.014072193054863447,0.014278635629116425,0.003103713315113779
0.0,0.7400729693037158,6.535951266324615e-05,0.2598616711836209,0.014058669319200062,0.000248037825129632,0.01403971042176297
0.1875,0.6322717117855879,0.1775017124896633,0.1902265757247488,0.015755349622779302,0.01237378374472852,0.012518836323520044
0.375,0.5132445543389718,0.36509153665608807,0.1216639090049401,0.015204369065190036,0.014833240572318787,0.010266925283017193
0.5625,0.3793262947742379,0.5518593267577334,0.06881437846802876,0.015295460034709597,0.015564472533355191,0.00823203012015057
0.75,0.25537834329181697,0.7338619680840541,0.010759688624128844,0.013318895994232293,0.013765526781284683,0.0033130407084195047
0.0,0.7397141198575514,0.0,0.2602858801424487,0.014158134677631105,0.0,0.014158134677631103
0.1875,0.6348888603995577,0.17770092510566882,0.1874102144947734,0.014911035493850715,0.012052436884859227,0.011938435977710826
0.375,0.5155213495990768,0.3656864975419836,0.11879215285893968,0.015775094057631896,0.015129013097664082,0.01048473466534806
0.5625,0.4077513720931064,0.5497970648980024,0.04245156300889119,0.016089675680873123,0.016472889817788473,0.006303520786173854
0.75,0.25462346266025326,0.7347371562370875,0.01063938110265934,0.0135747997000279,0.013608652185058316,0.0032053781542728628
0.0,0.739879683738382,0.0,0.2601203162616181,0.013320933867228794,0.0,0.013320933867228798
0.1875,0.6256931329408576,0.17679053367491404,0.19751633338422842,0.015376961786964486,0.012124643379968535,0.012438340995246358
0.375,0.507146577175103,0.3651130031550754,0.1277404196698216,0.015913943188869396,0.015106066404936606,0.010614310303126807
0.5625,0.3858455756941962,0.5524621565705441,0.061692267735259675,0.016143532114246576,0.01632844524049926,0.007892508115529785
0.75,0.25415607144778385,0.7353768501618608,0.010467078390355327,0.014195096618054053,0.014443236867058083,0.003287777551893255
0.0,0.739976275139069,0.0,0.260023724860931,0.014426283069850717,0.0,0.014426283069850717
0.1875,0.6228983298969131,0.17594301766782747,0.20115865243525952,0.01563590716628547,0.01222134667884973,0.012897832895696572
0.375,0.4959659379580894,0.36394848881018554,0.14008557323172502,0.015615244115914815,0.01511822161108468,0.011147233478604702
0.5625,0.3961662022340399,0.5502246360462277,0.053609161719732415,0.015351728922926378,0.01576557443927271,0.007146534796874992
0.75,0.2604853705916306,0.7341174126453149,0.005397216763054454,0.01358236249933051,0.013736173396771202,0.002333994522901944
0.0,0.7388863564112742,0.0,0.26111364358872585,0.014437188493955477,0.0,0.014437188493955476
0.1875,0.6157046986866349,0.1769940117745968,0.20730128953876836,0.015423123637672682,0.01182679518526384,0.013002078592962617
0.375,0.5145704283005944,0.36470746952479394,0.12072210217461173,0.015878805775418732,0.01546042866610043,0.010375871825000164
0.5625,0.4005312716204187,0.5505590925804856,0.04890963579909564,0.015562745578463497,0.0158696160836091,0.007101743654591467
0.75,0.2539208800754817,0.7348547222030536,0.01122439772146459,0.013775185428430033,0.013928312299040858,0.003286397663452268
0.0,0.7397069325775104,0.0,0.26029306742248964,0.01376579192857,0.0,0.013765791928569998
0.1875,0.6342043630744068,0.1773212651953184,0.1884743717302749,0.015393336952003069,0.012278315367516758,0.011972418433424956
0.375,0.5170869633115279,0.36458255704014264,0.11833047964832936,0.015514525222575551,0.015184867009713682,0.010269180210733178
0.5625,0.38415212238686114,0.5527076234385722,0.06314025417456669,0.015132884070659684,0.01591500044441758,0.0076025960669575034
0.75,0.2515407371734853,0.7361467695568488,0.012312493269665862,0.013942226677949962,0.014193243012093711,0.00349687838530585
0.0,0.739924664440163,0.0,0.260075335559837,0.013774814813418438,0.0,0.013774814813418435
0.1875,0.6314216290798832,0.17742301346032724,0.1911553574597895,0.015743107115489114,0.01195580135985858,0.01238498316990056
0.375,0.5254096660266846,0.3637638356493901,0.11082649832392537,0.016163052731711862,0.015123102446097294,0.00997108756683043
0.5625,0.3994436722945791,0.5515946415830577,0.04896168612236306,0.015330175161769948,0.015874384121781594,0.006548334623460773
0.75,0.26213702536823486,0.7347657597430507,0.0030972148887143955,0.014228855533713959,0.014273433566634991,0.001767658572971198
0.0,0.7390719290974858,0.0,0.2609280709025143,0.013654857265492702,0.0,0.0136548572654927
0.1875,0.6349241129394622,0.1781794469211565,0.18689644013938134,0.015328770183055264,0.012481448375417089,0.012240923986192328
0.375,0.5149842247500516,0.3633648889940617,0.12165088625588671,0.016620405104136263,0.015239288936786825,0.010437497961878347
0.5625,0.37762889534011496,0.5504496789238957,0.07192142573598935,0.01600863207358647,0.015770098947158563,0.007957045950384068
0.75,0.2536250290074972,0.7357032724162053,0.010671698576297633,0.013857970700043389,0.013847671755392133,0.003163251312509131
0.0,0.7400021366247709,0.0,0.2599978633752291,0.013848360599997306,0.0,0.01384836059999731
0.1875,0.6254356281570311,0.17759206382644077,0.1969723080165281,0.015424966100351933,0.012100149486921216,0.012789059793411169
0.375,0.5164564387202222,0.3634248863761429,0.12011867490363483,0.01603783466063835,0.014869372137685001,0.010546718363811105
0.5625,0.40189563255851035,0.5511148581293602,0.046989509312129384,0.01613980931842458,0.01643444109762983,0.006850839228152292
0.75,0.2543572811194185,0.735463012199611,0.010179706680970593,0.01364167229725249,0.013865937502364414,0.003190241297414224
0.0,0.7395394191128207,0.0,0.26046058088717927,0.014080567428556753,0.0,0.014080567428556755
0.1875,0.6359981184486534,0.17861488333120978,0.1853869982201369,0.015420503417219443,0.011425289446215247,0.01261707181195633
0.375,0.5239724031392844,0.3642295299047757,0.11179806695593979,0.01602163897699052,0.015100383012651666,0.010349139611305085
0.5625,0.38683288757114664,0.551387424575858,0.061779687852995396,0.014809479425928397,0.015427186749855099,0.007476690834450038
0.75,0.25178353683010124,0.7355777401704034,0.012638722999495285,0.013774445543454339,0.013999999639022886,0.0036601621885005904
0.0,0.7399637945645339,4.207834723705247e-05,0.259994127088229,0.014032504644652449,0.00020105644609636207,0.014033898626185355
0.1875,0.6364736597199101,0.17660253712960416,0.1869238031504858,0.015442783878087122,0.012202788902097956,0.01249106848143636
0.375,0.5148653377269361,0.36331721518537075,0.12181744708769324,0.016102856101893638,0.015716757132460003,0.010359240041518059
0.5625,0.38866661803081637,0.5504539397024296,0.06087944226675403,0.0155389510037719,0.015945924899635918,0.00764725818062318
0.75,0.25418723225999806,0.7354288527434213,0.010383914996580547,0.013591840525442486,0.013613034520159509,0.00322224138727763
0.0,0.7404890862021063,1.006036217303823e-06,0.25950990776167643,0.014001495499461074,3.1797747745028385e-05,0.014000660815984311
0.1875,0.6158995776539403,0.17699302355372884,0.20710739879233078,0.015083261365631243,0.012315942725047687,0.012733772714196285
0.375,0.5140381826139557,0.3651343609754489,0.12082745641059539,0.016102416734564435,0.014946624603876657,0.010026026681571263
0.5625,0.3859701665590576,0.5518589539424374,0.06217087949850503,0.015555164337777257,0.01575393317892024,0.007749125324335122
0.75,0.2528092427671337,0.7357556072147968,0.011435150018069593,0.013442602511383529,0.013687887151220072,0.0033283932149980907
0.0,0.7397354048608304,0.0,0.2602645951391695,0.013617278108388135,0.0,0.013617278108388134
0.1875,0.6319354046647363,0.17648023465310303,0.1915843606821606,0.015472178661225643,0.012574204361892714,0.01245375333434387
0.375,0.52370051687324,0.36378821816756274,0.11251126495919708,0.015337868137914927,0.014868363979464803,0.010194074584777653
0.5625,0.37546844256447665,0.5500320604712492,0.07449949696427412,0.014951951106948276,0.015632422299976946,0.008305693506978858
0.75,0.255032602220332,0.7345514613912721,0.010415936388395735,0.014272046059521943,0.014417229729421726,0.003324174635030648
0.0,0.7396481948144863,2.0630117631036887e-06,0.2603497421737507,0.01377522878274393,4.608522978262903e-05,0.013775674841103086
0.1875,0.6325839785791798,0.17700852250300483,0.19040749891781536,0.014886580335620687,0.011778784361511833,0.012516157674338748
0.375,0.5240465392908858,0.36497290836905927,0.1109805523400548,0.015546855629486073,0.01510087278794606,0.009706100221355542
0.5625,0.3836161320694669,0.5500511342411999,0.06633273368933325,0.014972060872589198,0.01502957547649313,0.0077050328684709415
0.75,0.25209765316337873,0.7352089744021711,0.012693372434449922,0.013555998901530253,0.013622428387331352,0.003473177492150222
0.0,0.7393155112547124,2.0072070112254536e-06,0.2606824815382764,0.0140076319648147,4.4839649814810226e-05,0.014006991646738947
0.1875,0.6385848591610709,0.17687437638745024,0.18454076445147877,0.015329627197455082,0.01207707706969057,0.012366117549955617
0.375,0.5146688316165594,0.36350368009604017,0.12182748828740046,0.0158006923041665,0.015616824173048464,0.01009171094297602
0.5625,0.4005512732384156,0.5506572746683591,0.048791452093225295,0.014978260890149047,0.015569045201611757,0.006939051773926655
0.75,0.2539407302025844,0.7348061935621224,0.011253076235293103,0.013157152294157827,0.013410748430391492,0.0032251372322375945
0.0,0.7400383326623099,0.0,0.25996166733769,0.01386425480977877,0.0,0.01386425480977877
0.1875,0.6386185455455393,0.1784113134677713,0.18297014098668948,0.014720470217983977,0.011825677051564917,0.012319126503537862
0.375,0.5247212964043481,0.36424267635262064,0.11103602724303122,0.016537362807346856,0.015432791344476046,0.010153830726206431
0.5625,0.4053082954340579,0.550928338163227,0.04376336640271516,0.015239216525078172,0.01540427220736491,0.006286583763780322
0.75,0.25392574360321435,0.734792451457854,0.011281804938931692,0.013301436323283006,0.013521041098096084,0.003306537123800312
0.0,0.7398408539344244,8.032619903705867e-05,0.26007881986653847,0.014027656895894464,0.00027954695926780775,0.014033304830211582
0.1875,0.6314848465946398,0.1785214292138342,0.18999372419152605,0.015176954495153942,0.012175596765020572,0.012319738749774734
0.375,0.5137565094706117,0.36420791868001207,0.12203557184937623,0.01582280734209781,0.015121352264523692,0.010141246262774097
0.5625,0.40220905344050945,0.5510641668086846,0.04672677975080601,0.015093030625485655,0.015497089697837618,0.0064949350720978835
0.75,0.2552209304329662,0.7344555820301409,0.010323487536892885,0.013557858031522053,0.013750898806871534,0.0031930340752518
0.0,0.7404542632870079,0.0,0.25954573671299197,0.014136886257108666,0.0,0.01413688625710867
0.1875,0.6320422497548889,0.17800784122118948,0.18994990902392164,0.01564929564515054,0.011925122860918973,0.012187612887518394
0.375,0.49416777854799676,0.363831614723604,0.1420006067283992,0.015433107206323477,0.015836571111618993,0.011654016216512636
0.5625,0.38084198390986135,0.5516757700827271,0.06748224600741166,0.015541266185500517,0.01563616253993547,0.007835863371461273
0.75,0.2576060258334715,0.7331537386650452,0.009240235501483268,0.013758894821588156,0.01391380017738893,0.0030005678745870564
0.0,0.7407939252571719,0.0,0.25920607474282803,0.013782089359729188,0.0,0.013782089359729185
0.1875,0.6376224047399176,0.17691947187859305,0.18545812338148943,0.014546613675880173,0.011690987984994948,0.012366935967456461
0.375,0.5218552637002714,0.3648948979743672,0.11324983832536134,0.0160677715121601,0.015429257177010042,0.00984898958544813
0.5625,0.3821437573445591,0.5526016450308708,0.06525459762457014,0.015536388605810308,0.016021072859311928,0.0076805493987163334
0.75,0.2515529639227562,0.7343026137644165,0.014144422312827235,0.014224457394983177,0.014568656225531064,0.0038585084950829894
0.0,0.7390707998118994,0.0,0.2609292001881007,0.013395805965815862,0.0,0.013395805965815863
0.1875,0.6171858380872959,0.17573930235596105,0.20707485955674296,0.015102249557106224,0.011764720636284276,0.012669502060483227
0.375,0.513662401662295,0.36357881493299954,0.12275878340470539,0.01552467283958256,0.015111026854552454,0.0099211448054293
0.5625,0.38241574023641206,0.5511263413971341,0.06645791836645393,0.015617219296408845,0.01581912734257823,0.008167430788991055
0.75,0.25166765671178215,0.7340886471592027,0.01424369612901497,0.01384206177037677,0.013836396638784765,0.003838014160899075
0.0,0.7398272353187912,0.0,0.2601727646812087,0.01397255246483187,0.0,0.013972552464831872
0.1875,0.6316463747165381,0.1777461821015018,0.1906074431819601,0.015650980727490407,0.01224313609700754,0.012187717342667609
0.375,0.5180029233892183,0.364229419210993,0.11776765739978869,0.015793865242345814,0.014938146125068394,0.010271794490926111
0.5625,0.3801724422639182,0.5488103517223198,0.07101720601376191,0.015316303638802145,0.016077553803549072,0.008258774130740438
0.75,0.2543930814988846,0.7355783986500481,0.01002851985106721,0.01371381034077572,0.013965137322143948,0.0032245197879833243
0.0,0.7387604912712997,0.0,0.2612395087287002,0.013646271049456534,0.0,0.013646271049456534
0.1875,0.634574810114971,0.17831324739569573,0.18711194248933327,0.015357224880935966,0.011764542965846819,0.012516278915910341
0.375,0.5110988887240375,0.36442624148768904,0.12447486978827334,0.015498177100437714,0.014634013444312801,0.010480123412719122
0.5625,0.37528553601398995,0.549918590481391,0.07479587350461901,0.015658514163770915,0.015867463580784946,0.008125709261312909
0.75,0.2516410950100885,0.7348591961984438,0.013499708791467712,0.01427706907495106,0.014496284753254658,0.0038210936709240396
0.0,0.7397909539330647,0.0,0.26020904606693535,0.014090844222627371,0.0,0.014090844222627373
0.1875,0.6362344084735667,0.17812992295895566,0.1856356685674775,0.015503136822443017,0.012245470198071973,0.011991976346194528
0.375,0.5251372458006861,0.3643451908215532,0.11051756337776064,0.015588079521667264,0.014621125496515704,0.009916602249758212
0.5625,0.37591019280678845,0.5500608243935875,0.07402898279962405,0.015583838463157645,0.015859912998251582,0.008241776464444576
0.75,0.2552391229483199,0.7342904279042077,0.010470449147472263,0.013454365451230148,0.013503804306342057,0.0032111172434741327
0.0,0.7402475274773812,0.0,0.2597524725226187,0.01342467767339687,0.0,0.013424677673396872
0.1875,0.6320675278828943,0.1773684728747096,0.19056399924239617,0.015033204440637337,0.011934650935326247,0.01241548809525978
0.375,0.5146585478695394,0.3643524515461329,0.12098900058432781,0.015918922178743432,0.014742964553372538,0.01037203166721942
0.5625,0.381456873904565,0.5533637016689674,0.06517942442646762,0.015256500816118118,0.015535825020897254,0.007626618174183483
0.75,0.2547172544389943,0.734086573534185,0.011196172026820595,0.013862762532823827,0.013997572760254401,0.00322523203886036
0.0,0.7395906477742444,0.0,0.26040935222575545,0.01352741418487,0.0,0.013527414184870001
0.1875,0.6390689871420328,0.17693791365828082,0.18399309919968637,0.015911786019204444,0.012626807119395173,0.012577310660371863
0.375,0.5157524413218973,0.36355334802975303,0.12069421064834976,0.015744720651256528,0.014880150114751446,0.010132357985967018
0.5625,0.38393547034278486,0.5524107183715989,0.06365381128561609,0.015350136716309512,0.015502632045109455,0.00771341876274299
0.75,0.2551739745871842,0.7347064713694974,0.01011955404331843,0.013309598030013614,0.013351671179585689,0.0030496273811095784
0.0,0.7393227945229873,0.0,0.2606772054770128,0.013810891099514439,0.0,0.013810891099514439
0.1875,0.633580762094414,0.17678927427818114,0.18962996362740478,0.015216536894401538,0.012393763345659519,0.01251324100854102
0.375,0.5146522904686077,0.3639693852335187,0.12137832429787362,0.015618837604664372,0.01539476545244234,0.010087839637200002
0.5625,0.37761227836280004,0.5497452596566949,0.07264246198050511,0.01575930929840741,0.015999596232958803,0.008092013106844504
0.75,0.25534589773380567,0.7341564507828762,0.01049765148331813,0.013833084274152327,0.013905275702333231,0.003170882268116924
0.0,0.740244680803878,0.0001651749873444595,0.2595901442087776,0.01343364565036794,0.0004123246952000788,0.01343968371410961
0.1875,0.6396654981844124,0.1772620331463425,0.18307246866924515,0.015470197807530891,0.012214675338095607,0.012500526151770431
0.375,0.5031950347814341,0.36390342794877617,0.13290153726978957,0.01566956275202319,0.01503560686053662,0.010687201750275327
0.5625,0.38220975468532276,0.5519800794778182,0.065810165836859,0.01490501938348576,0.015030784778090377,0.007854902579803221
0.75,0.25458519969890214,0.7352896959942391,0.010125104306858741,0.01340325556856742,0.01365918414135322,0.0032953704689188215
0.0,0.7406678054896259,0.0,0.25933219451037415,0.013991845069743237,0.0,0.013991845069743237
0.1875,0.6318850776585314,0.17650555659195663,0.19160936574951198,0.015221061967428628,0.011993181999541695,0.012389582340976648
0.375,0.5149283361084713,0.3639524531457522,0.12111921074577647,0.01591352779609011,0.015525602112495086,0.010557182546367732
0.5625,0.38386366819999485,0.5514757089438473,0.06466062285615772,0.015274077743617573,0.01557336682832666,0.007384116339181907
0.75,0.26276140155566274,0.7341250690683583,0.0031135293759788833,0.013693221424861119,0.013799213475999774,0.0016875486893896488
0.0,0.7391349449126097,9.48022284013063e-05,0.260770252858989,0.014077509360161467,0.0003033016950192432,0.014068632445869103
0.1875,0.6335567717932891,0.177244091544937,0.18919913666177382,0.01516932199482313,0.012042796913877255,0.012242317132999253
0.375,0.5233204415129089,0.36398708308037747,0.11269247540671361,0.015800573290360675,0.015039650940841708,0.010040135235697818
0.5625,0.3891162254762067,0.5503547233469785,0.06052905117681465,0.015328847220334653,0.015852790661065506,0.007461701076395441
0.75,0.2562687814514395,0.7333084522338335,0.010422766314727038,0.014079689873158822,0.014327971534489023,0.003274833134681349
0.0,0.739045990204601,0.0,0.26095400979539896,0.014146481514254308,0.0,0.014146481514254306
0.1875,0.6381041657698311,0.1766648926623139,0.18523094156785502,0.015776986934937065,0.01188566884041362,0.01218409327688271
0.375,0.49369257111540654,0.363799170894884,0.1425082579897094,0.01645749896108743,0.015560960494554956,0.01132109422022785
0.5625,0.3811640073791672,0.5484903355880979,0.07034565703273489,0.015422373696523233,0.016073602516899724,0.008045788578894895
0.75,0.26149937041136273,0.734235631996343,0.004264997592294142,0.013848512815752804,0.013920281692365128,0.002066906352743371
0.0,0.7395315698700696,2.0326462183902353e-06,0.26046639748371203,0.0140475341968525,4.541883675266981e-05,0.014049491965443053
0.1875,0.6343036222585394,0.17745897406766062,0.18823740367379993,0.015194382493203071,0.012160844441777783,0.012234181038008397
0.375,0.4922942725158714,0.36596211786299715,0.14174360962113153,0.015692856846876303,0.015407016409138722,0.011134324954136658
0.5625,0.4044210380887575,0.5511119795227019,0.0444669823885406,0.015572392519454836,0.01597451080611058,0.006767218610318052
0.75,0.2637522745458553,0.7343143426814936,0.0019333827726510052,0.01401993671281147,0.014065566729860948,0.0013611600964301839
0.0,0.7391431130964206,3.950752041299939e-06,0.2608529361515382,0.01355659851758229,6.235062350339536e-05,0.01355663796148295
0.1875,0.6369292427970747,0.17814304224590571,0.18492771495701954,0.014775164905745507,0.011691920931277867,0.01258600528753994
0.375,0.5123685078726811,0.36511804817551385,0.12251344395180497,0.015264791461239224,0.015560488519857984,0.010178340828800871
0.5625,0.37582629792493116,0.549555104335357,0.07461859773971179,0.015146970400289676,0.01567769567127771,0.008243008441145389
0.75,0.26517921775001674,0.7331607904165496,0.0016599918334336832,0.013994021390084559,0.01404628029358137,0.0012711953752852724
0.0,0.7398147637754212,0.0,0.26018523622457873,0.014248815170397222,0.0,0.014248815170397224
0.1875,0.631653479839732,0.17751714320581657,0.19082937695445154,0.015084363034504514,0.011801445683098726,0.012697516131745955
0.375,0.5190766058353142,0.3635692685634392,0.1173541256012464,0.015200713637884231,0.015208974801899205,0.009849832883990172
0.5625,0.3934594545933103,0.5508952287678776,0.05564531663881215,0.015452988100181003,0.015420340143918307,0.007470415338927818
0.75,0.2543075678886064,0.7351766876163627,0.010515744495030944,0.014077130394373409,0.014196909909459482,0.003231808967598293
0.0,0.7406428903505436,1.9906497582702528e-05,0.2593372031518737,0.014366592798144371,0.00013937030716375373,0.01436525790188476
0.1875,0.6330082421479961,0.17755810385521165,0.1894336539967922,0.014846613873322706,0.01180365965053783,0.012111174082932458
0.375,0.513189316964673,0.3633222170979347,0.12348846593739234,0.015225865315935554,0.01524324699570612,0.010738884819202772
0.5625,0.37548380211459437,0.5498257814184699,0.07469041646693578,0.01572081153416833,0.016190825559028225,0.00850681819080548
0.75,0.25426458292377435,0.7347212230156234,0.01101419406060225,0.013256864366524741,0.013357621525362113,0.003176028922568194
0.0,0.7408641438032805,0.0,0.25913585619671947,0.013962258275226257,0.0,0.013962258275226255
0.1875,0.6176023606486636,0.17620450978277796,0.2061931295685585,0.01565370839353208,0.011793733398585313,0.01269312476184178
0.375,0.4959984924801137,0.36411475799919013,0.13988674952069619,0.016354232371519867,0.015687764423358754,0.011419060302621731
0.5625,0.4012934746829901,0.5511112050906986,0.047595320226311355,0.015402472760342767,0.015587026234186232,0.006774729778047932
0.75,0.27051564209414597,0.6404837215192207,0.08900063638663339,0.013844362581880014,0.014463398062488206,0.009351466376866577
0.0,0.739818416865724,0.0,0.2601815831342761,0.013665938388947524,0.0,0.013665938388947524
0.1875,0.6388289181640446,0.17811370965415857,0.18305737218179677,0.014828755006244063,0.01180723312195502,0.011891217947955066
0.375,0.5144960329364908,0.36309829340393107,0.1224056736595782,0.015350500648364355,0.01489307460059871,0.010288307792109881
0.5625,0.3835843618439201,0.5524412299625424,0.06397440819353765,0.015196746178684686,0.015742048339550854,0.007878438967773736
0.75,0.2518912497656579,0.7352245676126088,0.012884182621733326,0.013994286486170512,0.013982110998381054,0.0035372112767178875
0.0,0.739572991710203,3.183471109950008e-05,0.26039517357869757,0.013817850884498654,0.0001804311580306807,0.01381928101827261
0.1875,0.6366642127035897,0.1788981322262517,0.18443765507015844,0.014897708488352788,0.012267922096374588,0.011981690379839103
0.375,0.4935101295370589,0.36409186386820136,0.14239800659473978,0.016527753592616577,0.015387753648994624,0.011374320909955677
0.5625,0.3836267960620018,0.5535604595276005,0.06281274441039778,0.01532795195658896,0.015536605909249709,0.007673810523923908
0.75,0.254509498434336,0.7351199563258068,0.010370545239857185,0.013743366191714929,0.01388214270890855,0.0032004409428511016
0.0,0.7398225609536689,0.0,0.26017743904633106,0.014476240919815022,0.0,0.01447624091981502
0.1875,0.6373142216658579,0.17633019396028252,0.1863555843738594,0.015102125239209094,0.011954962822188043,0.012145603645135446
0.375,0.521445281766564,0.3631151007950841,0.11543961743835185,0.01566874406656636,0.014761617158809807,0.009712003865786462
0.5625,0.38541099783120164,0.5519766260462686,0.0626123761225297,0.0152703777829042,0.015116338614414958,0.007352834064268497
0.75,0.2546821547891894,0.7350804865666367,0.010237358644173874,0.013648500039420234,0.013856836904147908,0.0031585364776941225
0.0,0.7399402856985436,0.0,0.2600597143014563,0.013985198862635356,0.0,0.01398519886263536
0.1875,0.6161836200872208,0.1770679303958614,0.20674844951691773,0.014913124983381345,0.011899062710832768,0.012759972200435673
0.375,0.5235569299476538,0.3652446765325756,0.1111983935197706,0.015832106901658934,0.01525297966683752,0.009857237709771316
0.5625,0.3757866094238455,0.5497621849092665,0.07445120566688786,0.01477526084801001,0.015227052709815154,0.00809519252344098
0.75,0.2532134540782238,0.7340255891472109,0.012760956774565343,0.01335427100227962,0.013741780581122942,0.003457373889789799
0.0,0.7396931155737412,1.2964036053178451e-05,0.26029392039020566,0.0135964173186027,0.00011299548380794511,0.01359313431099974
0.1875,0.633234409941363,0.1789264307508614,0.1878391593077755,0.015415196084126965,0.012086361952536082,0.01234120138834994
0.375,0.5128958086619412,0.3655011638752819,0.12160302746277687,0.015741195006804362,0.015126932014214375,0.010780607022502168
0.5625,0.3826377830909689,0.5523369896433471,0.06502522726568387,0.01562630955481258,0.015821451624044823,0.007958945153911979
0.75,0.25471146668863964,0.7350718860900832,0.010216647221277138,0.013657573553847037,0.013878598131608265,0.00334817127868102
0.0,0.7398325835282907,0.0,0.2601674164717093,0.013970065902824718,0.0,0.013970065902824721
0.1875,0.6328292652170237,0.17713647091977344,0.19003426386320285,0.01498335000746449,0.012069076601963198,0.012257616998064992
0.375,0.521226763453398,0.3633042024902635,0.11546903405633858,0.015805064124170248,0.015025966288052651,0.009919871176328343
0.5625,0.3749193324169604,0.5500915796169948,0.07498908796604474,0.015401238968349292,0.015769452865744125,0.008065457828396527
0.75,0.25408354826023044,0.7354490588220595,0.010467392917710238,0.014033381387456531,0.014152394373067322,0.0031904907464354914
0.0,0.7391734436216034,0.0,0.26082655637839663,0.014475393919748097,0.0,0.014475393919748098
0.1875,0.6338663909514315,0.17866894845369363,0.1874646605948748,0.015235792318363927,0.012401327908258023,0.012056229274623236
0.375,0.5177806456603714,0.36353271685649635,0.11868663748313224,0.015820301472389497,0.014911865212301135,0.01022887494026957
0.5625,0.3870506108624436,0.5494814168914154,0.06346797224614101,0.015273025245633023,0.0156619751975954,0.007647132528923489
0.75,0.25159673203642907,0.7337353133646374,0.0146679545989336,0.013684074219751062,0.013853165086483809,0.0037973297544008243
0.0,0.7393325047061693,4.9340259364491856e-06,0.2606625612678943,0.014057708873009134,6.963981325796016e-05,0.014053447010117001
0.1875,0.6339740576526578,0.1776677068193535,0.18835823552798853,0.015166473853195991,0.012277707168015904,0.012369562578433572
0.375,0.5223558818491699,0.36414053618590503,0.11350358196492502,0.015760512615523373,0.015326070079443475,0.010002456704242194
0.5625,0.3760853305536214,0.5505946365688792,0.07332003287749946,0.015252419733593797,0.01557234939941084,0.008283303031041642
0.75,0.25235285527335144,0.7346388502364765,0.013008294490171978,0.013262193037171724,0.01354152474852007,0.003406759435750614
0.0,0.7389167413801153,0.0,0.2610832586198846,0.013606381925813872,0.0,0.01360638192581387
0.1875,0.6304692354562467,0.1779993929068605,0.1915313716368929,0.015229873340671761,0.01227492115529769,0.012632689365005582
0.375,0.5141119183884945,0.36418773844277164,0.12170034316873381,0.01584541704512633,0.01562022423593816,0.010082684587006827
0.5625,0.3677419099389053,0.549200873997508,0.08305721606358661,0.01519838887322931,0.015660960896312116,0.008829906107526316
0.75,0.25184200013265756,0.73344336871793,0.014714631149412231,0.013506306284793023,0.013620533072437588,0.003818868984436225
0.0,0.7403390753594343,0.0,0.25966092464056567,0.014054960883355826,0.0,0.014054960883355826
0.1875,0.6166299004448622,0.17540266859153497,0.2079674309636028,0.015254505757821458,0.011920606576314892,0.012982446833600166
0.375,0.5165967468528091,0.36387412692461224,0.11952912622257855,0.015956544206581835,0.015442830677165178,0.010113464536237342
0.5625,0.38941833866203557,0.5506438623993988,0.059937798938565594,0.015737125893441114,0.015842670729683803,0.007741395972785895
0.75,0.263993708284077,0.7334276939500656,0.0025785977658574996,0.014835130893366471,0.014838703373809693,0.0016863375006792196
0.0,0.7391706585084294,0.0,0.2608293414915704,0.013907846822981169,0.0,0.013907846822981169
0.1875,0.6157541747263967,0.17638917864582696,0.20785664662777628,0.01597866138653532,0.01189480266984802,0.012999023340166994
0.375,0.4941012829999895,0.3629837437583556,0.1429149732416548,0.01583217954847703,0.015117324570929621,0.010663343726079818
0.5625,0.3764843081527109,0.5490062008025102,0.0745094910447789,0.015082424924156559,0.01557863666539719,0.008195855064032287
0.75,0.2604557218027747,0.7336835022740902,0.005860775923135116,0.013889852114370431,0.014013647054205994,0.002458854052694001
0.0,0.739788353419007,0.0,0.26021164658099305,0.014047803094574884,0.0,0.014047803094574885
0.1875,0.6297185493478484,0.17624140461452253,0.19404004603762892,0.015096836367851491,0.012205457288817754,0.012060163639957688
0.375,0.513919531507315,0.36392085302588223,0.12215961546680285,0.015286711015199614,0.015124658048845802,0.010154291674474198
0.5625,0.38485690755715074,0.5491603354513991,0.0659827569914502,0.015325408247744646,0.015898569919305133,0.00776651940431013
0.75,0.25273145386864576,0.7347154837816913,0.01255306234966287,0.013327443780482975,0.013516961358232793,0.0034781216754280896
0.0,0.7405037161889702,0.0,0.2594962838110298,0.013753227192091483,0.0,0.013753227192091481
0.1875,0.6332313476071217,0.17718560832198876,0.18958304407088952,0.014756123815178011,0.011665644015033871,0.012216470748096842
0.375,0.5115151392413668,0.36447017190240105,0.12401468885623218,0.016273638426009245,0.015897149328657413,0.010498237346410887
0.5625,0.38372785397404413,0.5515171160116681,0.06475503001428769,0.015504861561498622,0.015745597633427616,0.007683358542759946
0.75,0.25557497147846603,0.7342377041792814,0.010187324342252673,0.014437895286882335,0.014645380120178629,0.0030996906885905097
0.0,0.7402936640545067,0.0,0.25970633594549325,0.013954510554835918,0.0,0.013954510554835918
0.1875,0.6171986239269857,0.17601877317403197,0.20678260289898237,0.014880522328402316,0.011725206747010865,0.01305686904816864
0.375,0.5124168063685794,0.3630467735922621,0.12453642003915838,0.015292521594810139,0.015077511219982956,0.010759875845700049
0.5625,0.3839204681215504,0.5514886190187586,0.06459091285969104,0.015313818937348584,0.015863441982050114,0.007760329452510084
0.75,0.25481873971258573,0.7349914668385886,0.01018979344882566,0.013265334636072355,0.01359477823204706,0.0031413836932681558
0.0,0.7386915315734802,7.013191624164669e-05,0.26123833651027806,0.014394611264181996,0.0002602528296382133,0.014382564330460996
0.1875,0.6360730007400585,0.17744983663897232,0.18647716262096925,0.015606516057513467,0.011988715203496236,0.012879858374146525
0.375,0.5204604944098776,0.3648498756634838,0.11468962992663861,0.015364707045179418,0.014784216895867393,0.010425688476918795
0.5625,0.37849293768977227,0.5492454115467965,0.07226165076343126,0.015149409282855268,0.015769900397950946,0.008471608714124243
0.75,0.2529665280443026,0.7351391897218501,0.011894282233847267,0.01328216344020707,0.013328350273981795,0.0032559522611953075
0.0,0.7402631775428845,1.01010101010101e-06,0.2597358123561053,0.013777728010949024,3.192622349349315e-05,0.01377710882318789
0.1875,0.6174352590147852,0.17614149230574486,0.2064232486794698,0.015127623704864358,0.012134234012308048,0.012850685369998933
0.375,0.5101970918682167,0.3641784446850406,0.12562446344674272,0.015812687580357455,0.015369932221124897,0.01020783032119625
0.5625,0.3977336068732347,0.5501610782569171,0.052105314869848166,0.015443771559949636,0.015604814684467606,0.007158577702153274
0.75,0.2557416259128494,0.7337646599206541,0.010493714166496408,0.013354274353648558,0.013447925088871642,0.0032165144612883996
0.0,0.7395306910607714,0.0,0.26046930893922854,0.013597390435415375,0.0,0.013597390435415376
0.1875,0.6321167779201471,0.17707091932737526,0.19081230275247754,0.014433972384623595,0.011787124311504055,0.011656868071625496
0.375,0.5155030396029876,0.36506724088538317,0.11942971951162919,0.0156658459615999,0.015070425739675833,0.010146237707445965
0.5625,0.38233291627184485,0.550165264002121,0.06750181972603425,0.015482531461523777,0.015746395461811613,0.008013965079841898
0.75,0.2531788438139346,0.7349168821381188,0.011904274047946677,0.013399753232436076,0.013603248570521028,0.0035191240587871633
0.0,0.7399919759539614,0.0,0.2600080240460386,0.014232894966325096,0.0,0.014232894966325096
0.1875,0.6272451754944751,0.1776544208050425,0.1951004037004824,0.015102222079705095,0.012549013748403075,0.012419202479375014
0.375,0.5146560763024849,0.36317781534990956,0.12216610834760565,0.016007560738018338,0.015073933610795422,0.010442186968699339
0.5625,0.40214889713209817,0.5506978653635968,0.04715323750430504,0.015561919250798422,0.01580960914105937,0.006593293772962263
0.75,0.2524911288135078,0.734267031520952,0.013241839665540244,0.013511495160633954,0.013629557229131544,0.003610692862083722
0.0,0.7401027222621972,0.0,0.2598972777378028,0.013657392422635348,0.0,0.013657392422635351
0.1875,0.6343297225336327,0.1772874960835571,0.18838278138281017,0.014853534941531837,0.011928917023443378,0.0130048229582311
0.375,0.5214373876348087,0.3651222496318899,0.11344036273330142,0.015713289330093114,0.014854084801627152,0.009717141134750933
0.5625,0.37706800060916396,0.5504220266704658,0.07250997272037028,0.01620800202074633,0.016823012332484212,0.008037115502197429
0.75,0.2545332559927917,0.7345967033615332,0.010870040645675193,0.01336676579185582,0.013546547260274495,0.003260558412013196
0.0,0.7387211321270566,0.0,0.2612788678729436,0.013703529853950104,0.0,0.013703529853950102
0.1875,0.6288111649897122,0.17790752201929932,0.19328131299098844,0.015119700987045221,0.01191389816261919,0.012916439441458472
0.375,0.5141029106370532,0.36464857061306966,0.12124851874987717,0.016142758459434792,0.015302657175254237,0.010304643966854252
0.5625,0.37580215513060866,0.5492236833477403,0.07497416152165101,0.014983486143083367,0.01496580941489726,0.008562830409663399
0.75,0.2532006588436735,0.7354122291962871,0.0113871119600393,0.01350112282395916,0.01368170656253658,0.003258353349971219
0.0,0.7396362541355301,0.0,0.26036374586446986,0.013749572394593405,0.0,0.013749572394593406
0.1875,0.6320839317082905,0.17769706457703693,0.19021900371467262,0.01532160944338472,0.012115519669233375,0.012986655090901779
0.375,0.5155828568933505,0.3641602164256991,0.12025692668095045,0.014690995303264863,0.014360644273524164,0.010450318951654481
0.5625,0.39188693186634804,0.5504285952354906,0.05768447289816143,0.015199119730218905,0.015786392612697056,0.007157918320728954
0.75,0.2542195315582225,0.7350032798437364,0.010777188598041073,0.014369705218779368,0.014545740038605074,0.00329845305093221
0.0,0.7394337073688377,0.0001007159510530281,0.26046557668010917,0.013204564751118,0.0003039172300995721,0.01320606198192398
0.1875,0.6371699211822514,0.17621216643647278,0.18661791238127592,0.01548462690186065,0.012563367127387745,0.011944029588006517
0.375,0.5135547963403976,0.3646848476232746,0.12176035603632777,0.015954314344879778,0.015158915207592381,0.00982330601550424
0.5625,0.38440018830076067,0.5487894931653309,0.0668103185339084,0.014606508307732196,0.015525342154913779,0.007891243059542627
0.75,0.2549251782242474,0.7349741928832937,0.010100628892459006,0.013864723659676352,0.0139385368087496,0.003168276861117708
0.0,0.7397089147189004,0.00012061971778373618,0.2601704655633158,0.014503571513050961,0.00034607859388366587,0.014502239304820965
0.1875,0.6345637400787127,0.17763159121228028,0.18780466870900706,0.015381366632586095,0.012545398328864081,0.012544554081466229
0.375,0.5142241381939662,0.36363700671305943,0.1221388550929743,0.015313949260528998,0.014884784526502616,0.01055358745573419
0.5625,0.39110150919198405,0.5496673918939434,0.059231098914072446,0.015188288183590939,0.015576527498258668,0.007395692706370405
0.75,0.2541663713944346,0.7349983693586951,0.010835259246870286,0.01311140399080207,0.013667430374130466,0.003345074700683906
0.0,0.7401603935727317,0.0,0.25983960642726833,0.013578462965269362,0.0,0.013578462965269362
0.1875,0.6330343196881634,0.17708941274353382,0.18987626756830286,0.015509313566576796,0.012024506279801657,0.012705652997257608
0.375,0.5251559808242824,0.3641224701446454,0.11072154903107216,0.015312503576071074,0.01499398118793259,0.009794646863233097
0.5625,0.37490950061141165,0.5503557868239586,0.07473471256462973,0.015495975285999572,0.015926287927926778,0.00827972778980682
0.75,0.2579205793073937,0.7336376120914431,0.008441808601163172,0.014672088032809082,0.014742003997855352,0.0029443194215682776
0.0,0.7396605568905614,2.8652485357391796e-05,0.2603107906240812,0.013733509831922078,0.0001658659537886325,0.013738628129157
0.1875,0.632196229206937,0.17728383629377598,0.190519934499287,0.01493086439289349,0.011967288585742374,0.0123570846365327
0.375,0.5230292391856626,0.3655560204101193,0.11141474040421798,0.015899538374855013,0.015621709258728774,0.010005395235554779
0.5625,0.3827148957746043,0.5513189377514334,0.06596616647396224,0.014459168629393102,0.01542969596837266,0.007722898901145072
0.75,0.2541633011579432,0.7354009463871743,0.010435752454882404,0.013567526410233507,0.013795595237012136,0.003156488812372253
0.0,0.7397961113196684,9.753143006543941e-05,0.2601063572502662,0.01356126908474546,0.0003117394142228505,0.013569443295267578
0.1875,0.6165809973536746,0.17656412413292544,0.20685487851340006,0.015621965028134038,0.01191309604221423,0.0131841012519278
0.375,0.5122653572540423,0.3646039995606437,0.12313064318531389,0.015320118337001797,0.014635260334611367,0.010064332005284452
0.5625,0.376815855037649,0.5494994997760212,0.07368464518632985,0.015824654001480722,0.015661863938722275,0.008476638613579663
0.75,0.2541119231961111,0.7352323741081359,0.010655702695752977,0.013713494541838624,0.013956642173168282,0.003250803485240988
0.0,0.7403099080249486,0.0,0.2596900919750515,0.013939396467810478,0.0,0.01393939646781048
0.1875,0.6326345533091821,0.17728991999485885,0.19007552669595917,0.01480347828377662,0.011884629038118606,0.012497692636745805
0.375,0.5144197019572454,0.3634780626390652,0.12210223540368949,0.015806668312518955,0.015351425113306864,0.010143607892327586
0.5625,0.3974052885055206,0.5506363777420183,0.05195833375246097,0.014898422661009566,0.015176189398795632,0.006650103182675008
0.75,0.25982619381449035,0.7350690702127197,0.005104735972789882,0.013461641918228144,0.013543080822226619,0.002253180046177125
0.0,0.7390001087733392,0.0,0.26099989122666084,0.014021691323325241,0.0,0.01402169132332524
0.1875,0.6334837299973348,0.17705898162287254,0.18945728837979253,0.01530908380126623,0.012328326087731092,0.012209468427332133
0.375,0.5127334706246557,0.36508720292502317,0.12217932645032124,0.016106623161914174,0.014872160766760283,0.010304628611620155
0.5625,0.3990853634694824,0.5512917954270724,0.0496228411034451,0.015061345196590187,0.015113391382320143,0.007266712649663477
0.75,0.25359242455686465,0.7351047945390299,0.011302780904105497,0.013985100595160593,0.01422335263001839,0.0033136209182208433
0.0,0.7390243993723081,9.891196834817012e-07,0.2609746115080084,0.01450233710555038,3.12630675158835e-05,0.014502765202239712
0.1875,0.6326000341301695,0.17723471123041676,0.19016525463941378,0.015103902699755443,0.011948917222541235,0.012484943658832603
0.375,0.5138630409790481,0.3633887199769936,0.12274823904395825,0.016391336057568047,0.015763711837411917,0.010308353627969537
0.5625,0.3859146149654033,0.5509987802500339,0.06308660478456288,0.015332098668853798,0.01555057883695456,0.007275810698744043
0.75,0.2541988899326535,0.7345016753973387,0.011299434670007795,0.014002526497371225,0.01415128505866396,0.003242159240508571
0.0,0.7393203359314918,1.1139743724453536e-05,0.26066852432478366,0.014057602593121731,0.0001056767834818773,0.014053838659575608
0.1875,0.6176396990773935,0.17533667659106147,0.20702362433154503,0.015258533617221376,0.012363462580236784,0.012253128547136585
0.375,0.5199853741046604,0.36377021654743225,0.11624440934790735,0.015930113904219,0.015107843895107057,0.010125416513884917
0.5625,0.3812473362636496,0.5522099662499032,0.06654269748644731,0.015177793228728809,0.015659196065684347,0.007487651092920747
0.75,0.25776371937852266,0.7335329094061988,0.008703371215278673,0.013737528439074028,0.013989060420072176,0.002933149472017259
0.0,0.7395032193583917,0.0,0.2604967806416083,0.013831896388360144,0.0,0.013831896388360148
0.1875,0.6306035049794626,0.17833301173208313,0.19106348328845427,0.014877342031300428,0.012021011689678524,0.012413552369780258
0.375,0.5190205105434504,0.36348615194943634,0.1174933375071131,0.016092605095366416,0.01536507822458337,0.010091562764473686
0.5625,0.40220978056089884,0.5509401539001044,0.046850065538996816,0.016165531848633195,0.016311705419422513,0.0070395924297106454
0.75,0.25445473479442027,0.735306507079686,0.010238758125893758,0.01395992062830744,0.014121397939601306,0.0031473455473768723
0.0,0.7399598643361734,0.0,0.26004013566382644,0.01394392078887381,0.0,0.013943920788873807
0.1875,0.6312881763917574,0.17799043569326897,0.19072138791497362,0.015351428208119532,0.01178799163986288,0.01231278930697831
0.375,0.5141017882658343,0.36405945338383644,0.1218387583503292,0.015729381358262254,0.014821738035092418,0.010352026696482691
0.5625,0.3883913369143056,0.5511548473590362,0.06045381572665804,0.014563818050714116,0.014994726484482152,0.007644057462993268
0.75,0.2547422389831765,0.7347555247606519,0.010502236256171724,0.013085521239571733,0.013403907830937008,0.0033697362017646405
0.0,0.7389135239142531,1.034126163391934e-06,0.2610854419595835,0.013692696259773514,3.26855855827903e-05,0.013692850127961936
0.1875,0.633863957694065,0.17716741536253472,0.18896862694340022,0.015470849046942056,0.01161577968995065,0.012443364128216705
0.375,0.5249384337442263,0.36521120360620046,0.10985036264957315,0.015598599105021824,0.015258194522787392,0.009904934591076206
0.5625,0.4018016384443622,0.5499708616615064,0.04822749989413143,0.015098884389131907,0.015597177477821602,0.007025606766456246
0.75,0.2532741947274664,0.7346563904413705,0.012069414831163115,0.013491348004078137,0.013737708628909611,0.0034958692890908884
0.0,0.7398601519822964,0.0,0.2601398480177035,0.013379762457910527,0.0,0.013379762457910529
0.1875,0.6296618873996126,0.17714927414346435,0.19318883845692297,0.015187595439813876,0.012362512310983606,0.012756313399842385
0.375,0.49435647247495423,0.3639012259953294,0.1417423015297163,0.01607446183718908,0.015529936324014773,0.011383217416658691
0.5625,0.40479366599258276,0.5490883602059612,0.04611797380145608,0.015629229467052412,0.01604676288195881,0.006460759332433112
0.75,0.2542966141772231,0.7352021244003117,0.010501261422465144,0.013568023523852673,0.013734314443312771,0.0031773475027551375
0.0,0.739236691398467,0.0,0.2607633086015329,0.014302074507155284,0.0,0.014302074507155284
0.1875,0.6333629215443957,0.17732784223277304,0.18930923622283116,0.015133896643834579,0.012338835181939851,0.01265019060170072
0.375,0.5166741981200261,0.3644903527952091,0.11883544908476475,0.015367941774618324,0.015523960568849873,0.010335501664041017
0.5625,0.40128837569168174,0.5501037551886859,0.048607869119632344,0.015332274159331898,0.015398801501500787,0.006892887690504254
0.75,0.2540001859026374,0.7357260950965788,0.01027371900078381,0.013980277149044172,0.014172789136647606,0.003124045046500171
